:020000040800F2
:100000004817012095020008BD2C0008512800085F
:10001000B92C0008BD0900088D3000080000000060
:10002000000000000000000000000000312D00086A
:10003000C109000800000000C12C0008612D000863
:10004000AF020008AF020008AF020008AF020008CC
:10005000AF020008AF020008AF020008AF020008BC
:10006000AF020008A10C0008A90C0008AF020008AC
:10007000AF020008AF020008AF020008AF0200089C
:10008000AF020008AF020008AF020008AF0200088C
:10009000AF020008AF020008AF020008B10C000870
:1000A000AF020008552E0008AF020008AF0200089A
:1000B000AF020008AF020008AF020008AF0200085C
:1000C000AF020008AF020008AF020008AF0200084C
:1000D000AF020008AF020008AF020008AF0200083C
:1000E000AF020008AF020008AF020008AF0200082C
:1000F000AF020008AF020008AF020008AF0200081C
:10010000AF020008AF020008AF020008AF0200080B
:10011000AF020008AF020008AF020008AF020008FB
:10012000AF020008AF020008AF020008AF020008EB
:10013000AF020008C5090008AF020008AF020008BE
:10014000AF020008AF020008AF020008AF020008CB
:10015000AF020008AF020008AF020008AF020008BB
:10016000AF020008AF020008AF020008AF020008AB
:10017000AF020008AF020008AF0200080000000054
:10018000AF020008AF020008AF020008AF0200088B
:10019000AF020008AF020008AF020008AF0200087B
:1001A000AF020008AF020008AF02000800F002F83A
:1001B00000F046F80AA090E8000C82448344AAF1BB
:1001C0000107DA4501D100F03BF8AFF2090EBAE8B9
:1001D0000F0013F0010F18BFFB1A43F0010318477B
:1001E0007836010098360100103A24BF78C878C1EB
:1001F000FAD8520724BF30C830C144BF04680C602D
:10020000704700000023002400250026103A28BF74
:1002100078C1FBD8520728BF30C148BF0B60704778
:10022000642900F05981732900F04283002070474F
:100230001FB512F0C4FB00F0A0F91FBD10B510BD32
:1002400000F086FB1146FFF7F3FF06F0ABFC00F071
:10025000A4FB03B4FFF7F2FF03BC00F0A7FB000010
:100260000B49D1F800C04A685CF8043B1068184498
:1002700042F8040B8C4528BFA1F1DC0C8A4228BF50
:10028000A1F1DC02C1F800C04A6020F000407047D4
:100290000C0100200948804709480047FEE7FEE7B7
:1002A000FEE7FEE7FEE7FEE7FEE7FEE7FEE7FEE726
:1002B00004480549054A064B70470000412E0008D6
:1002C000AD01000848110120481701204813012002
:1002D0004813012053EA020C00F069802DE9F04B2D
:1002E0004FF00006002B1FBFB3FA83F503FA05F4A5
:1002F00024FA05F65E4012BF1643B2FA82F502FAFE
:1003000005F4C5F120051EBF22FA05FC44EA0C04E1
:10031000203556EA044C4FEA144418BF641C4FF0D1
:1003200000084FF00009904271EB030C39D300290B
:1003300019BFB1FA81F701FA07F6B0FA80F700FAAF
:1003400007F6C7F120071EBF20FA07FC46EA0C0695
:100350002037B6FBF4FCA7EB0507103F07F01F0B97
:10036000CBF120062CFA06F60CFA0BFB44BFB34681
:100370000026202FA4BF5E464FF0000B5BEA060C60
:1003800008BF4FF0010B19EB0B0948EB0608ABFB5C
:10039000027C06FB02CC0BFB03CCC01B71EB0C01F7
:1003A000C1E70B46024641464846BDE8F08B13B50F
:1003B000084318BF4FF0FF300146AFF30080BDE89F
:1003C0001C4070470FB4044910B503AA029800F00E
:1003D00073FA10BC5DF814FB0C0500200FB41CB5BB
:1003E0000C0007AA009007D04142A14202D320444A
:1003F000401E01E04FF0FF30074B7B4469460190FF
:10040000069800F028FA0020002C01D0009908700E
:100410001CBC5DF814FB00007F0400002DE9F041D6
:100420000E460446002020622046E168884730B32B
:10043000252805D0D4E901219047206A401CF2E725
:10044000E168204600278847050018D0A5F1410043
:10045000192802D820354FF4006732462946204635
:100460002760FFF7DDFE40B1012804D0F61D26F01D
:1004700007060836D8E7361DD6E72846DAE7206AA9
:10048000BDE8F08170B50C460546012A05D02878F4
:10049000800600D5EA69002302E0012305E05B1C29
:1004A000934202D2E05C0028F9D1A869E618C01A8C
:1004B000A861286A184428622846AFF3008004E047
:1004C000D5E9012114F8010B9047B442F8D328462E
:1004D000AFF3008070BD00002DE9F0410646002416
:1004E00010687529314616A510D0AFF3008000289A
:1004F00002DA404213A507E031688A0701D512A548
:1005000002E0490704D511A5012401E0AFF3008002
:1005100000210A2206F1240709E0B0FBF2FCB0FB3F
:10052000F2F302FB1C00303078541846491C0028B6
:10053000F3D123462A463046BDE8F04100F02DB9FC
:10054000000000002D0000002B0000002000000033
:100550000B4910B5A1F17C020A4CC2E937123721D0
:1005600006E000EB104342F82130074B00FB03404C
:100570000B1EA1F10101F4DC10BD0120E8E7000031
:10058000AC000020E119D666CD0D010040EA010360
:1005900010B59B070FD1042A0DD310C808C9121F2C
:1005A0009C42F8D020BA19BA884201D9012010BD66
:1005B0004FF0FF3010BD1AB1D30703D0521C07E033
:1005C000002010BD10F8013B11F8014B1B1B07D197
:1005D00010F8013B11F8014B1B1B01D1921EF1D108
:1005E000184610BD10B5431C02E010F8011B71B194
:1005F0008107FAD14FF0013202C88C1A8C4314EAF9
:10060000C211F9D0C01A0A0603D0C01E10BDC01A0C
:1006100010BD0A0401D0801E10BD0902FCD0401E8E
:1006200010BD032A40F2308010F0030C00F015805A
:1006300011F8013BBCF1020F624498BF11F801CBE5
:1006400000F8013B38BF11F8013BA2F1040298BF4A
:1006500000F801CB38BF00F8013B11F0030300F0B4
:100660003D81083AC0F0088051F8043B083A51F83F
:1006700004CBA0E80810F5E7121D5CBF51F8043B5D
:1006800040F8043BAFF30080D20724BF11F8013BD0
:1006900011F801CB48BF11F8012B24BF00F8013B32
:1006A00000F801CB48BF00F8012B70474FF0000263
:1006B0000429C0F0128010F0030C00F01B80CCF174
:1006C000040CBCF1020F18BF00F8012BA8BF20F8E2
:1006D000022BA1EB0C0100F00DB85FEAC17C24BF36
:1006E00000F8012B00F8012B48BF00F8012B7047E0
:1006F0004FF0000200B5134694469646203922BFBB
:10070000A0E80C50A0E80C50B1F12001BFF4F7AF05
:10071000090728BFA0E80C5048BF0CC05DF804EBE7
:10072000890028BF40F8042B08BF704748BF20F855
:10073000022B11F0804F18BF00F8012B704710B545
:10074000044610F0030F08BF11F0030F40F01580AE
:100750004FF0013E121FC0F20E8051F8043BA3EB94
:100760000E0C2CEA030C1CEACE1C08BF40F8043B1C
:10077000F0D0A1F1040102F10402521E08DB11F8CD
:10078000013B00F8013B002BF7D11146FFF78EFF2C
:10079000204610BD7047704770472DE9F0470D4661
:1007A00099469246044600F124080168880604D55B
:1007B000E06921F01001216000E00120A84201DD84
:1007C000471B00E00027A1697A1902EB0900081A0B
:1007D000A0612078C00602D42046AFF30080002636
:1007E00008E0D4E901211AF806009047206A401C6D
:1007F000761C20624E45F4DB2078C0060AD52046E0
:10080000AFF3008006E0D4E9012130209047206A50
:10081000401C2062381EA7F10107F4DC07E0D4E990
:10082000012118F805009047206A401C2062281E0C
:10083000A5F10105F3DC2046AFF300802078000627
:1008400002D50220BDE8F0870120FBE701694A1CC0
:1008500002610878704700B58FB0CDE90131002101
:10086000059105497944CDE9031011466846FFF723
:10087000D5FD0FB000BD0000E5FFFFFFD1E900236B
:100880009A4202D2531C0B601070704710B5436936
:1008900013B1AFF3008001E0FFF7F4FD012010BDBC
:1008A000127800F124010A7000224A700122EDE75B
:1008B00011684FF0FF32E9E7074B70B50D467B44F6
:1008C000FFF7C9FF0446284600F03EF810B14FF08C
:1008D000FF3070BD204670BD8B40000010B5203A3F
:1008E000C0F00B80B1E81850A0E81850B1E81850DB
:1008F000A0E81850203ABFF4F5AF5FEA027C24BFAD
:10090000B1E81850A0E8185044BF18C918C0BDE895
:1009100010405FEA827C24BF51F8043B40F8043B5E
:1009200008BF7047D20728BF31F8023B48BF11F813
:10093000012B28BF20F8023B48BF00F8012B70476D
:100940000048704714010020007B00F080007047D1
:100950007546FFF7F5FFAE4605006946534620F0A1
:100960000700854618B020B5FFF7A2FCBDE820407F
:100970004FF000064FF000074FF000084FF0000B5B
:10098000AC46ACE8C009ACE8C009ACE8C009ACE8CA
:10099000C00921F007018D46704710B50446AFF33A
:1009A00000802046BDE81040FFF753BC01491820E5
:1009B000ABBEFEE72600020070470000FEE7000025
:1009C0007047000040F25860C2F2000000F0FEB92B
:1009D0000020704701F098B980B540F25860C2F22B
:1009E000000000F02DFE002080BD000080B5134601
:1009F0000A46014640F25860C2F2000000F0F4FCE2
:100A0000002818BF4FF0FF3080BD000080B51346AE
:100A10000A46014640F25860C2F2000001F000F8B8
:100A2000002818BF4FF0FF3080BD00002DE9F041D5
:100A3000D0F828E000F1180C5CF82E308C681D68A6
:100A4000002D03D400EB8E05ED6A1DB10220BDE838
:100A5000F08100BFD4E9005641F6FF779D605D68E4
:100A6000BD4335435D600D68EE0740F00581AE067D
:100A700000F10B81690703D5196841F08001196005
:100A8000196841F080511960BFF35F8F196841F018
:100A900000411960A468002194B341F6FF787646BE
:100AA000002A61D01F68354627F000571F601F6875
:100AB00047F080461E606E1C032E88BFEE1E5CF859
:100AC00026301D6825F080551D601D68002D61D4FD
:100AD00000EB8605ED6A002D5CD1D4E900570131A9
:100AE0009D605D6825EA08053D435D60BFF35F8F4B
:100AF0001D6845F000451D60A468002CD2D1B646A3
:100B00001F68002A27F0804718BF07F180471F6041
:100B10001A6842F000521A60C26B00EB8E03DA6270
:100B2000C0F828E0EFF3108272B6026C1144013174
:100B30000164002062B6BDE8F08100BF00EB8605CD
:100B4000ED6A3DBBD4E9005701319D605D6825EA3F
:100B500008053D435D60BFF35F8F1D6845F00045AC
:100B60001D60A468002CCAD01F68354627F00057C6
:100B70001F601F6827F080461E606E1C032E88BF12
:100B8000EE1E5CF826301D6825F080551D601D683E
:100B9000002DD3D5013100293FF458AF481E03285A
:100BA00001F0030039D321F0030100BF5CF82E20CF
:100BB000BFF35F8F136823F0004313600EF101024F
:100BC000032A88BFAEF103025CF82230BFF35F8FC7
:100BD0001F6827F000471F60531C032B88BFD31EDC
:100BE0005CF82320BFF35F8F176827F0004717607A
:100BF0005A1C032A88BFDA1E5CF82230BFF35F8FCD
:100C00001C6802F1010EBEF1030F88BFA2F1030EB2
:100C100024F0004204391A60C8D10CEB8E01002880
:100C20003FF414AF0968BFF35F8F0A68012822F010
:100C300000420A603FF40AAF0EF10101032988BFA8
:100C4000AEF103015CF82120BFF35F8F1368022827
:100C500023F0004313603FF4F9AE481C032888BF1B
:100C6000C81E5CF82000BFF35F8F016821F00041CF
:100C700001600220BDE8F0811E684F6926F440063D
:100C80003E431E60AE067FF5F5AE1E68096926F08C
:100C900040663143196069073FF5EEAEF0E60000AB
:100CA000082000F03DBF0000102000F039BF000018
:100CB000202000F035BF0000EFF3108072B600BFB7
:100CC000FEE70000B0B5044601F01EF8054640F20C
:100CD0000000C2F200000078611C18BF044400BF8D
:100CE00001F012F8401BA042FAD3B0BD80B500F06D
:100CF0000DF8000658BF80BD40F29410C2F200000B
:100D00004068BDE8804007F0A9BF0000D0F88C0023
:100D100070470000024600294FF0010008BF7047ED
:100D200012681368C3F3001381F82830136803F0C6
:100D300060034B62136820EA532381F82030136864
:100D4000C3F30043CB77136820EA53338B771368E0
:100D5000C3F300330B77136803F400638B611368EC
:100D600003F480434B61136820EA93534B74136878
:100D700020EAD35008741068C0B2C009C873106864
:100D800000F4602088601068C0F3802008719069CA
:100D9000C0F3400081F854009069C043C0B2C0095C
:100DA00081F84C00906900F0300008659069000CF3
:100DB00088649069C0F3800081F856009069C0F3A0
:100DC000C00081F85500002070470000B0B504460F
:100DD000006841F21405415949060BD541198A684A
:100DE000520607D54020C0F201000860204600F0FE
:100DF0007FFB20684159C9070AD041198A68D20788
:100E000006D04FF001100860204600F0FDFD20687C
:100E100041F214014258120426D501448A68120492
:100E200022D5D4F8880040F00800C4F888000A6889
:100E30000868920406D448F280621040C4F88C001E
:100E40000A600DE042F20002C0F27E021040C4F8D7
:100E50008C00886820F4C0308860E020C4F88400EA
:100E60002046FFF743FF2068816B09070AD5C06A57
:100E700000F06000C4F89400204600F0DFF9002084
:100E8000C4F8940043F61441C4F201010868000359
:100E900058BFB0BD4FF4002220460A60BDE8B04004
:100EA00000F0BCBD70B582B0002843D00446D0F835
:100EB000840028B92320C4F88400204600F022F9D9
:100EC0000020019043F64400C4F2020001684FF490
:100ED000805641F480410160006800F48040019038
:100EE000019843F60400C4F20100016821F40001F6
:100EF00001602168A26803681A430260006888598B
:100F000040F00100885100F0FFFE0546206881593D
:100F1000C90713D000F0F8FE401BB0F5FA7FF5D9F1
:100F20000120E0220421C4F88810C4F8842002B013
:100F300070BD00BF012002B070BD00BF016848F263
:100F40000F12CFF62072114001F59C410160056837
:100F50000120FFF7B7FE20684FF6417205608169F6
:100F600011408031816185690120FFF7ABFE206867
:100F700041F218018561425843F62373CFF6DE0330
:100F80001A4042F0087242F00402425045580120D3
:100F9000FFF798FE206800F580518D6142F28001D4
:100FA0004FF48055C0F2C121415146590120FFF74D
:100FB00089FE2068E268002146511160516091600D
:100FC000D160A261136800F5805C43F48013136064
:100FD00002F12803D36016684FF48C4546F44006AE
:100FE00016609162D16211635163E361936A43F4C5
:100FF0008013936202F150035363966A46F44006ED
:101000009662116551659165D1652362136D43F454
:101010008013136502F17803D365166D46F440061C
:1010200016659167D167C2F88010C2F884106362B8
:10103000936F43F480139367C2F88420936F43F453
:1010400040039367A162CCF8102022694FF000435F
:10105000116051609160D160C2E908111360556060
:10106000566826F00046566002F12806A264D66053
:101070009162D16211635163C2E912119362D56228
:10108000D06A20F00040D06202F15000E664506364
:10109000116551659165D165C2E91C1113655565EE
:1010A000566D26F000465665206502F17800D06541
:1010B0009167D167C2F88010C2F88410C2E9261186
:1010C0009367D567D36F23F00043D3676065C2F899
:1010D00084202166C4E91A11C4E91611CCF80C2049
:1010E000606848F240038288C4F202031A60006814
:1010F000102258600020C4F88810C4F8842002B080
:1011000070BD00002DE9F04385B0006848F2000191
:10111000C4F20201884203D005B0BDE8F08300BFED
:10112000002643F630000096C4F202000168002455
:1011300041F0007101600168C4F2020401F0007125
:1011400000910099009601686D4641F08061016050
:1011500001684FF0020801F080610091009900964B
:1011600001684FF0030941F00061016001680B273D
:1011700001F00061009100990096016841F00401BE
:101180000160016801F00401009100990096016876
:1011900041F001010160016801F001010091009935
:1011A0000096016841F002010160016801F002014E
:1011B000009100990096016841F0400101600068CB
:1011C000294600F04000009000983220009004F57D
:1011D0000060CDE90186CDF80C90049700F0ACFCDE
:1011E0008620CDE9000820462946CDE9026904970A
:1011F00000F0A2FC4FF40050CDE9000804F5806037
:101200002946CDE90269049700F096FC4FF420507E
:10121000CDE9000804F5C0502946CDE902690497DC
:1012200000F08AFC3D200521002200F02DFE3D202B
:1012300000F016FE05B0BDE8F08300007047000026
:101240002DE9F04F85B00029044671D0D4F8840010
:10125000232840F0C580D4F85CA004F1480858F871
:101260002A90E26ED9F800000191002868D4C2F1FA
:101270000400039004F17C0504F180004FF0000BA2
:10128000002602902BE000BFD9F80000D9F800102A
:10129000C0F30D40071F4FF0010B2167D9F808205C
:1012A0000299BBB22846C9F8202000F029F9D4E9F8
:1012B000180101303944C4E918010020C9F82000A0
:1012C0000AF10100032888BFAAF1030058F8209012
:1012D0000136D9F800108246B1F1FF3F39DD03989D
:1012E000864235D2BBF1000F32D1D9F80000C005DB
:1012F00005D5D9F81800A067D9F81C006067D9F89F
:101300000000800501D4286870B1D9F8000080057C
:1013100044BF0020C4E918006769D9F80000C0057F
:10132000B2D44FF0000BB9E74FF0000BC8E700BF95
:10133000D4F8880040F00100C4F8880050E000BFF5
:1013400000264FF0000BB618E66607D13BE000BF61
:101350005046E26E8246B618E66634D0A76E00208C
:101360000DF11009049016E0A06D00284FF48C4098
:1013700004BF44F20060C8F200006860BFF35F8FF2
:10138000286840F000402860781C032888BFF81EB9
:10139000013E07460CD058F82750286A0028E3D1B0
:1013A000484600F07DF8049818B12862A860DBE791
:1013B0000026E06EB04206D0206841F2080100220B
:1013C0004250C4E91A76BBF1010FC4F85CA007D102
:1013D000E06F019908600020E06705B0BDE8F08F7C
:1013E000012005B0BDE8F08FF0B581B0054600687A
:1013F0001C4603694FF4F86707EA821203F01C03E6
:1014000061F3CF22D1180131016100F07DFC064665
:10141000002700BF00F078FC801BB7EB104F09D10C
:1014200028680169C907F5D1406980B220600020B1
:1014300001B0F0BD012001B0F0BD00002DE9F04188
:101440000446006C40B3676C451E4FF0000803E093
:101450000746013D681C1FD004EB8700C16A781C59
:1014600000F00300002908BF0746F1D0E06807EB51
:10147000870150F8310000280ED404EB8706F06A8B
:1014800000F0CAFA781C00F00307C6F82C80C4E903
:101490001057013D681CDFD10020BDE8F08100003D
:1014A00010B582B0044642F66020C0F6010006F096
:1014B00043FA98B103462030206049F2FD40C0F65F
:1014C0000000186120684FF4C064009000200021E3
:1014D0004122019407F054FD02B010BD40F2941077
:1014E000C2F20000012101700020206002B010BD96
:1014F00040F29410C2F20000406807F0AFBB000059
:101500004FF0000C42F820CDA2F808C0D0F800C07F
:101510005381BCF1000F844618BFD1F800C0CCF84D
:1015200000200A60006868B917E000BF02890168FE
:101530001A440029028108BF70470A8908681A44C2
:101540000A8150B1028901681A44028129B10A89CD
:1015500008681A4400280A81E8D1704770B500294C
:101560006CD00446D0F88400102867D120680D465E
:10157000016848F20F12CFF6207211402A7C6B7C72
:10158000002AAA6808BF01F500011143002B6B690E
:10159000EA7F08BF41F480011943AB7F41EA024171
:1015A000AA69002B2B7F08BF41F4005111432A790F
:1015B00041EA033195F8203041EA8221002B6B6A21
:1015C000EA7B08BF41F40071194395F8283041EADD
:1015D000C21141EA0311016006680120FFF772FBA6
:1015E00020684FF641720660816995F84C3001EA37
:1015F000020CAA6C002B4FEA024208BF80322B6D0E
:1016000095F8556043EA0C0395F856101A4395F87F
:101610005450012E08BF42F00802012908BF42F0D1
:101620000402012D08BF42F0020282618569012097
:10163000FFF748FB20688561002070BD012070BD68
:10164000B0B504460068006920F01C0500F028FDD4
:101650004DF20031CFF6CE614EF2BF120144C0F21E
:10166000E402914204D845F0080520680561B0BD48
:101670004FF24011CFF6E95147F63F020144C0F264
:101680007D12914204D845F00C0520680561B0BD7B
:1016900047F60011CFF66C4145F600220144C0F236
:1016A00062229142E1D341F60071CFF60A2108444B
:1016B0004FF27F01C0F2FA2188428CBF45F010053D
:1016C00045F0040520680561B0BD00002DE9F04338
:1016D00083B00446D0F884000125102840F0E6804D
:1016E0002320C4F884002068A565C16B04F1480874
:1016F00041F40271C163D0F80C1141F4003141F0A2
:101700006001C0F80C11D0F8101141F40311C0F8B9
:1017100010110420A56EE06658F82570386A00287C
:101720004FF00000019003D04FF48C4012E000BF56
:1017300001A8FFF7B5FE0198002800F0BB803862D1
:10174000B860A16D4FF48C40002904BF44F20060E2
:10175000C8F200007860BFF35F8F386840F0004047
:1017600038606F1C032F88BFEF1E58F82750286A77
:1017700040B901A8FFF794FE0198002800F0A0806E
:101780002862A860A06D4FF48C4600284FF48C406E
:1017900004BF44F20060C8F200006860BFF35F8FCE
:1017A000286840F0004028607D1C032D88BFFD1E86
:1017B00058F82570386A40B901A8FFF771FE019802
:1017C000002800F07F803862B860A06D44F20069A4
:1017D000C8F20009002808BF4E467E60BFF35F8F45
:1017E000386840F0004038606F1C032F88BFEF1E40
:1017F00058F82750286A38B901A8FFF751FE019818
:10180000002865D02862A860A06D002818BF4FF49A
:101810008C49C5F80490BFF35F8F286840F0004002
:1018200028607D1C0020032D88BFFD1EE26E21680C
:10183000824205D041F2080200238B50C4E91A50BD
:10184000086840F0080008600D680120FFF73AFAC8
:1018500020680560016841F004010160056801200D
:10186000FFF730FA206841F218060560002502955E
:10187000815941F480118151805902900120FFF774
:1018800021FA02982168885188598A1940F4005039
:101890008851885940F002008851506840F4D03097
:1018A00040F0C10050602320C4F88400284603B0F3
:1018B000BDE8F0830420E26E21688242BAD1BFE71E
:1018C000032006E00220E26E21688242B2D1B7E72F
:1018D00001203D46E26E21688242B1D0AAE70000B5
:1018E00070B582B00446D0F88400232852D123205A
:1018F000C4F88400206841F2180681194A6845F648
:101900003E73CFF6FE731A404A60815921F40051AC
:101910008151815921F002018151016821F00401B6
:10192000016005680120FFF7CDF9206805600025FA
:101930000195815941F48011815180590190012014
:10194000FFF7C0F9019821688851086820F0080065
:1019500008600E680120FFF7B5F920680660A06CEA
:10196000416841F000414160E06C416841F0004154
:101970004160206D416841F000414160606D416807
:1019800041F0004141601020A565C4F8840028465C
:1019900002B070BD0125284602B070BD10B50446E6
:1019A000A1B1D4F8840023281CBF012010BD486BCE
:1019B0000122E0632046FFF739F878B1D4F88800B7
:1019C00040F00200C4F88800012010BDD4F888005F
:1019D00040F00100C4F88800012010BDBFF34F8F14
:1019E000A06A2168421C032A88BFC21E41F204007B
:1019F000A2620144086940074FF0000042BF042280
:101A00000A61086010BD000040F29410C2F20000AC
:101A1000806807F023B9000007F0D4BC70470000CD
:101A200070B5044600684FF4F865066905EA82124D
:101A300006F01C0661F3CF22911903319AB242617C
:101A4000016100F061F90546002600BF00F05CF975
:101A5000401BB6EB104F05D120680069C007F5D1D7
:101A6000002070BD012070BD10B582B0202823D0A9
:101A700010283BD0082836D141F20004C4F20204F9
:101A80002046082100F02CF901282CD140F27410D6
:101A9000C2F20000002100698DF807100DF1070166
:101AA0000022002310F086F9A4F540604FF4804135
:101AB00000F01CF902B010BD41F20000C4F20200B7
:101AC000202100F00DF901280DD140F27410C2F26E
:101AD0000000022100698DF807100DF107010022B6
:101AE000002310F067F902B010BD00BF41F2000002
:101AF000C4F20200102100F0F3F80128F3D140F203
:101B00007410C2F20000012100698DF807100DF178
:101B100007010022002310F04DF902B010BD0000B3
:101B200043F61441C4F201010A68024214BF08607E
:101B30007047FFF799BF00002DE9F04F82B000F128
:101B40003E4242F2004502F1FF77C4F202050A224A
:101B500043F6004E4FEAB726A84208BF0922C4F256
:101B6000010E092E38BF4FEAB722012500260027B3
:101B70004FF00008009208E008F101080437B8F1BE
:101B8000100F06F1020600F0A7800C6805FA08F9AC
:101B900014EA090FF0D0D1F804B003220BF0030CC3
:101BA000ACF10104B240012C6FEA020A10D882683D
:101BB000CC6802EA0A02B440224382604268CBF356
:101BC000001422EA090204FA08F42243426005E004
:101BD000BCF1030F02D14FF0030C20E0C2688C6807
:101BE00002EA0A02B4402243BCF1020FC26016D1DD
:101BF0006FF0030202EA58020244D2F820C007F054
:101C00001C050F230C69AB402CEA030304FA05F50D
:101C10002B431362D1F804B001250BF0030C0268CA
:101C20000CFA06F302EA0A021A431BF4403F026070
:101C3000A2D0002243F644030192C4F202031A68C0
:101C40004FF6084C42F480421A601A68CFF6FF7CC7
:101C500002F480420192019A28F00302724452F881
:101C60000C3007F00C050F24AC40A343009C04FA91
:101C700005F52B4342F80C30DEF808204B6842EAA9
:101C8000090543F60C4CDC0258BF22EA0905CEF8E0
:101C90000850C4F2010CDCF800209C0242EA09055D
:101CA00058BF22EA0905CCF80050DEF804209C0356
:101CB00042EA090558BF22EA0905CEF80450DEF8C9
:101CC0000020DB0342EA090558BF22EA0905CEF8E5
:101CD0000050012550E700BF02B0BDE8F08F0000C2
:101CE0000069084018BF012070470000426902EAFD
:101CF0000103914341EA034181617047002A08BF13
:101D0000090481617047000040F6AC60C2F2010036
:101D10000068704740F2000040F6AC61C2F200007B
:101D2000C2F2010100780A681044086070470000A0
:101D300080B543F60040C4F20200016841F400712E
:101D40000160016841F480610160016841F48071C3
:101D50000160032000F0C4F80F2000F005F800F047
:101D60005DF8002080BD0000B0B586B0002543F6C8
:101D700044010195C4F202010A68044642F00102DE
:101D80000A60096801A801F0010101910199694601
:101D900000F066F900F09EF94DF683614000C4F250
:101DA0001B31A0FB01014FF0FF3000EB914140F2ED
:101DB00008700022C2F20000C4F2010240F2E733D0
:101DC000C0E90021C0E902530561856100F08AFB8A
:101DD000054618B1284606B0B0BD00BF40F20870F5
:101DE000C2F2000000F0AEFB05460028F2D1192037
:101DF00000F036F80F2C0DD81920214600220025BE
:101E000000F042F840F20400C2F2000004602846EC
:101E100006B0B0BD0125284606B0B0BD82B0002096
:101E200043F640010190C4F202014A6842F4804244
:101E30004A604A6802F480420192019A0090086860
:101E4000002240F08050086008680F2100F08050A8
:101E5000009000986FF0010002B000F015B800008B
:101E6000002848BF7047C1B200F01F00012202FAEB
:101E700000F04EF20012CEF2000242EAD10121F04F
:101E8000030108607047000010B54EF60C5CCEF2FE
:101E9000000CDCF80030C3F3022E8EF00704042C93
:101EA00028BF0424BEF103034FF0FF3E0EFA04F4F2
:101EB00038BF0023A14399400EFA03F39A4311431C
:101EC00000F00F0200F160430901043A03F5644396
:101ED0006244002848BF02F10C03197010BD0000D5
:101EE0004EF60C51CEF200010A684FF6FF031A407D
:101EF00060F30A2242F0806040F0FD700860704795
:101F00002DE9F041002800F08B8043F60808C4F268
:101F100002080446D8F8F8030D4600F00F00884286
:101F200007D288F8F853D8F8F80300F00F00A84259
:101F300076D12068810717D5410705D5D8F800105C
:101F400041F4E051C8F80010010705D5D8F8001099
:101F500041F46041C8F80010D8F80010A26821F0E0
:101F6000F0011143C8F80010C0073FD1D8F8F803BA
:101F700000F00F00A84207D988F8F853D8F8F80302
:101F800000F00F00A8424BD12068410707D5D8F8D0
:101F90000010E26821F4E0511143C8F80010000776
:101FA00008D5D8F80000216920F4604040EAC1005B
:101FB000C8F8000000F0A2F8D8F8001042F6D812D5
:101FC000C1F30311C0F60102515C40F2240220FA71
:101FD00001F140F20400C2F200000068C2F2000207
:101FE0001160FFF7C1FE0020BDE8F0816068811E2E
:101FF000022907D258F8081C89015CBF0120BDE8FE
:10200000F08111E0012807D158F8081C89035CBF52
:102010000120BDE8F08107E058F8081C890703D4C7
:102020000120BDE8F08100BFD8F8001021F00301C5
:102030000843C8F80000FFF767FE064641F28837FC
:10204000D8F80000616800F00C00B0EB810F8DD073
:10205000FFF75AFE801BB842F2D90320BDE8F08199
:102060000F22026043F60802C4F20202136803F072
:1020700003034360136803F0F0038360136803F401
:10208000E053C360D2F800C04FF4E05303EADC032E
:102090000361D2F8F80300F00F00086070470000F9
:1020A00040F22400C2F200000068704740F22400B1
:1020B00043F60801C2F20000C4F202010068096898
:1020C00042F6E812C1F38221C0F60102515CC84019
:1020D0007047000040F2240043F60801C2F20000FD
:1020E000C4F202010068096842F6E812C1F3423105
:1020F000C0F60102515CC8407047000010B543F6BD
:102100000404C4F20204606800F00C0142F20040D2
:102110000829C0F2F40007D0042918BF10BD41F20D
:102120000020C0F27A0010BD216801F03F02216852
:1021300023684902C3F3881106D4A1FB00010023E0
:10214000FEF7C8F807E000BF41F20020C0F27A00B5
:102150004843B0FBF2F021680222C1F3014102EBD7
:102160004101B0FBF1F010BD2DE9F04182B0002833
:1021700068D00446007843F60006C007C4F20206A1
:102180000BD0B06800F00C00042840F09F8030684D
:10219000800302D56068002854D0207880071AD5C3
:1021A000B06810F00C0F09D0B06800F00C000828DF
:1021B00040F0A6807068400200F1A280306880077D
:1021C00002D5E06801283DD13068216920F0F8008F
:1021D00040EAC10030602078000737D420784007FB
:1021E0004CD4A56955B3B06800F00C00082840F045
:1021F000BB80012D26D07068E16900F480028A421C
:1022000020D1216A00F03F028A421BD147F6C071FB
:10221000626A0140B1EB821F14D1A16A4FF6FF73CD
:10222000C903994300F44032A1F580318A4209D1B3
:10223000E16A00F07060B0EB016F03D1002002B0E2
:10224000BDE8F081012002B0BDE8F081606900289E
:1022500040F20000C4F2472076D00121C0F8801E71
:10226000FFF752FD054600BF706F8007B6D4FFF739
:102270004BFD401B0228F7D9DDE000BF306C10F0A9
:1022800080580AD100200190306C40F080503064BA
:10229000306C00F080500190019847F20007C4F2C2
:1022A00000073868C00541D4386840F48070386051
:1022B000FFF72AFD054600BF3868C00536D4FFF792
:1022C00023FD401B0228F7D9B5E000BFB06800F03D
:1022D0000C00082803D1706840023FF558AF6068D1
:1022E000B0F5803F07D0B0F5A02F40F08D8030686A
:1022F00040F480203060306840F4803030608DE001
:10230000E068002852D00020C4F24720012101607B
:10231000FFF7FAFC054600BF306880073FF554AF71
:10232000FFF7F2FC401B0228F6D984E0A0680128E0
:1023300005D005284ED1306F40F004003067306F73
:1023400040F0010030674FE00021C0F8801EFFF729
:10235000DBFC0546706F80077FF540AFFFF7D4FCCC
:10236000401B0228F6D966E00027C4F24727002068
:102370003866FFF7C9FC022D05460BD13068800195
:102380005ED5FFF7C1FC401B02284FF00300F5D9D2
:1023900055E700BF306880017FF550AFFFF7B4FC10
:1023A000401B02284FF00300F4D948E70020C4F294
:1023B000472000210160FFF7A7FC05463068800731
:1023C0007FF509AFFFF7A0FC401B02284FF0030088
:1023D000F4D934E7316F002821F001013167316F02
:1023E00021F0040131674DD0FFF78EFC054641F224
:1023F000883700BF306F800756D4FFF785FC401B3D
:10240000B842F7D917E000BF3168002821F48031C5
:102410003160316821F4802131604FD0FFF774FCC6
:10242000054600BF306880033FF5B7AEFFF76CFC90
:10243000401B6428F6D9032002B0BDE8F08100BF3C
:1024400004F11C052FCD084340EA8210D9034FF652
:10245000FF729143A1F5803140EA05600843706046
:1024600001203866FFF750FC044600BF3068800149
:102470003FF5E4AEFFF748FC001B02284FF00300D5
:10248000F4D9DCE6FFF740FC054641F2883700BF8F
:10249000306F800708D5FFF737FC401BB8424FF07C
:1024A0000300F5D9CBE600BFB8F1000F7FF499AE79
:1024B000306C20F08050306493E600BFFFF724FCBE
:1024C000054600BF306880037FF567AEFFF71CFC50
:1024D000401B64284FF00300F4D9B0E670470000B9
:1024E00070470000002804BF0120704710B5044663
:1024F00090F83D0028B9002084F83C00204600F008
:102500001FF8022084F83D002068211D00F0A8FC7F
:10251000012084F8460084F83E0084F83F0084F8E7
:10252000400084F8410084F8420084F8430084F8B5
:10253000440084F8450084F83D00002010BD0000F0
:102540007047000090F83D1001291CBF0120704722
:10255000022180F83D10006841F2FF72C168C4F2A8
:102560000002904241F00101C1600DDC40F2FF71B8
:10257000C4F20001884215DCB0F1804F2AD040F24D
:102580000041C4F2000123E040F2FF31C4F2010136
:10259000884213DC41F60001C4F20001884219D0E0
:1025A000002113E040F60001C4F20001884211D07E
:1025B00040F60041C4F200010AE000BF44F200010D
:1025C000C4F20101884205D040F20041C4F2010189
:1025D000884206D1816801F00701062904BF002066
:1025E0007047016841F00101016000207047000060
:1025F0007047000010B5016804460869800744BFB1
:10260000C8685FEA807039D40869400744BFC86869
:102610005FEA40703ED40869000744BFC8685FEABB
:10262000007045D40869C00644BFC8685FEAC0604E
:102630004AD40869C0071CBFC8685FEAC07051D19E
:102640000869000644BFC8685FEA006052D40869A0
:10265000400644BFC8685FEA406053D408698006FA
:1026600046BFC8685FEA806010BD6FF02002204658
:102670000A61BDE81040FFF733BF00BF6FF00200F2
:102680000861012020778869800743D02046FFF742
:10269000AFFF45E06FF004000861022020778869F1
:1026A00010F4407F40D02046FFF7A2FF42E000BF79
:1026B0006FF00800086104202077C86980073DD0CA
:1026C0002046FFF795FF3FE06FF0100008610820FB
:1026D0002077C86910F4407F3AD02046FFF788FF82
:1026E0003CE000BF6FF001000861204600F03EF8BA
:1026F0002168A5E76FF0800008612046FFF7EEFE35
:102700002168A4E76FF040000861204600F038F827
:102710002168A3E7204600F025F8204600F024F8C1
:102720002168002020776FE7204600F01BF8204644
:1027300000F01AF82168002020776CE7204600F0AE
:1027400011F8204600F010F821680020207769E792
:10275000204600F007F8204600F006F82168002027
:10276000207766E77047000070470000006800218E
:10277000C4F20101884218BF7047FFF7CBBA0000CE
:1027800070470000002804BF0120704710B50446C0
:1027900090F83D0028B9002084F83C00204600F065
:1027A00021F8242084F83D002068C16821F40051FC
:1027B000C160204600F0F2FB2068016921F49041DD
:1027C0000161416921F02A014161C16841F4005170
:1027D000C16000202021206484F83D1084F83E1060
:1027E00010BD000080B586B0016844F60000C4F258
:1027F0000000814202D006B080BD00BF002143F638
:1028000030020191C4F20202136900F5E23043F490
:1028100080231361136903F480230193019B0191C9
:10282000136843F008031360126802F00802019273
:10283000019A4FF4407201920222CDE90221032154
:1028400004910721059101A9FFF776F906B080BD33
:10285000FEE7000010B582B00446002100686369FD
:10286000019101AA0121984700282DD420686369AD
:1028700001AA01219847002826D49DF804004007AA
:1028800002D4012002B010BD2068636901AA0021B2
:102890009847002818D40199C80407D401F40450BB
:1028A000B0F5045F14D1022002B010BD2068636946
:1028B00001AA1F219847002806D40198C10411D409
:1028C000062002B010BD00BF6FF0040002B010BDC2
:1028D000C8054FF0040058BF0520890448BF0320F5
:1028E00002B010BD00F01C001828DCD0142805D060
:1028F000082814BF0520032002B010BD042002B038
:1029000010BD0000F0B581B0044640680021009180
:1029100070B1A06980470546A0698047401BB0F5AB
:10292000FA6FF9D9012000256060284601B0F0BD9A
:10293000A068002818BF8047202000256F46002689
:10294000206004E06FF004050136202E0ED063698C
:10295000304612213A4698470028F3D4009800F0F8
:102960001F008642F0D10025266000E026681F2E59
:1029700088BF6FF00205002DD7D1236930460021B2
:102980004FF40042984700281ED4206863696A46C5
:102990000021984700281DD4A069804706466F464D
:1029A0006FF004059DF801000006B2D5A0698047CC
:1029B000801BB0F5FA7F13D82068636900213A467E
:1029C00098470028EED5B0E76FF00305284601B020
:1029D000F0BD00BF6FF00405284601B0F0BD00BF98
:1029E0006FF00105284601B0F0BD000080B598B138
:1029F000CA688AB18B687BB1D1F810C0BCF1000FF6
:102A00000AD0D1E900E1C0E90432C0E902E1C0F82E
:102A100018C0002080BD00BF4FF0FF3080BD000017
:102A200080B588B00B4802AF01900AA000F1040EF7
:102A30009EE80E50806987E80E50079001A800219B
:102A400006F062F940F25061C2F20001086008B07D
:102A500080BD00BF002B0108552D000800000000BC
:102A600000000000800000000000000000000000E6
:102A70002DE9F04786B0002743F63000CDE9047712
:102A80000097C4F20200016840F2004A41F01001D0
:102A900001600168C4F2020A01F01001009100997E
:102AA000009701680AF5806541F004010160016842
:102AB000002201F0040100910099009701684FF491
:102AC000807841F080010160016801F0800100918F
:102AD00000990097016841F001010160016801F06F
:102AE0000101009100990097016841F00201016025
:102AF000016801F00201009100990097016841F01E
:102B000008010160016801F0080100910099009737
:102B1000016841F04001016000684FF4807100F0ED
:102B20004000009000982846FFF7E8F850464FF420
:102B3000804100224FF48049FFF7E0F838200190EF
:102B40004FF4881001AECDE902070AF54060314626
:102B5000FEF7F2FF012428463146CDF80480CDE986
:102B600002470497FEF7E8FF50463146CDE901944D
:102B7000CDE90377FEF7E0FF092005210022FFF7EA
:102B800083F90920FFF76CF90A2005210022FFF7DD
:102B90007BF90A20FFF764F9172005210022FFF7CF
:102BA00073F91720FFF75CF906B0BDE8F087000065
:102BB00070B58AB040F2F8154AF6C000C2F20005BE
:102BC000C0F606206FF07F41002685E84300002014
:102BD00000210DF0BBFC95E8190029462A4641F872
:102BE0000C0F42F8103F2B4644F2A56043F8144FF7
:102BF00040F2216CC0F6000005F11804C0F6010C8B
:102C0000CDE900602046CDF808C005F05FFC204605
:102C100005F0FAFD95F84500400703D4204605F07D
:102C2000F9FD02E0204605F09FFE44F2F141C0F6B6
:102C30000001204605F01CFE09480DF1100C039020
:102C400007A0061D4ECED0E905508CE84E00CDE918
:102C5000085003A8214606F057F80AB070BD00BF1F
:102C6000122B0108F5440008FFFF000000000000DF
:102C700000010000000000000000000080B540F2EC
:102C8000507044F60001C2F20000C4F200010023BB
:102C90004FF00C0C4FF4E13280E80E00C0E9033332
:102CA000C0E905C3C361FFF76DFD002808BF80BD03
:102CB000BDE88040FEF700B8FEE70000FEE7000038
:102CC000EFF30980BFF36F8F154B1A681EF0100FDA
:102CD00008BF20ED108A20E9F04F10602DE90900AF
:102CE0004FF0500080F31188BFF34F8FBFF36F8F09
:102CF0000EF020FD4FF0000080F31188BDE80900C0
:102D000019680868B0E8F04F1EF0100F08BFB0EC6B
:102D1000108A80F30988BFF36F8F704700BF00BF30
:102D2000440200200000000000000000000000003D
:102D3000074B19680868B0E8F04F80F30988BFF3C3
:102D40006F8F4FF0000080F31188704700BF00BF05
:102D500044020020FFF72CFF012005F039FEFBE7BD
:102D600080B54FF0500080F31188BFF36F8FBFF331
:102D70004F8F0FF03FFC30B14EF60450CEF2000002
:102D80004FF080510160002080F3118880BD000069
:102D9000B0B592B0002443F64000CDE90A44CDE935
:102DA00008440594CDE90344CDE901440094C4F2FC
:102DB00002000168022541F080510160006800F0C6
:102DC00080500090009847F200000094C4F2000088
:102DD000016841F440410160006800F44040009007
:102DE0000098012006904FF4803007904FF4800047
:102DF0000D9004200E90A820CDE90F05072011901A
:102E000006A80C95FFF7B0F920B1EFF3108072B669
:102E1000FEE700BF0F20CDE901054FF4A05004905C
:102E20004FF48050059001A805210394FFF768F83E
:102E300020B1EFF3108072B6FEE700BF12B0B0BD54
:102E40004EF68850CEF20000016841F47001016036
:102E50007047000040F20870C2F20000FFF7CABBE2
:102E600010B540F6FF3E0368C4F2000E40F2004C7D
:102E70007045C4F2010C27DCB0F1804F31D040F234
:102E80000042C4F2000290422BD040F60002C4F28D
:102E90000002904225D041F6FF72C4F20002904237
:102EA00029DC70453CDCB0F1804F5FD040F200423D
:102EB000C4F20002904259D040F60002C4F200026F
:102EC000904253D056E000BF40F60042C4F20002E8
:102ED000904206D0604504D00022C4F20102904224
:102EE000D9D14A6823F07003134341F6FF72C4F24C
:102EF00000029042D5DD43F6FF72C4F20102904217
:102F000022DC42F20002C4F2000290422ED00022E3
:102F1000C4F20102904229D0604527D02AE000BFC8
:102F200040F60042C4F2000290421FD041F6000277
:102F3000C4F20002904219D041F60042C4F20002ED
:102F4000904213D016E000BF44F20002C4F2010226
:102F500090420BD044F60002C4F20102904205D028
:102F600044F20042C4F20102904203D1CA6823F441
:102F70004073134323F080024B69D1F800E08C6862
:102F80001A430260C46240F48062C0F828E06245DF
:102F900004BF096901630121416110BD10B50446F8
:102FA0000068D4E902C22369016921F44051114348
:102FB0000161626943EA0C01E3691143C268194384
:102FC00049F20C639A431143C1604169A26921F43B
:102FD000407141F20043114340F48062C4F20103A6
:102FE0009A42416102D1FFF775F801E0FFF75EF800
:102FF000E16963681922B1F5004FA0FB020123D1FA
:103000005A00DB0FFDF766F948F21F51C5F2EB11CC
:10301000A0FB01235A094FF69C73C0F6FF7303F11E
:10302000805302FB0300322303EBC000A0FB01012D
:103030004FF4F87000EA111000EB0210C1F34211D6
:1030400008442168886010BD9A009B0FFDF742F983
:1030500048F21F51C5F2EB11A0FB01235A094FF6AC
:103060009C73C0F6FF7302FB0300322303EB0010D6
:10307000A0FB0101F02000EA511000EB0210C1F3A7
:10308000431108442168886010BD0000FEE700007D
:103090002DE9F04104460D4678B942F61A3042F661
:1030A0002A4142F63743C0F60100C0F60101C0F6DE
:1030B00001034FF4DC72FDF785F907F005F9227F73
:1030C000002194F8018042F00102616025722277AC
:1030D000617007F023F9636A7BB120460421002266
:1030E0009847636A4BB12046002100229847636AE3
:1030F0001BB1204602210022984705F10F0003284A
:1031000004D243A151F820600EE000BF5DB142F649
:103110001A3042F63743C0F6010039A1C0F6010368
:103120007D22FDF74FF9002604F11007384607F01D
:1031300059F918B13846314607F04AF904F1140735
:10314000384607F04FF918B13846314607F040F9D4
:10315000B8F1040F40D8012000FA08F010F01A0F5F
:103160003AD0207F00F0FB014007217748BFBDE83F
:10317000F081206A78B942F61A3042F6104142F6E0
:103180003743C0F60100C0F60101C0F601034FF459
:10319000F372FDF717F9206AB8F1040118BF294648
:1031A0000268017102F10C05284607F069F960B95F
:1031B00042F61A3042F63743C0F6010017A1C0F6B6
:1031C000010340F2EF12FDF7FDF8002128462162CD
:1031D000BDE8F04107F050B9206A78B142F61A30E4
:1031E00042F63743C0F6010013A1C0F6010340F2D6
:1031F000F712BDE8F041FDF7E5B800BFBDE8F0818A
:10320000756E68616E646C6564206572726F7200C1
:10321000F52A0108F62A0108F42A0108696E617688
:103220006C6964206F705F636F6D706C657465644A
:103230005F73656D00000000636F6E6E2D3E6375F9
:103240007272656E745F6D7367203D3D204E554C04
:103250004C000000B0B540F26055C2F20005297D77
:10326000044651B1A868A04207D1286818B106F0F9
:10327000A9F8002028600020287595F82C0058B186
:10328000286AA04208D1A86918B106F09BF800206E
:10329000A861002085F82C0095F8440058B1A86B6F
:1032A000A04208D1286B18B106F08CF800202863E2
:1032B000002085F8440095F85C0058B1286DA042C4
:1032C00008D1A86C18B106F07DF80020A864002091
:1032D00085F85C0095F8740058B1A86EA04208D13A
:1032E000286E18B106F06EF800202866002085F8D8
:1032F000740095F88C0060B1D5F88000A04208D128
:10330000A86F18B106F05EF80020A867002085F8C5
:103310008C0095F8A40070B1D5F89800A0420AD1AD
:10332000D5F8900020B106F04DF80020C5F89000C7
:10333000002085F8A40095F8BC0070B1D5F8B00065
:10334000A0420AD1D5F8A80020B106F03BF8002031
:10335000C5F8A800002085F8BC0095F8D40070B12D
:10336000D5F8C800A0420AD1D5F8C00020B106F0B7
:1033700029F80020C5F8C000002085F8D40095F891
:10338000EC0078B1D5F8E000A04218BFB0BDD5F888
:10339000D80020B106F016F80020C5F8D8000020AB
:1033A00085F8EC00B0BD00002DE9F04F85B0002895
:1033B000CDE90112049000F08B804FF00A0B002A37
:1033C00000F0B08040F2605C00230122C2F2000CE9
:1033D00000204FF0000E4FF0000A4FF00A084FF0A7
:1033E0000A090A21039106E090463033F02B02F1DE
:1033F000020200F005830CEB0304257D1FFA88F11F
:103400000A29A2F1010608BF002D19D065B304995D
:1034100067680968B94204D1A168029FB94200F007
:103420003D81012D0ED15CF80310658A91B11FFA20
:103430008AFA554528BFB34688BFAA4614E000BFA4
:10344000B04611E0618A80B2814228BFB14688BF90
:10345000084609E01FFA8EFE0399754528BF3146DC
:10346000039188BFAE4600BF94F82C501FFA88F134
:103470000A2908BF002DB7D0002DB6D00499E669FF
:103480000968B14204D1216A029EB14200F0C382B0
:10349000012D0BD1A169648D81B11FFA8AFA5445BF
:1034A00028BF934688BFA2469FE700BF618D80B2C8
:1034B000814228BF914688BF084696E71FFA8EFED4
:1034C0000399744528BF1146039188BFA6468CE72F
:1034D00040F26056C2F20006337D012B00F09E8060
:1034E000002B40F0C58096F82C404FF000080A20D1
:1034F000002C00F0DB8003904FF00A0900204FF011
:103500000A0B00234FF0000C4FF0000E012C00F0CE
:10351000A380748D744528BF4FF0010988BFA6466B
:10352000DFE000BF40F2605C00200122C2F2000C2C
:1035300000274FF0000E00244FF00A084FF00A0950
:103540000A21039107E000BF90463030F02802F1D5
:10355000020200F055820CEB00031D7D1FFA88F675
:103560000A2EA2F1010608BF002D15D045B304991B
:10357000D1F800A059688A4500F09280012D0DD144
:103580005CF800105D8A89B1A4B2A54228BFB34699
:1035900088BF2C4614E000BFB04611E0598ABFB284
:1035A000B94228BFB14688BF0F4609E01FFA8EFE18
:1035B0000399754528BF3146039188BFAE4600BFC9
:1035C00093F82C501FFA88F10A2908BF002DBBD0B0
:1035D000002DBAD00499DE690968B14200F01B825F
:1035E000012D09D199695B8D71B1A4B2A34228BFA5
:1035F000934688BF1C46A8E7598DBFB2B94228BF81
:10360000914688BF0F46A0E71FFA8EFE03997345C7
:1036100028BF1146039188BF9E4696E73368B6F8E7
:1036200012C0002B18464FF0000E4FF0000B4FF069
:103630000A0918BF0A20039008BF4FF00A0B002B9D
:103640001CBF6346F44696F82C40012004B34FF0AB
:103650000A08012C7FF45DAFB569748DC5B39BB2C8
:103660009C4228BF4FF0010B88BF234639E000BFC2
:10367000B6F812E00A204FF0000903904FF00A0B51
:1036800000234FF0000C96F82C400120002CDED1D6
:103690004FF0010896F84440ACBB14E03246BAE162
:1036A000324610B205B0BDE8F08F00BF03904FF076
:1036B0000A094FF00A0B00234FF0000C4FF0000EE8
:1036C00096F84440FCB996F85C00002845D114E017
:1036D0001FFA8CFC039A644528BF0122039288BF1D
:1036E000A44696F84440B4FA84F56D09284209D0FE
:1036F0004FF0020896F85C0078BB96F8740000283A
:103700005FD148E00CB3012C0CD1346BB6F8420009
:1037100094B19BB2984228BF4FF0020B88BF03467A
:1037200013E000BFB6F84200704528BF4FF0020911
:1037300088BF864609E000BF1FFA8CFC039A6045EB
:1037400028BF0222039288BF844696F85C00B8F135
:103750000A0F08BF002819D058B301280CD1B46C47
:10376000B6F85A00E4B19BB2984228BF4FF0030B61
:1037700088BF03461DE000BFB6F85A00704528BF59
:103780004FF0030988BF864613E000BF4FF00308DF
:1037900096F87400A8B996F88C00002845D12EE060
:1037A0001FFA8CFC039A604528BF0322039288BF4E
:1037B000844696F87400B8F10A0F08BF002819D0A3
:1037C00058B301280CD1346EB6F87200E4B19BB244
:1037D000984228BF4FF0040B88BF03461DE000BF8E
:1037E000B6F87200704528BF4FF0040988BF8646BE
:1037F00013E000BF4FF0040896F88C00A8B996F8C3
:10380000A400002845D12EE01FFA8CFC039A6045E5
:1038100028BF0422039288BF844696F88C00B8F132
:103820000A0F08BF002819D058B301280CD1B46F73
:10383000B6F88A00E4B19BB2984228BF4FF0050B5E
:1038400088BF03461DE000BFB6F88A00704528BF58
:103850004FF0050988BF864613E000BF4FF005080A
:1038600096F8A400A8B996F8BC00002845D12EE02F
:103870001FFA8CFC039A604528BF0522039288BF7B
:10388000844696F8A400B8F10A0F08BF002819D0A2
:1038900058B301280CD1D6F89040B6F8A200DCB19C
:1038A0009BB2984228BF4FF0060B88BF03461CE02E
:1038B000B6F8A200704528BF4FF0060988BF8646BB
:1038C00013E000BF4FF0060896F8BC00A8B996F8C0
:1038D000D400002841D15BE01FFA8CFC039A6045BC
:1038E00028BF0622039288BF844696F8BC00B8F130
:1038F0000A0F08BF002819D038B301280CD1D6F818
:10390000A840B6F8BA00BCB19BB2984228BF4FF0AD
:10391000070B88BF034618E0B6F8BA00704528BF09
:103920004FF0070988BF86460FE000BF4FF0070839
:1039300096F8D40088B92BE01FFA8CFC039A6045F6
:1039400028BF0722039288BF844696F8D400B8F1B6
:103950000A0F08BF002819D038B301280CD1D6F8B7
:10396000C040B6F8D200BCB19BB2984228BF4FF01D
:10397000080B88BF034618E0B6F8D200704528BF90
:103980004FF0080988BF86460FE000BF4FF00808D7
:1039900096F8EC0010E000BF1FFA8CFC039A60451B
:1039A00028BF0822039288BF844696F8EC00B8F13D
:1039B0000A0F08BF002821D010B3012812D1D6F871
:1039C000D870B6F8EA00002F00F0A0809AB29042BA
:1039D00028BF4FF0090B01994FF6FF7288071AD4E0
:1039E00013E000BFB6F8EA00704528BF4FF00909A0
:1039F00001994FF6FF7288070DD406E04FF00908D1
:103A000001994FF6FF72880705D4C80708D11FFA3D
:103A100088F00A2804D110B205B0BDE8F08F00BFCD
:103A20000FFA88F40A2C19DA40F2605104EB4400D2
:103A3000C2F2000101EBC000007D002848D042F630
:103A40001A3043F24573C0F601003DA1C0F60103F0
:103A500040F28512FCF7B6FC3AE000BF0FFA89F09D
:103A6000092817DC40F2605100EB4000C2F200016F
:103A700051F8300060B142F61A3043F24573C0F697
:103A8000010029A1C0F6010340F26D12FCF79AFC77
:103A9000C8460AE0DDF80C800FFA88F00A2804DB3B
:103AA0000FFA8BF00928D846B5DC0FFA88F440F2FB
:103AB000605204EB4401C2F2000252F8310002EB02
:103AC000C10518B105F07EFC002028600020287593
:103AD0000498029B48B140F26052006804EB440134
:103AE000C2F2000202EBC101486040F2605104EBF7
:103AF0004400C2F2000101EBC0000021418283605A
:103B0000424610B205B0BDE8F08F00BF1FFA8CF23C
:103B10009042039828BF0920039001994FF6FF7245
:103B200088073FF578AF70E76172705F7461626C0F
:103B3000655B695D2E71203D3D204E554C4C00006B
:103B40006172705F7461626C655B695D2E73746134
:103B50007465203D3D204554484152505F535441C7
:103B600054455F454D505459000000002DE9F04F79
:103B700085B039B3466804463088B0F5807F1BD1E4
:103B80003079062818D17079042815D17088082852
:103B900012D18A465AF8040FD6F80E700D460497D3
:103BA00020B3B16906F10808814221D14FF0010B21
:103BB0004FF0010920E000BF204605B0BDE8F04FFE
:103BC00005F000BC42F61A3043F2287143F2457307
:103BD000C0F60100C0F60101C0F6010340F28A22DE
:103BE00005B0BDE8F04FFCF7EDBB00BF06F10808DB
:103BF0004FF002094FF0000B95F82C0006280CD06E
:103C000042F61A3043F24573C0F601002DA1C0F60A
:103C1000010340F2A912FCF7D5FBB7B33846294699
:103C200000F0E6FF88BB07F0F000E0282DD004A8E4
:103C300049462A46FFF7B8FB002826D481B249003E
:103C400040F2605211FA80F1C2F2000202EBC100B0
:103C5000022303758560D8F8003052F83170C360D4
:103C6000B8F8043000210382418277B1016005F188
:103C700026024FF4006C284639464346CDF800C072
:103C800000F0A4FC384605F09DFBF0888BF00101A4
:103C9000B0F5807018BF012008430CD105F1260152
:103CA00004A802270290284642460B46CDE900A808
:103CB000039700F0C1FA204605F084FB05B0BDE88B
:103CC000F08F00BF6E657469662D3E68776164642D
:103CD000725F6C656E203D3D204554485F485741FA
:103CE0004444525F4C454E0070B584B016460546BC
:103CF0000C4658B1E4B156B33068294600F078FF5D
:103D0000B0B342F6F013C0F6010347E042F61A30B2
:103D100043F2287143F24573C0F60100C0F6010179
:103D2000C0F6010340F21E32FCF74CFB002CE2D13E
:103D300042F61A3043F24573C0F6010081A1C0F685
:103D4000010340F21F32FCF73DFB002ED4D142F6B6
:103D50001A3043F2367143F24573C0F60100C0F6E3
:103D60000101C0F601034FF44872FCF72BFBC3E7D7
:103D7000306800F0F001E0291CD10123ADF80830D3
:103D80005E23010E020C8DF80A30C0F3062002AB50
:103D90008DF80B008DF80C208DF80D1005F1260222
:103DA0004FF4006628462146009600F00FFC40B212
:103DB00004B070BDD5E901124140114208D081B272
:103DC0004FF6A962914203D02E4656F80C0FA8B3C5
:103DD00040F2546CC2F2000C9CF8002040F2605E8D
:103DE00002EB4203C2F2000E0EEBC303197D02295F
:103DF00008D39968A94205D15968884202D128465A
:103E0000214692E09EF81410022909D3DEF808102A
:103E1000A94205D1DEF80410884201D1002280E0D9
:103E20009EF82C1002290DD3DEF82010A94209D1EA
:103E3000DEF81C10884205D1012272E0FC2040B25D
:103E400004B070BD9EF84410022909D3DEF8381082
:103E5000A94205D1DEF83410884201D1022260E087
:103E60009EF85C10022909D3DEF85010A94205D152
:103E7000DEF84C10884201D1032252E09EF8741003
:103E8000022909D3DEF86810A94205D1DEF86410D2
:103E9000884201D1042244E09EF88C10022909D303
:103EA000DEF88010A94205D1DEF87C10884201D1ED
:103EB000052236E09EF8A410022909D3DEF89810F6
:103EC000A94205D1DEF89410884201D1062228E0EB
:103ED0009EF8BC10022909D3DEF8B010A94205D122
:103EE000DEF8AC10884201D107221AE09EF8D41007
:103EF000022909D3DEF8C810A94205D1DEF8C410A2
:103F0000884201D108220CE09EF8EC10022911D35E
:103F1000DEF8E010A9420DD1DEF8DC10884209D1AC
:103F20000922284621468CF8002004B0BDE87040E4
:103F300000F00EB828463146224604B0BDE8704075
:103F400000F080B87120213D204E554C4C000000FF
:103F5000F0B585B040F2605302EB4202C2F20003BA
:103F600003EBC206374617F8142F0C46012A054604
:103F70000DD842F61A3043F24573C0F6010025A170
:103F8000C0F6010340F2EF22FCF71CFA3A78022A4D
:103F900032D1708AB0F58E7F12D942F6F6132A1DFF
:103FA000C0F60103301DCDE9002342F6F01205F101
:103FB00026014FF0010C0290C0F6010212E000BF92
:103FC000B0F5877F18D342F6F61E301D06F10C02BD
:103FD00005F126012B1D4FF0010CC0F6010ECDE9B5
:103FE000003E029028460B46CDF80CC000F024F9A4
:103FF000002804BF0320387005F1260206F10C03E7
:104000004FF4006728462146009700F0DFFA05B01C
:10401000F0BD00BF6172705F7461626C655B61725C
:10402000705F6964785D2E7374617465203E3D2015
:104030004554484152505F53544154455F53544195
:10404000424C45002DE9F04F85B00F460968054602
:1040500008462946914600F0CBFD28B1F02040B239
:1040600005B0BDE8F08F00BF3968F0200029F6D018
:1040700001F0F001E029F2D0384601212A46FFF78D
:1040800093F90646B0F1FF3F3EDD7F2E05F126088D
:104090000CD342F61A3043F24573C0F601005BA11F
:1040A000C0F6010340F2C132FCF78CF95FFA86FAE0
:1040B0004FEA4A0040F2605B50FA86F0C2F2000B11
:1040C0000BEBC000044614F8141F19B3B9F1000F2C
:1040D00068D00490FF2002293FD340F25460C2F21E
:1040E000000006700AEB4A000BEBC00000F10C0365
:1040F0004FF40067284649464246009700F066FAAA
:1041000005B0BDE8F08F00BF304640B205B0BDE855
:10411000F08F00BF04900AEB4A000BEBC00042F6A0
:10412000F6118560281DC0F6010142F6F0124FF02D
:10413000010C8DE88300C0F6010228464146434643
:1041400084F800C0CDF80CC000F076F8B9F1000F8B
:104150003FF485AF21780229BFD201297FF47FAFD8
:1041600042F61A3543F24577C0F601052BA6C0F694
:1041700001074C4660892189884208D1206830B106
:104180002846314640F2F1323B46FCF71BF9207BD2
:1041900040061DD42468002CECD1484605F0F8FAFE
:1041A0001DE000BF42F6F611281DC0F6010142F6DF
:1041B000F01201268DE88300C0F601022846414630
:1041C0004346039600F038F805B0BDE8F08F00BF15
:1041D0000E204FF420714A4604F076FF8146049881
:1041E000B9F1000F0CD004460068002818BF05F094
:1041F000E9F80020C4F8009040B205B0BDE8F08FA7
:10420000FF2040B205B0BDE8F08F00BF7479706543
:10421000206F766572666C6F770000006E6F20709D
:1042200061636B65742071756575657320616C6C75
:104230006F776564210000002DE9F04F81B01F46C3
:1042400090460646894678B942F61A3043F22871FC
:1042500043F24573C0F60100C0F60101C0F6010348
:1042600040F25742FCF7AEF80E201C214FF42072AA
:1042700004F0AEFD002859D004464089DDF834A092
:104280001B280CD842F61A3043F24573C0F60100E1
:1042900029A1C0F6010340F26342FCF793F8DDF870
:1042A0002CB06568504601F0E1FC96F82C10E880CF
:1042B00006290FD042F61A3043F2E76143F2457304
:1042C000C0F60100C0F60101C0F6010340F26A42E7
:1042D000FCF778F8B8882146A881386840F60607C8
:1042E000A860DBF800004A46C5F81200BBF80400DD
:1042F0004346E8820A980068C5F80E000C980068EA
:10430000A86140F20010C0F20800286040F20640A8
:10431000A8803046009700F059F9204605F052F881
:10432000002040B201B0BDE8F08F00BFFF2040B2D6
:1043300001B0BDE8F08F00BF636865636B207468EF
:10434000617420666972737420706275662063619F
:104350006E20686F6C64207374727563742065746A
:10436000686172705F6864720000000080B584B09C
:1043700042F6F61E021DC0F6010E00F12603CDE93D
:10438000002E42F6F0124FF0010C0291C0F601022D
:104390001946CDF80CC0FFF74FFF04B080BD0000F8
:1043A0002DE9F04F85B040F2605642F6F61942F61C
:1043B000F0140025C2F200064FF00108C0F6010912
:1043C000C0F601044FF0020B002704E08AF81450F5
:1043D0001837F02F3AD006EB070A9AF81400002895
:1043E000F6D0BAF812104A1C91B28B084A2BAAF8E0
:1043F000122003D8012809D1052907D3F059002834
:10440000E4D004F0DFFFF551E0E700BF012807D05A
:10441000042817D0032804BF04208AF81400D7E723
:10442000DAF808000AF1040200F12601031DCDE9C3
:104430000039029222460B46CDF80C80FFF7FCFEB5
:10444000C6E700BF8AF814B0C2E700BF05B0BDE8F8
:10445000F08F000070B5044640890F283DD3E07B03
:104460000D4618B995F830000130E07360680178A6
:104470008689CA0714D0012906D1417881B980788C
:104480005E280DD1102008E042F6F011C0F60101BF
:104490000622FCF77BF818B90820617B084360739B
:1044A000B6F5C16F10D0082E17D195F82D00000772
:1044B00013D520460E2105F08DF970B92046294606
:1044C00000F0DEFC002070BD95F82D00000704D53B
:1044D00020460E2105F07EF920B1204604F072FF3F
:1044E000002070BD20462946FFF740FB002070BD2C
:1044F000704700009AB00DF1040A0446504664214A
:10450000FCF7F6F840F29410C2F2000040F258674F
:104510004FF0000800F10C06C2F200070FF29C09F0
:1045200000254FF0000B0BE03846FDF7D9F9204687
:1045300004F070F9204604F09FF9642004F048FA72
:104540003046FEF787F994F82D1011F0040101D0E0
:104550000128E9DD0029F0D10228EEDB0238042829
:1045600006D212A151F820B059F8205003E000BF44
:10457000B8F1000F16D038465146FCF7CBFB384651
:104580005146CDE9065BFCF7E9FF3846FDF79EF89A
:10459000204604F0E9F9204604F09EF94FF00108A6
:1045A000CBE700BF4FF00008C7E700BF00080000DE
:1045B00000000000000800000000000000400000B3
:1045C0000040000000000000000000002DE9F04164
:1045D0000C460699804608461F46164601F046FBE3
:1045E000054620460E2104F0BDFB00281CBF6FF0DD
:1045F0000100BDE8F08160688581B98881803968F3
:104600000160B18841813168C0F8061098F82C002B
:10461000062809D042F61A30C0F6010006A113A3FD
:1046200040F23312FBF7CEFED8F818204046214660
:10463000BDE8F041104700BF6E657469662D3E68A5
:1046400077616464725F6C656E206D75737420624F
:1046500065203620666F722065746865726E6574B9
:104660005F6F757470757421000000002E2E2F4D41
:104670006964646C6577617265732F5468697264EC
:104680005F50617274792F4C7749502F7372632F8A
:104690006E657469662F65746865726E65742E63E5
:1046A000000000002DE9F041A2B0044630B970A02E
:1046B00079A17DA340F2DF12FBF784FE47F273403D
:1046C000E08543F6E94045F64921C0F60000C0F612
:1046D0000001C4E9050109A86421FCF709F848F2C2
:1046E000000140F2586648F20000CAF6E131C2F219
:1046F0000006C4F20200CDF81E104EF6CD7140F255
:104700006C4340F2CC37ADF822100DF11E014FF48E
:104710000002C2F20003C2F200074FF4C06586E84F
:104720008F0030467561FCF7BDFB40F29417C2F272
:104730000007804607F130003421FBF7D9FF212024
:10474000F8624FF44000386442F66020C0F6010081
:1047500003F062F80620716884F82C0008780322C0
:1047600084F82600487884F82700887884F82800A0
:10477000C87884F82900087984F82A00487994F8E0
:104780002D1084F82B0040F2DC50A08441F00A0088
:1047900084F82D00012000210DF04AF978600120F5
:1047A000002103220DF044F94649B86045A0061DDA
:1047B00000914ECED0E905500DF1040C8CE84E006E
:1047C000CDE905506846214604F09EFA07F10C0633
:1047D00040F21001C2F200013046FEF707F9304600
:1047E000FEF790F8B8F1000F06D0FCF765FA00204C
:1047F00022B0BDE8F08100BF3046FEF72BF801285B
:104800000ADC204604F038F8204604F003F80020C3
:1048100022B0BDE8F08100BF0338022806D830A1DD
:1048200051F8206031A151F8207003E04FF4804727
:104830004FF4006640F25865C2F200050DF12408FD
:1048400028464146FCF766FA28464146CDE90E76F1
:10485000FCF784FE2846FCF739FF204604F084F874
:10486000204604F039F8002022B0BDE8F08100BFF6
:10487000417373657274696F6E20222573222066FE
:1048800061696C6564206174206C696E65202564C3
:1048900020696E2025730A006E6574696620213DCB
:1048A000204E554C4C0000002E2E2F4C5749502FB7
:1048B0005461726765742F65746865726E6574699A
:1048C000662E63000C2B0108F94800080300000065
:1048D000000000005E010000000000000000000079
:1048E0000000000000080000000000000040000080
:1048F000000000000000000082B040F2941540F279
:1049000058680446C2F200050026C2F200080DF104
:10491000040900BF68684FF0FF3104F0C9F90028AE
:10492000F8D107E0226938462146904710B1384651
:1049300004F048FD287801960028EBD1404649460E
:10494000FCF77EFC019F002FECD1E3E700207047CD
:104950000A46032100F0EEB82DE9F04383B040F29F
:104960009476C2F20006B568894629783C2202EAAC
:104970008107142F044602D36089042806D22046FA
:1049800003B0BDE8F04304F01DBD00BF60680078CF
:1049900008283FD1706900F0F001E029EFD03168BC
:1049A00000F026F90028EAD120890828E7D307F18A
:1049B0000E082046414604F0D5F998B320893844C2
:1049C00081B28142DBD10E204FF4207204F000FA54
:1049D0000028D4D08046408907F10801814266D87A
:1049E000D8F8040029463A46FBF71BFE40463946F4
:1049F00004F0F0FE002855D042F61A3043F27C73E2
:104A0000C0F6010030A1C0F60103B622FBF7DAFCC4
:104A10004DE000BFA046404603B0BDE8F04304F0BF
:104A2000D1BC00BF2046414604F0D4FE90B142F60E
:104A30001A3043F27C73C0F6010031A1C0F60103C5
:104A4000C722FBF7BFFC204603B0BDE8F04304F0EB
:104A5000B9BC00BFA046D8F804404046394604F02F
:104A600081F90028D7D156F8140FD8F8041056F859
:104A7000042CC8600A610020FF220A7248810121CB
:104A800020706080CDE90001404631460022FF23BE
:104A9000CDF8089000F0CEFA404603B0BDE8F043F0
:104AA00004F090BC4046214604F02EFB40B1404645
:104AB00004F088FC204603B0BDE8F04304F082BC5B
:104AC000204604F07FFCC6E769636D705F696E7015
:104AD00075743A206D6F76696E6720722D3E706135
:104AE000796C6F616420746F2069636D70206865F4
:104AF00061646572206661696C65640A000000008B
:104B000069636D705F696E7075743A207265737455
:104B10006F72696E67206F726967696E616C207071
:104B20002D3E7061796C6F6164206661696C6564AB
:104B30000A0000002DE9F04184B090460E46074679
:104B4000222024214FF4207204F042F990B304464D
:104B5000408923280CD842F61A3043F27C73C0F601
:104B6000010016A1C0F6010340F26912FBF72AFC0E
:104B700065687F682E70002605F1080039461C2202
:104B800085F801806E60FBF74CFDF868039003A880
:104B900000F00AFE58B1074601206E80CDE90060A2
:104BA00003AA20460021FF23029700F043FA204683
:104BB00004F008FC04B0BDE8F08100BF63686563E1
:104BC0006B207468617420666972737420706275FA
:104BD000662063616E20686F6C642069636D70206D
:104BE0006D657373616765000A460B21FFF7A2BF0D
:104BF000421C022A3CBF0120704791F82D209207E9
:104C000002D54A68824201D100207047896842403B
:104C1000114205D1CA438843904204BF0120704726
:104C2000002070472DE9F04F8FB0D0F804B0044653
:104C30009BF8000000F00F00052840F0D18060894B
:104C4000132840F2D380BBF80600B1F82480174641
:104C50000D4601F00BF82189A1F11402110400F0B6
:104C6000D780A8F1140101EB5171C91000F4005371
:104C70006FF35F300C90C800CDE9075785B24FF055
:104C800014084FF0000A05930691CDE903B50B9285
:104C900097B20E2014214FF42072BD420A9738BFFC
:104CA0002F4604F095F8002800F0BF8006464089A2
:104CB00013280CD842F61A3043F2F173C0F6010003
:104CC00063A140F22532C0F60103FBF77BFB70685D
:104CD00059461422FBF7A5FC7068CDE90D760990C2
:104CE0001FB947E024684FF0000866891FFA88F56D
:104CF000AE420CD242F61A3043F2F173C0F6010014
:104D00005BA140F22D32C0F60103FBF75BFBA6EB83
:104D10000800B9B21FFA80FA514538BF8A46BAF185
:104D2000000FDFD0052002F0BFFD00287AD08146B9
:104D30006068514628440090002041224B46CDF83F
:104D400004A004F01DF9002868D08346204604F032
:104D50001FFD45F60520C0F60000C9E904040E98C1
:104D6000594604F02DF9A7EB0A073804BAD1DDF84B
:104D70000CB00D9FDDF81C900C9DB9F82400059B2C
:104D8000A0F1140128466FF35F3000F50052002BAC
:104D900018BF10460A9BD0449942B8BF104600F095
:104DA00065FF099EF08007F1140080B200F05EFFFD
:104DB0000027708077810E9ED9F81430089A4846F3
:104DC00031469847304604F0FDFA0B9A0D98121AB6
:104DD0001004069805440C95049D7FF458AF00E03C
:104DE000FA2778B20FB0BDE8F08F00BF42F61A3054
:104DF00043F2F173C0F601000EA1C0F601034FF4B7
:104E00003F72FBF7DFFAFA2778B20FB0BDE8F08FF8
:104E1000002778B20FB0BDE8F08F00BF05204946EB
:104E200002F0BCFA0E9804F0CDFAFF2778B20FB06A
:104E3000BDE8F08F6970345F6672616728293A2097
:104E40007062756620746F6F2073686F72740000F3
:104E500074686973206E6565647320612070627583
:104E60006620696E206F6E6520706965636521003C
:104E7000702D3E6C656E203E3D20706F66660000B2
:104E80002DE9F047456804462A7802F0F0004028F2
:104E900073D168880E463C2101EA820A00F0E6FEE2
:104EA00021890746884203D22046394604F0E4FBB4
:104EB0006089504561D3208987425ED8BAF1130FCB
:104EC0005BD9E968286940F29479C2F2000996F842
:104ED0002D20C9E9041000F0F001E02902F00101E1
:104EE00004D1A9BB4FF0000838E000BF59B1716888
:104EF00049B18842B04631D03146FFF779FEB0461D
:104F000060BB99F81400C0B27F284FF0000825D08C
:104F100040F23C30C2F20000076827B91EE000BF33
:104F20003F68002FDED0B7421CBF97F82D005FEA24
:104F3000C070F5D079680029F2D0D9F81400884201
:104F400004D03946FFF754FE0028E9D0B84605E002
:104F50007068B046002808BF4FF00008D9F810006C
:104F60003146FFF745FE40B9D9F8100000F0F000D7
:104F7000E02818BFB8F1000F06D1204604F022FA4D
:104F80000020BDE8F08700BFE8886FF0C00108424C
:104F900006D0204600F008F9002847D045680446AE
:104FA00028783C2101EA8000A9F80C0020465146EF
:104FB000C9E90086C9F8085004F00CFC687A012899
:104FC00008D006280CD0112810D1204631460BF00D
:104FD0008FFE22E020463146FFF7BEFC1DE000BFF9
:104FE0002046314607F0FAF917E000BFD9F814005F
:104FF0004146FFF7FDFD68B9D9F8140000F0F00054
:10500000E02807D02046514604F0BAFA2046022193
:10501000FFF79EFC204604F0D5F90020C9E9040002
:10502000C9E90000C9F80800A9F80C000020BDE893
:10503000F0870000B0B584B0DDF828C0DDE9084E87
:1050400042B129B10D68002D08BF0CF1040101E047
:105050000CF10401CDE9004ECDF808C000F002F8D3
:1050600004B0B0BD2DE9F04782B00446807B1F46F6
:105070001546012888460FD042F61A3043F2B17126
:1050800043F2BD73C0F60100C0F60101C0F6010392
:105090004FF45572FBF796F955B12046142103F0F1
:1050A00061FE68B1FE2040B202B0BDE8F08700BFEB
:1050B0006089142844D2FE2040B202B0BDE8F087D7
:1050C0006089DDE90A9A666813280CD842F61A301E
:1050D00043F2BD73C0F6010027A1C0F6010340F200
:1050E0008932FBF76FF928683772306145203070DC
:1050F000208986F809A086F8019000F0B7FD40F2FB
:10510000AC77C2F20007708038884FF00009A6F82B
:10511000069000F0ABFD42F6FC11C0F60101B08034
:105120003888B8F1000F18BF41460968013038804F
:10513000F160A6F80A900C99888C40B912E000BF83
:10514000606801AD006901900C99888C50B122898A
:10515000824207D920462A46FFF764FD40B202B0DA
:10516000BDE8F0874B69084621462A46984740B279
:1051700002B0BDE8F08700BF636865636B207468A8
:105180006174206669727374207062756620636151
:105190006E20686F6C64207374727563742069701C
:1051A0005F686472000000002DE9F04F85B0D0F810
:1051B0000490054699F8000000F00F00052840F023
:1051C0007081B9F8060000F051FDB9F802100446EC
:1051D000084600F04BFD064699F800003C2101EA24
:1051E0008007BE42C0F05D81284603F053FF40F2C5
:1051F0008432C2F200021188049008440A28039500
:1052000044D9D2F804B04FF000080296CDE9004727
:10521000BBF1000F3ED0D9F80C204FF0000A00215E
:10522000002700205E460CE00AF1010AC0B1F57FBC
:10523000C47FA5429CBF30463946336837461E4678
:1052400093B175699542EFD1B569D9F81040A5427F
:10525000EAD1B589B9F80440A542E5D1EDE700BF30
:1052600030463946E9E700BF40B100F0D7FA40F2D6
:105270008431C2F20001D1F804B080440498804522
:105280000ADABAF1010FC3DC06E000BFD2F804B0BD
:1052900014E000BF4FF0000BDDE90265DDE90047D7
:1052A000B8F1000F00F0FD8040F28430C2F200003F
:1052B0000088049908440A2800F2F380BBF1000F2B
:1052C00024D0D9F80C0004E0DBF800B0BBF1000FEB
:1052D0001CD0DBF814108142F6D1DBF81810D9F895
:1052E00010209142F0D1BBF80C10B9F80420914283
:1052F000EAD1B9F8060000F0B9FCC00427D1BBF828
:105300000E0000F0B3FCC0041BD120E0042002F02A
:10531000CBFA8346002873D0002040F28432CBE9D8
:105320000100C2F200025168CBF81C00CBE9050075
:10533000CBE903000F208BF81F00CBF80010C2F858
:1053400004B00BF1080049461422FBF76AF9B9F8DA
:1053500006004FEAC40910F02000A6EB070A0290ED
:105360000AD11FFA8AF010FA89F188B2884221D155
:105370004FF6EB7188421DD803984568688800F0A5
:1053800075FC29783C2202EA8102904212D3E98816
:10539000841A084600F06AFCC10003988BB240688A
:1053A0000022026013FA84F295B295428180C28095
:1053B00000F08080DBF80400039D002871D140F2EA
:1053C0008434C2F200046068834511D042F61A307A
:1053D00043F2F173C0F601000FF2AC31C0F60103E5
:1053E00040F2AB22FAF7EEFF6068584540F0948136
:1053F000DBF8000059466060042001F0CFFF50E068
:1054000040F2843AC2F2000ADAF804C0A3464FF030
:105410000008CDE9017600BFBCF1000F33D0D9F808
:105420000CE0002500210023002064460DE000BFB1
:1054300005F10105C0B1E77FC67FB7429CBF20469A
:10544000194622682346144692B167697745EFD121
:10545000A769D9F81060B742EAD1A789B9F8046002
:10546000B742E5D1EDE700BF20461946E9E700BFA6
:1054700020B100F0D3F9DAF804C0804404988045E4
:1054800001DA012DC8DC0498039DDDE90176804531
:1054900007DB04205C4602F007FA834600287FF40D
:1054A0003BAF284603F08EFF0025284605B0BDE837
:1054B000F08F00BFDBF80460029F012282EA5717D9
:1054C000E6B101974FF0000E0121002703E000BF75
:1054D00016681746B6B37268B2F804C0634515D3B0
:1054E0003FF468AFB2F806804345FFF463AF002F86
:1054F000EED0FC88644518BF7146E9E7039A05467B
:10550000CBF8042067BB012112E000BF002F06602A
:1055100000F0D480FA889342FFF44CAF65453FF623
:1055200049AF039E9A423E6018BF0021019A8AB992
:105530009BF81E20D2074FF0000218BF002913D09D
:1055400009E000BF039F9845176018BF0021019A2A
:10555000002AEDD039B1DBF8041021B14D68A988DB
:10556000090400F0A780002240F28431C2F2000159
:105570000888049B1844029B08804BB99BF81E10B6
:105580000AEB0900ABF81C0041F001008BF81E008B
:10559000002A4FF000053FF488AFDBF80400BBF8A9
:1055A0001C10476801F114043E680BF108013846ED
:1055B0001422FBF736F8A0B200F058FBFD807D8185
:1055C000DBF8045078805EB174683046142104F032
:1055D00001F92846314603F0F3FC2668002EF3D18A
:1055E00040F28431C2F2000151F8040F83451AD011
:1055F000002800F09180026801465A4513D0002A25
:1056000000F08A801068114658450CD0002800F040
:105610008380026801465A4505D0002A7CD0106874
:1056200011465845E4D1DBF80000086004205946D3
:1056300001F0B4FE284603F02DFD40F28436C2F29C
:1056400000063188044681420DD242F61A3043F2F8
:10565000F173C0F6010045A1C0F6010340F29B22A0
:10566000FAF7B0FE3188081B3080284605B0BDE847
:10567000F08F00BF4968C0888A8890427FF473AF7A
:10568000086838B34068C988828891427FF46BAF5C
:10569000016801B34968C0888A8890427FF463AF8B
:1056A0000868B8B14068C988828891424FF000020A
:1056B0007FF45AAF01680029DCD10CE065453FF664
:1056C00079AE039ACBF80420019A002A7FF442AF06
:1056D0002EE700BF084685421BD142F61A3043F23E
:1056E000F173C0F6010014A1C0F6010340F2E1120B
:1056F000FAF768FE286860B142F61A3043F2F17397
:10570000C0F6010010A1C0F6010340F2E312FAF75F
:1057100059FE012228E700BF42F61A3043F62A015B
:1057200043F2F173C0F60100C0F60101C0F60103B7
:1057300040F24512FAF746FE73616E697479206390
:105740006865636B0000000076616C696461746574
:105750005F646174616772616D3A6E6578745F70E1
:10576000627566213D4E554C4C00000069705F72B9
:10577000656173735F70627566636F756E74203EEA
:105780003D20636C656E00006E6F742066697273F5
:1057900074616C74686F756768206A7573742065CE
:1057A0006E7175657565640080B540F23C31C2F27A
:1057B000000100BF0968C9B191F82D2002F005036E
:1057C000052BF7D14B68002BF4D0D0F800C0D1F8EE
:1057D00008E083EA0C0313EA0E0F04D09207E9D421
:1057E000CA689445E6D1084680BD00BF40F240310A
:1057F000C2F200010A687AB192F82D1001F0050199
:10580000052909D1516839B10078B0F17F0118BF7D
:105810001146084680BD00BF002080BD2DE9F04F35
:1058200081B08846814681420BD142F61A3043F25C
:10583000F173C0F601004BA1C0F60103AB22FAF7E9
:10584000C1FDB8F1000F0FD0D8F8000048450BD0CB
:1058500042F61A3043F2F173C0F6010044A1C0F6DB
:105860000103AD22FAF7AEFDD9F80470786881889B
:1058700011B1002616E000BF01681422C9F8041017
:1058800009F10801FAF7CDFE38460121FFF7ACF91E
:10589000384603F0FFFB0646384603F093FDD9F87F
:1058A00004700FB342F61A3A43F2F175C0F6010ADA
:1058B0000FF2D00BC0F6010505E000BF384603F03B
:1058C00081FD274684B178680468384603F0E2FB1E
:1058D00010FA86F6B6F5803FF0D350465946CC22F2
:1058E0002B46FAF76FFDE9E740F28435C2F2000576
:1058F0006868484502D0B8F1000F23D04845D9F870
:10590000000008BF05F10408C8F80000042049465B
:1059100001F044FD2888B4B2A0420CD242F61A30FD
:1059200043F2F173C0F601001EA1C0F60103D222BA
:10593000FAF748FD2888811B2046298001B0BDE880
:10594000F08F00BF42F61A3043F62A0143F2F1739A
:10595000C0F60100C0F60101C0F6010340F2451295
:10596000FAF730FD7072657620213D206970720073
:10597000707265762D3E6E657874203D3D206970AD
:105980007200000070627566735F66726565642000
:105990002B20636C656E203C3D2030786666666621
:1059A0000000000069705F72656173735F706275FB
:1059B00066636F756E74203E3D2070627566735F1E
:1059C0006672656564000000B0B540F28430C2F2D2
:1059D00000004068002808BFB0BD002406E000BFFA
:1059E00005682146FFF71AFF28464DB1C17F0029FF
:1059F000F6D001390568C1770446002D2846F5D157
:105A0000B0BD000010B5044660B942F61A3043F24A
:105A1000F173C0F6010009A1C0F6010340F2CE22E5
:105A2000FAF7D0FC6069002818BF03F0CBFC052012
:105A30002146BDE8104001F0B1BC00BF7063722088
:105A4000213D204E554C4C00F0B58DB001AD0C46BB
:105A500028463021FAF74CFE24B3D4E90010019017
:105A600060890290F1B1D1E900020492498905F1FF
:105A70000C0205910392A8B1D0E900120792408967
:105A800005F118020890069261B1D1E900200A9050
:105A9000488905F124010B9009911AB1F42040B214
:105AA0000DB0F0BD208940F29417C2F20007C7E99B
:105AB0000C05204607F12C063C6603F069FE40F217
:105AC0005860C2F200003146FBF768FFB8684FF03B
:105AD000FF3103F0EDF80028F8D140F25860C2F22F
:105AE0000000FBF7ABFC002040B20DB0F0BD0000A1
:105AF0002DE9F04104464068804704F095FC40F2EF
:105B00007838C2F20008D8F80810276805467E18D1
:105B1000301AB0F1FF3F31DD0A2001F0C5FE002848
:105B20005AD00021C0E90016D8F8041045F6F12239
:105B3000C0F6000200298260C46060D04A68B21AD0
:105B40005CD40B68002B5FD05A68B21A62D4196813
:105B5000002965D04A68B21A7AD40B68002B53D05A
:105B60005A68B21A56D41968002959D04A68B21A2C
:105B7000B2F1FF3F1A46E4DC48E000BF0A2001F022
:105B800093FE48B37A190021C0E90012D8F8041036
:105B900045F6F123C0F600038360C46079B34B6817
:105BA000D31A2BD40B68002B40D05F68D71B43D48B
:105BB0001968002946D04F68D71B4FD40B68ABB388
:105BC0005F68D71B38D41968E1B34F68D71BB7F1AA
:105BD000FF3F1F46E6DC2BE042F61A3043F27B61C2
:105BE00043F24763C0F60100C0F60101C0F60103AD
:105BF000BE22BDE8F041FAF7E5BB00BF0160C8F87E
:105C00000400BDE8F08100BF0A4600210160106079
:105C1000BDE8F0810A46194601601060BDE8F081D8
:105C200000211A4601601060BDE8F0810F46002196
:105C300001603860BDE8F0810F46194601603860A8
:105C4000BDE8F08100211F4601603860BDE8F081A9
:105C50001A4601601060BDE8F08100BF1F46016078
:105C60003860BDE8F081000000BA704740BA704764
:105C700080B504F07BFB01F019F901F00DFC02F096
:105C80003FFD0BF029F806F09DFBBDE8804004F0D5
:105C90009BBC000010B501680446486860B10978F3
:105CA00001F0F00110290BD0202905D1A168A289AB
:105CB0000AF052FE207110BDFA20207110BD00BF05
:105CC000A168A28905F038F8207110BDB0B504466E
:105CD0000068416851B1017801F0F001102905D147
:105CE000217A4278032905D0022A03D1F5202071B8
:105CF000B0BD00BF012A05D0032A07D1F5202071CD
:105D0000B0BD00BFFB202071B0BD00BFC90702D0ED
:105D100001F08CFF2068016A81B142F61A3042F628
:105D2000694142F63743C0F60100C0F60101C0F6F2
:105D3000010340F2BD72FAF745FB2068042141706F
:105D40000021046200F03CF80028D1D0206840789F
:105D500004280FD042F61A3042F6B63142F63743E5
:105D6000C0F60100C0F60101C0F6010340F2C272A4
:105D7000FAF728FB40F2E825C2F20005284604F0B5
:105D80004FFB206800210C3004F0AAFA284604F0EA
:105D90002FFB20684078002808BFB0BD42F61A30BB
:105DA00042F6B63142F63743C0F60100C0F60101B3
:105DB000C0F6010340F2C672BDE8B040FAF702BB7C
:105DC0002DE9F0470446884640B3207800F0F00003
:105DD000102835D16078042842D1606800284FD05F
:105DE000206A00285CD0007A676800F0010A032866
:105DF00000F002096FD0BAF1000F63D1B9F1000FC2
:105E000002D0788BC00666D43E4616F8140F0128DF
:105E100070D13846002104F02FFE74E042F61A30AB
:105E200042F63743C0F601008DA1C0F6010340F2EF
:105E3000A232FAF7C7FA207800F0F0001028C9D093
:105E400042F61A3042F63743C0F6010088A1C0F688
:105E5000010340F2A332FAF7B5FA60780428BCD007
:105E600042F61A3042F63743C0F6010088A1C0F668
:105E700001034FF46972FAF7A5FA60680028AFD100
:105E800042F61A3042F63743C0F6010089A1C0F647
:105E9000010340F2A532FAF795FA206A0028A2D150
:105EA00042F61A3042F6104142F63743C0F601007E
:105EB000C0F60101C0F6010340F2A632FAF782FAF9
:105EC000206A90E7387D082898D8012101FA00F06F
:105ED00010F4B07F92D038460021002504F028FF4E
:105EE0003E4616F8140F012805D13846002104F06B
:105EF000C3FD67E00125BAF1000F49D1B9F1000FE8
:105F000051D1002D55D0384651464A4609F00EF978
:105F10000125216A421C5CD1487A0246002818BF3C
:105F200001222A4360D0002800F08E8030780128BA
:105F30000CD142F61A3042F63743C0F6010062A196
:105F4000C0F6010340F24142FAF73CFAB9F1000F02
:105F500006D04AF2D511C0F60001384609F0B6F86D
:105F600049F64D01C0F600013846012207F0BCFB9E
:105F700043F29101C0F60001384606F07FF838463A
:105F8000214604F0D5FEFF2040B2BDE8F08700BFF7
:105F90003846002108F0F4FB3846002104F06CFD7F
:105FA000B9F1000FADD03846002109F08FF8002D6F
:105FB000A9D138460021002207F096FB384600217F
:105FC00006F05CF8384605F0A7F90025216A421C66
:105FD000A2D00A68087102F10C07002121626170E9
:105FE00040BB6DB114E000BF384604F041FD206AAB
:105FF000016801F10C0700210171216261703DB956
:10600000636A002060601BB120460421002298478B
:10601000BAF1000F05D0636A1BB1204600210022AF
:106020009847B9F1000F05D0636A1BB120460221E1
:1060300000229847B8F1000F02D0384604F01CFA4D
:10604000002040B2BDE8F087086800F10C07FF208F
:106050000871002020626070B8F1000FEDD1EFE709
:10606000696E76616C696420636F6E6E000000007B
:106070007468697320697320666F7220746370207E
:106080006E6574636F6E6E73206F6E6C79000000C6
:10609000636F6E6E206D75737420626520696E206B
:1060A0007374617465204E4554434F4E4E5F434CAC
:1060B0004F53450070636220616C726561647920A2
:1060C000636C6F7365640000436C6F73696E672067
:1060D00061206C697374656E20706362206D6179F4
:1060E000206E6F74206661696C210000B0B5016894
:1060F00004464D6875B1087800F0F00010280DD006
:10610000202813D1A168A28928460AF0EFFC20714B
:10611000B0BD00BFF1202071B0BD00BF4878A8B16C
:10612000032814BFF620F7202071B0BD42F61A30C4
:1061300042F63743C0F6010035A1C0F6010340F234
:106140007F52FAF73FF9FA202071B0BD284604F0DB
:10615000EFFD49F62571C0F60001284608F010FB56
:106160004AF2D511C0F60001284608F0AFFF49F603
:106170004D01C0F600012846022207F0B5FA43F2AD
:106180009101C0F60001284605F078FF2068A1685B
:106190004068A28946F22923C0F6000305F060FAA0
:1061A0000028B4D120680322017F42708B0729D4D4
:1061B00040F2E82501F0FB01C2F20005017704621C
:1061C000284604F02DF9206800210C3004F088F8EE
:1061D000284604F00DF920684078032818BFB0BDA8
:1061E00042F61A3042F6B63142F63743C0F60100A5
:1061F000C0F60101C0F6010340F27452BDE8B040A0
:10620000FAF7E0B841F004010177FB202071B0BD3E
:10621000496E76616C6964206E6574636F6E6E2082
:10622000747970650000000070B5C8B1044640780C
:10623000164603280CD042F61A3042F63743C0F611
:1062400001003EA1C0F6010340F22352FAF7BAF86A
:10625000206A48B10168067101F10C05CEB13FE03A
:10626000FA2040B270BD00BF207F40070FD442F635
:106270001A3042F63743C0F6010038A1C0F60103D8
:1062800040F22552FAF79EF8206A0028E2D1002554
:1062900036BB207800F0F000102821D16668214636
:1062A000304604F045FD49F62571C0F60001304640
:1062B00008F066FA4AF2D511C0F60001304608F03F
:1062C00005FF49F64D01C0F600013046022207F0F5
:1062D0000BFA43F29101C0F60001304605F0CEFE04
:1062E000207F002D00F00406294618BF0121002E52
:1062F000B5FA85F218BF510900F0FB00207761B9AB
:1063000042F61A3042F63743C0F6010023A1C0F628
:10631000010340F23252FAF755F8636A0020206216
:1063200060701BB1204602210022984716B928460A
:1063300004F0A2F8002040B270BD00BF636F6E6E23
:106340002D3E7374617465203D3D204E4554434F8E
:106350004E4E5F434F4E4E454354000028636F6ED0
:106360006E2D3E63757272656E745F6D736720216A
:106370003D204E554C4C29207C7C20636F6E6E2D49
:106380003E696E5F6E6F6E5F626C6F636B696E67A6
:106390005F636F6E6E65637400000000626C6F6314
:1063A0006B696E6720636F6E6E65637420737461D2
:1063B0007465206572726F7200000000B0B504460B
:1063C0000068457825B3007800F0F00010280CD064
:1063D00042F61A3042F63743C0F601004DA1C0F62E
:1063E000010340F25F42F9F7EDFF032D04D0022DC7
:1063F00006D120680CE000BF2068017F490707D460
:10640000FB20207120680C30BDE8B04004F038B8A3
:106410000021217101F00AFC2068416879B10278FD
:1064200002F0F002102A1DD0202A05D10022CA61F4
:1064300040680AF017FE2068002141602068436A26
:10644000002BDFD00021002298472068436A002BF0
:10645000D8D002210022984720680C30BDE8B04017
:1064600004F00EB8016A81B142F61A3042F6694171
:1064700042F63743C0F60100C0F60101C0F6010341
:1064800040F29442F9F79EFF2068042141700321F5
:10649000217200210462FFF793FC002808BFB0BD01
:1064A0002068407804280FD042F61A3042F6B63100
:1064B00042F63743C0F60100C0F60101C0F6010301
:1064C00040F29A42F9F77EFF40F2E825C2F2000559
:1064D000284603F0A5FF206800210C3003F000FFE0
:1064E000284603F085FF2068407888B142F61A30CC
:1064F00042F6B63142F63743C0F60100C0F601015C
:10650000C0F6010340F29E42BDE8B040F9F75ABF21
:10651000B0BD00BF6E6574636F6E6E20737461747E
:1065200065206572726F7200B0B504460021006884
:106530002171416801B1B0BD007800F0F000102871
:1065400016D0202844D100200AF05AFD2168486066
:1065500022685068A0B31178222902D10121017468
:1065600050684AF29901C0F600010AF05DFD27E08B
:10657000002006F0BDFB2168486021684D68FDB130
:10658000284604F0D5FB49F62571C0F600012846DF
:1065900008F0F6F84AF2D511C0F60001284608F0D6
:1065A00095FD49F64D01C0F600012846022207F08C
:1065B0009BF843F29101C0F60001284605F05EFD0C
:1065C00020684068002818BFB0BDFF202071B0BD12
:1065D000FA202071B0BD0000F0B581B00446002162
:1065E00000682171416899B1007800F0F00010282E
:1065F0000ED1A6684FF6FF7720684FF6FF7540680A
:10660000BE4238BF3546294608F028F9761BF3D13B
:1066100001B0F0BDB0B50446006801F085FB50B98B
:106620002068017801F0F001102903D1417829B1E7
:10663000FB2000E0FA202071B0BD00BF41680029B6
:1066400064D0016A0122427079B142F61A3042F6F2
:10665000694142F63743C0F60100C0F60101C0F6B9
:10666000010340F22372F9F7ADFE606960B942F6AA
:106670001A3042F63743C0F6010025A1C0F60103E7
:1066800040F22472F9F79EFE20680021046200F0B7
:1066900049F80028D0D02068407801280FD042F671
:1066A0001A3042F6B63142F63743C0F60100C0F662
:1066B0000101C0F601034FF4E562F9F783FE40F2F1
:1066C000E825C2F20005284603F0AAFE2068002152
:1066D0000C3003F005FE284603F08AFE206840785F
:1066E000012818BFB0BD42F61A3042F6B63142F664
:1066F0003743C0F60100C0F60101C0F6010340F2C5
:106700002C72BDE8B040F9F75DBE00BFF52092E7FE
:106710006D73672D3E6D73672E772E6C656E20212D
:106720003D2030002DE9F04F83B0824600280191D2
:1067300000F0CA809AF80100012840F0DA80DAF807
:106740002000002800F0E780DAF80400002800F0BC
:10675000F780DAF82000D0E905128A4280F004813F
:106760008189002900F013819AF81C1090F81C8090
:1067700001F0020008F004010918B1FA81F04FEAB3
:1067800050104FF6FF7618BF01210091029004E0EF
:10679000002C4FF6FF7600F00D81DAF82000DAF8D1
:1067A00004208368D0F81090D3E900E10023A1EB26
:1067B000090448F0020BB3EB144F18BFD846B2F8E7
:1067C0006420B4424FF6FF754FF0000338BF2546F2
:1067D000AA4228BF0123029FD44647EA03075B462B
:1067E0002CBF434615465FB3984619FA85F0E2463A
:1067F000884211D942F61A3042F6BD3142F637438B
:10680000C0F60100C0F6010140F2A462C0F6010327
:106810007746F9F7D7FDBE46ADB2B54203D10020A9
:10682000B0EB144F08D1A0B2A84213D1DAF820007F
:10683000808902280ED300BF0124D8460BE000BF98
:10684000002A00F0CF80154619FA85F0E24688420A
:10685000D0D8E1E70024DAF804000EEB09015FFA72
:1068600088F32A4609F006FA10BBDAF8200081699D
:1068700029448161DAF82000016929440161DAF8CC
:1068800020008168026949688A427FF481AF81896A
:1068900001398181DAF82000818900293FF478AF3D
:1068A000816808318160DAF82000002101616FE71A
:1068B00006460130C0B2012800F2B080FF260098E1
:1068C00000287AD198E000BF42F61A3042F62A41F9
:1068D00042F63743C0F60100C0F60101C0F60103DD
:1068E00040F27362F9F76EFD9AF8010001283FF457
:1068F00026AF42F61A3042F63743C0F601006DA1CA
:10690000C0F6010340F27462F9F75CFDDAF820008A
:1069100000287FF419AF42F61A3042F6104142F6D1
:106920003743C0F60100C0F60101C0F6010340F292
:106930007562F9F747FDDAF8040000287FF409AF23
:1069400042F61A3042F63743C0F6010061A1C0F6A4
:10695000010340F27662F9F735FDDAF82000D0E95C
:1069600005128A42FFF4FCAE42F61A3042F6374373
:10697000C0F601005DA1C0F601034FF4CF62F9F744
:1069800021FDDAF82000818900297FF4EDAE42F67E
:106990001A3042F6E83142F63743C0F60100C0F63D
:1069A0000101C0F6010340F27962F9F70BFDDAF854
:1069B0002000D9E600260098F0B1DAF820008169BD
:1069C0004069814218D2DAF824301BB150460321C5
:1069D000002298479AF81C0040F010008AF81C002A
:1069E0001CE000BF81690026002908BF6FF0060681
:1069F000E24640698142E6D3DAF80400B0F8641058
:106A0000B1F5866F03D3B0F86600052806D3DAF82F
:106A100024301BB15046032100229847F0B2FF28D2
:106A20000CD068BBDAF82010DAF80400D1E905458B
:106A300006F0D2F904301BD1FC2621E0DAF804007C
:106A400006F0CAF906460430B0FA80F002994FEA1F
:106A5000501041EA000118BF4FF0FF3679B9DAF85B
:106A6000200000268069002808BF6FF0060607E0B6
:106A7000281BB0FA80F0009940090843002698B11D
:106A8000DAF82000019A016806710020CAF8200097
:106A90008AF8010022B101F10C0003F0EDFC0020A6
:106AA00040B203B0BDE8F08FFF2040B203B0BDE8B4
:106AB000F08F00BF636F6E6E2D3E7374617465203E
:106AC0003D3D204E4554434F4E4E5F57524954452D
:106AD00000000000636F6E6E2D3E7063622E746363
:106AE0007020213D204E554C4C000000636F6E6EAF
:106AF0002D3E63757272656E745F6D73672D3E6DAA
:106B000073672E772E6F6666736574203C20636F03
:106B10006E6E2D3E63757272656E745F6D73672D58
:106B20003E6D73672E772E6C656E0000B0B50C4617
:106B30000546B9B142F6F420C0F60100854223D0E3
:106B400042F6F620C0F60100854221D042F6F5203B
:106B5000C0F6010085421CBF0020B0BDF1202070AE
:106B60000120B0BD42F61A3042F63743C0F60100AC
:106B700009A1C0F601038522F9F724FC42F6F420AE
:106B8000C0F601008542DBD1F32020700120B0BDAA
:106B9000F22020700120B0BD65727220213D204E90
:106BA000554C4C0082B0FBF7C3F8FCF7F1F8FBF74B
:106BB0005FFFFCF763F803200121002201250AF0A2
:106BC00037FF40F27411C2F2000108614AF22560F9
:106BD00001F11C04C0F6000007A14FF480620023FD
:106BE000009501940BF07AFC0AF036FDFBF718FFD4
:106BF00001F0F6FEFEE700BF455448206578616D60
:106C0000706C6500F0B581B070B1054680070DD09D
:106C100042F61A3042F6A553C0F601007FA1C0F635
:106C2000010340F27322A2E001B0F0BD40F2F4276C
:106C3000C2F200073868A5F108068642C0F08C80D1
:106C4000786805F10C01814200F2868007F10C049E
:106C5000204603F0CDFB15F8040C002800F0A080BE
:106C600035F8082CB2F5205F00F28A8035F8061C52
:106C7000B1F5205F00F284803868331A9BB29942E4
:106C800002D0415A99427BD1796802448A4202D0AB
:106C900052889A4274D1BA680023964205F8043C9F
:106CA00038BFBE60B04200F29580B14240F2A3808E
:106CB00015F8040C60B142F61A3042F6A553C0F63E
:106CC00001006CA1C0F6010340F2E112F9F77AFB72
:106CD0003188B1F5205F10D942F61A3042F67B5167
:106CE00042F6A553C0F60100C0F60101C0F601034B
:106CF0004FF4F272F9F766FB318838684218B242F5
:106D000011D013797BB97B689A420CD0B968914253
:106D100008BFBE60118831801288B2F5205F1EBFA7
:106D2000331A0244538035F8062C8318B3420CD032
:106D30001D7955B9BD68B54208BFBB60198031885F
:106D4000B1F5205F1CBF08444280204601B0BDE879
:106D5000F04003F065BB00BF42F61A3042F6A5537F
:106D6000C0F601004AA1C0F6010340F27F22F9F704
:106D700029FB03F0A9FA01B0BDE8F04003F0CEBA58
:106D800042F61A3042F6D45142F6A553C0F601003D
:106D9000C0F60101C0F6010340F295220EE000BFEB
:106DA00042F61A3042F6066142F6A553C0F60100DB
:106DB000C0F60101C0F601034FF42372F9F702FB9C
:106DC000204603F02DFB03F07FFA01B0BDE8F04050
:106DD00003F0A4BA42F61A3042F6A553C0F60100F9
:106DE00017A1C0F6010340F2DF12F9F7EBFA796858
:106DF000B1423FF65DAF42F61A3042F6A553C0F6F7
:106E0000010015A1C0F601034FF4F072F9F7DAFAA8
:106E100015F8040C00287FF44EAF59E76D656D5FDF
:106E2000667265653A2073616E697479206368657E
:106E3000636B20616C69676E6D656E7400000000A5
:106E4000706C75675F686F6C65733A206D656D2057
:106E50003E3D2072616D0000706C75675F686F6CFD
:106E600065733A206D656D203C2072616D5F656EC3
:106E700064000000706C75675F686F6C65733A2022
:106E80006D656D2D3E75736564203D3D20300000BD
:106E90006D656D5F667265653A20696C6C656761EA
:106EA0006C206D656D6F72790000000080B548F24E
:106EB000BC20C2F20000033020F0030040F2F421B5
:106EC0000023C2F200014FF42052037100F5205359
:106ED000086002604B6042F6040C012300F80C309D
:106EE0004FF028238350886001F10C0003F086FAEC
:106EF000002808BF80BD42F61A3042F6A553C0F6FE
:106F0000010004A1C0F6010340F21F22BDE8804049
:106F1000F9F758BA6661696C656420746F20637212
:106F200065617465206D656D5F6D757465780000D1
:106F30002DE9F04F81B0002800F088800146033031
:106F400082B220F003060C2A38BF0C261FFA86FBFB
:106F5000BBF5205F4FF0000018D88B4516D340F2E8
:106F6000F428C2F2000808F10C0A504603F040FA77
:106F7000D8F80000D8F80810CBF52052091A8BB2C7
:106F80009A420AD8504603F04BFA002001B0BDE8FF
:106F9000F08F00BF8A420B46F4D9C7183C79C55A16
:106FA0001CB90833EC1A5C4554D2AA42EAD94719F5
:106FB0003B79415B23B905F10803CC1A5C4516D235
:106FC0008A42DFD947183B79455A23B901F10803B2
:106FD000EC1A5C453ED2AA42D4D947193B79415BB1
:106FE000002BD7D105F10803CC1A5C45D2D3A946B2
:106FF0000D460BF114018C4231D3F418A6B2B6F54C
:10700000205F12D142F61A3042F62C6142F6A553A7
:10701000C0F60100C0F60101C0F6010340F287325C
:10702000F9F7D0F9D8F800003D8810FA84F1002271
:1070300085533C800A71A1F80290815B0122B1F571
:10704000205F3A711CBF01444C800AE0002001B06F
:10705000BDE8F08F89460BF114018C42CDD201219D
:107060003971D8F808108F4238D1D8F804108F42FF
:1070700020D03A46128802441379002B18BF8A4266
:1070800014D0128802441379002B18BF8A420DD005
:10709000128802441379002B18BF8A4206D0128846
:1070A00002441379002B18BF8A42E3D1B3FA83F06C
:1070B000400901E000203A468A42C8F808200DD075
:1070C00060B942F61A3042F6A553C0F601001FA17E
:1070D000C0F6010340F2B532F9F774F9504603F0F7
:1070E0009FF90BEB0700D8F80410083088420CD940
:1070F00042F61A3042F6A553C0F601001AA1C0F6B6
:10710000010340F2BA32F9F75DF9B80718D042F638
:107110001A3442F6A555C0F6010442F64C51C0F6A9
:107120000105C0F6010120464FF46F722B46F9F7B6
:1071300049F919A1204640F2BE322B46F9F742F92F
:1071400007F1080001B0BDE8F08F00BF6D656D5F0D
:107150006D616C6C6F633A20216C667265652D3EC3
:1071600075736564000000006D656D5F6D616C6C2A
:107170006F633A20616C6C6F6361746564206D6548
:107180006D6F7279206E6F742061626F7665207208
:10719000616D5F656E642E006D656D5F6D616C6C19
:1071A0006F633A2073616E69747920636865636BFD
:1071B00020616C69676E6D656E7400002DE9F04F9B
:1071C00081B00446C81C82B220F003070C2A38BFE5
:1071D0000C27BEB2B6F5205F4FF0000000F2BE8073
:1071E0008E42C0F0BB8040F2F42AC2F2000ADAF804
:1071F0000000A04203D8DAF80410A1420ED842F6EB
:107200001A3042F6A553C0F6010056A1C0F601039C
:1072100040F2D222F9F7D6F8DAE90001A0421FD8ED
:10722000A1421DD9254635F8081DA5EB0009A1EBA3
:10723000090008381FFA80F8464517D942F61A3077
:1072400042F6A553C0F601004CA1C0F601034FF46D
:107250003972F9F7B7F8002001B0BDE8F08F00BF30
:1072600003F032F803F05AF801E000BF04D12046E1
:1072700001B0BDE8F08F00BF0AF10C00009003F0F0
:10728000B7F82988DAF8000000EB010B9BF804201E
:1072900082B306F1140242455CD807EB0902B1F54E
:1072A000205F02F1080611D142F61A3042F62C6135
:1072B00042F6A553C0F60100C0F60101C0F6010375
:1072C00040F21632F9F77EF8DAF80000DAF8081022
:1072D00010FA86F28A4238BFCAF8082029880023AB
:1072E00011802E8011881371B1F5205FA2F80290F1
:1072F0002ED12FE0B1F5205F0FD142F61A3042F6C1
:107300002C6142F6A553C0F60100C0F60101C0F69B
:10731000010340F2F522F9F755F807EB0900DAF816
:107320000820BBF8001000F10806DAF800005A4502
:10733000B2B204BF8318CAF8083081522E80815A35
:1073400083180027B1F5205F1F71A3F8029001D0C8
:1073500008444680009803F063F8204601B0BDE879
:10736000F08F00BF6D656D5F7472696D3A206C655A
:1073700067616C206D656D6F727900006D656D5F82
:107380007472696D2063616E206F6E6C7920736812
:1073900072696E6B206D656D6F727900B0B50D28E6
:1073A00026D20C46002908BFB0BD42F6C021C0F667
:1073B000010151F82050A0070FD042F61A3042F6D2
:1073C0007F6142F63D63C0F60100C0F60101C0F6E0
:1073D000010340F26D12F8F7F5FF02F075FFA9689E
:1073E0000A6822600C60BDE8B04002F097BF00BFA1
:1073F00042F61A3042F63D63C0F6010004A1C0F621
:1074000001034FF4D572BDE8B040F8F7DBBF00BF11
:107410006D656D705F667265653A20747970652080
:107420003C204D454D505F4D41580000B0B508B36C
:107430000C46002908BFB0BD0546A0070FD042F694
:107440001A3042F67F6142F63D63C0F60100C0F695
:107450000101C0F6010340F26D12F8F7B3FF02F02C
:1074600033FFA9680A6822600C60BDE8B04002F0F2
:1074700055BF00BF42F61A3042F66D6142F63D63D9
:10748000C0F60100C0F60101C0F6010340F29512FA
:10749000BDE8B040F8F796BF48F23F10C2F20000D6
:1074A000033020F0030202F120001346002143F8CC
:1074B000400F40F2043C1160126242F8603FC2F299
:1074C000000CCCF8002047F62D52C2F20002033225
:1074D00022F0030202F19C03C2F8383102F59C73DA
:1074E000C2F8D43102F5EA731160C2F89C20C2F8E8
:1074F000703202F51C72CCF8042047F64A42C2F200
:107500000002033222F0030202F11C03104640F88D
:10751000383F134643F8540F104640F8703F134667
:1075200043F88C0F104640F8A83F1160D26142F832
:10753000C40F48F23C00C2F200000330CCF808202F
:1075400020F0030202F11000134643F8200F10460A
:1075500040F8303F134643F8400F104640F8503F84
:10756000134643F8600F104640F8703F134643F847
:10757000800F104640F8903F134643F8A00F104686
:1075800040F8B03F134643F8C00F104640F8D03FD4
:10759000134643F8E00F43F2EB00C2F20000033061
:1075A0001160126142F8F03F20F00300CCF80C208B
:1075B00000F12002034643F8402F024642F8603FA4
:1075C0000160006240F8802FCCF8100040F2B470E7
:1075D000C2F20000033020F0030202F1180013464B
:1075E00043F8300F104640F8483F134643F8600F09
:1075F000104640F8783F134643F8900F104640F885
:10760000A83F134643F8C00F104640F8D83F134632
:1076100043F8F00F02F58470C2F8200102F5907073
:10762000C2F8380102F59C70C2F8500102F5A8704A
:107630001160CCF8140040F61F10C2F200000330B5
:1076400020F003009261C2F808310160006110303F
:10765000CCF8180040F64210C2F20000033020F0CF
:10766000030000F12802034643F8502F01608062B6
:1076700040F8783FCCF81C0047F64430C2F20000D6
:10768000033020F0030000F11002034643F8202FDE
:10769000024642F8303F034643F8402F024642F884
:1076A000503F034643F8602F0160006140F8703F8F
:1076B000CCF8200047F6C730C2F20000033020F0BB
:1076C000030000F11002034643F8202F024642F85F
:1076D000303F034643F8402F024642F8503F0346EE
:1076E00043F8602F0160006140F8703FCCF824003F
:1076F00047F61130C2F20000033020F0030000F121
:1077000010020160006140F8202FCCF8280042F6FA
:10771000E870C2F20000033020F0030202F1100012
:10772000134643F8200F104640F8303F134643F805
:10773000400F104640F8503F134643F8600F104684
:1077400040F8703F134643F8800F104640F8903FD2
:10775000134643F8A00F104640F8B03F134643F8D5
:10776000C00F104640F8D03F134643F8E00F40F6F4
:10777000E510C2F200001160126142F8F03F0330E0
:10778000CCF82C2020F0030202F51870C2F8C004D7
:1077900002F59860C2F8200702F5E460C2F880099B
:1077A00002F51860C2F8E00B02F53E601160C2F805
:1077B000400E02F564604FF48551505002F585503B
:1077C0004FF49851505002F598504FF4AB5150502F
:1077D00002F5AB504FF4BE51505002F5BE504FF47D
:1077E000D151505002F5D1504FF4E451505002F5B0
:1077F000E4504FF4F751505002F5F7504FF4055153
:10780000505002F5055042F2A03150505018C2F8C5
:107810006022CCF83000704770B5B0F802E08168A3
:107820000023BEF1000F0B603DD041680688033194
:10783000AEF1010221F00303032A0EF0030C1AD368
:107840002EF0030281689D190C68043A1C600B60DD
:1078500081680C689C510D60816805EB06040B681B
:10786000AB510C60816804EB06050B68A35105EB76
:1078700006030D60E6D1BCF1000F14D08168BCF1A5
:10788000010F0A681A600B600DD081689A190D68A3
:10789000BCF1020F9D510A6008BF70BD806893194A
:1078A00001689151036070BDB0B50D2824D242F635
:1078B000C021C0F6010151F8204002F005FDA16889
:1078C00005460C689CB12068A20708600FD042F6FC
:1078D0001A3042F69F6142F63D63C0F60100C0F6E1
:1078E0000101C0F6010340F21912F8F76BFD2846BA
:1078F00002F014FD2046B0BD42F61A3042F63D6358
:10790000C0F6010004A1C0F6010340F25712F8F7D7
:1079100059FD0020B0BD00BF6D656D705F6D616C7D
:107920006C6F633A2074797065203C204D454D5052
:107930005F4D415800000000B0B5F8B1044602F0B8
:10794000C3FCA16805460C689CB12068A2070860CA
:107950000FD042F61A3042F69F6142F63D63C0F600
:107960000100C0F60101C0F6010340F21912F8F758
:1079700029FD284602F0D2FC2046B0BD42F61A305E
:1079800042F66D6142F63D63C0F60100C0F60101AA
:10799000C0F601034FF49E72F8F714FD0020B0BD4D
:1079A000002808BF704710B50446006820B101F0F8
:1079B00009FD0020C4E9000006202146BDE8104072
:1079C000FFF7ECBC80B548B14168096891B10A681D
:1079D0004160B2FA82F0400940B280BD42F61A30EE
:1079E00042F6C043C0F6010004A1C0F60103E02244
:1079F000F8F7E8FCFF2040B280BD00BF6E657462FE
:107A000075665F6E6578743A20696E76616C69643C
:107A10002062756600000000F0B581B006460720C0
:107A20000D46FFF741FF044600284FF000001BD031
:107A300006F0F001102920722670606001D0202924
:107A400016D104F110063046062102F0A7FCE0B979
:107A500004F10C000021002702F0ECFCF0B13046EC
:107A600002F092FC11E000BF0024204601B0F0BDFE
:107A700042F61A3042F63743C0F601000EA1C0F6B6
:107A8000010340F2E522F8F79DFC07202146FFF7AD
:107A900085FC0024204601B0F0BD00BF04F11400B5
:107AA00002F092FC4FF0FF306770A061C4E90875E6
:107AB0002777204601B0F0BD6E6574636F6E6E5F10
:107AC000616C6C6F633A20756E646566696E65649F
:107AD000206E6574636F6E6E5F7479706500000070
:107AE00080B588B0D0B142F6FC13C0F6010300297E
:107AF00018BF0B460090ADF80C2000F10C0245F6C3
:107B00009540C0F600006946029308F0F5FD002894
:107B100008BF9DF8040040B208B080BD42F61A309C
:107B200042F64233C0F6010005A1C0F601034FF44E
:107B30009C72F8F747FCF02040B208B080BD00BF4F
:107B40006E6574636F6E6E5F62696E643A20696E13
:107B500076616C696420636F6E6E000080B588B0DA
:107B6000D0B142F6FC13C0F60103002918BF0B4642
:107B70000090ADF80C2000F10C0246F2ED00C0F6CA
:107B800000006946029308F0B7FD002808BF9DF881
:107B9000040040B208B080BD42F61A3042F64233CB
:107BA000C0F6010005A1C0F601034FF4BF72F8F75B
:107BB00009FCF02040B208B080BD00BF6E65746360
:107BC0006F6E6E5F636F6E6E6563743A20696E767A
:107BD000616C696420636F6E6E00000010B588B040
:107BE000C0B10446009029208DF8090046F2BD304E
:107BF00004F10C02C0F60000694608F07DFD9DF816
:107C00000410002818BF0146080607D048B208B083
:107C100010BD00BF002148B208B010BD204600F0E2
:107C200091F8002148B208B010BD00002DE9F047DE
:107C300082B000F110050446284602F0D3FB88B359
:107C400001A9284602F02CFB013025D042F6F52789
:107C500042F6F42842F6F629C0F60107C0F60108FC
:107C6000C0F6010901AE07E0FFF79AFE284631464B
:107C700002F016FB01300FD0207800F0F0010198DF
:107C80001029F1D1B84218BF4045EFD04845EDD09A
:107C900001F098FBEAE700BF284602F075FB284692
:107CA00002F092FB1434204602F09CFBC0B301A901
:107CB000204602F0F5FA01302CD042F6F52742F6C4
:107CC000F42842F6F629C0F6010701ADC0F6010816
:107CD000C0F601094FF0000A09E000BF304600F08D
:107CE00031F82046294602F0DBFA013012D0019E1D
:107CF000BE4218BF4645F4D04E45F2D03046FFF79D
:107D000095FF70680028E9D002F0B2FEC6F804A022
:107D1000E4E700BF204602F037FB204602F054FBA8
:107D200002B0BDE8F087000070B54FF0000538B133
:107D3000044602F0C9FA267A257202F0EFFA3546B7
:107D400068B270BDB0B50446406860B142F61A3002
:107D500042F63743C0F601001DA1C0F601034FF4FF
:107D60004772F8F72FFB04F1100002F03BFB60B103
:107D700042F61A3042F63743C0F6010020A1C0F6A1
:107D800001034FF44972F8F71DFB04F1140002F0EF
:107D900029FB78B142F61A3042F6844142F6374365
:107DA000C0F60100C0F60101C0F6010340F227321F
:107DB000F8F708FB04F10C05284602F037FB2846CB
:107DC00002F056FB07202146BDE8B040FFF7E6BAB7
:107DD000504342206D757374206265206465616C48
:107DE0006C6F6361746564206F757473696465207A
:107DF000746869732066756E6374696F6E00000045
:107E0000726563766D626F78206D7573742062653C
:107E1000206465616C6C6F63617465642062656683
:107E20006F72652063616C6C696E6720746869733A
:107E30002066756E6374696F6E00000070B588B05F
:107E40000D461146FFF7E8FD002861D004468DF885
:107E50000850009000F10C0546F22950C0F60000D1
:107E600069462A4608F048FC9DF80410C0B2084351
:107E70004BD0606858B142F61A3042F64233C0F631
:107E8000010025A1C0F60103A322F8F79BFA04F133
:107E90001006304602F0A6FA58B942F61A3042F6F9
:107EA0004233C0F6010025A1C0F60103A422F8F771
:107EB00089FA04F1140002F095FA58B142F61A302A
:107EC00042F64233C0F6010022A1C0F60103A62209
:107ED000F8F778FA284602F0D3FA58B942F61A3081
:107EE00042F64233C0F6010023A1C0F60103A922E5
:107EF000F8F768FA284602F099FA304602F044FA98
:107F000007202146FFF74AFA0024204608B070BD3A
:107F10000024204608B070BD66726565696E6720F2
:107F2000636F6E6E20776974686F75742066726512
:107F300065696E672070636200000000636F6E6E9B
:107F400020686173206E6F20726563766D626F7852
:107F500000000000636F6E6E2D3E61636365707498
:107F60006D626F782073686F756C646E277420651E
:107F70007869737400000000636F6E6E206861732F
:107F8000206E6F206F705F636F6D706C65746564D9
:107F90000000000070B582B0F1B106460C4600202A
:107FA00008604EB3307800F0F000102836D1002081
:107FB00001900620FFF778FCC0B3054601A93046C2
:107FC000002200F00BF9A8B3064606202946FFF769
:107FD000E5F970B202B070BD42F61A3042F698313F
:107FE00042F64233C0F60100C0F60101C0F60103BB
:107FF00040F263320BE000BF42F61A3042F64233E1
:10800000C0F601001BA1C0F6010340F26532F8F78B
:10801000D9F9F02670B202B070BD00BF30462146DB
:10802000002202B0BDE8704000F032B8FF2670B206
:1080300002B070BD019868B942F61A3042F6423378
:10804000C0F6010008A1C0F6010340F27932F8F74A
:10805000B9F901982860019800266860AE81AE6089
:10806000256070B202B070BD7020213D204E554C8D
:108070004C0000006E6574636F6E6E5F72656376B0
:108080003A20696E76616C696420636F6E6E0000E1
:10809000F0B583B004460020029069B304F11006E5
:1080A0000860304617460D4602F09CF9C0B37807C9
:1080B00006D4207F10F0020108BF10F0010053D059
:1080C00002A9304602F0ECF8013039D0207800F0F7
:1080D000F000102855D102980DF10701FEF726FD9A
:1080E00000286FD09DF80700B0F1F10518BF0546D4
:1080F00068B203B0F0BD00BF42F61A3042F69831C4
:1081000042F64233C0F60100C0F60101C0F6010399
:108110004FF41272F8F756F9F02568B203B0F0BDCB
:10812000002C4BD002F0D0F8257A0021217202F009
:10813000F5F8280608BFF52568B203B0F0BD00BF0A
:1081400002F0C2F8257A0021217202F0E7F8002D32
:10815000CED1207F6FF00A05C00708BF6FF006057B
:1081600068B203B0F0BD00BF207A0028A8D102A9F0
:108170003046002202F070F8207800F0F00010285D
:10818000A9D0029868B942F61A3042F64233C0F6D6
:1081900001000FA1C0F6010340F29122F8F712F995
:1081A000029801680A89636A1BB120460121984739
:1081B00002982860002568B203B0F0BDF52568B2CA
:1081C00003B0F0BD02980289636A002BEDD1F0E79D
:1081D00062756620213D204E554C4C00F0B591B0A3
:1081E0000446103015460F4602F0FCF870B194F9C1
:1081F0001C00B0F1FF3F0DDD204639462A46FFF74F
:1082000047FF064620B370B211B0F0BDF52670B23C
:1082100011B0F0BD00F07F002077636A1BB12046EB
:10822000012100229847606870B342F60110ADF852
:108230002C0045F6CD4004F10C02C0F6000009A95F
:10824000099408F059FAF12670B211B0F0BD00BFE0
:108250003E68280713D4002E14BF308901202178EE
:1082600001F0F00110291DD1039046F2D95004F11C
:108270000C02C0F6000001A9019408F03DFA1EB3FB
:10828000002670B211B0F0BD02F01EF8267A00216F
:10829000217202F043F8002E08BF6FF00D0670B295
:1082A00011B0F0BD42F61A3042F6743142F6423354
:1082B000C0F60100C0F60101C0F601034FF42A72B6
:1082C000F8F780F8002EDBD1E806A6D5207FF92646
:1082D00040F08000207770B211B0F0BD80B584B05E
:1082E000DDF818C0CDE9021202A90122CDF800C0C4
:1082F00000F002F804B080BD2DE9F04788B0C8B1A5
:10830000077807F0F007102F26D1077FDDF84080AF
:1083100007F0020703F00406B8F1000F07EB0609A7
:108320002CD1B9F1000F29D0FA2040B208B0BDE835
:10833000F08700BF42F61A3042F64233C0F6010021
:108340005BA1C0F6010340F2EE32F8F73BF8F020F3
:1083500040B208B0BDE8F08742F61A3042F6423328
:10836000C0F6010040A1C0F6010340F2EF32F8F779
:1083700029F8FA2040B208B0BDE8F08792B3C2F104
:10838000000CA2F1010E4FF0000A002401EBCA0715
:108390007D68641920D2D64512D0FE68A4191BD27C
:1083A0000CEB0A06B51C0BD07D69641914D2F51CC0
:1083B00006D0FD6964190FD20AF1040A5245E5D1CD
:1083C00084B1B4F1FF3F2746D8BF6FF00047B8F142
:1083D000000F0DD1002C0BD5FA2040B208B0BDE83B
:1083E000F08700BF002040B208B0BDE8F08700BFB2
:1083F00000900291ADF80C20002100F10C0246F231
:1084000015600491CDE90571C0F6000069468DF84C
:108410001C3008F071F900287FF487AF9DF8040044
:1084200000287FF482AF0699B8F1000F18BFC8F892
:108430000010B9F1000F4FF000007FF476AFB942A1
:108440003FF473AF42F61A3042F64233C0F60100F1
:108450000EA1C0F601034FF48662F7F7B3FF0020C8
:1084600040B208B0BDE8F0876E6574636F6E6E5FF2
:1084700077726974653A20696E76616C696420630D
:108480006F6E6E2D3E74797065000000646F5F77CB
:1084900072697465206661696C656420746F207709
:1084A0007269746520616C6C206279746573000078
:1084B0006E6574636F6E6E5F77726974653A20697A
:1084C0006E76616C696420636F6E6E002DE9F04F0B
:1084D00081B0A8B30B9E002E3ED00A9F42F6FC1539
:1084E000002940F238390446C0F6010508BF294684
:1084F000002A48F20570C2F20009DDF830C008BF5A
:108500002A46002B08BF2B46C0F60000276299F8C8
:108510000070002560612046A58484F82D50E56137
:1085200084F83070C4E90155C4E9035C00F0EEF84A
:108530002046B04710B3284601B0BDE8F08F00BF19
:1085400042F61A3042F6C263C0F601004FA1C0F6EF
:10855000010340F227120AE042F61A3042F6C263E3
:10856000C0F6010040A1C0F601034FF49472F7F782
:1085700029FF0025284601B0BDE8F08F94F83000AF
:1085800042F61A3B42F6C267C0F6010B0FF294089E
:10859000C0F601070FF2A00AC1B2FF2904BF0020F4
:1085A00084F83000D9F8046066B30025A64209D0EB
:1085B000FF2D10D296F8301094F83000814217D178
:1085C0001CE000BF5846414640F28B123B46F7F78D
:1085D000F9FEFF2DEED35846514640F28D123B4630
:1085E000F7F7F0FE96F8301094F83000814205D08D
:1085F00036680135002ED9D104E000BF481C84F84C
:108600003000C9E7C1B2FE3918BF411CD9F80400D7
:10861000254689F800102060C9F80440284601B0BA
:10862000BDE8F08F6E6574696620616C7265616487
:108630007920616464656400746F6F206D616E7988
:10864000206E65746966732C206D61782E207375B9
:1086500070706F72746564206E756D6265722069EA
:1086600073203235350000006E657469665F6164A1
:10867000643A204E6F20696E69742066756E63746B
:10868000696F6E20676976656E0000006E657469BB
:10869000665F6164643A20696E76616C6964206E1D
:1086A000657469660000000040B3014640F238304E
:1086B000C2F20000043000BF0068F8B190F830202A
:1086C0000132D2B28A4218D00068B8B190F8302096
:1086D0000132D2B28A4210D0006878B190F83020CE
:1086E0000132D2B28A4208BF7047006830B190F8B8
:1086F00030200132D2B28A42DED17047002070476A
:10870000704700006FF00B00704700002DE9F04744
:1087100084B00D46174642F6FC11002DC0F601014B
:1087200008BF0D46002A08BF0F462A681E46002BC8
:1087300008BF0E4604466AB33868A168814218BF74
:10874000A0603068E1682646814218BFE060286872
:1087500056F8041F884219D001AF0DF10C080390A0
:1087600001913846414604F073FA3846414608F014
:1087700009FC94F82D00296800F00502052A6160C3
:1087800004D1002918BF10F0080035D104B0BDE8AD
:10879000F08700BFA04658F8040FF8B100210DF192
:1087A00004090DF1080ACDE901014846514604F0DB
:1087B0004FFA4846514608F0E5FB94F82D00296829
:1087C00000F00502052A616008D1002918BF10F0E9
:1087D000080003D020464146FBF7C8FD3868A16871
:1087E000814218BFA0603068E1688142CED0E0606D
:1087F00004B0BDE8F08700BF20463146FBF7B6FD68
:1088000004B0BDE8F087000040F23831C2F2000148
:108810008860704770B190F82D10CA0708BF704784
:1088200001F0FE02090780F82D2048BFFAF712BDBB
:10883000704700BF42F61A3042F6C263C0F601002C
:1088400003A1C0F6010340F29B32F7F7BBBD00BFA6
:108850006E657469665F7365745F646F776E3A20E6
:10886000696E76616C6964206E65746966000000EB
:10887000002818BFC161704760B190F82D104A07F9
:1088800058BF7047C26901F0FB0180F82D107AB122
:10889000104700BF42F61A3042F6C263C0F601002C
:1088A00004A1C0F6010340F20642F7F78BBD00BFFA
:1088B000704700BF6E657469665F7365745F6C694D
:1088C0006E6B5F646F776E3A20696E76616C696477
:1088D000206E65746966000010B5D8B1044690F842
:1088E0002D00410748BF10BD40F0040000F0050115
:1088F000052984F82D0007D1214651F8042F002ABC
:1089000018BF10F0080015D1E169C9B12046BDE8D3
:108910001040084742F61A3042F6C263C0F6010022
:1089200008A1C0F601034FF47872BDE81040F7F7D4
:1089300049BD00BF2046FBF719FDE1690029E5D1DB
:1089400010BD00BF6E657469665F7365745F6C69A6
:108950006E6B5F75703A20696E76616C6964206E2B
:108960006574696600000000B0B190F82D10CA0768
:1089700018BF704741F0010202F00501052980F897
:108980002D2008D1014651F8043F002B1CBF12F0E6
:108990000802FBF7EBBC704742F61A3042F6C2639E
:1089A000C0F6010003A1C0F601034FF45472F7F7BB
:1089B00009BD00BF6E657469665F7365745F75702D
:1089C0003A20696E76616C6964206E657469660030
:1089D00080B5002808BF012008F068FD002080BD98
:1089E00080B508F039FE002080BD0000EFF305805F
:1089F000002808BF09F0EEBD09F0F2BD80B582B0D5
:108A000082686AB1C3685BB1D0E900C14FF0000E63
:108A10006046CDF800E009F04BF802B080BD00BF21
:108A2000D0E900211046002202B0BDE8804008F0E5
:108A3000FFBF0000EFF3058100291CBF82207047B3
:108A400080B508F0DFFC002080BD0000B0B582B02A
:108A500004460020234643F8040F5960F1B1019009
:108A6000EFF30580F0B101AA0846194609F084FB2E
:108A700001380199B0FA80F040094FEA00102060F7
:108A800009B34EF60450CEF200004FF08051016061
:108A9000BFF34F8FBFF36F8F02B0B0BD8020206057
:108AA00002B0B0BD08461946154609F093FA0128F0
:108AB00004D11020206002B0B0BD00BF002D18BF4F
:108AC0000125A801206002B0B0BD000080B582B0D1
:108AD000019100210091EFF30581A9B101A96A4636
:108AE000002309F067F901281AD10098A8B14EF6C1
:108AF0000450CEF200004FF080510160BFF34F8F61
:108B0000BFF36F8F09E000BF01A90023002A08BF4F
:108B1000012209F039F8012802D1002002B080BDFD
:108B2000FF2002B080BD0000EFF30581002908BFDF
:108B300008F0EEBA08F000BB41680120002908BF28
:108B400008F0F2BE08F026BF80B582B00021019186
:108B5000EFF30581A1B101A909F0D8F9012819D1D4
:108B6000019850B14EF60450CEF200004FF0805103
:108B70000160BFF34F8FBFF36F8F002002B080BD45
:108B800000210022002308F0FFFF013818BFFF205A
:108B900002B080BDFF2002B080BD000080B582B071
:108BA00000220192B0B1EFF30582BAB101AA00210F
:108BB00009F0E2FA012819D1019898B14EF6045053
:108BC000CEF200004FF080510160BFF34F8FBFF332
:108BD0006F8F07E0802002B080BD00BF09F03EFB30
:108BE000012803D1002002B080BD00BFFF2002B0E9
:108BF00080BD0000B0B582B043685BB101291DD1D2
:108C00000325012000210022009508F051FF02B049
:108C1000B0BD00BF012911D1012000210322002491
:108C200008F006FF30B1002100220023054608F0BD
:108C3000ABFF2C46204602B0B0BD00BF002420464A
:108C400002B0B0BDEFF3058100291CBF8220704740
:108C500080B508F0D7FB002080BD000080B582B051
:108C600000210191EFF30581A1B101A909F04EF9AD
:108C7000012819D1019850B14EF60450CEF20000EF
:108C80004FF080510160BFF34F8FBFF36F8F002013
:108C900002B080BD00210022002308F075FF0138DA
:108CA00018BFFF2002B080BDFF2002B080BD0000D1
:108CB00080B582B000220192B0B1EFF30582BAB163
:108CC00001AA002109F058FA012819D1019898B198
:108CD0004EF60450CEF200004FF080510160BFF319
:108CE0004F8FBFF36F8F07E0802002B080BD00BFC1
:108CF00009F0B4FA012803D1002002B080BD00BF02
:108D0000FF2002B080BD0000B0B584B043698E463C
:108D100093B1846984B10589D0E9001C026928B245
:108D2000843D18BFC51CCDE90053604673460294CC
:108D300009F004FC04B0B0BD0589D0E90013028A33
:108D400028B2843D18BFC51C03AC18467346009575
:108D5000019409F0C3FB0399012818BF00210846BC
:108D600004B0B0BD80B5B8B10022B2EB114F23D131
:108D700021B302890A4493B28B420BD390F90C3091
:108D8000B3F1FF3F06DC4368A3EB010C00F11003D5
:108D90009C4515D2012080BD42F61A3042F67F7103
:108DA00042F69973C0F60100C0F60101C0F6010356
:108DB00040F2DF12F7F706FB012080BD002080BDE6
:108DC0004389C0F804C0194441810281002080BD5C
:108DD0002DE9F04381B015460C46B2F5C17F2FDA7C
:108DE000012D02D0412D40F0898025F0400001285E
:108DF0000FD042F61A3042F6DA7142F69973C0F695
:108E00000100C0F60101C0F601034FF4A572F7F7A7
:108E1000D9FA0B20FEF748FD014600284FF000006C
:108E200069D04FF48072C1E900000C814C810D7350
:108E3000A1F80D20C873084601B0BDE8F08300BF5B
:108E400006462BD0B5F5207F58D1E01C20F0030258
:108E5000B01803304FF6FC71014091424FF0000012
:108E600049D3103189B28A4245D80846FEF760F8E6
:108E7000014600284FF000003DD08A19133222F03D
:108E80000302C1E900028020C0F201000C814C8184
:108E9000C860084601B0BDE8F08300BF40F2820917
:108EA0004FF00008C0F20109002700250C20FEF752
:108EB000FBFCA8B30146F01C00F4FE70C0F5147270
:108EC000A0B2904238BF024611FA86F0133020F06B
:108ED0000300C1E900800C81002D0846A4EB0204C8
:108EE0004A81C1F80C901CBF396028460026220434
:108EF0000F460546DAD101B0BDE8F08342F61A30DC
:108F000042F69973C0F6010016A1C0F6010340F2C3
:108F10002712F7F757FA002001B0BDE8F08300BF31
:108F200001F0D2F948F22C24C2F200042678012183
:108F3000217001F0F3F96EB949F22D50C0F600002E
:108F40000021002607F0C8FC20B101F0BDF9267011
:108F500001F0E4F915B1284600F034FA002001B020
:108F6000BDE8F083706275665F616C6C6F633A2078
:108F70006572726F6E656F7573207479706500002D
:108F800080B50330DDF80CE020F0030C0CEB0100A1
:108F900070454FF0000088BF80BDDDF808E0BEF1ED
:108FA000000F18BFE644C3E9000E198159814FF440
:108FB0008171D87318461A73A3F80D1080BD000094
:108FC000B0B508B30C46F9B10546006878B300BFE8
:108FD000298922891144298105683DB302892389A1
:108FE00029681A44028111B32889228910442881F2
:108FF0000D68002D42D00A89238928681A44002868
:109000000A81E5D113E000BF42F61A3042F61D7125
:1090100042F69973C0F60100C0F60101C0F60103E3
:1090200040F25A32BDE8B040F7F7CCB9054628897E
:109030006989884227D042F61A3042F6527142F6C8
:109040009973C0F60100C0F60101C0F6010340F2B9
:109050006232F7F7B7F92868A8B142F61A3042F63B
:10906000897142F69973C0F60100C0F60101C0F69D
:10907000010340F26332F7F7A5F904E00D462889B1
:1090800069898842D7D1288921892C6008442881A0
:10909000B0BD0000002148B1006848B1006858B177
:1090A000006868B1006804310028F5D188B27047C3
:1090B00041F0010188B2704741F0020188B2704767
:1090C00041F0030188B27047B0B515460A462989B8
:1090D000FFF77EFE0446A0B12046294600F014F8B2
:1090E00078B142F61A3042F6C97142F69973C0F669
:1090F0000100C0F60101C0F6010340F22452F7F767
:1091000061F92046B0BD00002DE9F04F81B030B1CB
:109110000D4621B1044600892989884212D242F6BF
:109120001A3042F69973C0F601005CA1C0F6010343
:1091300040F2CA32F7F746F9F02040B201B0BDE87C
:10914000F08F00BF42F61A3A42F6997B0027C0F62C
:10915000010AC0F6010B0FF218194FF0000801E0E8
:10916000002D51D060896989C01BA1EB0806B0426F
:1091700038BF064660686968384441443246F7F7AC
:1091800050FA60893744874206D9504632A140F2EE
:10919000D9325B46F7F716F96889B044804507D99C
:1091A0005046494640F2DA325B46F7F70BF96889D8
:1091B000804524BF2D684FF000086089874203D1A5
:1091C0002468002704B92DBB2DB1688929898842FC
:1091D00001D1286850BB002CC2D060892189884207
:1091E000BED120680028BBD042F61A3042F6F361A7
:1091F00042F69973C0F60100C0F60101C0F6010302
:1092000040F2EF3220E000BF002040B201B0BDE8E4
:10921000F08F00BF42F61A3042F69973C0F6010093
:109220001AA1C0F601034FF4797283E742F61A30AF
:1092300042F6F36142F69973C0F60100C0F60101EF
:10924000C0F6010340F2EA32F7F7BCF8FA2040B268
:1092500001B0BDE8F08F00BF6F66667365745F7420
:109260006F203C3D20705F746F2D3E6C656E00007A
:109270006F66667365745F66726F6D203C3D20702B
:109280005F66726F6D2D3E6C656E0000705F746F6F
:1092900020213D204E554C4C000000007062756648
:1092A0005F636F70793A20746172676574206E6FC6
:1092B000742062696720656E6F75676820746F201F
:1092C000686F6C6420736F75726365002DE9F043FD
:1092D00081B068B38846B9B31446002A48D0054621
:1092E0004FF00009002615E0C01A80B2A7B2B842BC
:1092F00038BF0746696818FA86F011FA83F13A46D2
:10930000F7F78FF9B9443E44E41B002320040AD048
:109310002D6845B168891904E6D099B28142E3D33A
:109320001B1A2004F4D11FFA89F001B0BDE8F083C4
:1093300042F61A3042F69973C0F6010019A1C0F640
:10934000010340F20A420AE042F61A3042F69973EB
:10935000C0F601000AA1C0F6010340F20B42F7F784
:1093600031F84FF000091FFA89F001B0BDE8F08331
:109370004FF000091FFA89F001B0BDE8F08300BF8B
:10938000706275665F636F70795F70617274696136
:109390006C3A20696E76616C6964206461746170F6
:1093A00074720000706275665F636F70795F7061E0
:1093B000727469616C3A20696E76616C69642062CE
:1093C000756600002DE9F04F81B0002858D042F6B4
:1093D0001A3B42F6997605460024C0F6010B0FF2BF
:1093E000CC0AC0F601060FF2DC0907E0396959B36F
:1093F00038468847002D04F1010452D02F4600F072
:1094000063FFA97B054639B95846514640F2F1221F
:109410003346F6F7D7FFB97BA1F10108284687F854
:109420000E8000F07BFF5FEA08603AD1787B3D68F0
:109430008007DBD4387B10F00F000FD0012811D04B
:10944000022815D10C200EE05846494640F2FF2272
:109450003346F6F7B7FF3969CAE700BF3846FDF76C
:10946000D1FBC7E70B203946FDF798FFC2E700BFE5
:1094700058461DA140F20F323346F6F7A3FFB9E775
:1094800042F61A3042F67F7142F69973C0F6010037
:10949000C0F60101C0F601034FF43772F6F792FFF0
:1094A0000024E0B201B0BDE8F08F00BF70627566C5
:1094B0005F667265653A20702D3E726566203E20BB
:1094C0003000000070632D3E637573746F6D5F66CE
:1094D0007265655F66756E6374696F6E20213D20ED
:1094E0004E554C4C00000000696E76616C6964203A
:1094F00070627566207479706500000080B5014661
:1095000042F66020C0F60100FDF790FF40F2941192
:10951000C2F200010878012818BF80BD4868002207
:109520000A70BDE88040FFF799BB000080B500F0ED
:10953000CBFE48F22C21C2F2000100220A7000F09A
:10954000EDFE40F2C030C2F20000006890B1416F01
:1095500091B9C06870B1416F71B9C06850B1416FC5
:1095600051B9C068002808BF80BD416F21B9C068EB
:109570000028ECD180BD00BFBDE8804002F00CBFE8
:10958000012200F001B8000080B5B1F1FF3F0BDD12
:1095900040B3C9B3038903EB010C1FFA8CF38B4270
:1095A00046D2012080BD00BF80B349420022B2EB09
:1095B000114F1CBF012080BD42898A4242D242F62F
:1095C0001A3042F6EC7142F69973C0F60100C0F60B
:1095D0000101C0F6010340F25522F6F7F3FE012027
:1095E00080BD00BF42F61A3042F67F7142F6997391
:1095F000C0F60100C0F60101C0F6010340F2DF121F
:10960000F6F7E0FE012080BD002080BD42F61A3052
:1096100042F67F7142F69973C0F60100C0F601016F
:10962000C0F6010340F24B22F6F7CCFE012080BDCC
:1096300090F90C30B3F1FF3F0EDD002AB1D0426843
:10964000521A11E04368521A0B4443600389428165
:10965000591A0181002080BD426800F11003521A9E
:109660009A423CBF012080BD438942601944418138
:10967000A0F808C0002080BD2DE9F04705460C4643
:1096800060B942F61A3042F69973C0F601002DA176
:10969000C0F601034FF4CC72F6F794FE2889A0427D
:1096A00098BFBDE8F0876F89A7421FD242F61A38EB
:1096B00042F6997A261AC0F601080FF2A009C0F600
:1096C000010A04E0E41B6F89A0B2B8420ED92889D0
:1096D000304428812D68002DF4D14046494640F29F
:1096E000AF125346F6F76EFEECE700BF287B00078B
:1096F0001CD1A0B2B84219D0687B800716D4686824
:10970000401B204481B22846FDF758FD054668B944
:1097100042F61A3042F69973C0F6010015A1C0F660
:10972000010340F2BD12F6F74DFE002528686C815A
:1097300000282C8118BFFFF745FE00202860BDE8F7
:10974000F08700BF706275665F7265616C6C6F63F5
:109750003A207020213D204E554C4C0070627566B9
:109760005F7265616C6C6F633A207120213D204E01
:10977000554C4C006D656D5F7472696D2072657437
:1097800075726E65642071203D3D204E554C4C0035
:10979000002808BF704710B5044600F095FDA17B76
:1097A0000131A17300F0BAFDA07BBDE8104008B103
:1097B000704700BF42F61A3043F20A0142F699732D
:1097C000C0F60100C0F60101C0F6010340F24232CA
:1097D000F6F7F8BD80B5D8B10022B2EB114F1CBF2F
:1097E000012080BD31B342898A4225D242F61A3027
:1097F00042F6EC7142F69973C0F60100C0F6010121
:10980000C0F6010340F25522F6F7DCFD012080BDD1
:1098100042F61A3042F67F7142F69973C0F60100A3
:10982000C0F60101C0F6010340F24B22F6F7CAFD73
:10983000012080BD002080BD4368521A0B44436064
:1098400003894281591A0181002080BD10B5044668
:1098500070B1607804281ED0012803D12046012170
:10986000FCF760FF207FC10623D4002010BD00BF9D
:1098700042F61A3042F62A4142F63743C0F601005A
:10988000C0F60101C0F601034FF4B572F6F79AFD78
:1098900060780428E0D1206A20B1417A00291CBFF9
:1098A0000139417220460121FCF78AFA207FC10666
:1098B000DBD561680029D8D0B1F86420B2F5866F95
:1098C000D3D3B1F866100429CFD8636A00F0EF0053
:1098D000002B2077C9D02046022100229847002083
:1098E00010BD0000F0B581B040F24424C2F2000483
:1098F0000E46676A21680546081D07F0F7FB18B198
:10990000681C0CD016E000BF20680121C06A6268A4
:1099100001FA00F022EA00006060681C0AD14EB132
:1099200054F8500B011D204601B0BDE8F04007F08F
:1099300061BC00BF2068ED19456007D3606B2168EA
:10994000043101B0BDE8F04007F022BC206B216873
:10995000043107F01DFC206A854238BF256201B042
:10996000F0BD00002DE9F041044607F05BFC40F239
:109970004426C2F20006306948F2302501303061D9
:109980003068C2F2000548B17069002840D13068E3
:10999000E16AC06A884298BF346039E03460306957
:1099A000012835D1284607F0E3FB05F1140007F044
:1099B000DFFB05F1280007F0DBFB05F13C0007F0B9
:1099C000D7FB05F1500007F0D3FB05F1640007F069
:1099D000CFFB05F1780007F0CBFB40F28C38C2F2E8
:1099E0000008404607F0C4FB08F11407384607F0AA
:1099F000BFFB06F1640007F0BBFB06F13C0007F07B
:109A0000B7FB06F1500007F0B3FBC6F83080776370
:109A10007068B16801220131B160E16A8A40104387
:109A2000706001EB810005EB8000211D07F0E2FB77
:109A300007F01CFC706988B13068E16AC06A88422E
:109A400028BFBDE8F0814EF60450CEF200004FF082
:109A500080510160BFF34F8FBFF36F8FBDE8F0817E
:109A600040F2442548F230264EF60458C2F2000572
:109A7000C2F20006CEF200084FF0805703E000BFAC
:109A8000204607F00BFCE868D0B107F0CBFBA86CD0
:109A9000C468201D07F02AFB286901382861E8689E
:109AA0000138E86007F0E2FB94F851000228EAD0A0
:109AB0000128E5D070B9206B07F0F0FBE0E700BFAC
:109AC00030680228DFD3C8F80070BFF34F8FBFF3B0
:109AD0006F8FD8E74FF0500080F31188BFF36F8F7E
:109AE000BFF34F8FFEE700002DE9F047DDE909875E
:109AF0008246386B089C00EB8200043899460029A6
:109B000020F0070656D0087887F834000878002837
:109B10004BD0487887F835004878002845D08878B9
:109B200087F83600887800283FD0C87887F8370053
:109B3000C878D0B3087987F838000879A8B348798D
:109B400087F83900487980B3887987F83A008879AE
:109B500058B3C87987F83B00C87930B3087A87F8DA
:109B60003C00087A08B3487A87F83D00487AE0B1AB
:109B7000887A87F83E00887AB8B1C87A87F83F00BB
:109B8000C87A90B1087B87F84000087B68B1487BB1
:109B900087F84100487B40B1887B87F84200887B8A
:109BA00000281CBFC87B87F84300002087F84300CB
:109BB00003E000BF002087F834000025381D062C84
:109BC00028BF0624FC62C7E9114507F0DDFA07F15A
:109BD000180007F0D9FA84F00700B8613046514602
:109BE0004A463F617F62FD6487F8505000F086F975
:109BF000B8F1000F386018BFC8F80070BDE8F087F2
:109C000008480068006880F308884FF0000080F37F
:109C1000148862B661B6BFF34F8FBFF36F8F00DF5A
:109C200000BF000008ED00E081B00020009040F28D
:109C30002C00C2F2000000684FF0500181F311883F
:109C4000BFF36F8FBFF34F8F013007D0FEE700BF28
:109C5000009830B9009820B9009810B900980028F1
:109C6000F6D001B070470000F0B581B0044607F0AF
:109C7000D9FA94F94560012E0FDB04F1240500BFE9
:109C8000286850B1284608F0EBFD002818BF07F0FF
:109C900067FCF0B2013E0128F2D8FF2684F8456047
:109CA00007F0E4FA07F0BEFA94F94470012F0EDBD6
:109CB00004F11005286850B1284608F0D1FD0028AD
:109CC00018BF07F04DFCF8B2013F0128F2D884F824
:109CD000446001B0BDE8F04007F0C8BA70B5044672
:109CE00007F020FD40F2BC2CC2F2000CDCF80400AE
:109CF00050B19CF80000002818BF4FF000404FF012
:109D000000056CBB8BE000BF4AF69830C2F2000041
:109D1000C21D22F0070210F00701A0EB020318BFDA
:109D20001046002246F21035CCE90602002918BF81
:109D30001D44411921F00701A1F10803CCF80430BA
:109D400041E90222191AC0E9003101208CF8000013
:109D50004FF00040CCE90211002C4FF000055ED01E
:109D600020405CD124F0070000F11002600708BF1A
:109D700004F10802002A4FF0000550D0DCF808007A
:109D800082424CD8604650F818EFDEF804509542F5
:109D90002BD2DEF80010B9B174464D68954217D247
:109DA0000B68ABB15D68954216D21868A0B14568E2
:109DB000954215D204689CB16568954214D2216819
:109DC000A6460029E9D110E00CF118000DE000BF13
:109DD0008E46204609E000BF9E46084605E000BFCB
:109DE0008646184601E000BFA646DCF804108E4502
:109DF00014D00168DEF80040AB1A112B04604DD37B
:109E00000EEB0205680719D04FF0500080F311885F
:109E1000BFF36F8FBFF34F8FFEE700BF002508F041
:109E200059FD68075BD04FF0500080F31188BFF3F5
:109E30006F8FBFF34F8F00BFFEE700BF0CF118001C
:109E40006B60CEF8042000BF0368AB420AD21868EA
:109E5000A8420BD20368AB4204D218681A46A84243
:109E6000F2D304E00246184601E000BF1A465368E8
:109E70006C68D618AE4202D11C44154654602B19AA
:109E8000834207D1DCF80430984203D0D0E90003C4
:109E900023446B60AA42286018BF156001F10805D1
:109EA000DEF80400DCE90212091A9142CCF808102D
:109EB00038BFCCF80C109CF80010002918BF40F0F7
:109EC0000040CEF80400DCF8100000210130CEF88C
:109ED0000010CCF8100008F0FDFC6807A3D128465C
:109EE00070BD000040F24420C2F20000016819B1C8
:109EF00001688A6C01328A6400687047034649F63B
:109F00002940C0F600004FF0807C21F0010103E9F8
:109F100003106FF0020043F8240CA3F1440043F84F
:109F2000202C7047F0B581B01F4614460E460546FA
:109F300041B3B5B367B142F61A3042F63743C0F6C3
:109F4000010047A1C0F601034FF49772F6F73AFA01
:109F5000C5B36868B0420CD042F61A3042F63743B7
:109F6000C0F6010044A1C0F6010340F23512F6F735
:109F700029FA05F11007384600F034FA30B38CB3F3
:109F8000268934E042F61A3042F63743C0F6010023
:109F900022A1C0F601034FF49672F6F713FA002DD2
:109FA000C8D142F61A3042F63743C0F6010024A168
:109FB000C0F6010340F22D12F6F704FA002FBAD1D1
:109FC000C6E700BFFA2460B201B0F0BD14B3218926
:109FD000304604F043FC2046FFF7F4F9002460B259
:109FE00001B0F0BD42F6F524C0F601040026384663
:109FF000214600F0EDF918B1FF2460B201B0F0BDC8
:10A000006B6A3BB12846002132460024984760B273
:10A0100001B0F0BD002460B201B0F0BD726563769E
:10A020005F746370206D757374206861766520615C
:10A030002070636220617267756D656E7400000048
:10A04000726563765F746370206D757374206861E8
:10A05000766520616E20617267756D656E740000B3
:10A0600065727220213D204552525F4F4B20756E24
:10A0700068616E646C656400726563765F746370BA
:10A080003A207265637620666F722077726F6E6712
:10A0900020706362210000002DE9F04381B0DDF8FB
:10A0A0002090984614460E46054699B3002D3FD0A1
:10A0B0006868B0420BD042F61A3042F63743C0F619
:10A0C000010034A1C0F60103EE22F6F77BF905F199
:10A0D0001007384600F086F9B0B30620FDF7E4FB20
:10A0E00090B3046044600646B8F1000F14BFD8F87E
:10A0F00000000020B060248938463146A6F80C9054
:10A1000000F066F930B3304601B0BDE8F043FDF72A
:10A1100047BC00BF42F61A3042F63743C0F6010092
:10A1200013A1C0F60103E522F6F74CF9002DBFD1CB
:10A1300042F61A3042F63743C0F601001DA1C0F6C0
:10A140000103E622F6F73EF9204601B0BDE8F043F0
:10A15000FFF738B96B6A3BB128460021224601B0AF
:10A16000BDE8F043184700BF01B0BDE8F08300BF71
:10A17000726563765F756470206D757374206861B5
:10A18000766520612070636220617267756D656E0F
:10A1900074000000726563765F7564703A207265C2
:10A1A000637620666F722077726F6E6720706362CD
:10A1B00021000000726563765F756470206D7573B1
:10A1C00074206861766520616E20617267756D65C7
:10A1D0006E740000B0B578B1054640781446042886
:10A1E0001CD0012803D128460121FCF79BFA68689E
:10A1F000D8B90020B0BD00BF42F61A3042F62A415D
:10A2000042F63743C0F60100C0F60101C0F6010373
:10A2100040F29312F6F7D6F80020B0BD284601218F
:10A22000FBF7CEFD68680028E3D0B0F86410B1F504
:10A23000866FDED3B0F866000428DAD8287F6B6A10
:10A2400000F0EF00002B2877D3D0284602212246C9
:10A2500098470020B0BD0000F0B583B016460C460C
:10A260000746FEF7C3FB054666B1396868463246C5
:10A27000FEF7ECFB009810280AD04FF0FF3003B037
:10A28000F0BD00BF396868464FF0FF32FEF7DEFBD5
:10A2900001982060FEF7AAFB401B03B0F0BD000050
:10A2A00010B584B002680C4601A811460022FEF7E2
:10A2B000CDFB0198102811BF4FF0FF3002982060AD
:10A2C000002004B010BD000080B540F2B070C2F2B2
:10A2D000000000684FF0FF31FEF760FC012080BDF8
:10A2E00070B50E460546FEF781FB044656B1286858
:10A2F0003146FEF7DDFC00281CBF4FF0FF3070BD7B
:10A3000007E000BF28684FF0FF31FEF7D1FC0028BE
:10A31000F8D1FEF76BFB001B70BD000040F2B0707F
:10A32000C2F200000068FEF70FBC0000F0B581B07B
:10A3300000F07AF840F27836C2F20006716899B1FE
:10A34000044601E0716879B14868221A0CD40A68A1
:10A35000D1E90275C6E901200A20FDF71FF8002F98
:10A36000F0D02846B847EDE701B0F0BD80B542F621
:10A37000F820C0F60100FEF7DFFB40F2B071C2F238
:10A380000001086080BD000010B504460068FEF7BB
:10A39000CBFB2068BDE81040FEF74CBBB0B584B0E5
:10A3A0000446042000910190002568460021CDE973
:10A3B0000255FEF723FB0146002808BF4FF0FF358A
:10A3C0002846216004B0B0BD002101607047000044
:10A3D00080B500680022FEF779FB002818BF4FF017
:10A3E000FF3080BD0068002818BF012070470000C2
:10A3F00000684FF0FF31FEF7D1BB0000B0B582B06E
:10A40000044600256846CDE90055FEF795FB014658
:10A41000002808BF4FF0FF352846216002B0B0BDCC
:10A420000068FEF791BB0000F7F76EBC0068FEF70E
:10A4300009BC0000B0B582B0054600200C46CDE94D
:10A44000000068460121FEF7D5FB286020B13CB131
:10A45000002460B202B0B0BDFF2460B202B0B0BD53
:10A4600000210024FEF724FC60B202B0B0BD000061
:10A4700000210160704700000068FEF7EFBB00009C
:10A480000068002818BF01207047000080B588B020
:10A49000DDF828C0CDE901010020CDE90403CDE9B4
:10A4A000060001A81146ADF80CC0FEF72DFC08B05F
:10A4B00080BD0000F0B581B014460646B0F1804F73
:10A4C0000D460CD342F61A3043F24763C0F6010042
:10A4D0002FA1C0F6010340F22912F5F773FFFFF731
:10A4E000A3FF07460A20FDF7DFF948B3002140F239
:10A4F00078330160C2F200035968BA19856042607E
:10A50000C46081B34F68D71B2CD40B6873B35F68EA
:10A51000D71B31D41968A9B34F68D71B33D40B6844
:10A5200023B35F68D71B27D4196859B34F68D71B6B
:10A53000B7F1FF3F1F46E8DC0160386001B0F0BDB5
:10A5400042F61A3043F27B6143F24763C0F60100E2
:10A55000C0F60101C0F60103BE2201B0BDE8F04023
:10A56000F5F730BF0160586001B0F0BD0F46002123
:10A570000160386001B0F0BD0F46194601603860D7
:10A5800001B0F0BD00211F460160386001B0F0BD90
:10A5900054696D656F75742074696D6520746F6F93
:10A5A000206C6F6E672C206D6178206973204C578A
:10A5B00049505F55494E5433325F4D41582F342036
:10A5C0006D73656373000000B0B542F6002545F673
:10A5D000F124C0F60105C0F6000405F108024FF4AD
:10A5E0007A702146FFF766FF05F110024FF47A708A
:10A5F0002146BDE8B040FFF75DBF000010B540F256
:10A600007834C2F20004606840B1FFF70DFF616862
:10A610004968081A20EAE07010BD00BF4FF0FF3013
:10A6200010BD000082B0F8F7C3FA01200021032218
:10A63000002407F0FDF940F27415C2F20005A8608D
:10A6400005F1140001904AF2AD60C0F6000011A1BE
:10A650004FF480620023009407F040FF4AF2CD706F
:10A660001835C0F600000EA14FF48062002300945C
:10A67000019507F033FF40F60004C4F2020400BF66
:10A6800020464FF48071F7F731FB642006F00EFF8F
:10A69000F6E700BF54435020696E69740000000063
:10A6A0005443502073656E64000000002DE9F043B0
:10A6B00081B0102000210022FDF7C0FB40F274168B
:10A6C000C2F20006306068B142F6FC11C0F601012A
:10A6D0000722FDF705FA48B1306801B0BDE8F04344
:10A6E000FDF77CBA01B0BDE8F08300BF4AF6C002B6
:10A6F000C1F206423146306841F8042FE622FDF7E8
:10A700002DFA58B1314651F8040BE622FDF726FA2E
:10A710000446322006F0CAFE002CF3D1B0680021B6
:10A72000002200234FF0000907F02EFA48F2C81467
:10A730004AF6CF25C2F20004C2F200050FF27408F7
:10A74000314651F80C0BFDF725FC0028F8D100BF6D
:10A75000F0680068416842892046F5F7F0FF284616
:10A76000C82142462346F5F739FEB0684FF4FA7126
:10A7700007F074FD37682846F5F734FF024638467F
:10A7800029460123CDF80090FDF7A8FDB06800210F
:10A790000022002307F0F8F920466421F5F7A8FF0E
:10A7A000F068FDF70FF90028D2DCF068FDF7F8F843
:10A7B000C6E700BF25732073656E742066726F6DE7
:10A7C00020736572766572200A00000082B040F244
:10A7D00074164AF6CF254FF00009C2F200060DF1BB
:10A7E0000704C2F200050FF2600800BF306921467D
:10A7F00000228DF8079007F0EDFB306921460A2210
:10A8000007F0E8FB0128F1D19DF807302846C82160
:10A810004246F5F7E3FDB0684FF4FA7107F01EFD0C
:10A8200037682846F5F7DEFE0246384629460123FA
:10A83000CDF80090FDF752FDB06800210022002302
:10A8400007F0A2F9D2E700BF256400002DE9F04F20
:10A8500085B0A8B30446007D0D4601280DD142F60F
:10A860001A3043F2A703C0F6010074A1C0F6010339
:10A8700040F24122F5F7A6FD207D0A2834D140F2AE
:10A88000B430C2F200001030214602F05FFE207D9D
:10A8900001280ED142F61A3043F21C0143F2A703FD
:10A8A000C0F60100C0F60101C0F60103D422F5F79D
:10A8B00089FD0120214605B0BDE8F04FFCF76EBDD3
:10A8C00042F61A3043F28E0143F2A703C0F60100AC
:10A8D000C0F60101C0F6010340F23D2205B0BDE81B
:10A8E000F04FF5F76FBD00BF2169D4F82490D4F87C
:10A8F00050A0D4F89080B4F816B0049170B140F232
:10A90000B436C2F2000606F10C00214602F01EFE2B
:10A9100001203070266F5EBB37E000BFBBF1000F37
:10A9200000F0848040F2B431C2F2000151F8080F07
:10A93000A04214D0A8B1C2680146A2420ED082B192
:10A94000D0681146A04209D058B1C2680146A2425F
:10A9500004D032B1D0681146A042EBD10C31E0688E
:10A9600008600025E5604FF0000B266F6EB100BF58
:10A97000D6E90070002818BFFEF724FD03203146F9
:10A98000FCF70CFD002F3E46F2D1E66E6EB100BF23
:10A99000D6E90070002818BFFEF714FD03203146E9
:10A9A000FCF7FCFC002F3E46F2D1666F6EB100BF93
:10A9B000D6E90070002818BFFEF704FD03203146D9
:10A9C000FCF7ECFC002F3E46F2D155B1278B201D41
:10A9D000CDE9000B204651464A462346029704F033
:10A9E0009DF9207D01280ED142F61A3043F21C0158
:10A9F00043F2A703C0F60100C0F60101C0F601034F
:10AA0000D422F5F7DFFC01202146FCF7C7FCB8F1A2
:10AA1000000F07D0049842466FF00C0105B0BDE866
:10AA2000F04F104705B0BDE8F08F00BF00254FF094
:10AA3000000B266F002E9BD1A7E700BF646F6E2727
:10AA4000742063616C6C207463705F61626F7274F8
:10AA50002F7463705F6162616E646F6E20666F72E7
:10AA6000206C697374656E2D706362730000000062
:10AA70000121FFF7EBBE0000002808BF7047027DF0
:10AA8000012A08BF81617047F0B581B004460120FA
:10AA9000FCF70AFF40F2B43605460028C2F2000671
:10AAA00040F01181F76800BF37B3798B3D46FF68EE
:10AAB0000807F9D5287D21F008010728698309D006
:10AAC000042801D00328EFD1284604F0B3FA28B9AE
:10AAD00005200CE0284604F0ADFA38B10130E3D18E
:10AAE000688B40F008006883DEE700BF0920287506
:10AAF000284602F071F9D7E733697BB37169002208
:10AB0000002000BF1D6ADF684D1B954228BF184614
:10AB100007B3954288BF2A463D6AFB684D1B9542A4
:10AB200028BF3846B3B1954288BF2A461D6ADF6800
:10AB30004D1B954228BF184667B1954288BF2A46EB
:10AB40003D6AFB684D1B954228BF384688BF2A46A0
:10AB5000002BD7D110B10121FFF778FE0120FCF7BF
:10AB6000A3FE0546002840F0AE80F368D3B37169B8
:10AB70000022002002E000BFDB687BB31F7D092FAD
:10AB800006D11F6ACF1B974228BF184688BF3A4696
:10AB9000DB681BB31F7D092F06D11F6ACF1B9742AD
:10ABA00028BF184688BF3A46DB68BBB11F7D092F16
:10ABB00006D11F6ACF1B974228BF184688BF3A4666
:10ABC000DB685BB11F7D092FD6D11F6ACF1B97426F
:10ABD00028BF184688BF3A46CEE700BF10B1002113
:10ABE000FFF734FE0120FCF75FFE054600286AD11E
:10ABF000F368CBB371690022002001E0DB687BB30E
:10AC00001F7D082F06D11F6ACF1B974228BF184609
:10AC100088BF3A46DB681BB31F7D082F06D11F6A29
:10AC2000CF1B974228BF184688BF3A46DB68BBB1A6
:10AC30001F7D082F06D11F6ACF1B974228BF1846D9
:10AC400088BF3A46DB685BB11F7D082FD6D11F6AEB
:10AC5000CF1B974228BF184688BF3A46CEE700BFB1
:10AC600010B10021FFF7F2FD0120FCF71DFE0546A3
:10AC700048BB7F2C204628BF7F20F8B1F168E9B19E
:10AC8000D6F814C0451E0022002007E0086AACEB8D
:10AC9000000708463A461D46C96859B14B7DEFB2D8
:10ACA000BB42F3D3F8D10F6AACEB07079742F0D25F
:10ACB000F2E700BF10B10121FFF7C8FD0120FCF74A
:10ACC000F3FD054680B328469C21F5F711FD4FF4AE
:10ACD0008660A5F8640040F66000C0F66000A862D7
:10ACE000FF20E8724FF00610C5F83E004FF6FF70E7
:10ACF000C0F2182028630120C0F23040A8647069B7
:10AD0000717828624EF2E170C0F60000C5F8840048
:10AD10004DF60050C0F26D006C75A977C5F894002F
:10AD2000284601B0F0BD00BF0025284601B0F0BDA7
:10AD3000002818BF016170472DE9F04F81B042F63D
:10AD4000FC13C0F60103002918BF0B4690B1017D2A
:10AD500021B342F61A3043F2A703C0F601000FF206
:10AD60007851C0F6010340F2AB22F5F72BFBFA262F
:10AD70002DE000BF42F61A3043F2A703C0F60100EF
:10AD80000FF27C51C0F6010340F2A922F5F71AFB3D
:10AD9000F02670B201B0BDE8F08F00BFE2B140F222
:10ADA000B437C2F20007796801E000BFC968002922
:10ADB00000F01681CE8A9642F8D10D68002D00F081
:10ADC0000D821C68F826002C18BFA542EED170B287
:10ADD00001B0BDE8F08F00BF40F2B43140F2080C82
:10ADE000C2F20001C2F2000CD1E901EABCF8002075
:10ADF000D1E90358BEF1000F7CD0002D00F0108186
:10AE000000264FF6FF7B43F6FF7904E04E4506F13E
:10AE1000010680F05982013291B2594504BF4CF2CB
:10AE20000002CFF6FF727146CF8A94B2A742EDD0EE
:10AE3000C96879B1CF8AA742E8D0C96851B1CF8A31
:10AE4000A742E3D0C96829B1CF8AA742DED0C9683A
:10AE50000029E9D1BAF1000F15D05146CF8AA74297
:10AE6000D4D0C96879B1CF8AA742CFD0C96851B1CF
:10AE7000CF8AA742CAD0C96829B1CF8AA742C5D014
:10AE8000C9680029EAD12946CF8AA742BED0C9683D
:10AE900079B1CF8AA742B9D0C96851B1CF8AA74248
:10AEA000B4D0C96829B1CF8AA742AFD0C9680029F8
:10AEB000EAD1B8F1000F7CD04146CF8AA742A5D095
:10AEC000C968002975D0CF8AA7423FF49FAFC968EF
:10AED00000296ED0CF8AA7423FF498AFC9680029F5
:10AEE00067D0CF8AA7423FF491AFC9680029E4D167
:10AEF0005FE000BF00274FF6FF7943F6FE7E04E0D7
:10AF0000774507F1010700F2DF81013291B249452F
:10AF100004BF4CF20002CFF6FF72BAF1000F16D058
:10AF20005146CE8A94B2A642EAD0C96879B1CE8A97
:10AF3000A642E5D0C96851B1CE8AA642E0D0C96820
:10AF400029B1CE8AA642DBD0C9680029E9D1B5B1C2
:10AF50002946CE8A94B2A642D2D0C96879B1CE8AA7
:10AF6000A642CDD0C96851B1CE8AA642C8D0C96820
:10AF700029B1CE8AA642C3D0C9680029E9D1B8F167
:10AF8000000F16D04146CE8A94B2A642B8D0C96806
:10AF900079B1CE8AA642B3D0C96851B1CE8AA64251
:10AFA000AED0C96829B1CE8AA642A9D0C968002905
:10AFB000E9D11104ACF800202CD01968002918BF81
:10AFC000016040F2B431C2F20001C282C0F80CA0AC
:10AFD000886004F02FFD002670B201B0BDE8F08F4C
:10AFE000D7F808A0BAF1000F00F08080514602E0C7
:10AFF000C96800297AD0CE8A9642F9D10D68002D11
:10B0000000F0EC801C68F826002C18BFA5423FF425
:10B01000DEAEEDE7FE2670B201B0BDE8F08F00BFF6
:10B02000BAF1000F78D0B8F1000F4FF6FF794FF06A
:10B03000000400F0D98043F6FE7604E0B44204F147
:10B04000010400F24181013291B24945714604BFC9
:10B050004CF20002CFF6FF72CD8A97B2BD42EDD01E
:10B06000C96879B1CD8ABD42E8D0C96851B1CD8AED
:10B07000BD42E3D0C96829B1CD8ABD42DED0C968DE
:10B080000029E9D15146CD8ABD42D7D0C96879B1EE
:10B09000CD8ABD42D2D0C96851B1CD8ABD42CDD092
:10B0A000C96829B1CD8ABD42C8D0C9680029EAD192
:10B0B0004146CD8ABD42C1D0C96800293FF479AF6D
:10B0C000CD8ABD42BAD0C96800293FF472AFCD8A9B
:10B0D000BD42B3D0C96800293FF46BAFCD8ABD42F1
:10B0E000ACD0C9680029E4D163E700BFFD68002D3A
:10B0F0005ED0F82603E000BFED68002D58D0E98A45
:10B100009142F9D12968002968D01C68002C18BF29
:10B11000A1423FF45CAEEFE700244FF6FF75B8F1B3
:10B12000000F00F0A58043F6FE7904E04C4504F1E1
:10B13000010400F2C980013291B2A942714604BFF4
:10B140004CF20002CFF6FF72CE8A97B2BE42EDD02B
:10B15000C96879B1CE8ABE42E8D0C96851B1CE8AF9
:10B16000BE42E3D0C96829B1CE8ABE42DED0C968EA
:10B170000029E9D14146CE8ABE42D7D0C96800290C
:10B180003FF417AFCE8ABE42D0D0C96800293FF441
:10B1900010AFCE8ABE42C9D0C96800293FF409AFBA
:10B1A000CE8ABE42C2D0C9680029E4D101E700BFFF
:10B1B0003F69002F3FF401AFF82603E0FF68002F3E
:10B1C0003FF4FBAEF98A9142F8D1396831B11D687C
:10B1D000002D18BFA9423FF4FAADEFE7F82670B290
:10B1E00001B0BDE8F08F00BF43F6FE7804E000BF79
:10B1F000444504F1010467D8013291B249457146D2
:10B2000004BF4CF20002CFF6FF72CE8A97B2BE4264
:10B21000EED0C96879B1CE8ABE42E9D0C96851B1D1
:10B22000CE8ABE42E4D0C96829B1CE8ABE42DFD000
:10B23000C9680029E9D15146CE8ABE42D8D0C96832
:10B2400000293FF4B6AECE8ABE42D1D0C9680029EB
:10B250003FF4AFAECE8ABE42CAD0C96800293FF4DF
:10B26000A8AECE8ABE42C3D0C9680029E4D1A0E608
:10B2700043F6FE78013291B2A942714604BF4CF206
:10B280000002CFF6FF72CE8A97B2BE4218D0C968CC
:10B2900000293FF48EAECE8ABE4211D0C968002983
:10B2A0003FF487AECE8ABE420AD0C96800293FF477
:10B2B00080AECE8ABE4203D0C9680029E3D178E6C9
:10B2C000444504F10104D5D9ACF80020FE2670B243
:10B2D00001B0BDE8F08F00BF7463705F62696E6497
:10B2E0003A2063616E206F6E6C792062696E642013
:10B2F000696E20737461746520434C4F534544005C
:10B300007463705F62696E643A20696E76616C691D
:10B31000642070636200000080B558B1017D01298E
:10B3200003D0418B41F0100141830121BDE88040F1
:10B3300000F01CB842F61A3043F2A703C0F6010031
:10B3400004A1C0F601034FF4F472F5F73BF86FF077
:10B350000F0080BD7463705F636C6F73653A206922
:10B360006E76616C6964207063620000B0B584B071
:10B37000027D044651B1072A01D0042A06D1A06FEC
:10B3800000283BD1208DB0F5066F37D1072A4FF04A
:10B39000000000F229810FF20601DFE812F0090037
:10B3A0008700F50013011901250125011F0100BFC8
:10B3B000E08A002800F0308140F2B431C2F200018E
:10B3C0008868A04200F02281A0B1C2680146A24272
:10B3D0000ED07AB1D0681146A04209D050B1C268EF
:10B3E0000146A24204D02AB1D0681146A042EBD156
:10B3F000E068C86004F10C000CE100BF608BC0067F
:10B400000CD442F61A3043F2A703C0F6010086A11D
:10B41000C0F601034FF4B272F4F7D4FFE08A626A17
:10B42000216DB4F818C0231DCDE900302046234615
:10B43000CDF808C003F072FC204602F01BF840F281
:10B44000B430C2F20000024652F80C1FA14214D0E0
:10B45000A9B1CB680A46A3420ED083B1D9681A4677
:10B46000A14209D059B1CB680A46A34204D033B1F6
:10B47000D9681A46A142EBD10C32E1681160002173
:10B48000E16040F26431C2F2000109680122A14288
:10B49000027005D0207D012800F08480BCE000BF50
:10B4A00004F08EFB002004B0B0BD00BF40F2B43009
:10B4B000C2F200008268D2B1002100BFD36FA34264
:10B4C00008BFD167D26892B1D36FA34208BFD167DA
:10B4D000D26862B1D36FA34208BFD167D26832B1DC
:10B4E000D36FA34208BFD167D268002AE6D1C268F1
:10B4F000CAB10021D36FA34208BFD167D26892B10D
:10B50000D36FA34208BFD167D26862B1D36FA342A1
:10B5100008BFD167D26832B1D36FA34208BFD167E9
:10B52000D268002AE6D10269CAB10021D36FA342D2
:10B5300008BFD167D26892B1D36FA34208BFD16769
:10B54000D26862B1D36FA34208BFD167D26832B16B
:10B55000D36FA34208BFD167D268002AE6D1043076
:10B56000214601F0F3FF207D01280BD142F61A306D
:10B5700043F2A703C0F6010032A1C0F60103DF22A7
:10B58000F4F720FF022048E040F2B435C2F2000593
:10B5900005F10C00214601F0D9FF207D0121012891
:10B5A000297039D142F61A3043F21C0143F2A70345
:10B5B000C0F60100C0F60101C0F60103D422F4F781
:10B5C00001FF29E0204603F035FD58B9052016E0BB
:10B5D000204603F02FFD28B9052010E0204603F097
:10B5E00029FD58B1411C01D004B0B0BD608B40F0C2
:10B5F00008006083002004B0B0BD00BF09202075A2
:10B60000204601F0E9FB002004B0B0BD204650F810
:10B610000C2F8A600021016001202146FBF7BEFE4D
:10B62000002004B0B0BD00BF7063622D3E666C6147
:10B63000677320262054465F5258434C4F5345446D
:10B64000000000007463705F667265655F6C69730B
:10B6500074656E3A20214C495354454E0000000059
:10B660002DE9F04F83B0B8B121B30446007DA8B3F3
:10B6700042F61A3043F2A703C0F601000FF2B451AC
:10B68000C0F601034FF48762F4F79CFEF62040B247
:10B6900003B0BDE8F08F00BF42F61A3043F2A703B3
:10B6A000C0F601000FF2D851C0F6010340F2354256
:10B6B0000CE000BF42F61A3043F2A703C0F60100C7
:10B6C0000FF2A051C0F6010340F23642F4F77AFEC1
:10B6D000F02040B203B0BDE8F08F00BF09682046FB
:10B6E00040F8041F01791D460029828200F0A080E5
:10B6F0000846FCF7D9FF002800F09F80216809B9AF
:10B7000041682160B4F816B040F2080340F2B43644
:10B71000BBF1000FC2F20003C2F2000640F0EA8162
:10B72000D6E9018E1A88D6E90391B8F1000F02918B
:10B7300000F08880B9F1000F00F0E880CDF804B087
:10B7400000274FF6FF7A43F6FF7B04E05F4507F1E1
:10B75000010780F06382013291B2514504BF4CF27F
:10B760000002CFF6FF724346D98A1FFA82FC614578
:10B77000ECD0DB687BB1D98A6145E7D0DB6853B197
:10B78000D98A6145E2D0DB682BB1D98A6145DDD029
:10B79000DB68002BE8D1BEF1000F15D07346D98AC3
:10B7A0006145D3D0DB687BB1D98A6145CED0DB68F7
:10B7B00053B1D98A6145C9D0DB682BB1D98A6145BB
:10B7C000C4D0DB68002BEAD14B46D98A6145BDD095
:10B7D000DB687BB1D98A6145B8D0DB6853B1D98ABF
:10B7E0006145B3D0DB682BB1D98A6145AED0DB6847
:10B7F000002BEAD1029BBBB1D98A6145A6D0DB6898
:10B8000093B1D98A61453FF4A1AFDB6863B1D98AAE
:10B8100061453FF49BAFDB6833B1D98A61453FF4A2
:10B8200095AFDB68002BE7D1DDF804B05AE100BF2B
:10B83000F9F7BAFF00287FF461AFFC2040B203B0F3
:10B84000BDE8F08FB04600234FF6FF7A43F6FE7C4A
:10B8500005E000BF634503F1010300F2DF8101321F
:10B8600096B2564504BF4CF20002CFF6FF72BEF10D
:10B87000000F16D07646F18A97B2B942EAD0F66840
:10B880007EB1F18AB942E5D0F66856B1F18AB94283
:10B89000E0D0F6682EB1F18AB942DBD0F668002E0E
:10B8A000E9D1B9F1000F16D04E46F18A97B2B942EC
:10B8B000D0D0F6687EB1F18AB942CBD0F66856B1E5
:10B8C000F18AB942C6D0F6682EB1F18AB942C1D028
:10B8D000F668002EE9D1029EAEB1F18A97B2B94264
:10B8E000B8D0F6687EB1F18AB942B3D0F66856B1E5
:10B8F000F18AB942AED0F6682EB1F18AB942A9D028
:10B90000F668002EE9D14646ECE000BFBEF1000F1C
:10B9100060D000294FF6FF7C00F0A280002743F69C
:10B92000FE7A04E0574507F1010700F27781013202
:10B9300091B24346614504BF4CF20002CFF6FF725C
:10B94000DE8A91B28E42EDD0DB687BB1DE8A8E4218
:10B95000E8D0DB6853B1DE8A8E42E3D0DB682BB1DE
:10B96000DE8A8E42DED0DB68002BE9D17346DE8AA8
:10B970008E42D7D0DB687BB1DE8A8E42D2D0DB68C4
:10B9800053B1DE8A8E42CDD0DB682BB1DE8A8E4287
:10B99000C8D0DB68002BEAD1029BDE8A8E42C1D080
:10B9A000DB68002B00F09A80DE8A8E42BAD0DB681A
:10B9B000002B00F09380DE8A8E42B3D0DB68002B30
:10B9C00000F08C80DE8A8E42ACD0DB68002BE4D1A4
:10B9D00084E000BFB146002900F0F08000214FF65E
:10B9E000FF7E43F6FE7C04E0614501F1010100F2B7
:10B9F0001581013293B27345434604BF4CF20002F5
:10BA0000CFF6FF72DF8A96B2B742EDD0DB687BB12A
:10BA1000DF8AB742E8D0DB6853B1DF8AB742E3D0B0
:10BA2000DB682BB1DF8AB742DED0DB68002BE9D1BF
:10BA3000029BDF8AB742D7D0DB687BB1DF8AB7428F
:10BA4000D2D0DB6853B1DF8AB742CDD0DB682BB1EF
:10BA5000DF8AB742C8D0DB68002BEAD14E4641E00E
:10BA6000002143F6FE7904E0494501F1010100F2AD
:10BA7000D580013296B26645464604BF4CF20002BC
:10BA8000CFF6FF72F38A97B2BB42EDD0F6687EB173
:10BA9000F38ABB42E8D0F66856B1F38ABB42E3D0E2
:10BAA000F6682EB1F38ABB42DED0F668002EE9D1EB
:10BAB0007646F38ABB42D7D0F6687EB1F38ABB42A2
:10BAC000D2D0F66856B1F38ABB42CDD0F6682EB11B
:10BAD000F38ABB42C8D0F668002EEAD140F2B436F1
:10BAE000C2F2000640F20803C2F2000311041A80F9
:10BAF000E2825DD071695A6811445960216501394B
:10BB00006164C4E9161140F660010022C0F66001CC
:10BB1000C4E90921818CE2624FF406624FF4067099
:10BB2000A4F8602039B12822D1FA52F189B2B1F5D6
:10BB3000067F38BF084660860120A4F848002046EA
:10BB40000221C4F88850022500F08EF900287FF405
:10BB50009EADBBF1000F25751BD0314651F8080F83
:10BB6000A04214D0A8B1C2680146A2420ED082B150
:10BB7000D0681146A04209D058B1C2680146A2421D
:10BB800004D032B1D0681146A042EBD10C31E0684C
:10BB90000860F068E060F46003F04CFF0120307052
:10BBA000204601F019F9002040B203B0BDE8F08F43
:10BBB000FE2040B203B0BDE8F08F00BF00214FF679
:10BBC000FF7E43F6FE7C013293B27345434604BFC9
:10BBD0004CF20002CFF6FF72DF8A96B2B74219D05C
:10BBE000DB68002B3FF43AAFDF8AB74212D0DB6844
:10BBF000002B3FF433AFDF8AB7420BD0DB68002B5A
:10BC00003FF42CAFDF8AB74204D0DB68002BE3D1CE
:10BC100024E700BF614501F10101D4D940F20800D9
:10BC2000C2F2000002800020E082FE2040B203B099
:10BC3000BDE8F08F7463705F636F6E6E6563743A16
:10BC40002063616E206F6E6C7920636F6E6E65632A
:10BC5000742066726F6D20737461746520434C4F5D
:10BC6000534544007463705F636F6E6E6563743A2E
:10BC700020696E76616C6964206970616464720029
:10BC80007463705F636F6E6E6563743A20696E767D
:10BC9000616C696420706362000000002DE9F0436C
:10BCA00081B09946904607460C4668B3D4B303204A
:10BCB000FBF7FAFD002846D006460898042101EA61
:10BCC0008005B07220890021A842316074600CD2D6
:10BCD00042F61A3043F2BC43C0F6010040A1C0F660
:10BCE0000103B022F4F76EFB2089401B308120460F
:10BCF0001421FDF737F878B3304603F0D1F8002669
:10BD0000304601B0BDE8F08342F61A3043F2BC433E
:10BD1000C0F6010021A1C0F60103A322F4F752FBF3
:10BD2000002CC4D142F61A3043F2BC43C0F60100E5
:10BD300022A1C0F60103A422F4F744FB0320FBF781
:10BD4000B3FD0028B8D12046FDF73CFB0026304665
:10BD500001B0BDE8F08300BF70684168F88AF16007
:10BD6000F9F784FFF268398B10800846F9F77EFFF7
:10BD7000F16848804846F9F777FFF1684860052088
:10BD800000EB950048EA0030F9F770FFF168888110
:10BD900000204882304601B0BDE8F0837463705FD4
:10BDA0006372656174655F7365676D656E743A2073
:10BDB000696E76616C696420706362007463705FA1
:10BDC0006372656174655F7365676D656E743A2053
:10BDD000696E76616C6964207062756600000000AF
:10BDE000702D3E746F745F6C656E203E3D206F70E9
:10BDF000746C656E00000000B0B50D4604461AB1C3
:10BE00008DB92046B0BD00BF42F61A3043F2A703F9
:10BE1000C0F601000AA1C0F6010340F6C502F4F71E
:10BE2000D1FA002DEDD0A88C0028EAD02821D0FA34
:10BE300051F080B2844228BF04462046B0BD00BF06
:10BE40007463705F6566665F73656E645F6D737360
:10BE50005F6E657469663A20696E76616C6964200C
:10BE60006473745F697000002DE9F04182B00D4683
:10BE700011F00308044600F08F80002C00F09F8032
:10BE800005F002004700362039464FF42072FCF7D7
:10BE90009FFF002876D006464089B842C5F3400788
:10BEA0000CD242F61A3043F2BC43C0F601005EA148
:10BEB000C0F6010340F23A42F4F784FAE36D2046FB
:10BEC00031462A460097FFF7E9FE00285AD0064679
:10BED000007B80070CD042F61A3043F2BC43C0F618
:10BEE000010060A1C0F6010340F24242F4F76AFA91
:10BEF000308978B142F61A3043F2C75143F2BC435D
:10BF0000C0F60100C0F60101C0F6010340F2434251
:10BF1000F4F758FA274657F86C0F394668B100BF56
:10BF2000026801464AB11068114630B10268014604
:10BF30001AB1106811460028F2D10020B8F1000FA4
:10BF40000E60A4F8680009D0E06DE90700F1010077
:10BF5000E06503D0608B40F0200060837068FDF7DF
:10BF600099F8B4F8661008440104A4F8660003D0F8
:10BF7000206F08B9386888B3002040B202B0BDE82D
:10BF8000F08100BF608B40F080006083FF2040B2F2
:10BF900002B0BDE8F08100BF42F61A3043F2BA3178
:10BFA00043F2BC43C0F60100C0F60101C0F6010334
:10BFB00040F21242F4F706FA002C7FF461AF42F629
:10BFC0001A3043F2BC43C0F601000FA1C0F60103D2
:10BFD00040F21342F4F7F6F952E700BF42F61A3086
:10BFE00043F29F5143F2BC43C0F60100C0F6010189
:10BFF000C0F6010340F26642F4F7E4F9002040B2D3
:10C0000002B0BDE8F08100BF7463705F656E71754A
:10C010006575655F666C6167733A20696E76616C01
:10C0200069642070636200007463705F656E71758F
:10C030006575655F666C6167733A20636865636BFD
:10C04000207468617420666972737420706275660A
:10C050002063616E20686F6C64206F70746C656E15
:10C06000000000007365672D3E7463706864722081
:10C070006E6F7420616C69676E656400002808BF8C
:10C080007047B0B50446007D0D4601280CD142F63C
:10C090001A3043F2A703C0F6010006A1C0F601035F
:10C0A00040F60D02F4F78EF9C4F89050BDE8B040A8
:10C0B000704700BF696E76616C696420736F636B53
:10C0C000657420737461746520666F722065727286
:10C0D0002063616C6C6261636B0000002DE9F047C6
:10C0E00040F2B439C2F2000999F80100D9F80C40C5
:10C0F0000130002C89F8010000F07E804FF000082C
:10C1000006E000BFD9F80C40002C08BFBDE8F0875E
:10C11000A07F99F80110884202D1E76868E000BF6B
:10C12000608BA177C20709D040F0020060832046EF
:10C1300000F052FE608B20F003006083010721D5E0
:10C14000217D20F008000729608309D0042901D04F
:10C15000032917D1204602F06DFF28B905200CE015
:10C16000204602F067FF38B101300BD1608B40F000
:10C170000800608306E000BF09202075204600F01B
:10C180002BFE00BFA56FE76895B3D4F8846095F8DF
:10C190000DA089F80080C4F878805EB1206921463E
:10C1A0002A460023B04710F10D011BD0C0B240B1A8
:10C1B000A56717E02989204602F050FB2846FDF7C5
:10C1C00001F95FEA8A600DD5208DB0F5066F1CBFBE
:10C1D00001302085D4F8846026B1206921460022F0
:10C1E0000023B04799F8000000287FF48BAF00BF10
:10C1F000002F3C467FF48CAFBDE8F08710B50446B5
:10C20000007D01280ED142F61A3043F21C0143F2A0
:10C21000A703C0F60100C0F60101C0F60103D42255
:10C22000F4F7D0F801202146BDE81040FBF7B6B87E
:10C230002DE9F04F81B0002900F0988040F2443B96
:10C2400042F61A3843F2972943F2573A0C4605460C
:10C25000C2F2000BC0F60108C0F60109C0F6010ADF
:10C260007AB938E0C81BBBF808102289A5F8660027
:10C270005018ABF80800204602F012FE002E34469B
:10C2800074D0E0684068F9F7EFFCE1682689898995
:10C2900007460846F9F7EAFCDBF81810BA19511AF4
:10C2A000800718BF013100295BDCD4E90060FCF78E
:10C2B000F1FEB5F8661007468142D3D240464946A2
:10C2C00040F257425346F4F77DF8B5F86610C9E7D7
:10C2D000002E34464AD0E0684068F9F7C5FCE168B2
:10C2E0002689898907460846F9F7C0FCDBF818104B
:10C2F000BA19511A800718BF0131002931DCD4E97D
:10C300000060FCF7C7FEB5F866100746814208D208
:10C310004046494640F257425346F4F753F8B5F8C1
:10C320006610C81BBBF808102289A5F866005018D3
:10C33000ABF80800204602F0B3FDB5F8660000280F
:10C34000C6D0002EC4D142F61A3043F25733C0F69D
:10C35000010009A1C0F6010340F26242F4F732F88D
:10C360000024204601B0BDE8F08F00BF0024204625
:10C3700001B0BDE8F08F00BF7463705F72656365E4
:10C380006976653A2076616C6964207175657565BA
:10C39000206C656E6774680070B5456F002D08BF2E
:10C3A00070BD0446D5E90060002818BFFDF70AF803
:10C3B00003202946FAF7F2FF002E3546F2D100207D
:10C3C000606770BD80B5F3F74BFF40F2080140F4A1
:10C3D0004040C2F20001088080BD00002DE9F04F0E
:10C3E00083B0044660B942F61A3043F25733C0F6C0
:10C3F00001000FF23C51C0F601038322F3F7E2FF84
:10C400006189606840F24436C2F200061429F06087
:10C410000AD340F2947AC2F2000ADAF80010DAF88D
:10C420001400F8F7E5FB28B1204603B0BDE8F04F53
:10C43000FCF7C8BFDAF8140000F0F000E028F3D0F1
:10C44000F0688089F9F712FC3C2101EA9021142957
:10C45000EAD320898142E7D86289A1F11400002340
:10C460008A427080336149D2206860B942F61A303E
:10C4700043F25733C0F601000FF2CC41C0F601037E
:10C48000C222F3F79FFF20461421FDF7A3F961892B
:10C490007088B180471A2046BDB2FDF79BF920682D
:10C4A00041898D42C0D8416831612946FDF792F932
:10C4B00020896189C01B208169B142F61A3043F29C
:10C4C0005733C0F601000FF29041C0F60103DF229E
:10C4D000F3F778FF2089216880B20989884211D05A
:10C4E00042F61A3043F25733C0F601000FF274419E
:10C4F000C0F60103E022F3F765FF03E0B0802046B9
:10C50000FDF768F9F0680088F9F7B0FBF268518828
:10C5100010800846F9F7AAFBF26851685080084677
:10C52000F9F7A2FBF168486070618868F9F79CFB35
:10C53000F1688860C989B0610846F9F797FBF2682D
:10C540009189D0810846F9F791FB00F03F013170E5
:10C5500021898007F18005D0481C81B28142F0809A
:10C560007FF462AF40F2C030C2F2000000680028E1
:10C5700000F0B48042F61A3B43F2573743F2D92811
:10C580000025C0F6010BC0F60107C0F6010803E064
:10C59000E868002800F0A280A9460546007D38B171
:10C5A0000A280FD0012819D0287AF8B926E000BF50
:10C5B00058460FF2D031FB223B46F3F703FF287DAC
:10C5C0000A28EFD143F200315846C0F60101FC229F
:10C5D0003B46F3F7F7FE287D0128E5D15846414652
:10C5E000FD223B46F3F7EEFE287A38B1DAF8041064
:10C5F00091F830100131C9B28842C9D1F068298B55
:10C6000002889142C4D1E98A40888142C0D16868D9
:10C61000DAF810108842BBD12868DAF81410884282
:10C62000B6D1E868A8420FD142F61A3043F242214F
:10C6300043F25733C0F60100C0F60101C0F6010312
:10C6400040F20D12F3F7BEFEE868B9F1000F08D012
:10C6500040F2C031C2F20001C9F80C0008680D6058
:10C66000E860A8420FD142F61A3043F26D2143F23E
:10C670005733C0F60100C0F60101C0F6010340F2D5
:10C680001512F3F79FFE21890020B185F1687062D1
:10C6900031633178B4620907F0617070308103D57D
:10C6A000607B40F001006073A86F002800F0B0804C
:10C6B000284601F04BFB0D3007D0A86F002800F092
:10C6C000A780F088002800F0A380688D002840F043
:10C6D000EA80284602F008FCE5E000BF40F2C430E2
:10C6E000C2F200000568002D3ED042F61A3843F22F
:10C6F0002A3943F25737C0F60108C0F60109C0F6DF
:10C70000010701E0ED687DB3287D0A2806D0404688
:10C71000494640F21F123B46F3F754FE287A38B1DF
:10C72000DAF8041091F830100131C9B28842E9D129
:10C73000F068298B02889142E4D1E98A40888142DD
:10C74000E0D16868DAF810108842DBD12868DAF89E
:10C7500014108842D6D1284603F0DCF9204603B0F5
:10C76000BDE8F04FFCF72EBE40F2B83CC2F2000C20
:10C77000DCF800E0BEF1000F2CD0DAF80470DAF833
:10C780001480F3680020724602E000BFC26812B352
:10C7900001461046127A2AB197F830500135EDB2B1
:10C7A000AA42F3D1C28A5D88AA42EFD10268002A68
:10C7B00018BF4245EAD129B1C268CCF80000CA606E
:10C7C000C0F80CE000F0AEF9204603B0BDE8F04F31
:10C7D000FCF7F8BDF3689889F9F748FA40073FF588
:10C7E00023AEF068D6E90521F388478806880AF168
:10C7F00010001A44CDE900070AF114030020029644
:10C8000002F08CFA204603B0BDE8F04FFCF7DABD29
:10C810002846356200F0ACFF0D3044D07078000738
:10C8200030D432894AB1D5F8803023B128692946FD
:10C8300098470D3037D000203081284600F0B6F8F8
:10C8400088BBF06900284DD0A86F78B142F61A3045
:10C8500043F2BF2143F25733C0F60100C0F6010195
:10C86000C0F601034FF4F372F3F7ACFD688BC0061A
:10C8700024D4D5F884704FB32869F269294600237F
:10C88000B84729E0D5F890201AB128696FF00D015A
:10C89000904740F2C030C2F20000294600F056FE38
:10C8A0002846FFF7ABFCB06A0024F461346210B193
:10C8B000FCF788FDB46203B0BDE8F08FF069FCF7C7
:10C8C00081FD2846FEF7D4F8EDE700BFF2690020AD
:10C8D0002946002301F084FF20B1C0B2F328E2D042
:10C8E000F069A8677078800605D5A86F70B1417BA4
:10C8F00041F02001417300203062284600F056F8D4
:10C900000028D0D1284600F067FACCE7288DB0F592
:10C91000066F1CBF01302885D5F88470002FEAD03F
:10C920002869294600220023B8470D30BBD0E2E732
:10C930007463705F696E7075743A20696E76616CAD
:10C940006964207062756600702D3E6E6578742093
:10C95000213D204E554C4C00702D3E6C656E203DA7
:10C960003D203000702D3E746F745F6C656E203D0D
:10C970003D20702D3E6E6578742D3E746F745F6C33
:10C98000656E00007463705F696E7075743A206143
:10C990006374697665207063622D3E73746174659B
:10C9A00020213D20434C4F534544000010B540F238
:10C9B0004431C2F200014978C9065CBF002010BDB5
:10C9C0000446408BC00606D4D4F890201AB12069E2
:10C9D0006FF00E01904740F2C030C2F200002146D5
:10C9E00000F0B4FD2046FFF709FC012010BD000057
:10C9F0002DE9F04184B0044610B3206D0138F9F7F9
:10CA000033F9616A278BE38A668D02461020CDE9EF
:10CA1000007008460021029600F0EEFB002851D07D
:10CA20000546606A618D271D0144207AE162002875
:10CA30004ED0FBF739FE064600284ED1FC2458E0C4
:10CA400042F61A3543F2BC46C0F60105C0F60106AF
:10CA50002DA1284640F624023346F3F7B3FC5020BC
:10CA600000680138F9F700F943F274410746C0F64F
:10CA70000101284640F242723346F3F7A3FC162127
:10CA80000B8818214FF0240809882A26D8F80000BE
:10CA900035881022CDE9001200213A46029500F0B7
:10CAA000ABFB78B10546D8F800003188042708446C
:10CAB0002C2108600420F8F777FE08B30646002012
:10CAC000FF230CE0FF2460B204B0BDE8F08100BF9A
:10CAD0003846F8F769FE0646A0B1A07AE37A062147
:10CAE000CDE90001284621463A460296F8F7A2FA17
:10CAF00004462846FCF766FC60B204B0BDE8F0814D
:10CB0000FC24F6E7FC24F4E77463705F6B656570E2
:10CB1000616C6976653A20696E76616C6964207033
:10CB200063620000F0B583B040F24437C2F2000700
:10CB300039784A0704D40546C80603D4880719D4AF
:10CB400003B0F0BDF868D7E90521FB88478806885F
:10CB500040F29470C2F200001A4400F11003CDE9D3
:10CB6000003700F114032846029602F0D7F803B00C
:10CB7000F0BD00BF687DFDF787FF002856D0044652
:10CB800040F29470C2F20000D0E90401264646F853
:10CB9000040FF8682160E98A0088E18279692083BE
:10CBA00003202075481C6062E062204600F0A4F873
:10CBB000796960640139C4E91401A065E065687AA7
:10CBC000296900F00C00607240F2C030C2F200002F
:10CBD0002161297A0268E5672172E260046002F04F
:10CBE00029FF40F2B430C2F200000121017020465A
:10CBF00000F05CFBF868658EC089A4F86000A4F8BA
:10CC000062003046F8F7D0FD014628463246FFF76D
:10CC1000F3F8608620461221FFF726F990B12046EE
:10CC2000002103B0BDE8F040FDF710BEAB69002B5A
:10CC300086D0286900214FF0FF3203B0BDE8F040F4
:10CC4000184700BF204603B0BDE8F04000F0C4B86C
:10CC5000F0B581B088B30446006870B340F2B436D2
:10CC6000C2F20006F0680D4668BBB068B8BB25B3D9
:10CC7000286810B3706800B301682268914204BF4D
:10CC800029680160C068C0B101682268914204BF90
:10CC900029680160C06880B101682268914204BFC0
:10CCA00029680160C06840B101682268914204BFF0
:10CCB00029680160C0680028DED101B0F0BD00BF66
:10CCC000002F3846D1D021680268C7688A42F7D160
:10CCD0000121FDF7BBFDF3E7002F3846C7D02168DF
:10CCE0000268C7688A42F7D10121FDF7AFFDF3E77B
:10CCF0004020FDF7C9BE000080B560B942F61A3089
:10CD000043F2A703C0F6010009A1C0F6010340F6F3
:10CD1000AF02F3F757FB40F2B43040F20801C2F221
:10CD20000000C2F2000140694A681044486080BDBA
:10CD30007463705F6E6578745F6973733A20696EAF
:10CD400076616C696420706362000000F0B581B0A8
:10CD50000446C0680D468089F8F788FFC00723D1D4
:10CD600055B340F24437C2F2000705E02E6828466A
:10CD700002F096F83546FEB1EA6878692389516871
:10CD80002E8903440E449E1B1AD49089F8F76EFF37
:10CD9000C007EBD0E06886890120F8F767FFE168FB
:10CDA00030438881E2E700BF284602F089F8002579
:10CDB000256001B0F0BD00BF0025256001B0F0BDC9
:10CDC0005A1A012AF4DB091A6068218189B2FCF73A
:10CDD00053FC256001B0F0BD2DE9F04F85B004464D
:10CDE000002851D0207D01280DD142F61A3043F29F
:10CDF000BC43C0F601000FF2AC31C0F6010340F2B3
:10CE0000E442F3F7DFFA40F26430C2F20000006857
:10CE1000A0424BD0B4F86000B4F84880E66E4045BC
:10CE200038BF804636B3207A271D002844D0FBF750
:10CE30003BFC0546002845D0206808B9686820609A
:10CE4000F0684068F8F710FF616C3289401A1044AE
:10CE500040453DD9B4F8600080450BD1206F48B9FA
:10CE600094F8990030B94FF48070A4F8980000202D
:10CE700084F89A00608B800740F17781204605B0E6
:10CE8000BDE8F04F02F030B842F61A3043F2BC432E
:10CE9000C0F60100BDA1C0F6010340F2E142F3F784
:10CEA00091FA207D0128A0D0ADE700BF002040B25C
:10CEB00005B0BDE8F08F00BF3846F8F775FC0546B1
:10CEC0000028B9D1FC2040B205B0BDE8F08F00BF0A
:10CED000A2465AF8700F002104958AF8291068B10B
:10CEE00001688346A9B108688B4690B10168834602
:10CEF00079B108688B460028F2D10AE04FF0000BA8
:10CF000007E000BF304601F0CBFFE66E002E00F0D8
:10CF10002981F0684068F8F7A7FE616C3289401AF1
:10CF20001044404500F21C81F0688089F8F79EFEAD
:10CF300040070CD542F61A3043F2BC43C0F601005C
:10CF4000A2A140F23752C0F60103F3F73BFADAF838
:10CF5000000020B1608B10F0440F00F0BD80207DF8
:10CF6000022807D0F06885891020F8F77FFEF16865
:10CF7000284388817068807B012867D1606AF8F750
:10CF800073FEF268618D90600846F8F76FFEF568F1
:10CF9000618DE881606AB27A0844D107E06201D10C
:10CFA00014350BE004994FF406703A46FEF724FF5F
:10CFB00000F10170F8F758FE68611835B4F93000D7
:10CFC000B946B0F1FF3FDCBF00202086606B50B94E
:10CFD000F06840F2C831C2F200010968406861633C
:10CFE000F8F742FEA0637068F168426843890789D8
:10CFF0008A1A9B1ABA1A0281B27A438102F001029C
:10D0000001EB8202143295424FF0000241600A8225
:10D010000DD042F61A3043F2BC43C0F6010071A1B4
:10D0200040F21C62C0F60103F3F7CCF97068A17AF4
:10D03000E37A009106210191049D21464A464F461C
:10D040000295F7F7F7FF002840F09880207D3168BF
:10D050000228E16603D0608B20F003006083F06853
:10D060004068F8F701FEF1683589898981460846EC
:10D07000F8F7FCFD8007206D09EB050118BF0131B1
:10D08000401AB0F1FF3FD8BF2165F068358980892B
:10D09000F8F7ECFD10F0030018BF4FF0FF308542A9
:10D0A0003FF430AFDAF8000000284FF000003060A5
:10D0B0002CD0F0684068F8F7D7FDDBF80C10054677
:10D0C00049680846F8F7D0FD281AB0F1FF3F21DD86
:10D0D000CBF80060B34618E7E16E41B10A68002A58
:10D0E0007FF43DAF0989628E9142BFF438AFB4F846
:10D0F000641000293FF433AFB4F8661008293FF6F6
:10D100002EAF10F0A0007FF42AAF29E0CAF800602B
:10D11000B346FAE6DAF80010C1B1B946574600BF87
:10D12000C8684068F8F7A0FDF168054649680846F8
:10D13000F8F79AFD291A3868B1F1FF3F0ADC016857
:10D1400007460029ECD1002106E000BF002150462F
:10D1500003E000BF014638464F4631600660D4E622
:10D16000E06E10B90020A4F86800608B20F0800009
:10D170006083002040B205B0BDE8F08F618B41F0C4
:10D180008001618340B205B0BDE8F08F7463705FC9
:10D190006F75747075743A20696E76616C6964207D
:10D1A00070636200646F6E27742063616C6C20741E
:10D1B00063705F6F757470757420666F72206C6930
:10D1C0007374656E2D7063627300000052535420B7
:10D1D0006E6F74206578706563746564206865722D
:10D1E000652100006F7074696F6E73206E6F74201C
:10D1F00066696C6C656400002DE9F04F81B0834670
:10D2000001F11400164681B222204FF420721F460D
:10D21000FBF7DEFD044660B36089DDE90BA8DDF8AD
:10D22000289013280CD842F61A3043F2BC43C0F6BB
:10D23000010012A1C0F6010340F22472F3F7C2F814
:10D2400065683846F8F712FD28804846F8F70EFD65
:10D25000688058466E60F8F707FDA8600AF5A040A0
:10D26000F8F704FDA8814046F8F700FDE8810020AA
:10D270002861204601B0BDE8F08F00BF6368656398
:10D280006B207468617420666972737420706275B3
:10D29000662063616E20686F6C64207374727563BE
:10D2A00074207463705F686472000000F0B540F22F
:10D2B0004431C2F20001B1F802C0BCF1000F71D0DC
:10D2C000D1E903628B8806F1140E0021022403E0E9
:10D2D00029468DB2654565D28DB21EFA81F69D4212
:10D2E0003546A1EB030728BF52FA87F5002A08BF8D
:10D2F00035462E784D1C012EEAD0022E14D0002E79
:10D3000050D0AEB21EFA85F79E423E46A5EB03050D
:10D3100028BF52FA85F6002A08BF3E463578022D0E
:10D3200040D32944D5E700BFAEB21EFA85F79E422E
:10D330003E46A5EB030528BF52FA85F6002A08BF32
:10D340003E463578042D2DD18D1C14FA85F66645A0
:10D3500088BFF0BDAEB201F103058AB1F71A52FAE7
:10D3600087F738BF0EEB06073E780431AFB23602BE
:10D370009F4226BFED1A52FA85F51EFA85F505E0A3
:10D380001EF80660043136021EFA85F52D78354305
:10D39000A5F2192616F5067F38BF4FF406754586A7
:10D3A00097E700BFF0BD0000F0B581B01C461746FE
:10D3B0000D46064623B1BD42294610D326E000BFE4
:10D3C00042F61A3043F2BC43C0F6010020A1C0F679
:10D3D0000103E822F2F7F6FFBD42294616D207986C
:10D3E00080070BD40698418B490629460ED408992C
:10D3F00021B1C16E11B9006F294638B105F21B2069
:10D4000020F00300B84238BF0746394689B230469B
:10D410004FF42072FBF7DCFC0646B0B1306878B1FF
:10D4200042F61A3043F26D5143F2BC43C0F601009C
:10D43000C0F60101C0F6010340F20B12F2F7C2FF81
:10D440007089401B208035817581304601B0F0BD68
:10D450007463705F706275665F707265616C6C6F2B
:10D46000633A20696E76616C6964206F76657273C9
:10D47000697A650000284DD070B50446007D0A2801
:10D4800007D8012101FA00F040F20341084218BF19
:10D4900070BDA06F18B1FBF795FF0020A067656F06
:10D4A0007DB100BFD5E90060002818BFFBF78AFFF7
:10D4B00003202946F9F772FF002E3546F2D10020ED
:10D4C0006067E56E4FF6FF70208665B1D5E90060B4
:10D4D000002818BFFBF776FF03202946F9F75EFF07
:10D4E000002E3546F2D1256F6DB100BFD5E9006041
:10D4F000002818BFFBF766FF03202946F9F74EFF07
:10D50000002E3546F2D10020C4E91B00A4F86800C3
:10D5100070BD00BF42F61A3043F2A703C0F6010007
:10D5200003A1C0F6010340F65102F2F74BBF00BF62
:10D530007463705F7063625F70757267653A2069CB
:10D540006E76616C6964207063620000B0B50C4651
:10D55000054629B19DB12868A04221D136E000BF1F
:10D5600042F61A3043F2A703C0F601003CA1C0F610
:10D57000010340F68302F2F725FF002DEBD142F6BE
:10D580001A3043F2A703C0F601003CA1C0F6010324
:10D5900040F68402F2F716FF2868A04216D000BFBA
:10D5A000B0B1C2680146A2420ED08AB1D06811461D
:10D5B000A04209D060B1C2680146A24204D03AB18B
:10D5C000D0681146A042EBD101F10C05E06828605B
:10D5D0000020E0602046FFF74DFF207D01280BD0A2
:10D5E0000A2809D0608BC10708D040F00200608390
:10D5F0002046FFF7F1FB207D01282CD0E06E60B1C2
:10D6000042F61A3043F2A703C0F6010023A1C0F688
:10D61000010340F69302F2F7D5FE206F60B142F6A7
:10D620001A3043F2A703C0F6010022A1C0F601039D
:10D6300040F69402F2F7C6FE606F60B142F61A300F
:10D6400043F2A703C0F6010021A1C0F6010340F692
:10D650009602F2F7B7FE00202075E082B0BD00BF51
:10D660007463705F7063625F72656D6F76653A2098
:10D67000696E76616C696420706362007463705FC8
:10D680007063625F72656D6F76653A20696E766170
:10D690006C6964207063626C69737400756E736585
:10D6A0006E74207365676D656E7473206C65616B55
:10D6B000696E6700756E61636B6564207365676D85
:10D6C000656E7473206C65616B696E6700000000A5
:10D6D0006F6F736571207365676D656E7473206C11
:10D6E00065616B696E670000C0B170B50546007D6D
:10D6F00014460E4601280CD142F61A3043F2A70315
:10D70000C0F601000CA1C0F6010340F63E02F2F79C
:10D7100059FEC5F88C606C7770BD00BF42F61A30B8
:10D7200043F2A703C0F601000BA1C0F6010340F6C7
:10D730003D02F2F747BE00BF696E76616C696420F6
:10D74000736F636B657420737461746520666F72A8
:10D7500020706F6C6C0000007463705F706F6C6C95
:10D760003A20696E76616C69642070636200000023
:10D770002DE9F04184B040F24438C2F2000898F834
:10D7800000700446790733D417F0020504D0207DD9
:10D7900000F0FE00022866D1608BC00605D440F27E
:10D7A000C830C2F200000068206200262046A4F8BB
:10D7B0009A60FFF77BFD207D0238072813D8DFE849
:10D7C00010F07B00EB0009005B001D0109005F0108
:10D7D000FF0000BF204600F01FFB98F80100800604
:10D7E00000F12882002670B204B0BDE8F08100BFCD
:10D7F000217D02290AD1D8F81800216D884219D05C
:10D80000002670B204B0BDE8F08100BFD8F8140063
:10D81000626A90421ED169B942F61A3043F2573318
:10D82000C0F601000FF2B841C0F601034FF44E728A
:10D83000F2F7C8FD98F80100618B40F0080088F805
:10D84000010021F001006083F22670B204B0BDE84F
:10D85000F08100BF811A00F14981218D1144401AE5
:10D86000002800F34381608B002640F002006083B3
:10D8700070B204B0BDE8F081204600F0CDFA98F80F
:10D88000010098F80010800601F0100000F13481CA
:10D89000002800F02B81D8F81800216D884240F054
:10D8A0002581E06E0026002804BF0620207570B296
:10D8B00004B0BDE8F08100BF07F01200122840F06C
:10D8C0001381616CD8F818000131884240F00C8156
:10D8D000D8F81410D8F80C206064481ED28960650E
:10D8E0000420261D4B1C2075658E30466362E36262
:10D8F000A4F86020A4F86220F7F756FF01462846F6
:10D900003246FEF779FA40F68E0141F21C1260862B
:10D91000884288BF4200B4F86610B2EB800F88BF1F
:10D920008200A4F8482079B942F61A3043F25733FE
:10D93000C0F601000FF2E831C0F601034FF45B724C
:10D94000F2F740FDB4F86610254655F8700F01391E
:10D9500025F80A1C294628B9214651F86C0F0028E1
:10D9600000F0B08102680A6001F09AFA2868002885
:10D970001ABF002084F842004FF6FF70D4F88830B8
:10D980002086002B3FF46FAF206921460022984784
:10D990000D307FF468AF59E1F80600F1C380002D27
:10D9A00000F0A480606AD8F814100138814204BFE6
:10D9B000204600F0DFFF002670B204B0BDE8F08121
:10D9C000204600F029FA98F80000C00640F18E8049
:10D9D000D8F81800216D884240F08880E06E002859
:10D9E00040F0848098F80100002640F0100088F88C
:10D9F000010070B204B0BDE8F08100BF204600F025
:10DA00000BFA98F80100800670D5608B40F0020098
:10DA100060832046FFF72EFD40F2C031C2F20001C4
:10DA20000868A04214D0A8B1C2680146A2420ED034
:10DA300082B1D0681146A04209D058B1C2680146EF
:10DA4000A24204D032B1D0681146A042EBD10C31D1
:10DA5000E068086040F2B430C2F2000001210170B9
:10DA600040F2C431C2F200010A680A202075E26067
:10DA70000C6001F0DFFF002670B204B0BDE8F08159
:10DA8000204600F0C9F998F80000C0062ED5D8F855
:10DA90001800216D884229D1E06E38BB2046FFF77F
:10DAA000E9FC40F2C031C2F200010868A04218D07F
:10DAB0000028CFD0C2680146A24211D0002AC9D0A6
:10DAC000D0681146A0420BD00028C3D0C2680146DE
:10DAD000A24205D0002ABDD0D0681146A042E7D1AD
:10DAE0000C31E0680860B5E7F80641D4002670B252
:10DAF00004B0BDE8F08100BF40B1D8F81800216D36
:10DB0000884203D1E06E002800F0AE80608B0026D2
:10DB100040F0020060830820207570B204B0BDE8B8
:10DB2000F08100BF606CD8F81810C043401803D4CF
:10DB3000206D081A002841DDD8F80C00D8F8142010
:10DB4000B8F806304788068840F29470C2F20000A8
:10DB50001A4400F11003CDE9003700F11403204608
:10DB6000029601F0DBF8002670B204B0BDE8F08147
:10DB7000D8F80C00D8E90521B8F80630478806889F
:10DB800040F29470C2F200001A4400F11003CDE993
:10DB9000003700F114032046029601F0BFF894F814
:10DBA0004200002605283FF61EAE2046268600F0DD
:10DBB0008FFF70B204B0BDE8F08100BFE06F0421B8
:10DBC0000028217548D083697BB942F61A3043F2A8
:10DBD0005733C0F601004AA1C0F601034FF46A7240
:10DBE000F2F7F0FBE06F8369B3B3206921460022AE
:10DBF000984710F10D0129D070BB204600F00CF9B8
:10DC0000B8F8080040F68E0100281CBF0138A8F8BB
:10DC10000800608E41F21C12884288BF420098F8CA
:10DC20000110B2EB800F88BF82008806A4F848205C
:10DC30007FF55CAF608B002640F002006083072018
:10DC4000207570B204B0BDE8F08100BFF32670B259
:10DC500004B0BDE8F08100BF2046FCF709FFF326C1
:10DC600070B204B0BDE8F081608B40F002006083C8
:10DC70002046FFF7FFFB40F2C031C2F20001086806
:10DC8000A0421CD000283FF4E5AEC2680146A24283
:10DC900014D0002A3FF4DEAED0681146A0420DD069
:10DCA00000283FF4D7AEC2680146A24206D0002A3F
:10DCB0003FF4D0AED0681146A042E3D10C31E06809
:10DCC0000860C7E642F61A3043F25733C0F6010047
:10DCD00019A1C0F601034FF45D72F2F773FB00BFA8
:10DCE0007463705F696E7075743A207063622D3E64
:10DCF000737461746520213D20434C4F53454400AB
:10DD00007063622D3E6C697374656E65722D3E6141
:10DD1000636365707420213D204E554C4C0000001B
:10DD20007063622D3E736E645F71756575656C65B9
:10DD30006E203E20300000006E6F207365676D65B9
:10DD40006E7420746F20667265650000F0B581B056
:10DD5000B0B1856FD0F884606F7B04460020A06767
:10DD600006B3206921462A460023B04710F10D0171
:10DD70003AD0C0B2E8B1A567FB2460B201B0F0BDF3
:10DD800042F61A3043F2A703C0F6010018A1C0F60C
:10DD9000010340F20962F2F715FBF02460B201B012
:10DDA000F0BD00BF2989204600F058FD2846FBF74A
:10DDB00009FBB80614D5208DB0F5066F1CBF0130E5
:10DDC0002085D4F884705FB12069214600220023A9
:10DDD0000024B8470D3008BFF32460B201B0F0BD95
:10DDE000002460B201B0F0BDF32460B201B0F0BD18
:10DDF0007463705F70726F636573735F726566756D
:10DE00007365645F646174613A20696E76616C6900
:10DE100064207063620000002DE9F04F81B0044679
:10DE2000007D03280DD842F61A3043F25733C0F66E
:10DE300001000FF6C401C0F6010340F27C42F2F784
:10DE4000C1FA40F2443AC2F2000A9AF80000C00651
:10DE50006ED5606DDAF81430B4F86070A66DC11A32
:10DE60000FD4DAF81820984201D1B01A09D496429A
:10DE700028D1DAF80C003946C0893246B84230461B
:10DE80000FD9DAF80C00C189B4F86200A4F8601068
:10DE9000884238BFA4F86210DAF818000246C4E9D4
:10DEA0001530656C531B002B12DDE843801804D439
:10DEB000206D101A002840F38B80204601F014F8E2
:10DEC0002DE000BF39463046656C531B002BECDC5F
:10DED000BAF8063003BBF319084498421CD1B4F9D0
:10DEE0003000002818D4AA4216D194F84300FF2825
:10DEF00005D0411C032884F84310C0F08F83B4F987
:10DF00003200B4F9481091FA50F0A4F848002046C5
:10DF100000F090FD03E000BF002084F84300606B38
:10DF200030B1A16BDAF81820891AB1F1FF3F1BDD7F
:10DF3000BAF80610D1B3207D062837D8DAF81400D5
:10DF4000626AC3439B1804D40144511A0131002969
:10DF50006EDD811AB1F1FF3F00F3DB80608B40F092
:10DF600002006083DBE000BF40F2C831C2F2000172
:10DF70000968B4F93C200027A7EBD206081A10FA6A
:10DF800086F0B4F93E3011180AB2A187010448BFE7
:10DF90004042A0EB93001844E08700EBD200A4F8C5
:10DFA00040006763BAF806100029C4D1DAF81400FB
:10DFB000616A421A05D4228D1144401A01300128A9
:10DFC00003DB608B40F00200608301B0BDE8F08F9E
:10DFD000618B480709D5B4F84A0021F00401A4F880
:10DFE000480000206183A4F86A00B4F93C00E78F80
:10DFF000002507EBD000277DA4F84250042FA4F899
:10E0000040006264C0F0A982B4F84800B4F84A2025
:10E01000904280F0918209059AB24FF00101638E1F
:10E0200058BF0221594389B28A4238BF114690E253
:10E03000DAF82850171A6DB942F61A3043F25733FE
:10E04000C0F601000FF2CC61C0F6010340F2945219
:10E05000F2F7B8F94FF6FF7087420DD342F61A3047
:10E0600043F25733C0F601000FF2B861C0F6010366
:10E0700040F29552F2F7A6F9DAF82800BEB200890C
:10E08000864210D942F61A3043F25733C0F60100E7
:10E090000FF2A061C0F6010340F29752F2F792F935
:10E0A000DAF828000089BAF82C106A89C91B964250
:10E0B000AAF82C1022D9C01B002100BF2881698139
:10E0C0002D68B21A6B8996B29E4217D92881698150
:10E0D0002D68D21A6B8996B29E420FD92881698128
:10E0E0002D68D21A6B8996B29E4207D92881698120
:10E0F0002D68D31A6A899EB29642DFD828463146E7
:10E10000FBF768FB626ADAF83000CAF81420426054
:10E110001046238D411C1344CB1A002B06DD2046EC
:10E1200001B0BDE8F04F00F0DFBE00BF904240F00C
:10E130005581DAF83000BAF82C508089F7F796FD4F
:10E14000800718BF0135208DA9B28142AAF8065078
:10E150004DD9DAF830008089F7F788FDDAF83020F9
:10E1600001469089C9070BD020F47C55F7F77EFD56
:10E1700000F03E00F7F77AFDDAF830102843888186
:10E18000218DAAF82C10F7F771FDBAF82C10800732
:10E1900044BF0139AAF82C10DAF8280089B2FBF73D
:10E1A0006BFADAF83000BAF82C508089F7F75EFD88
:10E1B000616A228D800701EB0200DAF8141018BFA3
:10E1C000013511FA85F18142AAF806500FD042F6C6
:10E1D0001A3043F20B2143F25733C0F60100C0F668
:10E1E0000101C0F6010340F2CC52F2F7EBF8606F88
:10E1F00068B1DAF830008089F7F738FD656FC0073D
:10E2000040F0AC80002D40F0BB8000256567DAF857
:10E210001420BAF80600218D02448142626212D2B3
:10E2200042F61A3043F2C71143F25733C0F60100E9
:10E23000C0F60101C0F6010340F20762F2F7C2F82E
:10E24000BAF80600218D081A2085204601F0C2FC8C
:10E25000DAF82800018900291EBFCAF81C00002036
:10E26000CAF82800DAF830008089F7F7FFFCC00709
:10E2700005D09AF8010040F020008AF80100656F8F
:10E28000002D00F04B8143F2E61943F2573BC0F6F4
:10E290000109C0F6010B002609E000BF286860678D
:10E2A000284600F0FDFD656F002D00F03781E8681D
:10E2B000626A4168914240F0318180892F89CAF8B1
:10E2C0001410F7F7D3FC616A8007394418BF013195
:10E2D000E868278D8089B5F808806162F7F7C6FC89
:10E2E000800718BF08F10108B84509D942F61A306D
:10E2F000C0F60100494640F22C625B46F2F762F834
:10E30000E8682F898089F7F7B1FC218D8007A1EBA0
:10E310000701204618BF0139218501F05BFC6968BF
:10E32000088940B1DAF81C0000280CBFCAF81C109C
:10E33000FAF746FE6E60E8688089F7F797FCC00739
:10E34000ACD09AF80100217D40F0200004298AF821
:10E35000010004BF07202075A0E700BF002D3FF497
:10E3600056AF28686067284600F09AFD656FF5E7AC
:10E370002E68284600F094FD002E35463FF445AF48
:10E38000EA68DAF81400BAF8063051682F890344B5
:10E390000F44DF1B00F146819089F7F767FCC00747
:10E3A000E6D0DAF830008089F7F760FC8007DFD428
:10E3B000DAF8300086890120F7F758FCDAF83010D7
:10E3C00030438881BAF82C6080B2F7F74FFC8007A1
:10E3D00018BF0136AAF80660CAE700BFA04658F881
:10E3E000746F002E00F0EC80002500BF002E3FF47B
:10E3F00096AEF26837465368984200F0FD804DB102
:10E40000EE687668F643361809D4CE1A002E06DC7C
:10E4100044E100BFC61AB6F1FF3F40F35B813E689E
:10E420003D46002EE2D1C31A012B3D46DEDB90892A
:10E43000F7F71CFCC0077FF472AE0AF1240000F06D
:10E44000FFFC002838603FF46AAEF8683A894168FA
:10E45000DAF814000A44121A012A07DB411A786814
:10E46000398189B2FBF708F9DAF81400BAF8061016
:10E47000626A238D0844D118401A0128FFF64FAE76
:10E480003868C0688089F7F7F1FB3968C0070DD09C
:10E49000C868808920F47C55F7F7E8FB00F03E005F
:10E4A000F7F7E4FB39682843CA689081606A228DD7
:10E4B000DAF814301044C21A48680A8191B2FBF7A6
:10E4C000DBF83868C16805898889F7F7CFFB616A8E
:10E4D000228D800701EB0200DAF8141018BF013515
:10E4E00011FA85F18142AAF806503FF418AE42F6BF
:10E4F0001A3043F20B2143F25733C0F60100C0F645
:10E500000101C0F6010340F2F962F1F75BFF20461A
:10E5100001B0BDE8F04F00F0E7BC00BF608BC10761
:10E520000EBF40F0010040F0020020F001006083C7
:10E5300001B0BDE8F08F00BFB4F96A1091FA53F151
:10E540008AB28242A4F86A1007D30A1A618EA4F82C
:10E550006A2090FA51F0A4F84800D4E91B21204623
:10E56000FDF766FEE16E024620672046FDF760FE7D
:10E57000216F0022E066002908BF4FF0FF3222869B
:10E580000028257704BF0022A4F86820B4F864307E
:10E59000BAF80870628B3B441705A4F864307FF525
:10E5A000BEACC9B1C868E56C4068F7F75DFB281AD6
:10E5B00000283FF7B4AC608B20F400606083AEE4C9
:10E5C0000AF1240000F03CFCC8F80000204601B02D
:10E5D000BDE8F04F00F088BC48B1C068E56C406809
:10E5E000F7F742FB281A00283FF799AC628B22F418
:10E5F0000060608393E400BFBAF82C003989884238
:10E600007FF68DAD0AF1240000F01AFC00283FF4DB
:10E6100086AD002D18BFA84663E000BF02283FF476
:10E6200076AC7CE45A1A012AFFF6F0ADDAF8302015
:10E63000091A9089AAF82C10F7F718FBBAF82C10D1
:10E64000800744BF0139AAF82C10DAF8280089B2F3
:10E65000FBF712F8DAF83000BAF82C608089F7F787
:10E6600005FB800718BF0136E868DAF81410406827
:10E6700011FA86F18142AAF806603FF4C7AD42F66E
:10E680001A3043F25733C0F601002EA1C0F6010341
:10E6900040F2FD52F1F796FEB8E500BF0AF1240002
:10E6A00000F0CEFB00283FF43AAD8046E8682A89A6
:10E6B0004068DAF814100244521A012A05DB091ADC
:10E6C0006868298189B2FAF7D7FFC5F8008040460B
:10E6D00009E000BF0AF1240000F0B2FB00283FF47B
:10E6E0001EADC8F800003946FEF730FB204601B0E9
:10E6F000BDE8F04F00F0F8BB7463705F726563654E
:10E700006976653A2077726F6E67207374617465FD
:10E7100000000000696E7365672E7020213D204E59
:10E72000554C4C00696E73616E65206F666673654B
:10E73000742100007062756620746F6F2073686FBB
:10E74000727421007463705F726563656976653AFF
:10E75000207365676D656E74206E6F7420747269C6
:10E760006D6D656420636F72726563746C7920747B
:10E770006F206F6F7365712071756575650A000094
:10E78000002808BF7047B0B50446007D0D4601283B
:10E790000CD142F61A3043F2A703C0F6010006A1DD
:10E7A000C0F6010340F2DF72F1F70CFEC4F88450AA
:10E7B000BDE8B040704700BF696E76616C69642047
:10E7C000736F636B657420737461746520666F7218
:10E7D00020726563762063616C6C6261636B00001C
:10E7E00010B559B11446CAB122890846114600F045
:10E7F00035F82046FAF7E6FD11E000BF42F61A3080
:10E8000043F2A703C0F601000DA1C0F601034FF4C7
:10E81000D362F1F7D7FDF02040B210BD13B1002054
:10E8200040B210BD087D012803D0488B40F0100095
:10E83000488308460121BDE81040FCF797BD00BFA2
:10E840007463705F726563765F6E756C6C3A206995
:10E850006E76616C6964207063620000B0B5E8B3E5
:10E860000446007D0D4601280CD142F61A3043F2D1
:10E87000A703C0F601002FA1C0F6010340F2D33276
:10E88000F1F7A0FD208D284481B28142084618BFCF
:10E890004FF40660B1F5066F88BF4FF40660658ED1
:10E8A000626AE16AB5F5866F28BF4FF48665131872
:10E8B0000D445D1BB5F1FF3F20851FDD591AB1F5F1
:10E8C000067F608538BFB0BD608B40F002012046F6
:10E8D0006183BDE8B040FEF77FBA00BF42F61A3050
:10E8E00043F2A703C0F601001CA1C0F6010340F2E9
:10E8F000CF32BDE8B040F1F765BD00BF501A012826
:10E9000002DB00206085B0BD8D1AB5F5803F0FD3C6
:10E9100042F61A3043F2D60143F2A703C0F60100D3
:10E92000C0F60101C0F6010340F2B632F1F74AFD2C
:10E930006585B0BD646F6E27742063616C6C207454
:10E9400063705F72656376656420666F72206C69C0
:10E950007374656E2D706362730000007463705F82
:10E960007265637665643A20696E76616C696420CD
:10E9700070636200F0B581B0044618B1266F86B9A5
:10E9800030E000BF42F61A3043F2BC43C0F601004B
:10E9900022A1C0F6010340F2C162F1F713FD266F18
:10E9A00006B37068807B01281CD1274657F86C0F8E
:10E9B00031687960D0B100BFC0684068F7F754F99A
:10E9C000F168054649680846F7F74EF9281A39688C
:10E9D000B0F1FF3F0CDC08680F460028ECD10020A6
:10E9E0000F4606E0FA2040B201B0F0BD002000E082
:10E9F000084630603E603068002804BF0020A4F85C
:10EA0000680094F84200FF281CBF013084F84200DF
:10EA10000020606340B201B0F0BD00BF7463705F5E
:10EA20007265786D69743A20696E76616C696420EC
:10EA30007063620010B5044610B1206F80B910BD3C
:10EA400042F61A3043F2BC43C0F6010018A1C0F6EA
:10EA5000010340F2F962F1F7B5FC206F0028EED017
:10EA6000608B400748BF10BD2046FFF783FF00289A
:10EA7000E5D1B4F84800B4F86030984238BF034696
:10EA8000608E59084200B2EB530FA4F84A1084BFBD
:10EA9000A4F84A20114600EB40000844618BA4F81A
:10EAA000480041F0040060830020208610BD00BFB4
:10EAB0007463705F7265786D69745F666173743AD0
:10EAC00020696E76616C69642070636200000000EA
:10EAD000F0B581B0044618B3206F002875D00168E6
:10EAE0000546002941D005466A68927B012A6CD10F
:10EAF0000D68CDB34968897B012966D12968A1B326
:10EB00006A68927B012A60D10D68002D58D049684F
:10EB1000897B012959D129680029E5D125E000BF69
:10EB200042F61A3043F2BC43C0F6010028A1C0F6F9
:10EB3000010340F2AD62F1F745FC002000F076F8E9
:10EB4000002842D142F61A3043F2994143F2BC43C5
:10EB5000C0F60100C0F60101C0F601034FF4D36214
:10EB6000F1F730FC1FE000BF0D466968897B012981
:10EB70002BD1E16EE0662960618B002641F40060D4
:10EB80006083E86826674068F7F76EF8E9682F89C0
:10EB9000898905460846F7F769F8E919800718BF1B
:10EBA0000131E164666394F84200FF281CBF013024
:10EBB00084F84200204601B0BDE8F040FEF70CB9F1
:10EBC0000D466968897B0129D3D001B0F0BD00BF33
:10EBD0007463705F7265786D69745F72746F3A20E8
:10EBE000696E76616C6964207063620010B50446DA
:10EBF00078B942F61A3043F2994143F2BC43C0F669
:10EC00000100C0F60101C0F601034FF4D362F1F731
:10EC1000D9FB94F84200FF281CBF013084F8420061
:10EC20002046BDE81040FEF7D7B80000F0B581B02F
:10EC3000044618B1206F88B959E000BF42F61A3077
:10EC400043F2BC43C0F601002BA1C0F6010340F221
:10EC50006362F1F7B7FB206F002848D001680546D2
:10EC6000C9B105466A68927B012A40D10D689DB3FF
:10EC70004968897B01293AD1296861B16A68927B28
:10EC8000012A34D10D686DB34968897B01292ED1E1
:10EC900029680029E6D16968897B012927D1E16EBD
:10ECA000E0662960618B002641F400606083E868BB
:10ECB00026674068F6F7D8FFE9682F8989890546F5
:10ECC0000846F6F7D3FFE919800718BF0131E16460
:10ECD000666370B201B0F0BD0D466968897B012999
:10ECE00005D1DCE70D466968897B0129D7D0FA2672
:10ECF00070B201B0F0BD00BF7463705F7265786D73
:10ED000069745F72746F5F707265706172653A20CA
:10ED1000696E76616C696420706362002DE9F0476A
:10ED200084B00E9EDDE90C94984617460D46824647
:10ED300083B3B9F1000F0CD142F61A3043F2BC4351
:10ED4000C0F6010037A1C0F6010340F2C572F1F729
:10ED500039FB2846F6F788FF024646F208001421E0
:10ED6000CDE901103846002123460096FEF744FA0B
:10ED700010B30746BAF1000F22D09AF8080048B342
:10ED8000F9F792FC044658BB384604B0BDE8F0479A
:10ED9000FAF718BB42F61A3043F2BC43C0F6010042
:10EDA00019A1C0F6010340F2C472F1F70BFBB9F1EF
:10EDB000000FCED1C0E700BF04B0BDE8F08700BFB0
:10EDC0004846F6F7F1FC0028DED004460020FF2379
:10EDD0000AE000BF4846F6F7E7FC04460028D3D017
:10EDE0009AF80A009AF80B300621CDE9000138465E
:10EDF00041464A460294F6F71DF9384604B0BDE88C
:10EE0000F047FAF7DFBA00BF7463705F7273743A49
:10EE100020696E76616C6964206C6F63616C5F69F8
:10EE2000700000007463705F7273743A20696E76CC
:10EE3000616C69642072656D6F74655F6970000054
:10EE4000B0B5044660B942F61A3043F2A703C0F6E3
:10EE500001000CA1C0F6010340F28262F1F7B2FAA0
:10EE60000320F8F721FD054648B121686068E26893
:10EE7000A368EA60AB6029606860FAF789FC2846FD
:10EE8000B0BD00BF7463705F7365675F636F707957
:10EE90003A20696E76616C696420736567000000D2
:10EEA000002808BF704710B504464068002818BF06
:10EEB000FAF788FA03202146BDE81040F8F76EBA49
:10EEC000B0B5002808BFB0BD044600BFD4E900506B
:10EED000002818BFFAF776FA03202146F8F75EFA01
:10EEE000002D2C46F2D1B0BD2DE9F04184B004468E
:10EEF00000B3206DF6F7B8FE616A278BE38A668D52
:10EF000002461020CDE90070084600210296FEF767
:10EF100073F9002850D00546606A618D271D0144B1
:10EF2000207AE16200284BD0F9F7BEFB06460028A4
:10EF30004BD163E042F61A3543F2BC46C0F60105F8
:10EF4000C0F6010633A1284640F2EA723346F1F7D3
:10EF500039FA50200068F6F787FE43F274410746FD
:10EF6000C0F60101284640F242723346F1F72AFA10
:10EF700016210B8818214FF0240809882A26D8F872
:10EF8000000035881022CDE9001200213A46029592
:10EF9000FEF732F980B10546D8F800003188042721
:10EFA00008442C2108600420F6F7FEFB30B3064627
:10EFB0000020FF230BE000BF608BFE2623E000BF94
:10EFC0003846F6F7F1FB0646C0B1A07AE37A06218F
:10EFD000CDE90001284621463A460296F6F72AF87E
:10EFE00006462846FAF7EEF966B9608B002620F04F
:10EFF0000300608370B204B0BDE8F0812846FAF7E0
:10F00000E1F9FC26608B40F00300608370B204B02D
:10F01000BDE8F0817463705F73656E645F656D70E9
:10F0200074795F61636B3A20696E76616C69642004
:10F030007063620070B5044610B1E06E80B922E0E2
:10F0400042F61A3043F2BC43C0F6010018A1C0F6E4
:10F05000010340F2EB32F1F7B5F9E06E98B100BF71
:10F060000168054649B108680D4630B1016805469A
:10F0700019B108680D460028F2D1E8688089F6F7D2
:10F08000F5FD400706D020460121BDE87040FCF7A1
:10F09000EBBE00BFE86886890120F6F7E7FDE96866
:10F0A000628B3043888142F020010020618370BD73
:10F0B0007463705F73656E645F66696E3A20696E33
:10F0C00076616C696420706362000000002808BFEC
:10F0D0007047B0B50446007D0D4601280CD142F6BC
:10F0E0001A3043F2A703C0F6010006A1C0F60103DF
:10F0F00040F2F372F1F766F9C4F88050BDE8B04011
:10F10000704700BF696E76616C696420736F636BD2
:10F11000657420737461746520666F722073656E08
:10F12000742063616C6C6261636B0000B0B538B1D0
:10F130000446007D012813D1F52568B2B0BD00BF9B
:10F1400042F61A3043F2A703C0F6010019A1C0F637
:10F15000010340F20722F1F735F9F02568B2B0BD9E
:10F1600051B1608B40F010006083BAB1204601219C
:10F17000BDE8B040FCF7FAB8C2B107284FF0F5057A
:10F1800015D8012101FA00F010F0980F0FD0204699
:10F190000021BDE8B040FCF7E9B800BFA06F002532
:10F1A00028B1FAF70FF968B2A567B0BD002568B2BB
:10F1B000B0BD00BF7463705F73687574646F776E01
:10F1C0003A20696E76616C696420706362000000A9
:10F1D0002DE9F04F85B040F2B438C2F20008D8F8FB
:10F1E0001400D8F80CB00130C8F8140098F80100E9
:10F1F000BBF1000F00F1010088F8010000F040822F
:10F2000042F61A3543F2A70944F6D3560020C0F659
:10F210000105C0F60109C1F26206049008E000BFD2
:10F22000DBF80C40CDF810B0002CA34600F028828B
:10F230009BF81400A0B101281ED128460FF25051AE
:10F2400040F2BF424B46F1F7BDF89BF814000A2884
:10F2500014D09BF81E1098F801008142E0D01BE00A
:10F2600028460FF2005140F2BE424B46F1F7AAF891
:10F270009BF814000128E0D00A28EAD128460FF2B2
:10F280003C514FF498624B46F1F79CF89BF81E10E6
:10F2900098F801008142C3D09BF814209BF84210DB
:10F2A000022A8BF81E0003D1052903D91AE000BFFA
:10F2B0000B2917D89BF89900E0B1DBF8700048B132
:10F2C00043F25C012846C0F6010140F2D4424B46AD
:10F2D000F1F778F8DBF86C0000285FD09BF89A0013
:10F2E0000B2869D901279BF81400062800F0A0809C
:10F2F000AAE000BFBBF8300047F6FE7188429CBF11
:10F300000130ABF83000BBF9401000B2884265DB39
:10F310005846FFF78BFC38B1DBF8700000285DD150
:10F32000DBF86C00002859D09BF81400022818D094
:10F330009BF8420043F643030C2828BF0C20BBF97E
:10F340003C10BBF93E20C0F60103185C02EBE10162
:10F3500001FA00F047F6FF718842A8BF0846ABF8F3
:10F360004000BBF84800BBF86010BBF83220002713
:10F37000ABF83070884238BF0146500080B2B0EB25
:10F38000510F38BF4808ABF84A005846ABF8482040
:10F39000ABF86A70FFF72AFC46E000BF43F2F001C9
:10F3A0002846C0F6010140F2D5424B46F1F70AF873
:10F3B0009BF89A000B2895D89BF8991043F65002B9
:10F3C000C0F6010211449BF8980011F8011C884214
:10F3D0003CBF01308BF89800884205D200279BF88B
:10F3E0001400062824D02FE0BBF86010584639B12D
:10F3F00000F0FCF940B95846FDF7EEFC20B9EDE706
:10F4000000F0FEFF0028E9D19BF8990000270628AC
:10F410008BF8987008D801308BF8990000279BF87A
:10F420001400062810D103E09BF8140006280BD125
:10F43000BBF81A10C90607D5D8F81410DBF820203D
:10F44000891A282988BF01379BF80910090733D585
:10F45000072801D004282FD1DBF8940044F6B843E4
:10F46000D8F81410DBF82020C0F20A030344A3FBF1
:10F470000635891AB1EB551F08D901374FF0000A3C
:10F48000DBF87490B9F1000F1DD139E09BF89B2097
:10F4900042F29F435A4300EBC200A0FB0602B1EBCD
:10F4A000521F09D95846FDF7A3FA28B99BF89B00CB
:10F4B00001308BF89B0000BF4FF0010ADBF874901D
:10F4C000B9F1000F1CD0D8F81400DBF82010BBF9FC
:10F4D0004020401A02EB4201B0EB410F10D300BFB5
:10F4E000D9E90040002818BFF9F76CFF032049460E
:10F4F000F7F754FF002CA146F2D10020CBF874009E
:10F500009BF81400032803D0092869D1F02000E0FB
:10F510002820D8F81410DBF8202042F61A3543F2E0
:10F52000A709C0F60105C0F60109891A814288BF02
:10F530000137002F5ED04446B046DBF89060584655
:10F540005746FDF797FF0499E068A246002977D057
:10F55000834509D143F225112846C0F6010140F246
:10F560006D524B46F0F72EFFDBF80C000499C86093
:10F5700087B9BBF81600DBF82420DBF85010BBF885
:10F5800018700BF10403CDE9003058465B46029732
:10F59000FFF7C4FB9BF81400DBF80C40DBF810709D
:10F5A000012808D143F21C012846C0F60101D422EB
:10F5B0004B46F0F707FF01205946F7F7EFFE002E04
:10F5C0004FF000008AF800004ED038466FF00C0172
:10F5D000B0479AF800004646D04638BB24E600BF44
:10F5E00042F61A3543F2A709C0F60105C0F6010933
:10F5F000002FA0D19BF81C009BF81D100130DBF8F8
:10F600000C40C2B28A428BF81C00FFF40BAEDBF850
:10F610008C2000208BF81C0088F800005AB3DBF81F
:10F6200010005946904798F8001009B3D8F80CB06C
:10F630000020BBF1000F04907FF4FAAD20E000BF82
:10F64000584509D043F250112846C0F6010140F256
:10F6500071524B46F0F7B6FEDBF80C00CAF80C000E
:10F66000002F3FF486AF95E74646D046DCE500BF65
:10F6700000287FF4D7AD5846FDF7AEFBD2E500BFBA
:10F68000D8F81050002D69D042F61A3443F2A7067C
:10F6900043F21C0A43F22D074FF0000BC0F60104A1
:10F6A000C0F60106C0F6010AC0F6010707E000BF78
:10F6B000D5F80C90AB46B9F1000F4D464ED0287DE1
:10F6C0000A2806D02046394640F2A1523346F0F7C8
:10F6D00079FED8F81400296A401AF128E8D32846A0
:10F6E000FDF7C8FED8F81000BBF1000F22D085420C
:10F6F00009D143F27A112046C0F6010140F2AF521F
:10F700003346F0F75FFEE868CBF80C00D5F80C90B4
:10F71000287D012805D120465146D4223346F0F7F2
:10F7200051FE01202946F7F739FEB9F1000F4D4689
:10F73000C5D113E0A84209D043F2A1112046C0F67A
:10F74000010140F2B3523346F0F73CFED5F80C907D
:10F75000C8F81090287D0128DDD0E2E705B0BDE8AB
:10F76000F08F00BF7463705F736C6F77746D723A63
:10F7700020616374697665207063622D3E737461E5
:10F78000746520213D20434C4F5345440A0000003E
:10F790007463705F736C6F77746D723A2061637419
:10F7A000697665207063622D3E73746174652021F3
:10F7B0003D204C495354454E0A0000007463705F6D
:10F7C000736C6F77746D723A20616374697665202B
:10F7D0007063622D3E737461746520213D2054492D
:10F7E0004D452D574149540A000000002DE9F04FC6
:10F7F00083B0044600280D4600F0B280E66E002E6D
:10F8000000F0BF80002D00F0C1803089A84240F296
:10F81000CF80618EA9421CD242F61A3043F2BC431B
:10F82000C0F6010072A1C0F6010340F25B32F0F7AE
:10F83000C9FD308968B942F61A3043F2BC43C0F6BC
:10F8400001006FA1C0F601034FF45772F0F7BAFD43
:10F85000308996F80AB0042101EA8B07A0EB050A6B
:10F860000AEB070081B236204FF42072F9F7B0FAA4
:10F87000002800F0A6808146706832890189D9F895
:10F88000043029448A1AD9191FFA8AF793B23A46E2
:10F89000F9F71CFDB84240F09180F0688089F6F7D6
:10F8A000E5F9074600F00802F06807F0010140683A
:10F8B000CDE9012101EB0208F6F7D6F943192046FC
:10F8C00049464246CDF800B0FCF7E8F9002875D06B
:10F8D000019905463720002908BF3F2007400298BC
:10F8E0000028706818BF07F03E07F9F7D3FBB4F89B
:10F8F00066107268081A1189A4F86600A1EB0A0064
:10F9000081B21046F9F7B8FE3089F168A0EB0A0021
:10F91000B1F80C8030813846F6F7A8F940EA0801C2
:10F92000F26870689181F9F7B5FBB4F8661001448C
:10F930006868A4F86610F9F7ADFB3268B4F8661091
:10F940002A60356008442968A4F8660000294FF051
:10F95000000008BFA4F8680040B203B0BDE8F08F13
:10F9600042F61A3043F2BC43C0F6010017A1C0F6BC
:10F97000010340F24B32F0F725FDE66E002E7FF4D6
:10F9800041AFFF2040B203B0BDE8F08F42F61A301D
:10F9900043F2BC43C0F601001DA1C0F6010340F2D2
:10F9A0005332F0F70FFDFA2040B203B0BDE8F08FFC
:10F9B000002040B203B0BDE8F08F00BF4846F9F721
:10F9C00001FDFF2040B203B0BDE8F08F7463705FAB
:10F9D00073706C69745F756E73656E745F73656761
:10F9E0003A20696E76616C69642070636200000081
:10F9F00073706C6974203C3D206D737300000000CF
:10FA0000757365672D3E6C656E203E2030000000EA
:10FA100043616E27742073706C6974207365676D21
:10FA2000656E7420696E746F206C656E67746820F3
:10FA300030000000B0B540F27835C2F200052878F9
:10FA400000B1B0BD40F2C03040F2C431C2F200009B
:10FA5000C2F2000100680968084308BFB0BD012078
:10FA60002870FAF7E1FC04460A20F7F71DFF38B3C7
:10FA7000002340F21D71C0F60101036081606968D6
:10FA800004F1FA024260C36061B34B68D31A2BD40D
:10FA90000B686BB35D68551B30D41968A1B34D6812
:10FAA000551B32D40B681BB35D68551B26D41968EF
:10FAB00051B34D68551BB5F1FF3F1D46E8DC19E019
:10FAC00042F61A3043F27B6143F24763C0F601000D
:10FAD000C0F60101C0F60103BE22BDE8B040F0F758
:10FAE00071BC00BF6860B0BD01606860B0BD00BFA0
:10FAF0000D46002101602860B0BD00BF0D461946CB
:10FB000001602860B0BD00BF00211D460160286073
:10FB1000B0BD000010B584B040F24432C2F2000221
:10FB200011784B0722D48B0708D4C90712D040F2B2
:10FB3000C831C2F20001096801620BE0D2F814C0BA
:10FB4000416ABCEB010305D4038D1944ACEB010100
:10FB500000290DDDD18849B1418B41F0020141837B
:10FB600004B0BDE81040FDF737B900BF04B010BDC8
:10FB7000D3689169D288B3F802E0624440F2947C81
:10FB8000C2F2000C1C880CF11003CDE9003E0CF110
:10FB900014030294FFF7C2F804B010BD80B5FCF75F
:10FBA0009DFA4AF69730C2F2000001780131CA0787
:10FBB000017008BF80BDBDE88040FFF709BB0000B1
:10FBC00040F24430C2F20000417841F0100141702F
:10FBD00070470000B0B5044660B942F61A3043F2EF
:10FBE000A703C0F601001AA1C0F6010340F2A63235
:10FBF000F0F7E8FB658E616AE06A228DB5F5866FE5
:10FC000028BF4FF486658B1805445D1B02D4181A73
:10FC10006285B0BD0A1A012A02DB00206085B0BDF2
:10FC2000451AB5F5803F0FD342F61A3043F2D6019C
:10FC300043F2A703C0F60100C0F60101C0F60103BC
:10FC400040F2B632F0F7BEFB00206585B0BD00BFC4
:10FC50007463705F7570646174655F7263765F6111
:10FC60006E6E5F776E643A20696E76616C696420AF
:10FC7000706362002DE9F04F91B004460020ADF8AA
:10FC800042004CB30D46608EB4F862100646B0EBED
:10FC9000510F28BF4E08002E08BF064665B3217DD0
:10FCA000F520072913D89246012202FA01F111F03A
:10FCB0009C0F0CD09946BAF1000F60D0B4F86400E4
:10FCC00050452FD2608B40F080006083FF2040B20F
:10FCD00011B0BDE8F08F00BF42F61A3043F25D412B
:10FCE00043F2BC43C0F60100C0F60101C0F60103B7
:10FCF0004FF4CF720EE000BF42F61A3043F2893162
:10FD000043F2BC43C0F60100C0F60101C0F6010396
:10FD10004FF4D772F0F756FBF02040B211B0BDE8B7
:10FD2000F08F00BFB4F86610092905D3608B40F04E
:10FD300080006083B4E200BF206F79B1F8B9E06E53
:10FD4000E8B942F61A3043F2BC43C0F601000FF2A4
:10FD50002861C0F601034FF4AB720EE008B9E06E03
:10FD600068B142F61A3043F2BC43C0F601000FF20C
:10FD70004461C0F6010340F25912F0F723FB21461B
:10FD800051F86C0FCDE90C65069131F8061C00287E
:10FD90000F9169D00168834649B108688B4630B13C
:10FDA0000168834619B108688B460028F2D19BF898
:10FDB0000A100422BBF8080002EA81052918B142A2
:10FDC0000FD942F61A3043F2BC43C0F601000FF2DD
:10FDD0001861C0F601034FF4F372F0F7F3FABBF8C1
:10FDE00008002844B4F86850A6EB0008002DADF8D0
:10FDF000425055D01FFA88F6B5420FD942F61A3054
:10FE000043F2185143F2BC43C0F60100C0F60101B1
:10FE1000C0F601034FF4FC72F0F7D4FA5545514691
:10FE200038BF29468E4238BF3146681AA8EB010810
:10FE3000ADF842003AD00D4651450FD042F61A3087
:10FE400043F2F15143F2BC43C0F60100C0F6010198
:10FE5000C0F601034FF40072F0F7B4FA5F4629468A
:10FE60005145099126D361E0B4F8680078B142F6B3
:10FE70001A3043F20F4143F2BC43C0F60100C0F612
:10FE80000101C0F6010340F24B22F0F79BFA00207B
:10FE900009900020002600274FF0000B48E000BF2B
:10FEA000002700215145099104D33FE05F465145A9
:10FEB00009913BD25FEA084038D0BBF80800A8B3EC
:10FEC00009981FFA88F2AAEB00069642A8BF1646C8
:10FED0005FEAC97040F0B281DBF804100A68084696
:10FEE0004AB11168104631B10A6808461AB1116862
:10FEF00010460029F2D1017B3F2906D8416840898C
:10FF000008440D99884200F01F82B1B200200122FE
:10FF1000F8F75EFF002800F0BB8101460D98DDF880
:10FF2000248008914044486008469FE10020099ED3
:10FF3000049000200890B0B250450E94CDF81C906B
:10FF400080F0C88009F001000B9009F00200002445
:10FF500000250590CDF828A009E000BFA84627603D
:10FF60004E44B0B250453C46454680F0B5800C99B1
:10FF7000AAEB060080B28946884238BF81460B9AB8
:10FF80001FFA86FA72BBBDF8420078B142F61A3009
:10FF900043F23E4143F2BC43C0F60100C0F601010A
:10FFA00040F27122C0F60103F0F70CFA3620494600
:10FFB0000122F8F70DFF002800F0128180460D980D
:10FFC00000215044C8F8040036204FF42072F8F79E
:10FFD000FFFE002800F0018141460746F8F7F0FFD8
:10FFE00045E000BF8142484616D9059868B90E9889
:10FFF000408B400648460FD43DB90698006820B9AA
:020000040801F1
:100000000E98006F0028484606D009F21B2020F009
:100010000300884228BF084681B236204FF4207280
:10002000F8F7D6FE002800F0DB800746006878B1BC
:1000300042F61A3043F26D5143F2BC43C0F6010060
:10004000C0F6010140F20B12C0F60103F0F7BAF955
:1000500078890D99A0EB0900ADF842007868514409
:100060004A46A7F80890A7F80A90F0F7DAFA384657
:10007000F9F710F80F99014488B209280F9100F29E
:10008000AB800E980022C16D01EB0A0339460027B0
:100090000097FBF703FE002800F0A280DDF828A0FF
:1000A0000746002D80463FF45BAF002C7FF456AF2F
:1000B00042F61A3043F24C4143F2BC43C0F6010011
:1000C000C0F6010140F2AB22C0F60103F0F77AF965
:1000D00044E700BF4FF00008099DDDF8389045B1B6
:1000E000DBF804400D9E44BBBBF808002844ABF885
:1000F0000800089CBDF84200A9F8680084B3BBF171
:10010000000F0FD142F61A3043F20F6143F2BC43A5
:10011000C0F60100C0F60101C0F6010340F2E12281
:10012000F0F750F9DBF804002146F8F749FF25897C
:10013000079CC4E000280446D6D0218920682944C1
:1001400000282181F6D1606861892A460844314639
:10015000F0F767FA6089411920686181EAE700BF1A
:10016000049D280400F08C80079CBBF1000F02D096
:10017000DBF8040088B942F61A3043F2385143F2F2
:10018000BC43C0F60100C0F60101C0F6010340F215
:10019000E722F0F717F9DBF804000168002900F006
:1001A000888002892A4402810868002800F07E8045
:1001B0000B8902682B44002A0B817AD001892944DB
:1001C00001811068002873D0138901682B4400292D
:1001D0001381E6D16DE000BFB8464046F9F7F2F86A
:1001E0000E9C608B40F0800108986183002818BF46
:1001F000F9F7E8F815B12846FEF762FEB4F8660094
:1002000000284DD0206F00284AD1069800680028A9
:1002100046D142F61A3043F2815143F2BC43C0F654
:100220000100C0F60101C0F601034FF44A72F0F775
:10023000C9F8FF2040B211B0BDE8F08F0120B5B27F
:1002400002900DF14203002029460094CDF804905D
:10025000FDF7AAF8E0B10D99DDF824800746406863
:1002600041442A46F0F7DDF938460897F8F712FFBF
:100270000F99014400200F91049046445F465AE6CE
:10028000DDE90604BBF1000F18BF58461DE000BFB2
:10029000608B40F080006083B4F866000028B1D124
:1002A000FF2040B211B0BDE8F08F00BF084600E06B
:1002B0001046018942892944018151194181BBF8C5
:1002C00008002844ABF808005846D9F85C10C0F87C
:1002D000008001EB0A00B9F86410C9F85C00A1EBDA
:1002E0000A000F99A9F864000804A9F8661015D04F
:1002F000D9F8700090B90698006878B942F61A30BB
:1003000043F2815143F2BC43C0F60100C0F6010143
:10031000C0F6010340F21332F0F754F87FB1A007A2
:100320004FF000003FF5D3ACF96800293FF4CFACA3
:100330008C890820F5F79AFCF96820438881002011
:1003400040B211B0BDE8F08F099878B142F61A308A
:1003500043F2EF4143F2BC43C0F60100C0F6010195
:10036000C0F6010340F23122F0F72CF80020DDF84E
:1003700024800890049680E77463705F77726974D4
:10038000653A207062756673206F6E2071756575B1
:1003900065203D3E206174206C65617374206F6E32
:1003A00065207175657565206E6F6E2D656D707455
:1003B000790000007463705F77726974653A206E2B
:1003C0006F207062756673206F6E2071756575653C
:1003D000203D3E20626F74682071756575657320DD
:1003E000656D7074790000006D73735F6C6F63618D
:1003F0006C20697320746F6F20736D616C6C0000EA
:100400002DE9F04383B0044690B1E66E06B394F84C
:100410009A00FF281CBF013084F89A00F068808998
:10042000F5F724FCC00719D14FF000091BE000BF0D
:1004300042F61A3043F2BC43C0F601003AA1C0F6BE
:10044000010340F64F02EFF7BDFFE66E002EDED14E
:10045000002460B203B0BDE8F08300BF3089B0FA79
:1004600080F04FEA5019F068E38A4268606A258B91
:10047000678D89F001014FF0100CCDE9005C029707
:10048000FCF7BAFE90B18046606A618DD8F80450DE
:100490000844B9F1000FE0620ED0A88920F47C571F
:1004A0001120F5F7E3FB3843A8810FE0FF2460B289
:1004B00003B0BDE8F08300BF70683389028905F19D
:1004C0001401D21A93B20122F8F700FFF0684068D5
:1004D000F5F7CAFB216D0130091AB1F1FF3FD8BF12
:1004E0002065207A271D28B1F8F7DEF8064630B9D6
:1004F000FC2410E03846F5F757F9064690B1A07A8B
:10050000E37A0621CDE90001404621463A460296AB
:10051000F4F790FD04464046F8F754FF60B203B08C
:10052000BDE8F083FC24F6E77463705F7A65726F50
:100530005F77696E646F775F70726F62653A20698A
:100540006E76616C696420706362000070B582B081
:100550000D460646F5F78CFB40F2E424C2F2000497
:1005600020460621C4E90265F9F718FF60B142F69A
:100570001A3042F6F143C0F6010013A1C0F60103A0
:1005800040F26122EFF71EFF201DF9F737FF60B13F
:1005900042F61A3042F6F143C0F6010013A1C0F64C
:1005A000010340F26522EFF70DFF40F6050100263A
:1005B00017A0C0F6010100224FF480630096F9F7FE
:1005C00065FF02B070BD00BF6661696C6564207430
:1005D0006F206372656174652074637069705F7405
:1005E0006872656164206D626F7800006661696C95
:1005F000656420746F20637265617465206C6F633D
:100600006B5F74637069705F636F726500000000F8
:1006100074637069705F74687265616400000000E3
:10062000F0B581B0054640F2E42091F82D60C2F2A9
:1006300000000C46F9F7D6FE16F0180F0CD058B390
:100640000920F7F731F9D8B300270646077044F2BE
:100650005540C0F600000CE0B0B30920F7F724F9CC
:10066000002845D000270646077044F68160C0F692
:1006700000007560B460F06040F2E420C2F2000057
:100680003146F9F7A5FE20B109203146F6F786FE7E
:10069000FF2778B201B0F0BD42F61A3042F63F5162
:1006A00042F6F143C0F60100C0F60101C0F60103B5
:1006B000FC22EFF787FE0920F7F7F6F80028C3D1F0
:1006C000FF2778B201B0F0BD42F61A3042F63F5132
:1006D00042F6F143C0F60100C0F60101C0F6010385
:1006E000FC22EFF76FFE0920F7F7DEF80028B9D1FA
:1006F000FF2778B201B0F0BD70B5054640F2E420A6
:10070000C2F20000061D30460C46F9F771FE204685
:10071000A8473046F9F784FE002070BD10B5FFF7FA
:100720003DFA40F2C03040F2C431C2F20000C2F2E1
:10073000000100680968084332D0F9F775FE0446E5
:100740000A20F7F7B1F898B3002140F21D7240F289
:100750007833C0F601020160C2F20003C0E9022151
:10076000596804F1FA024260A1B34C68141B33D4F7
:100770000B68ABB35C68141B38D41968E1B34C68E0
:10078000141B3AD40B685BB35C68141B2ED4196835
:1007900091B34C68141BB4F1FF3F1C46E8DC21E028
:1007A00040F27830C2F200000021017010BD00BF9D
:1007B00042F61A3043F27B6143F24763C0F6010010
:1007C000C0F60101C0F60103BE22BDE81040EFF7FC
:1007D000F9BD00BF586010BD0160586010BD00BF7A
:1007E0000C4600210160206010BD00BF0C46194678
:1007F0000160206010BD00BF00211C460160206028
:1008000010BD000082B040F2E424C2F20004251DB5
:100810002846F9F7EDFDA16809B1E068884742F67E
:100820001A3842F6215942F6F14A01AEC0F60108E3
:10083000C0F60109C0F6010A02E000BFF9F776FD33
:10084000F9F7DCFE0028F9D0074601300CD1284624
:10085000F9F7E6FD204631460022F9F7FDFC28466F
:10086000F9F7C6FD0EE000BF2846F9F7D9FD20468E
:1008700031463A46F9F7F0FC07462846F9F7B8FD45
:10088000781CDBD0019F7FB13878022810D0012876
:1008900012D0C8B93A1D07CA904710B17868F8F766
:1008A00091FD09200CE000BF4046494691220EE030
:1008B000D7E901108847C3E7D7E901108847082026
:1008C0003946F6F76BFDBBE740464946CF22534613
:1008D000EFF778FDB4E7000070B5054640F2E4207C
:1008E000C2F200000C46F9F77DFD38B10820F6F79A
:1008F000DBFFC0B9FF2040B270BD00BF42F61A3026
:1009000042F63F5142F6F143C0F60100C0F6010144
:10091000C0F6010340F25D12EFF754FD0820F6F730
:10092000C3FF0028E6D006460120307040F2E420E4
:10093000C2F200003146C6E90154F9F749FD38B169
:1009400008203146F6F72AFDFF2040B270BD00BFF7
:10095000002040B270BD00002DE9F04742F6FC13C4
:10096000C0F60103002918BF0B46002844D040F60A
:10097000A86CC2F2010C67463F68B7FA87F1002FF6
:100980004FEA511118BF87421BD0FF68B7FA87F1B1
:10099000002F4FEA511118BF874212D0FF68B7FAF3
:1009A00087F1002F4FEA511118BF874209D0FF6825
:1009B000B7FA87F14FEA51111FB1874207F10C07CF
:1009C000DAD1DCF800E04AB3BEF1000F70D0754612
:1009D00003E000BFED68002D6CD08542FAD06C8A30
:1009E0009442F7D12E68F824002E6CD01F68BE42C6
:1009F00069D0002FEED166E042F61A3043F2B863B8
:100A0000C0F6010033A1C0F6010340F2B732EFF7A0
:100A1000D9FCF02460B2BDE8F08700BF40F2280A9C
:100A2000C2F2000ABAF80020BEF1000F34D000254F
:100A30004FF6FF7943F6FF7896B201324E4504BF78
:100A40004CF20002CFF6FF727646748A97B2BC422F
:100A500012D0F668C6B1748ABC420DD0F6689EB159
:100A6000748ABC4208D0F66876B1748ABC4203D05E
:100A7000F668002EE9D107E0454505F10105DBD315
:100A8000AAF8002004E000BF1404AAF8002011D145
:100A9000F82460B2BDE8F0874FF6FF77BA4202F162
:100AA000010204BF4CF20002CFF6FF72AAF8002048
:100AB0004FF0000E1B680360428239B10024C0F879
:100AC0000CE0CCF8000060B2BDE8F087002460B212
:100AD000BDE8F0877564705F62696E643A20696E84
:100AE00076616C6964207063620000002DE9F04F4C
:100AF00081B048B1A1B1438A40F6A86EC2F2010E9E
:100B000003B3DEF800C0A6E042F61A3043F2B86341
:100B1000C0F6010069A1C0F6010340F235420AE0C7
:100B200042F61A3043F2B863C0F601005CA1C0F689
:100B3000010340F23642EFF745FCF02040B201B02D
:100B4000BDE8F08F40F6A866C2F2010633461B6886
:100B5000B3FA83F4002B4FEA541418BF83421BD01E
:100B6000DB68B3FA83F4002B4FEA541418BF8342B6
:100B700012D0DB68B3FA83F4002B4FEA541418BF89
:100B8000834209D0DB68B3FA83F44FEA54141BB1F3
:100B9000834203F10C03DAD140F2280AD6F800C0F0
:100BA000C2F2000ABAF80050BCF1000F40D04FF07A
:100BB000000B4FF6FF78ABB20135434504BF4CF252
:100BC0000005CFF6FF7563465F8AAEB2B74213D019
:100BD000DB68FBB1B3F81290B1450DD0DB68CBB147
:100BE0005F8AB74208D0DB68A3B15F8AB74203D0FF
:100BF000DB68002BE8D10DE043F6FF739B450BF15A
:100C0000010BD8D3AAF80050F82040B201B0BDE8DB
:100C1000F08F00BF40F6A8662B04C2F20106AAF8C6
:100C2000005011D1F82040B201B0BDE8F08F00BFF4
:100C30004FF6FF739D4205F1010504BF4CF200051C
:100C4000CFF6FF75AAF80050002C45821EBFC0F8F1
:100C50000CC0306084460968BCF1000F4160017C23
:100C6000828241F00401017411D06146814212D0A8
:100C7000C96861B181420ED0C96841B181420AD0D0
:100C8000C96821B1814206D0C9680029EED1C0F8F7
:100C90000CC0CEF80000002040B201B0BDE8F08FDB
:100CA0007564705F636F6E6E6563743A20696E760B
:100CB000616C696420697061646472007564705F5E
:100CC000636F6E6E6563743A20696E76616C6964F9
:100CD000207063620000000080B5EFF7C1FA40F2B7
:100CE000280140F44040C2F20001088080BD0000AD
:100CF0002DE9F04F83B081460D4658B1C5B1B9F822
:100D00000A00072824D8484603B0BDE8F04FF8F79A
:100D100059BB00BF42F61A3043F2B863C0F6010077
:100D20007AA1C0F60103CF22EFF74CFB002DE6D1EC
:100D300042F61A3043F2B863C0F6010079A1C0F65A
:100D40000103D022EFF73EFBB9F80A000728DAD9F1
:100D500040F2947BC2F2000BDBF80010DBF81400C9
:100D6000D9F80440F3F744FF218807460846F4F712
:100D70007DFF618802900846F4F778FF40F6A8618D
:100D8000C2F201010968002900F0868006460024AD
:100D90004FF0000A05E000BF924600BFE16800295D
:100DA00060D0488AA0460C46B042F7D115B1207AEF
:100DB00070B915E042F61A3043F2B863C0F601008C
:100DC0005FA18822C0F60103EFF7FCFA207A38B160
:100DD000DBF8041091F830100131C9B28842DDD13E
:100DE0002068DBF814105FB1002818BF11F1010270
:100DF0000AD0AA6881EA00031A42CFD104E000BFFA
:100E0000002818BF8842C9D1227C52070ED4BAF1FB
:100E1000000F22460BD04FB1013107D1DAF8002084
:100E200069688A4202D0884208BFA2465246A08A18
:100E300002998842B0D1606820B1DBF81010924668
:100E40008842ABD1B8F1000F09D040F6A862C2F2D7
:100E50000102E0681168C8F80C00E1601460A24665
:100E600003E000BFBAF1000F16D048460821F8F79A
:100E7000B1FCE0B9DAF81870002F3FF444AFDAF8AB
:100E80001C00029E0BF1100351464A460096B847DB
:100E900003B0BDE8F08F00BF6868DBF8141088422B
:100EA0007FF431AF48460821F8F794FC90B142F640
:100EB0001A3043F2B863C0F601002BA1C0F601035B
:100EC0004FF4B872EFF77EFA484603B0BDE8F04F32
:100ED000F8F778BA002F7FF416AFDBF8140000F0B3
:100EE000F000E0283FF40FAFBBF80C00083001B26F
:100EF0004846F8F745FB48460321F3F729FD4846E5
:100F000003B0BDE8F04FF8F75DBA00BF7564705FDD
:100F1000696E7075743A20696E76616C69642070D0
:100F2000627566007564705F696E7075743A2069E9
:100F30006E76616C6964206E6574696600000000FD
:100F40007564705F696E7075745F6C6F63616C5F00
:100F50006D617463683A20696E76616C6964206EB5
:100F60006574696600000000706275665F72656D89
:100F70006F76655F686561646572206661696C653E
:100F8000640A0000002818BF002901D1704700BF83
:100F9000D0F800C0BCF1000FF8D00B68002BF5D0E2
:100FA00040F6A863C2F201031B6800E0DB68002B77
:100FB000ECD01A68624503D10A681A60D0F800C004
:100FC000DB68002BE2D01A68624503D10A681A6018
:100FD000D0F800C0DB68002BD8D01A68624503D176
:100FE0000A681A60D0F800C0DB68002B08BF7047A1
:100FF0001A686245DAD10A681A60D0F800C0D5E7ED
:1010000010B500200024F6F74FFC002808BF10BDE3
:10101000FF21C0E90044C0E90244C0E90444C0E93A
:101020000644C17210BD000000281CBFC0E90612B2
:10103000704742F61A3043F2B863C0F6010003A1CC
:10104000C0F6010340F28A42EFF7BCB97564705FE5
:10105000726563763A20696E76616C6964207063AC
:101060006200000040B340F6A862C2F201020146ED
:10107000106888421AD0D8B1C26812B18A420346B9
:1010800012D0AAB1D06810B1884213460CD078B102
:10109000C26812B18A42034606D04AB1D06800281D
:1010A000E9D088421346E6D103F10C02C86810600B
:1010B0000020F6F773B900BF42F61A3043F2B86366
:1010C000C0F6010003A1C0F6010340F2A142EFF710
:1010D00079B900BF7564705F72656D6F76653A208F
:1010E000696E76616C69642070636200D0E90132D8
:1010F00001699A60D1F804C082688445536008BFD2
:101100004A60002202610868013808600868704778
:1011100010B538B1044600F085F8A46B00F0A6F8CD
:10112000204610BD4FF0500080F31188BFF36F8F41
:10113000BFF34F8FFEE7000000281CBF806B704795
:101140004FF0500080F31188BFF36F8FBFF34F8FC4
:10115000FEE7000041F2B003C2F20103036040F673
:10116000B060C2F20100086080201060704700008B
:101170004FF0FF31024642F8081F00214260C0E9EB
:1011800003220160704700000021016170470000E8
:1011900010B5D1F800E01EF1010213D000F10804EF
:1011A00062681368734511D853681C68744511D878
:1011B0005A68146874450FD854682368A446734568
:1011C000EED90BE00269D2F804C007E0944622464B
:1011D00004E000BF9C4601E094461A46C1F804C0F2
:1011E000CCF808108A605160086101680131016023
:1011F00010BD0000D0F800C0436808619A684B60D9
:101200008A609A68996051600CF101010160704731
:10121000DFF80C00016841F47001016070470000C4
:1012200088ED00E04FF0500080F31188BFF36F8F1E
:10123000BFF34F8F40F22C00C2F2000001684A1C3D
:10124000026009B1704700BF4EF60450CEF20000B4
:101250000068000608BF70474FF0500080F3118807
:10126000BFF36F8FBFF34F8FFEE7000040F22C00FB
:10127000C2F20000016839B10139016018BF70473E
:10128000002080F3118870474FF0500080F31188E0
:10129000BFF36F8FBFF34F8FFEE7000070B50028DC
:1012A00008BF70BD40F2BC25C2F200050446287894
:1012B00054F8041C002818BF4FF0004008420DD01D
:1012C000A4F1080632689AB14FF0500080F31188FB
:1012D000BFF36F8FBFF34F8FFEE700BF4FF050009B
:1012E00080F31188BFF36F8FBFF34F8FFEE700BF0E
:1012F00021EA000044F8040C00F014FA54F8041C2D
:10130000A8680844A86005F1180000BF0368B3424C
:101310000AD21868B04225D20368B34204D21868D2
:101320001A46B042F2D301E0024618465368D41878
:10133000B44202D11944164651607318834206D153
:101340006B68984203D0D0E9000319447160B2423F
:10135000306018BF1660686901306861BDE8704090
:1013600001F0B8BA1A465368D418B442E5D1E1E79F
:101370004EF21000CEF2000000210160816040F2C8
:101380002401C2F20001096844F6D352C1F262029C
:10139000A1FB02124FF0FF3101EB921141600721D6
:1013A0000160704740F2DC20EFF305811029C2F2A2
:1013B000000011D34EF2F032CEF20002895C0278C6
:1013C000914209D24FF0500080F31188BFF36F8F24
:1013D000BFF34F8FFEE700BF4EF60C51CEF2000177
:1013E0000968406801F4E061814298BF70474FF09E
:1013F000500080F31188BFF36F8FBFF34F8F00BF92
:10140000FEE7000080B341F20411C2F201010B4675
:1014100053F8042F4FF0000C82422FD00B4653F8A4
:101420000C2F82422CD00B4653F8142F824229D025
:101430000B4653F81C2F824226D00B4653F8242F1C
:10144000824223D00B4653F82C2F824220D00B46E9
:1014500053F8342F82421DD00B4653F83C2F824262
:101460001DD1072217E000BF4FF0500080F3118814
:10147000BFF36F8FBFF34F8FFEE700BF00220AE07C
:10148000012208E0022206E0032204E0042202E036
:10149000052200E0062241F832C0C3F800C090F8EF
:1014A0004610002918BF7047FFF7F8BE70B5002836
:1014B0003FD040F24425C2F200050446A86948B175
:1014C0004FF0500080F31188BFF36F8FBFF34F8F41
:1014D000FEE700BFA8690130A8616E6A2868043081
:1014E000FFF704FE50B12868A419446013D3686B59
:1014F00029680431FFF74CFE16E000BF286801217F
:10150000C06A6A6801FA00F022EA00006860286890
:10151000A4194460EBD2286B29680431FFF738FE28
:10152000286A844238BF2C6201F0D4F9002818BF21
:1015300070BD4EF60450CEF200004FF080510160B5
:10154000BFF34F8FBFF36F8F70BD000040F2442197
:10155000C2F200018A6B0260496A41607047000074
:1015600040F24420C2F20000012181627047000075
:1015700010B578B10C4640F24421C2F2000109686E
:101580001831FFF705FE20460121BDE81040F8F7AD
:10159000A9B900BF4FF0500080F31188BFF36F8FDF
:1015A000BFF34F8FFEE70000F0B581B020B3826C2F
:1015B00004461AB3636CE06A8B4288BF19468842BE
:1015C0001AD0012A18D140F24426C2F2000632682D
:1015D000A2421DD0A269E162002A5CBFC1F10701ED
:1015E000A16148F23027616900EB8000C2F2000778
:1015F00007EB8000814215D001B0F0BD4FF05000E4
:1016000080F31188BFF36F8FBFF34F8FFEE700BFEA
:101610004FF0500080F31188BFF36F8FBFF34F8FEF
:10162000FEE700BF251D2846FFF760FDE16A0122A5
:10163000002802FA01F002D1726882437260726877
:10164000024301EB810007EB80002946726001B084
:10165000BDE8F040FFF7CEBDB0B588B00020CDE9C1
:10166000050006A805A904AAFFF774FD0598B8B3FC
:10167000069C002C3ED05421049A079107995429C6
:1016800042D107992063022084F8510007A8002561
:10169000CDE9005049F66120C0F600001FA10023EB
:1016A0000294F8F721FA2046F8F75CF9079940F21E
:1016B0004420C2F20000C16179B14FF0500181F3C2
:1016C0001188BFF36F8FBFF34F8F4FF0FF3101626F
:1016D00001214161456200F065F808B0B0BD00BF6E
:1016E0004FF0500080F31188BFF36F8FBFF34F8F1F
:1016F000FEE700BF4FF0500080F31188BFF36F8FFB
:10170000BFF34F8FFEE700BF4FF0500080F311880A
:10171000BFF36F8FBFF34F8FFEE700BF49444C45C7
:101720000000000040F24420C2F200008169013153
:101730008161704740F24420C2F2000081690029B3
:101740001EBF012181627047002181624168B1FAA8
:1017500081F1C9B2C1F11F0148F2302201EB8101D0
:10176000C2F2000252F8213063B102EB810252F85A
:10177000041F4968131D994211600DD0C9680160AA
:10178000704700BF4FF0500080F31188BFF36F8F98
:10179000BFF34F8FFEE700BF49681160C968016061
:1017A00070470000B0B584B04EF2004CCEF2000C91
:1017B0004CF27021C4F20F11DCF800294B1C9A4244
:1017C0000AD14FF0500080F31188BFF36F8FBFF341
:1017D0004F8F00BFFEE700BFDCF800298A4209D125
:1017E0004FF0500080F31188BFF36F8FBFF34F8F1E
:1017F000FEE700BF9CF800100291FF218CF800105A
:101800009CF800108DF807109DF8071001F05002A9
:1018100040F2DC21C2F200010A7007224A609DF901
:101820000720B2F1FF3F69DC032200BFD31C4B60ED
:101830009DF8070040008DF807009DF90700B0F102
:10184000FF3F23DC931C4B609DF8070040008DF8A0
:1018500007009DF90700B0F1FF3F17DC531C4B60F8
:101860009DF8070040008DF807009DF90700B0F1D2
:10187000FF3F0BDC4A609DF80700043A40008DF8FA
:1018800007009DF907000028D0D4131D032B35D184
:101890004FF44070486002988CF80000DCF8200992
:1018A00040F47000CCF82009DCF8200940F07040CA
:1018B000CCF82009FFF75CFD40F22C04C2F20004D2
:1018C00000252560FFF7A4FC4EF63470CEF2000030
:1018D000016841F040410160F8F792F9FFF72AFFF3
:1018E000039520684FF0500181F31188BFF36F8F8B
:1018F000BFF34F8F013011D0FEE700BF4FF0500013
:1019000080F31188BFF36F8FBFF34F8FFEE700BFE7
:10191000039830B9039820B9039810B903980028A8
:10192000F6D0002004B0B0BDB0B54820F8F7D6F925
:10193000044660B30025012084F846502460C4E9C1
:101940000F05FFF76FFC2068D4E90F12A56302FBB7
:101950000103013901FB0201C4E90103FF20E16039
:1019600084F8440084F8450004F11000FFF700FCFF
:1019700004F12400FFF7FCFBFFF778FC2046002170
:10198000002200232560C4E9025500F0FDF820463E
:10199000B0BD0000B0B582B0B1B34820019001984D
:1019A00048283BD10198012000250C4681F84600CB
:1019B0000960C1E90F05FFF735FC2068D4E90F1273
:1019C000A56302FB0103013901FB0201C4E9010324
:1019D000FF20E16084F8440084F8450004F1100021
:1019E000FFF7C6FB04F12400FFF7C2FBFFF73EFC44
:1019F00020460021002200232560C4E9025500F0A2
:101A0000C3F8204602B0B0BD4FF0500080F31188FB
:101A1000BFF36F8FBFF34F8FFEE700BF4FF0500053
:101A200080F31188BFF36F8FBFF34F8FFEE7000085
:101A3000F0B581B090B30546484348300E46F8F7FC
:101A40004DF9044630B30027204684F84670002E36
:101A500018BF48302060C4E90F56FFF7E3FB206849
:101A6000D4E90F12A76302FB0103013901FB020154
:101A7000C4E90103FF20E16084F8440084F84500D4
:101A800004F11000FFF774FB04F12400FFF770FB72
:101A9000FFF7ECFB204601B0F0BD00BF4FF0500057
:101AA00080F31188BFF36F8FBFF34F8FFEE7000005
:101AB00010B582B070B11C46B3B1F9B9F2B14FF0B4
:101AC000500080F31188BFF36F8FBFF34F8F00BFBB
:101AD000FEE700BF4FF0500080F31188BFF36F8F17
:101AE000BFF34F8FFEE700BF4FF0500080F3118827
:101AF000BFF36F8FBFF34F8FFEE700BF51B14AB9FD
:101B00004FF0500080F31188BFF36F8FBFF34F8FFA
:101B1000FEE700BF48230193019B482B2AD1019B7C
:101B2000012384F84630002908BF22462260C4E918
:101B30000F01FFF777FB2068D4E90F12002302FBA7
:101B4000010C013901FB0201A363C4E9010CFF2070
:101B5000E16084F8440084F8450004F11000FFF7C8
:101B600007FB04F12400FFF703FBFFF77FFB204690
:101B700002B010BD4FF0500080F31188BFF36F8F9B
:101B8000BFF34F8FFEE700002DE9F04F83B00292C4
:101B9000C0B11D4617460E460446E9B1022D03D1D9
:101BA000E06B012840F0888000F004FD10BB0FB30B
:101BB0004FF0500080F31188BFF36F8FBFF34F8F4A
:101BC000FEE700BF4FF0500080F31188BFF36F8F26
:101BD000BFF34F8FFEE700BF206C0028DED04FF030
:101BE000500080F31188BFF36F8FBFF34F8F00BF9A
:101BF000FEE700BFFFF716FBA06B022D66D0E16B7E
:101C0000884263D304F1100801206F460DF10809E2
:101C10000DE000BF2046F8F727F800F05BFEFFF765
:101C200001FBA06BE16B88424FF000004ED302999C
:101C3000002973D0C00702D03846FFF787FCFFF7B2
:101C400015FBFFF76FFDFFF7EDFA94F84400FF284E
:101C500004BF002084F8440094F84500FF2804BF26
:101C6000002084F84500FFF701FB3846494600F0A4
:101C7000E3FB002858D1FFF7D5FAD4F838A0D4F800
:101C80003CB0FFF7F3FADA45C4D102994046FFF7BA
:101C90006FFC2046F7F7E8FF00F01CFE0028BED1DD
:101CA0004EF60450CEF200004FF080510160BFF3B9
:101CB0004F8FBFF36F8FB2E74FF0500080F3118862
:101CC000BFF36F8FBFF34F8FFEE700BFA76B226C90
:101CD000D2B19DB3E0683146EEF7A3FCE168206C19
:101CE0002268091A9142E16003D2A1684042084487
:101CF000E060A81EB0FA80F040093946002F18BFF6
:101D0000012108403F1A26E02068002520BBA0687A
:101D100000F0F4FCA56005461EE000BFFFF7A6FA40
:101D2000002003B0BDE8F08F2046F7F79DFF00F0DC
:101D3000D1FD002003B0BDE8F08F00BF60683146E0
:101D4000EEF76FFC216CD4E9010208449042606018
:101D500001D3206860600025781CA06354F8240F2C
:101D6000A0B1204600F07CFD50B14EF60450CEF2FA
:101D700000004FF080510160BFF34F8FBFF36F8FB2
:101D8000FFF774FA012003B0BDE8F08F002DF7D003
:101D90004EF60450CEF200004FF080510160BFF3C8
:101DA0004F8FBFF36F8FFFF761FA012003B0BDE8DB
:101DB000F08F00002DE9F04700B31E46144605469B
:101DC0000F4629B3022E02D1E86B012852D1FFF74A
:101DD000E9FAEFF311884FF0500080F31188BFF358
:101DE0006F8FBFF34F8FA86B022E1FD0E96B884215
:101DF0001CD3002088F31188BDE8F0874FF0500015
:101E000080F31188BFF36F8FBFF34F8FFEE700BFE2
:101E1000286C0028D6D04FF0500080F31188BFF313
:101E20006F8FBFF34F8F00BFFEE700BF95F845905F
:101E3000A86BD5F838A02A6C32B36EB3E86839467F
:101E4000EEF7EFFBE968286C2A68091A9142E9600D
:101E500003D2A96840420844E860B01EB0FA80F09E
:101E600040095146BAF1000F18BF01210840AAEB02
:101E7000000A1EE04FF0500080F31188BFF36F8F0F
:101E8000BFF34F8FFEE700BF286890B9A86800F045
:101E900035FC0020A8600CE068683946EEF7C1FB0D
:101EA000296CD5E9010208449042686001D3286892
:101EB00068600AF10100B9F1FF0FA86310D155F86D
:101EC000240FB8B1284600F0CBFC0146002C4FF09F
:101ED000010018BF002913D188F31188BDE8F087ED
:101EE00009F1010085F84500012088F31188BDE85B
:101EF000F08700BF012088F31188BDE8F08700BF9C
:101F00000120206088F31188BDE8F08770B568B1C2
:101F10000546006CA0B14FF0500080F31188BFF36C
:101F20006F8FBFF34F8F00BFFEE700BF4FF0500031
:101F300080F31188BFF36F8FBFF34F8FFEE700BFB1
:101F400028680C4660B3FFF72DFAEFF311864FF0C7
:101F5000500080F31188BFF36F8FBFF34F8FA96BD1
:101F6000E86B814218D295F845000131FF28A9633A
:101F700024D155F8240F48B3284600F071FC0146DF
:101F8000002C4FF0010018BF00291BD00120206059
:101F900086F3118870BD00BF002086F3118870BDE4
:101FA000A8680028CFD04FF0500080F31188BFF30D
:101FB0006F8FBFF34F8F00BFFEE700BF013085F882
:101FC0004500012086F3118870BD00BF012086F313
:101FD000118870BD2DE9F04F83B0029290B1164682
:101FE0000D460446002947D000F0E4FAA0B99EB19E
:101FF0004FF0500080F31188BFF36F8FBFF34F8F06
:10200000FEE700BF4FF0500080F31188BFF36F8FE1
:10201000BFF34F8FFEE700BFFFF704F9D4F838A0F5
:10202000BAF1000F36D0226C52B1D4E902308118D7
:10203000E160994224BF2168E1602846EEF7F1FA99
:10204000AAF10100A06354F8100F70B1204600F00F
:1020500007FC50B14EF60450CEF200004FF0805114
:102060000160BFF34F8FBFF36F8F0124FFF7FEF8BE
:10207000204603B0BDE8F08F206C0028B4D04FF0AC
:10208000500080F31188BFF36F8FBFF34F8F00BFF5
:10209000FEE700BF04F1240801206F464FF000095D
:1020A0000DF1080B2EE000BFFFF7E0F8FFF73AFB59
:1020B000FFF7B8F894F84400FF2808BF84F844906C
:1020C00094F84500FF2808BF84F84590FFF7CEF844
:1020D0003846594600F0B0F9E0B12046F7F7C4FDA4
:1020E00000F0F8FBFFF79EF8A66BFFF7BFF8002E95
:1020F0003CD0FFF797F8D4F838A00020BAF1000FD1
:102100007FF491AF029949B3C007CDD03846FFF7AD
:102110001DFAC9E7FFF786F8A66BFFF7A7F82EB1FF
:102120002046F7F7A1FD00F0D5FBE2E70299404613
:10213000FFF71EFA2046F7F797FD00F0CBFB0028CB
:10214000D7D14EF60450CEF200004FF0805101601E
:10215000BFF34F8FBFF36F8FCBE700BF0024FFF7B4
:1021600085F8204603B0BDE8F08F00BF002420466C
:1021700003B0BDE8F08F00002DE9F04381B00028E6
:102180003ED0914605460E46002943D0FFF70AF996
:10219000EFF311884FF0500080F31188BFF36F8F79
:1021A000BFF34F8FAC6B002C42D095F844702A6C73
:1021B00052B1D5E902308118E960994224BF2968FB
:1021C000E9603046EEF72DFA601EFF2FA86335D187
:1021D00055F8100F00283BD0284600F041FB01467F
:1021E000B9F1000F4FF0010004D000291CBF0120FD
:1021F000C9F8000088F3118801B0BDE8F08300BF82
:102200004FF0500080F31188BFF36F8FBFF34F8FF3
:10221000FEE700BF286C0028B8D04FF0500080F3D4
:102220001188BFF36F8FBFF34F8F00BFFEE700BF72
:10223000002088F3118801B0BDE8F083781C85F890
:102240004400012088F3118801B0BDE8F08300BF8D
:10225000012088F3118801B0BDE8F0832DE9F04F2B
:1022600083B0029160B10446006C98B14FF0500009
:1022700080F31188BFF36F8FBFF34F8FFEE700BF6E
:102280004FF0500080F31188BFF36F8FBFF34F8F73
:10229000FEE700BF0D4600F08DF958B955B14FF07B
:1022A000500080F31188BFF36F8FBFF34F8F00BFD3
:1022B000FEE700BFFEF7B6FFA16BF9B1481EA063B1
:1022C000206810B9F7F70EFEA06054F8100F70B137
:1022D000204600F0C5FA50B14EF60450CEF2000090
:1022E0004FF080510160BFF34F8FBFF36F8F012418
:1022F000FEF7BCFF204603B0BDE8F08F04F12409CF
:102300004FF0000B01206E4602AF4FF000082AE0AC
:10231000FEF7ACFFFFF706FAFEF784FF94F84400DF
:10232000FF2808BF84F844B094F84500FF2808BF90
:1023300084F845B0FEF79AFF3046394600F07CF845
:10234000D0B12046F7F790FC00F0C4FAFEF76AFF20
:10235000A56BFEF78BFF002D4ED0FEF763FFA16B40
:1023600000200029AAD10299C1B3C007D0D03046BD
:10237000FFF7ECF8CCE700BFFEF754FFD4F838A025
:10238000FEF774FFBAF1000F06D02046F7F76CFC99
:1023900000F0A0FAE1E700BF206838B9FEF742FF7D
:1023A000A06800F007FA8046FEF760FF02994846F1
:1023B000FFF7DEF82046F7F757FC00F08BFA00280D
:1023C000CBD14EF60450CEF200004FF080510160A8
:1023D000BFF34F8FBFF36F8FBFE700BFB8F1000FA0
:1023E00022D04FF0500080F31188BFF36F8FBFF3FE
:1023F0004F8F00BFFEE700BFB8F1000F0AD0FEF715
:1024000011FFD9F8000058B1206B0068C0F1070136
:1024100007E000BF0024204603B0BDE8F08F00BFF6
:102420000021A068FFF7C0F80024FEF71FFF204638
:1024300003B0BDE8F08F0000B0B5D8B10D4619B3B8
:102440000446FEF7EFFE40F2442CC2F2000CDCF82A
:10245000242029684B1C21D0D4E9000EDCF8383048
:10246000834221D072451FD30124FEF7FFFE204690
:10247000B0BD00BF4FF0500080F31188BFF36F8FE5
:10248000BFF34F8FFEE700BF4FF0500080F311887D
:10249000BFF36F8FBFF34F8FFEE700BF0024FEF73F
:1024A000E5FE2046B0BD00BFA2EB0E0291420DD961
:1024B000881A2860DCF838002060DCF824006060AE
:1024C0000024FEF7D3FE2046B0BD00BF002001244B
:1024D0002860FEF7CBFE2046B0BD00002DE9F0439A
:1024E00083B007469000984615468946F7F7F6FBF5
:1024F000F8B106465420F7F7F1FBB8B10446DDE920
:102500000A100022266384F85120CDE900103846D5
:1025100049462A4643460294F7F7E6FA2046F7F77B
:1025200021FA012003B0BDE8F08300BF3046FEF77A
:10253000B5FE4FF0FF3003B0BDE8F08370B586B054
:102540000B9CCCB10C9E0EB354250495049D542DC8
:1025500026D1049DDDF828C0022586F8515005AD2E
:102560003463CDE900C50296F7F7BEFA3046F7F7B7
:10257000F9F9059806B070BD4FF0500080F311884E
:10258000BFF36F8FBFF34F8FFEE700BF4FF05000D8
:1025900080F31188BFF36F8FBFF34F8FFEE700BF4B
:1025A0004FF0500080F31188BFF36F8FBFF34F8F50
:1025B000FEE7000040F24420C2F200004169002919
:1025C0000FBF01208069B0FA80F0400918BF4000B9
:1025D0007047000040F24420C2F20000406A704799
:1025E00080B5FEF7DFFE40F24420C2F20000406AF0
:1025F00080BD00002DE9F04740F24426C2F20006FB
:10260000B06928B1F06A0130F0620020BDE8F087BF
:10261000706A10F1010AC6F824A020D3306B00685C
:1026200050B14FF0500080F31188BFF36F8FBFF3AC
:102630004F8F00BFFEE700BF306B716B316370637B
:10264000B06B0130B063306B006828B1306BC0688C
:10265000C068406802E000BF4FF0FF303062306A6F
:1026600048F230288245C2F2000801D2002434E04A
:10267000306B0024006868B34FF0010916E000BF1A
:10268000F86A716809FA00F2114300EB800071608A
:1026900008EB80002946FEF7ADFDF86A3168C96A8B
:1026A000326B8842106828BF4C4698B1306BC068C6
:1026B000C7683D4655F8040F82450DD32846FEF7FE
:1026C00015FDB86A0028DBD007F11800FEF70EFDF3
:1026D000D6E700BF4FF0FF3030623068C06A00EBD1
:1026E000800058F82000012888BF0124B06A002823
:1026F00018BF01242046BDE8F0870000F0B581B086
:1027000090B140F24427C2F2000704463868A04264
:102710000ED04FF0500080F31188BFF36F8FBFF3DE
:102720004F8F00BFFEE700BF0026304601B0F0BD6E
:10273000A06CA8B3E16A626C013891424FF00006C8
:10274000A064F2D00028F0D1251D2846FEF7CEFC6B
:10275000002848F23020C2F200000CD1E16A01EBFF
:10276000810250F8222032B901227B6802FA01F17D
:1027700023EA01017960616C0126C1F10702E1627F
:10278000A2617A6806FA01F301EB81011A4300EBBA
:10279000810029467A60FEF72DFD304601B0F0BD7C
:1027A0004FF0500080F31188BFF36F8FBFF34F8F4E
:1027B000FEE70000F0B581B020B340F24426C2F23B
:1027C00000060446C06A3168C96A88421ED2A169FF
:1027D000002904D43168C96AC1F10701A16148F236
:1027E0003027616900EB8000C2F2000707EB800030
:1027F000814215D03068C06AE0620124204601B0F1
:10280000F0BD00BF0024204601B0F0BD606C31680F
:102810000024C96A884238BF0124204601B0F0BDB7
:10282000251D2846FEF762FC38B9E06A012172686E
:1028300001FA00F022EA000070603068C06AE062CD
:102840000124716804FA00F2114300EB800071600A
:1028500007EB80002946FEF7CDFC204601B0F0BD15
:1028600070B5C068C5686DB105F118042046FEF763
:102870003DFC40F24426C2F20006B06960B106F1A8
:1028800064001BE04FF0500080F31188BFF36F8F9E
:10289000BFF34F8FFEE700BF2C1D2046FEF726FC3E
:1028A000E86A0121726881401143716048F2302169
:1028B00000EB8000C2F2000101EB80002146FEF730
:1028C00099FCE86A3168C96A884292BF00200120F9
:1028D000B06270BD2DE9F04140F24425C2F200051E
:1028E000A86968B1FEF79EFCA8690138A861A869CB
:1028F00080B10024FEF7BAFC2046BDE8F08100BF9D
:102900004FF0500080F31188BFF36F8FBFF34F8FEC
:10291000FEE700BF28690028EBD0686E78B348F264
:1029200030280126C2F20008286FC76807F1180096
:10293000FEF7DCFB3C1D2046FEF7D8FBF86A696811
:1029400006FA00F2114300EB8000696008EB80009A
:102950002146FEF74FFCF86A2968C96A884228BFF9
:10296000AE62686E0028DFD1286B006820B1286B4A
:10297000C068C068406801E04FF0FF302862EC6A30
:102980004CB10126FFF736FE002818BFAE62013CAD
:10299000F8D10020E862A86A0028AAD04EF60450B8
:1029A000CEF200004FF080510160BFF34F8F012441
:1029B000BFF36F8FFEF75AFC2046BDE8F081F1EEC1
:1029C000100A4FF6FF71C0F2C03120EA010040F05A
:1029D0004070E1EE100A70470000000000000000A7
:1029E00001020304060708090000000001020304B5
:1029F000FFFFFFFFFFFF00000000000000000000DD
:102A0000FA0000009DFB0008E8030000C959000817
:102A1000E8030000A143000818000F00B4070020DD
:102A200018030020100002001F0900201C030020D2
:102A3000280004004209002020030020100010009C
:102A4000E82F00203003002060021000E50900207C
:102A50003403002020000500EB3000201403002088
:102A600020060C008E310020C481002010000300DD
:102A7000117B00202C03002010000800447B002064
:102A80002403002010000800C77B0020280300203A
:102A90009C0005002D7D0020080300201C0008007C
:102AA0004A7C00200C030020100010003C80002015
:102AB00010030020200004003F81002004030020B8
:102AC000B42A0108902A01089C2A0108A82A0108B2
:102AD000542A0108182A0108242A0108302A01086A
:102AE000782A0108842A01086C2A01083C2A010876
:102AF000482A01080000000000000000000000005B
:102B000064656661756C745461736B0045746849E3
:102B100066004574684C696E6B004173736572742E
:102B2000696F6E2022257322206661696C656420BE
:102B30006174206C696E6520256420696E202573A0
:102B40000A002E2E2F4D6964646C6577617265737F
:102B50002F54686972645F50617274792F4C7749A1
:102B6000502F7372632F6170692F6170695F6C6998
:102B7000622E63006E6574636F6E6E5F726563765E
:102B80005F7463705F706275663A20696E76616C1F
:102B9000696420636F6E6E006E6574636F6E6E5F46
:102BA000726563763A20696E76616C696420706F35
:102BB000696E74657200737461746521006C776965
:102BC000705F6E6574636F6E6E5F646F5F7772695E
:102BD00074656D6F72653A20696E76616C69642008
:102BE0006C656E6774682100636F6E6E2D3E637551
:102BF0007272656E745F6D73672D3E6D73672E77AD
:102C00002E766563746F725F636E74203E203000B1
:102C1000636F6E6E2D3E63757272656E745F6D7359
:102C20006720213D204E554C4C00636F6E6E202175
:102C30003D204E554C4C002E2E2F4D6964646C6522
:102C400077617265732F54686972645F5061727442
:102C5000792F4C7749502F7372632F6170692F6100
:102C600070695F6D73672E6300616C726561647972
:102C70002077726974696E67206F7220636C6F735E
:102C8000696E67006163636570746D626F78206D53
:102C9000757374206265206465616C6C6F63617428
:102CA0006564206265666F72652063616C6C696E35
:102CB0006720746869732066756E6374696F6E004F
:102CC0002E2E2F4D6964646C6577617265732F5485
:102CD000686972645F50617274792F4C7749502F24
:102CE0007372632F6170692F6E65746275662E63EF
:102CF000002E2E2F4D6964646C6577617265732FA9
:102D000054686972645F50617274792F4C774950CE
:102D10002F7372632F6170692F74637069702E63F3
:102D20000074637069705F7468726561643A2069E9
:102D30006E76616C6964206D6573736167650049C7
:102D40006E76616C6964206D626F78006D656D5F91
:102D50006D616C6C6F633A20616C6C6F636174655C
:102D600064206D656D6F72792070726F7065726C22
:102D70007920616C69676E65642E00706C75675FA1
:102D8000686F6C65733A206D656D2D3E6E65787465
:102D9000203C3D204D454D5F53495A455F414C49CC
:102DA000474E4544002E2E2F4D6964646C65776153
:102DB0007265732F54686972645F50617274792F01
:102DC0004C7749502F7372632F636F72652F6D6557
:102DD0006D2E63006D656D5F667265653A20696C86
:102DE0006C6567616C206D656D6F72793A206E6FEE
:102DF0006E2D6C696E6B65643A20646F75626C65EC
:102E00002066726565006D656D5F667265653A2066
:102E1000696C6C6567616C206D656D6F72793A20C5
:102E2000646F75626C65206672656500696E7661B7
:102E30006C6964206E65787420707472002E2E2F79
:102E40004D6964646C6577617265732F546869724B
:102E5000645F50617274792F4C7749502F7372639D
:102E60002F636F72652F6D656D702E6300696E76CE
:102E7000616C696420706F6F6C2064657363006DB2
:102E8000656D705F667265653A206D656D20707264
:102E90006F7065726C7920616C69676E6564006D36
:102EA000656D705F6D616C6C6F633A206D656D7000
:102EB0002070726F7065726C7920616C69676E65E5
:102EC00064002E2E2F4D6964646C657761726573A2
:102ED0002F54686972645F50617274792F4C77491E
:102EE000502F7372632F636F72652F6E65746966FE
:102EF0002E6300706275665F636F707928292064A5
:102F00006F6573206E6F7420616C6C6F77207061D9
:102F1000636B657420717565756573210028682081
:102F2000213D204E554C4C29202626202874202156
:102F30003D204E554C4C29202870726F6772616D90
:102F40006D65722076696F6C6174657320415049BC
:102F50002900702D3E746F745F6C656E203D3D20BE
:102F6000702D3E6C656E20286F66206C6173742036
:102F70007062756620696E20636861696E290070F1
:102F800020213D204E554C4C00702D3E6E657874CE
:102F9000203D3D204E554C4C002E2E2F4D69646433
:102FA0006C6577617265732F54686972645F5061F4
:102FB0007274792F4C7749502F7372632F636F723D
:102FC000652F706275662E6300706275665F636F51
:102FD0007079206661696C656400696E76616C6900
:102FE0006420706275665F7479706500696E6372E3
:102FF000656D656E745F6D61676E6974756465207B
:103000003C3D20702D3E6C656E00706275662072CE
:103010006566206F766572666C6F77007463705FAB
:10302000667265653A204C495354454E007463708E
:103030005F736C6F77746D723A2054494D452D570C
:10304000414954207063622D3E7374617465203D64
:103050003D2054494D452D57414954007463705FDC
:10306000736C6F7774696D723A20706572736973EF
:1030700074207469636B696E67207769746820696E
:103080006E2D666C69676874206461746100746396
:10309000705F6162616E646F6E3A20696E76616C1A
:1030A000696420706362002E2E2F4D6964646C6524
:1030B00077617265732F54686972645F50617274CE
:1030C000792F4C7749502F7372632F636F72652F7E
:1030D0007463702E63006E65775F7263765F616EF6
:1030E0006E5F776E64203C3D2030786666666600D1
:1030F0007463705F736C6F7774696D723A2070657A
:103100007273697374207469636B696E6720776981
:10311000746820656D7074792073656E64206275C3
:1031200066666572007463705F736C6F77746D723E
:103130003A206D6964646C652074637020213D20C1
:103140007463705F6163746976655F706362730056
:103150007463705F736C6F77746D723A2066697216
:10316000737420706362203D3D207463705F6163FF
:10317000746976655F70636273007463705F736C0B
:103180006F77746D723A206D6964646C6520746346
:103190007020213D207463705F74775F7063627389
:1031A000007463705F736C6F77746D723A20666938
:1031B00072737420706362203D3D207463705F748D
:1031C000775F70636273007463705F7265636569D3
:1031D00076653A207463706C656E203E207263766B
:1031E0005F776E640A007463705F72656365697609
:1031F000653A206F6F736571207463706C656E2023
:103200003E207263765F776E640A007463705F724B
:103210006563656976653A207365676D656E7420D0
:103220006E6F74207472696D6D656420636F727265
:103230006563746C7920746F207263765F776E6457
:103240000A007463705F696E7075743A207063620F
:103250002D3E6E65787420213D20706362202862C7
:1032600065666F72652063616368652900746370C9
:103270005F696E7075743A207063622D3E6E65787A
:103280007420213D2070636220286166746572207D
:10329000636163686529007063622D3E736E645FCD
:1032A00071756575656C656E203E3D207062756652
:1032B0005F636C656E286E6578742D3E70290070B2
:1032C00063622D3E726566757365645F64617461E7
:1032D000203D3D204E554C4C007463705F696E700C
:1032E00075743A20616374697665207063622D3E5F
:1032F000737461746520213D204C495354454E0040
:103300007463705F696E7075743A20616374697676
:1033100065207063622D3E737461746520213D20C9
:1033200054494D452D57414954007463705F696E8F
:103330007075743A2054494D452D574149542070B9
:1033400063622D3E7374617465203D3D2054494D88
:10335000452D57414954002E2E2F4D6964646C65EC
:1033600077617265732F54686972645F506172741B
:10337000792F4C7749502F7372632F636F72652FCB
:103380007463705F696E2E63007463705F77726937
:1033900074653A20617267203D3D204E554C4C20AB
:1033A0002870726F6772616D6D65722076696F6CDF
:1033B000617465732041504929007463705F656EC4
:1033C00071756575655F666C6167733A206E6565DA
:1033D0006420656974686572205443505F53594E88
:1033E000206F72205443505F46494E20696E20661C
:1033F0006C616773202870726F6772616D6D6572A2
:103400002076696F6C61746573204150492900759D
:103410006E73656E745F6F76657273697A65206D21
:1034200069736D6174636820287063622D3E756EE8
:1034300073656E74206973204E554C4C29006F766D
:10344000657273697A65203D3D2030007072657643
:103450005F73656720213D204E554C4C00746370AE
:103460005F77726974653A20696E76616C69642071
:10347000706362007463705F6F75747075745F6100
:103480006C6C6F635F6865616465723A20696E7623
:10349000616C696420706362007463705F72657848
:1034A0006D69745F72746F5F636F6D6D69743A20DC
:1034B000696E76616C696420706362002E2E2F4DF8
:1034C0006964646C6577617265732F5468697264AE
:1034D0005F50617274792F4C7749502F7372632F4C
:1034E000636F72652F7463705F6F75742E63007401
:1034F00063705F77726974653A20524F4D20706235
:103500007566732063616E6E6F74206265206F76DE
:10351000657273697A656400696E636F6E7369734F
:1035200074656E74206F76657273697A6520767340
:103530002E207370616365007463705F77726974C5
:10354000653A20657874656E73696F6E206F6620CA
:103550007265666572656E63652072657175697204
:103560006573207265666572656E6365006E65657C
:103570006420756E636861696E656420706275664B
:10358000007463705F77726974653A2076616C6964
:1035900064207175657565206C656E67746800746C
:1035A00063705F656E71756575655F666C61677385
:1035B0003A20696E76616C69642071756575652065
:1035C0006C656E677468007463705F656E717565B5
:1035D00075655F666C6167733A20696E76616C69C8
:1035E00064207365676D656E74206C656E677468C2
:1035F00000696E636F6E73697374656E74206F76A5
:10360000657273697A652076732E206C656E00741E
:1036100063705F77726974653A2063616E6E6F7470
:1036200020636F6E636174656E6174652077686591
:103630006E207063622D3E756E73656E74206973C3
:1036400020656D707479002E2E2F4D6964646C6551
:1036500077617265732F54686972645F5061727428
:10366000792F4C7749502F7372632F636F72652FD8
:1036700074696D656F7574732E63007379735F740D
:10368000696D656F75743A2074696D656F75742026
:10369000213D204E554C4C2C20706F6F6C204D45B9
:1036A0004D505F5359535F54494D454F5554206910
:1036B0007320656D707479002E2E2F4D6964646CD3
:1036C0006577617265732F54686972645F506172C7
:1036D00074792F4C7749502F7372632F636F726523
:1036E0002F7564702E63006E657469662D3E687771
:1036F000616464725F6C656E206D757374206265C1
:10370000207468652073616D65206173204554489D
:103710005F4857414444525F4C454E20666F7220CB
:1037200065746861727021006E6574696620213D60
:10373000204E554C4C0069706164647220213D201C
:103740004E554C4C002E2E2F4D6964646C6577618C
:103750007265732F54686972645F50617274792F57
:103760004C7749502F7372632F636F72652F6970A6
:1037700076342F6574686172702E63002E2E2F4D83
:103780006964646C6577617265732F5468697264EB
:103790005F50617274792F4C7749502F7372632F89
:1037A000636F72652F697076342F69636D702E6355
:1037B00000702D3E726566203D3D2031002E2E2F7B
:1037C0004D6964646C6577617265732F54686972C2
:1037D000645F50617274792F4C7749502F73726314
:1037E0002F636F72652F697076342F6970342E6382
:1037F000002E2E2F4D6964646C6577617265732F9E
:1038000054686972645F50617274792F4C774950C3
:103810002F7372632F636F72652F697076342F690F
:1038200070345F667261672E630073616E697479CC
:1038300020636865636B206C696E6B6564206C69DE
:10384000737400010203040506070707070707074B
:1038500003060C183060780078380108000000205A
:1038600030000000E8010008A838010830000020FE
:1038700018170100040200080100000010000000F9
:1038800000C000006E190000D9090008D109000825
:103890000D0A0008ED090008D50900080024F4000D
:0838A00000C00000AAAAAAAAB8
:04000005080001AD41
:00000001FF
