:020000040800F2
:10000000901D0120C1010008093A000821350008AF
:10001000053A00081D100008CD3D00080000000052
:10002000000000000000000000000000813A00080D
:100030004912000800000000113A0008B13A000817
:10004000DB010008DB010008DB010008DB01000820
:10005000DB010008DB010008DB010008DB01000810
:10006000DB01000829150008DB010008DB0100089E
:10007000DB010008DB010008DB010008DB010008F0
:10008000DB010008DB010008DB010008DB010008E0
:10009000DB010008DB010008DB010008DB010008D0
:1000A000DB010008953B0008DB010008DB010008CC
:1000B000DB010008DB010008DB010008DB010008B0
:1000C000DB010008DB010008DB010008DB010008A0
:1000D000DB010008DB010008DB010008DB01000890
:1000E000DB010008DB010008DB010008DB01000880
:1000F000DB010008DB010008DB010008DB01000870
:10010000DB010008DB010008DB010008DB0100085F
:10011000DB010008DB010008DB010008DB0100084F
:10012000DB010008DB010008DB010008DB0100083F
:10013000DB0100084D120008DB010008DB010008AC
:10014000DB010008DB010008DB010008DB0100081F
:10015000DB010008DB010008DB010008DB0100080F
:10016000DB010008DB010008DB010008DB010008FF
:10017000DB010008DB010008DB01000800000000D3
:10018000DB010008DB010008DB010008DB010008DF
:10019000DB010008DB010008DB010008DB010008CF
:1001A000DB010008DB010008DB010008DFF80CD0F0
:1001B00000F0E6FC004800471D880008901D012063
:1001C0000648804706480047FEE7FEE7FEE7FEE7F1
:1001D000FEE7FEE7FEE7FEE7FEE7FEE7813B0008FD
:1001E000AD0100082DE9F05F0546002092469B46D0
:1001F00088460646814640241BE02846414647463D
:10020000224600F099FA53465A46C01A914110D33B
:1002100011461846224600F080FA2D1A67EB0108B5
:100220004F4622460120002100F077FA17EB000923
:100230004E41201EA4F10104DFDC484631462A4627
:100240004346BDE8F09F0000004870476871010810
:1002500010B50446FFF7F8FF0068005D00F00100EC
:1002600010BD00000649074A0868504343F23902AE
:10027000104408604008704701490860704700005A
:10028000000000206D4EC64110B5431A934209D2BA
:100290008318881803E010F8011D03F8011D521E91
:1002A000F9D210BD40EA01039B0703D009E008C959
:1002B000121F08C0042AFAD203E011F8013B00F82B
:1002C000013B521EF9D210BDD2B201E000F8012B61
:1002D000491EFBD270470022F6E710B513460A46C6
:1002E00004461946FFF7F0FF204610BD421C10F8E7
:1002F000011B0029FBD1801A704710B5002200E0D5
:10030000521C835C8C5CA34201D1002BF8D1D8B283
:10031000E1B2401A10BD30B504460020034600E0AB
:100320005B1C934203D2E05CCD5C401BF8D030BD37
:100330000FB400B58DB010A909900B9000914FF04B
:10034000FF300A9000200C90054806900548079061
:100350006A4609A80F9900F005FA0DB05DF814FB84
:10036000810700089F0700082DE9FF4F087883B038
:100370009946FF2805D0491C2D2804D000240020D0
:1003800008E000200BE00124F9E700EB800003EB1C
:100390004000491C0B78FF2BF7D104B140420023E9
:1003A0000293147819461D462D2C01D02B2C04D114
:1003B000521C2D2C13D000240294AA461478FF2C32
:1003C0000FD00A25A3FB057801FB05814FF0000C37
:1003D00003FB0C11521CE3194AEB0101EEE7012467
:1003E000EAE7814453EA010002D019F5C87F06DA32
:1003F00003980021C0E9001107B0BDE8F08F002587
:10040000AE4E2F46DFF8B882184600F061FBCDE90A
:100410000001B9F1000002DAC9F1000400E004466D
:100420000023A74A1AEB030B42EB045A12E0E00741
:1004300007D02A4633463846414600F068FA074658
:1004400088462A4633461046194600F060FA0546AB
:100450000E466410002CEAD1DDE90001B9F1000F6D
:100460005A46534606DA00F0C4FA3A46434600F0CC
:10047000C0FA05E000F04BFA3A46434600F047FA6E
:10048000029A0AB181F00041039AC2E90001B3E780
:100490002DE9FF4F1F468DB0D7E901464FF0FF38D9
:1004A0002E2045464FF000090B90B9696D1C0E983F
:1004B0008847396A824688470028F6D1BAF1FF3F5B
:1004C0000AD024F4D064002E11DDBAF12B0F08D02D
:1004D000BAF12D0F0BD102E0404611B08DE744F484
:1004E0008064B9696D1C0E9888478246761E6946FD
:1004F000600501D52D2000E02B208DF8000001F1D2
:10050000010B0DF1200809E0B9696D1C0E988847B0
:1005100082460F9844F40074761E0560002E02DDBA
:10052000BAF1300FF0D00B998A453ED144F08004E7
:1005300006E00F99681CA9F1010944F400740860F1
:10054000B9696D1C761E0E98884782463028F0D017
:100550002BE00B998A4505D1200603D444F0800492
:10056000761E18E0504616F001FA08B30DF113029A
:10057000761EAAF1300044F40074934506D20BF8BD
:10058000010B200607D5A9F1010003E0200602D4E3
:1005900009F101008146A00502D50F99681C086089
:1005A000B9696D1C0E9888478246002ED1DC53E055
:1005B000002E51DDBAF1650F02D0BAF1450F4BD1D3
:1005C000A00549D5B9696D1C24F44074761E0E98B7
:1005D00088478246002E0CDD2B2804D0BAF12D0F5F
:1005E00007D144F48074B9696D1C0E98884782461F
:1005F000761EE00501D52D2100E02B2108F8011B16
:10060000CDF82C8021E00DF12901761E44F4007410
:1006100088450CD2AAF1300010F0FF0088F80000E5
:1006200002D10B99884509D908F1010806E0E005D7
:1006300001D5244801E042F20F708146B9696D1C72
:100640000E98884782460F980560002E04DD5046BC
:1006500016F08CF90028D6D1F9690E988847FF204A
:100660008BF8000088F800000020069007904B46A9
:100670006A4608A906A8FFF777FEA00502D46FF026
:1006800001002AE714F0240F0AD0E00714D1DDE9B5
:1006900006123868031D3B600068C0E900120BE0D9
:1006A000DDE9060100F050FA0146E00704D13868A0
:1006B000021D3A600068016028460EE70000144001
:1006C0000000F03FF1D8FFFF00F0004230F00040A2
:1006D0000AD0C10D01F56071C0F3160042EA015164
:1006E000C20840071143704700200146704730B5EB
:1006F0000B46014600202022012409E021FA02F5E0
:100700009D4205D303FA02F5491B04FA02F5284479
:10071000151EA2F10102F1DC30BD202A04DB203AD3
:1007200000FA02F1002070479140C2F1200320FA44
:1007300003F3194390407047202A04DB203A21FA42
:1007400002F00021704721FA02F3D040C2F12002EA
:1007500091400843194670470268114413780160BC
:1007600018467047D1600449516104491162002163
:100770001161114600F028BA59070008510200081B
:10078000426842B1016811F8013B23B1521EC0E931
:100790000012184670470121C160881E70474268E8
:1007A0005AB1C368016843B983688B4205D0491EBA
:1007B000521CC0E90012002070474FF0FF30704714
:1007C0002DE9FE4F804681EA0300C00F0C460090E1
:1007D00021F0004123F00045B8EB0200A94105D209
:1007E0004046214690461C460B46024623F00040F8
:1007F000104347D0270DC7F30A00C3F30A510290F4
:10080000401A019040286BDAC3F3130040F4801BB8
:100810000098924620B10023D2EB030A63EB0B0B46
:1008200001985946C0F140025046FFF776FF064650
:100830000D4650465946019A00F0B4F910EB0800F5
:100840006141002487EA115284EAE7731A4340D0D9
:10085000009A62B3019A012A4FEA075215DC001B85
:1008600061EB02014FF0004202EA0752CDE900427B
:10087000001C41F5801132462B4600F081FB03B08D
:10088000BDE8F08F40462146F9E7001B61EB02010D
:10089000001C41F5801300185B412018A2F50017D9
:1008A00047EB030140EAD570B6196D4111E06D08C0
:1008B0004FEA360645EAC0754FEA0752001B61EB66
:1008C0000201001C41F5801149084FEA300000196F
:1008D000514132462B4603B0BDE8F04F00F041BB1A
:1008E0000098012240000023D0EB020263EBE0738A
:1008F000009821464FEAE074B8EB000061EB040178
:10090000E9E783F000435BE781F0004158E72DE918
:10091000FE4F81EA030404F0004421F000410094FA
:100920004FF0000B23F0004350EA01045ED052EA7E
:1009300003045BD0C3F30A54C1F30A552C44A4F258
:10094000F3340194A0FB0254C1F3130141F480116C
:10095000C3F3130343F4801301FB024400FB034E73
:10096000840A970A44EA815447EA8357A4FB07683C
:1009700002958D0A05FB07854FEA932C04FB0C5466
:100980002705029D4FEA065847EA1637B5EB0805DA
:100990006EEB070C870E920E47EA811742EA83122C
:1009A000A7FB0201B6EB0B0164EB00042B0D43EA3D
:1009B0000C335E1844EB1C50DA465146E7FB02014B
:1009C000C5F313044FEA0B3343EA14534FEA0432DE
:1009D000019C43EA0603A4F10C040294009CCDE9B7
:1009E00000B400F0CDFA03B0BDE8F08F002001465E
:1009F000F9E72DE9F04D81EA030404F0004B21F002
:100A0000004514464FF0000A23F0004150EA050269
:100A100020D054EA01021DD0C5F30A570246C5F39F
:100A20001303C1F31300C1F30A5640F4801543F4D5
:100A30008013A7EB0608101BD64608F2FD3873EBAF
:100A4000050002D308F1010801E092185B41B8F1FA
:100A5000000F03DA00200146BDE8F08D00204FF4BE
:100A60008011064684460EE0171B73EB050705D37D
:100A7000121B63EB050306434CEA010C49084FEADD
:100A8000300092185B4150EA0107EDD152EA0300B1
:100A900012D082EA040083EA0501084305D0101B46
:100AA000AB4106D20122002306E000224FF00043B2
:100AB00002E06FF0010253101AEB06004CEB0851F4
:100AC00010EB0A0041EB0B01BDE8F04D00F049BA14
:100AD0000EB540F2334202920022CDE900221346C5
:100AE00000F04EFA03B000BDC1F30A52C1F3130186
:100AF00040F2FF3341F480119A4202DA00200146AD
:100B0000704740F233439A42A2F2334202DC52422F
:100B1000FFF712BEFFF701BE30B5041E71F10004ED
:100B200004DB4FF00044404264EB0101141E73F1FA
:100B3000000405DB1C464FF00043524263EB040304
:100B4000994208BF904230BD01F0004330B421F01B
:100B5000004150EA010206D00A0DA2F56072C1F30D
:100B60001301002A02DC30BC00207047440F44EA25
:100B7000C104C100E01830BC00EBC25000F0BAB9AB
:100B8000064C074D06E0E06840F0010394E80700DA
:100B900098471034AC42F6D3FFF70CFBB88301083A
:100BA000D8830108202A06DBCB17203A41FA02F04D
:100BB00043EAE07306E041FA02F3D040C2F12002BA
:100BC00091400843194670472DE9F34F8BB04FF021
:100BD000000801F10C000C464FF0010B46460DF1E8
:100BE000080A01906269012101989047051E2DD0E5
:100BF000252D2CD0216A8847C0B162690121019856
:100C00009047216A88470028F7D1411E6269019800
:100C1000904700E0761CA1690B988847216A8847B5
:100C20000028F7D1E1690B988847DBE7A1690B98A9
:100C300088470746A84201D1761CD3E7E1690B98A3
:100C400088477F1C02D1B8F1000F6FD046E1002722
:100C500062693D463946019890472A2804D1626965
:100C60000121019890470125DFF8849262690121F2
:100C700001989047A0F130010A290AD24F45E5DCDE
:100C800007EB870100EB4107303FDFD445F010054B
:100C9000ECE7E90601D46FF000476C280AD04C2835
:100CA00014D0682815D06A280DD074281CD07A2852
:100CB0001AD01DE062690121019890476C2802D08A
:100CC00045F0040514E045F002050DE045F020056F
:100CD0000AE06269012101989047682802D045F036
:100CE000080505E045F40065626901210198904717
:100CF000C4E9015765283DD019DC58287AD00CDCAE
:100D0000452837D004DC252826D0412831D131E0D0
:100D100046282FD047282CD12CE05B2877D061289B
:100D200028D063287CD0642823D15AE0D0E06F28F3
:100D300048D008DC66281DD067281BD0692821D040
:100D40006E2816D127E0702845D0732868D0752802
:100D500047D078280DD14DE0A1690B98884705460A
:100D600025283FF469AFE1690B9888476D1C3FF473
:100D70006AAFB3E023466A466FF001000B99FFF7B4
:100D800087FB9EE045F040006060A80723464FF0D7
:100D9000000236D43EE0E8077FF447AF2068011D2B
:100DA00021600068290501D506701BE7290701D5D8
:100DB000068017E7A90703D5F117C0E9006111E71D
:100DC00006600FE745F040006060A80723464FF03B
:100DD000080216D41EE040F60E0125EA010060600C
:100DE00016E045F040006060A80723464FF00A0275
:100DF00007D40FE045F040006060A80708D52346FF
:100E000010226FF001000B99AFF3008059E007E06A
:100E1000234610226FF001000B99AFF3008050E0E1
:100E20004FF000094F464B46632802D05B2806D09E
:100E300040E0E80601D40120A06001273AE06269A1
:100E40000121019890475E2805D14FF001096269A0
:100E5000494601989047216939B900210A4653460D
:100E600043F82120491C0829FADBB0B3216969B98C
:100E7000C11700EBD16253110AEB830122F01F026C
:100E8000821A01200B68904003430B6062690121C4
:100E9000019890475D28E8D1B9F1000F09D00020F2
:100EA000514651F82020D24341F82020401C082808
:100EB000F7DB02AB224600976FF001000B99AFF30E
:100EC000008000280CDA401C08D1BBF1000F05D0CF
:100ED0004FF0FF300DB0BDE8F08FFFE74046F9E777
:100EE000E90701D108F1010806444FF0000B79E64B
:100EF000CCCCCC0C0029A8BF7047401C490008BFCF
:100F000020F00100704710B4B0FA80FC00FA0CF039
:100F100050EA010404BF10BC704749B1CCF1200471
:100F200021FA04F411FA0CF118BF012121430843FE
:100F3000A3EB0C01CB1D4FEA00614FEA102042BF2A
:100F4000002010BC704700EBC35010440029A4BF20
:100F500010BC7047401C490008BF20F0010010BCC5
:100F6000704710B5141E73F1000408DA401C41F1FB
:100F7000000192185B411A4301D120F0010010BD1D
:100F80002DE9F04D92469B4611B1B1FA81F202E093
:100F9000B0FA80F220329046FFF7BFFB04460F46BE
:100FA00040EA0A0041EA0B0153465A46084313D06F
:100FB000114653EA010019D0C8F140025046FFF72C
:100FC000BBFB05460E46504659464246FFF7A5FB79
:100FD000084305D0012004E020463946BDE8F08DE5
:100FE0000020054346EAE0762C4337430A98630520
:100FF000E40AA0EB08000022FD0A44EA47540A3044
:1010000002D500200146E9E7010510196941DDE933
:10101000084500196941BDE8F04DA2E7FEE7000070
:101020002DE9F04F85B08846814604F0B1FDC8B384
:1010300000F044F8074600F041F8054600F03EF89D
:10104000064600F03BF8044600F038F8E919314450
:101050002144814222D148F2993AC0F6010A0DF1A9
:101060000C0B5846082152463B46009515F092FB62
:1010700001AD2846082152463346009415F08AFBFC
:1010800048F29F34C0F60104584621464A46FFF70D
:101090004FF9284621464246FFF74AF9002005B09D
:1010A000BDE8F08F0020C4F2C620C9F80000C8F8DF
:1010B0000000FF2005B0BDE8F08F00002DE9F04FE3
:1010C00081B041F2004440F2B4674FF0000BC4F22B
:1010D0000204C2F2000741F2111540F244494FF0F8
:1010E000000A4FF0000812E0016A294242D020466F
:1010F0004FF4805101F0F2F900280AF1010A18BFFB
:101100000120BAF1080F40EA480800F08F8020461D
:101110004FF4805101F0E2F9C0B34FF47A7608E061
:10112000016A29421CD020464FF4805101F0D6F9C3
:1011300050B35EB33868013EC0F824B0016841F096
:1011400001010160416A0029EAD1416A0029E7D121
:10115000416A0029E4D1416A0029F3D0E0E700BFE9
:10116000016A11EA090FDED1016821F00101016075
:10117000D9E700BF016A11EA090FB8D1016821F06F
:1011800001010160B3E700BF002E4DD020464FF4AF
:10119000805101F0A3F978BB4FF47A7609E000BFE3
:1011A000016A29421CD020464FF4805101F096F983
:1011B00000BB0EB33868013EC0F824B0016841F0AE
:1011C00001010160416A0029EAD1416A0029E7D1A1
:1011D000416A0029E4D1416A0029F3D0E0E700BF69
:1011E000016A11EA090FDED1016821F001010160F5
:1011F000D9E700BF06B300BF3868C0F824B0016863
:1012000041F00101016000BF416A27293FF66CAF40
:10121000416A27293FF668AF416A27293FF664AF44
:10122000416A2829F0D35FE74FF000085FFA88F0A1
:1012300001B0BDE8F08F00BF4FF000085FFA88F002
:1012400001B0BDE8F08F00007047000040F2685028
:10125000C2F2000000F0F6B90020704701F04AB970
:1012600080B540F26850C2F2000000F025FE002078
:1012700080BD000080B513460A46014640F2685022
:10128000C2F2000000F0ECFC002818BF4FF0FF3065
:1012900080BD000080B513460A46014640F2685002
:1012A000C2F2000000F0F8FF002818BF4FF0FF3036
:1012B00080BD00002DE9F041D0F828E000F1180CC5
:1012C0005CF82E308C681D68002D03D400EB8E0571
:1012D000ED6A1DB10220BDE8F08100BFD4E90056DF
:1012E00041F6FF779D605D68BD4335435D600D68E5
:1012F000EE0740F00581AE0600F10B81690703D5CA
:10130000196841F080011960196841F08051196035
:10131000BFF35F8F196841F000411960A468002194
:1013200094B341F6FF787646002A61D01F683546AF
:1013300027F000571F601F6847F080461E606E1C34
:10134000032E88BFEE1E5CF826301D6825F0805500
:101350001D601D68002D61D400EB8605ED6A002D2F
:101360005CD1D4E9005701319D605D6825EA08052C
:101370003D435D60BFF35F8F1D6845F000451D6014
:10138000A468002CD2D1B6461F68002A27F08047F7
:1013900018BF07F180471F601A6842F000521A60B8
:1013A000C26B00EB8E03DA62C0F828E0EFF3108224
:1013B00072B6026C114401310164002062B6BDE8CE
:1013C000F08100BF00EB8605ED6A3DBBD4E9005714
:1013D00001319D605D6825EA08053D435D60BFF30E
:1013E0005F8F1D6845F000451D60A468002CCAD0C1
:1013F0001F68354627F000571F601F6827F080469A
:101400001E606E1C032E88BFEE1E5CF826301D6821
:1014100025F080551D601D68002DD3D501310029B0
:101420003FF458AF481E032801F0030039D321F0E0
:10143000030100BF5CF82E20BFF35F8F136823F019
:10144000004313600EF10102032A88BFAEF10302CC
:101450005CF82230BFF35F8F1F6827F000471F60E2
:10146000531C032B88BFD31E5CF82320BFF35F8F70
:10147000176827F0004717605A1C032A88BFDA1E36
:101480005CF82230BFF35F8F1C6802F1010EBEF1E1
:10149000030F88BFA2F1030E24F0004204391A6042
:1014A000C8D10CEB8E0100283FF414AF0968BFF3DC
:1014B0005F8F0A68012822F000420A603FF40AAFF9
:1014C0000EF10101032988BFAEF103015CF8212070
:1014D000BFF35F8F1368022823F0004313603FF4CB
:1014E000F9AE481C032888BFC81E5CF82000BFF373
:1014F0005F8F016821F0004101600220BDE8F081AA
:101500001E684F6926F440063E431E60AE067FF516
:10151000F5AE1E68096926F0406631431960690717
:101520003FF5EEAEF0E60000082000F0F7BE000048
:10153000EFF3108072B600BFFEE70000B0B50446BE
:1015400000F0D8FF054640F20C00C2F2000000781F
:10155000611C18BF044400BF00F0CCFF401BA04238
:10156000FAD3B0BD80B500F00DF8000658BF80BDBD
:1015700040F24000C2F200004068BDE880400AF03E
:10158000B3BC0000D0F88C00704700000246002970
:101590004FF0010008BF704712681368C3F30013CF
:1015A00081F82830136803F060034B62136820EA67
:1015B000532381F820301368C3F30043CB771368BB
:1015C00020EA53338B771368C3F300330B77136828
:1015D00003F400638B61136803F480434B61136869
:1015E00020EA93534B74136820EAD35008741068B0
:1015F000C0B2C009C873106800F460208860106829
:10160000C0F3802008719069C0F3400081F8540055
:101610009069C043C0B2C00981F84C00906900F0E5
:10162000300008659069000C88649069C0F3800000
:1016300081F856009069C0F3C00081F85500002081
:1016400070470000B0B50446006841F214054159E6
:1016500049060BD541198A68520607D54020C0F2C9
:1016600001000860204600F07FFB20684159C9074F
:101670000AD041198A68D20706D04FF001100860DD
:10168000204600F0FDFD206841F21401425812048A
:1016900026D501448A68120422D5D4F8880040F087
:1016A0000800C4F888000A680868920406D448F262
:1016B00080621040C4F88C000A600DE042F2000223
:1016C000C0F27E021040C4F88C00886820F4C0305C
:1016D0008860E020C4F884002046FFF743FF2068BC
:1016E000816B09070AD5C06A00F06000C4F8940055
:1016F000204600F0DFF90020C4F8940043F61441BE
:10170000C4F201010868000358BFB0BD4FF40022C5
:1017100020460A60BDE8B04000F0BCBD70B582B0A4
:10172000002843D00446D0F8840028B92320C4F808
:101730008400204600F022F90020019043F6440086
:10174000C4F2020001684FF4805641F48041016008
:10175000006800F480400190019843F60400C4F250
:101760000100016821F4000101602168A26803689A
:101770001A4302600068885940F00100885100F067
:10178000B9FE054620688159C90713D000F0B2FEA2
:10179000401BB0F5FA7FF5D90120E0220421C4F8FE
:1017A0008810C4F8842002B070BD00BF012002B0D0
:1017B00070BD00BF016848F20F12CFF620721140D1
:1017C00001F59C41016005680120FFF7B7FE206824
:1017D0004FF64172056081691140803181618569F0
:1017E0000120FFF7ABFE206841F2180185614258E5
:1017F00043F62373CFF6DE031A4042F0087242F03C
:101800000402425045580120FFF798FE206800F579
:1018100080518D6142F280014FF48055C0F2C121A8
:10182000415146590120FFF789FE2068E2680021F6
:101830004651116051609160D160A261136800F55A
:10184000805C43F48013136002F12803D3601668B0
:101850004FF48C4546F4400616609162D1621163E4
:101860005163E361936A43F48013936202F150037E
:101870005363966A46F44006966211655165916518
:10188000D1652362136D43F48013136502F178036D
:10189000D365166D46F4400616659167D167C2F8A8
:1018A0008010C2F884106362936F43F480139367CF
:1018B000C2F88420936F43F440039367A162CCF88D
:1018C000102022694FF00043116051609160D16097
:1018D000C2E9081113605560566826F0004656604C
:1018E00002F12806A264D6609162D162116351634D
:1018F000C2E912119362D562D06A20F00040D06232
:1019000002F15000E6645063116551659165D1653F
:10191000C2E91C1113655565566D26F000465665E3
:10192000206502F17800D0659167D167C2F8801018
:10193000C2F88410C2E926119367D567D36F23F0EC
:101940000043D3676065C2F884202166C4E91A1198
:10195000C4E91611CCF80C20606848F24003828874
:10196000C4F202031A600068102258600020C4F814
:101970008810C4F8842002B070BD00002DE9F04347
:1019800085B0006848F20001C4F20201884203D029
:1019900005B0BDE8F08300BF002643F63000009696
:1019A000C4F202000168002441F000710160016886
:1019B000C4F2020401F000710091009900960168E0
:1019C0006D4641F08061016001684FF0020801F04E
:1019D000806100910099009601684FF0030941F081
:1019E0000061016001680B2701F00061009100991E
:1019F0000096016841F004010160016801F00401F2
:101A0000009100990096016841F0010101600168B0
:101A100001F00101009100990096016841F0020176
:101A20000160016801F002010091009900960168CF
:101A300041F0400101600068294600F0400000903C
:101A400000983220009004F50060CDE90186CDF8C1
:101A50000C90049700F06EFC8620CDE9000820462B
:101A60002946CDE90269049700F064FC4FF4005068
:101A7000CDE9000804F580602946CDE902690497A4
:101A800000F058FC4FF42050CDE9000804F5C05098
:101A90002946CDE90269049700F04CFC3D20052160
:101AA000002200F017FF3D2000F000FF05B0BDE868
:101AB000F0830000704700002DE9F04F85B0002949
:101AC000044671D0D4F88400232840F0C580D4F8AF
:101AD0005CA004F1480858F82A90E26ED9F800009A
:101AE0000191002868D4C2F10400039004F17C0540
:101AF00004F180004FF0000B002602902BE000BFA5
:101B0000D9F80000D9F80010C0F30D40071F4FF0BE
:101B1000010B2167D9F808200299BBB22846C9F801
:101B2000202000F029F9D4E9180101303944C4E932
:101B300018010020C9F820000AF10100032888BF1D
:101B4000AAF1030058F820900136D9F80010824617
:101B5000B1F1FF3F39DD0398864235D2BBF1000F6A
:101B600032D1D9F80000C00505D5D9F81800A06712
:101B7000D9F81C006067D9F80000800501D42868F6
:101B800070B1D9F80000800544BF0020C4E91800F6
:101B90006769D9F80000C005B2D44FF0000BB9E76F
:101BA0004FF0000BC8E700BFD4F8880040F00100F8
:101BB000C4F8880050E000BF00264FF0000BB618B4
:101BC000E66607D13BE000BF5046E26E8246B6189B
:101BD000E66634D0A76E00200DF11009049016E0DF
:101BE000A06D00284FF48C4004BF44F20060C8F29E
:101BF00000006860BFF35F8F286840F000402860F5
:101C0000781C032888BFF81E013E07460CD058F800
:101C10002750286A0028E3D1484600F07DF8049850
:101C200018B12862A860DBE70026E06EB04206D05B
:101C3000206841F2080100224250C4E91A76BBF143
:101C4000010FC4F85CA007D1E06F01990860002083
:101C5000E06705B0BDE8F08F012005B0BDE8F08F6A
:101C6000F0B581B0054600681C4603694FF4F8677B
:101C700007EA821203F01C0361F3CF22D11801316D
:101C8000016100F037FC0646002700BF00F032FC7F
:101C9000801BB7EB104F09D128680169C907F5D13E
:101CA000406980B22060002001B0F0BD012001B089
:101CB000F0BD00002DE9F0410446006C40B3676CB4
:101CC000451E4FF0000803E00746013D681C1FD089
:101CD00004EB8700C16A781C00F00300002908BFEC
:101CE0000746F1D0E06807EB870150F83100002883
:101CF0000ED404EB8706F06A00F0CAFA781C00F0F4
:101D00000307C6F82C80C4E91057013D681CDFD1D9
:101D10000020BDE8F081000010B582B0044647F213
:101D20002C20C0F6010007F0ABFC98B10346203030
:101D300020604CF6A500C0F60000186120684FF442
:101D4000C064009000200021412201940AF064FA4E
:101D500002B010BD40F24000C2F20000012101704B
:101D60000020206002B010BD40F24000C2F200002E
:101D700040680AF0B9B800004FF0000C42F820CDDE
:101D8000A2F808C0D0F800C05381BCF1000F84460F
:101D900018BFD1F800C0CCF800200A60006868B90C
:101DA00017E000BF028901681A440029028108BFB8
:101DB00070470A8908681A440A8150B1028901688B
:101DC0001A44028129B10A8908681A4400280A8144
:101DD000E8D1704770B500296CD00446D0F8840073
:101DE000102867D120680D46016848F20F12CFF61F
:101DF000207211402A7C6B7C002AAA6808BF01F57A
:101E000000011143002B6B69EA7F08BF41F4800198
:101E10001943AB7F41EA0241AA69002B2B7F08BF1F
:101E200041F4005111432A7941EA033195F82030F9
:101E300041EA8221002B6B6AEA7B08BF41F4007102
:101E4000194395F8283041EAC21141EA03110160B3
:101E500006680120FFF772FB20684FF641720660AA
:101E6000816995F84C3001EA020CAA6C002B4FEA0C
:101E7000024208BF80322B6D95F8556043EA0C038F
:101E800095F856101A4395F85450012E08BF42F0A9
:101E90000802012908BF42F00402012D08BF42F0E8
:101EA0000202826185690120FFF748FB2068856195
:101EB000002070BD012070BDB0B504460068006907
:101EC00020F01C0500F012FE4DF20031CFF6CE617D
:101ED0004EF2BF120144C0F2E402914204D845F030
:101EE000080520680561B0BD4FF24011CFF6E951F9
:101EF00047F63F020144C0F27D12914204D845F0FA
:101F00000C0520680561B0BD47F60011CFF66C41A5
:101F100045F600220144C0F262229142E1D341F62B
:101F20000071CFF60A2108444FF27F01C0F2FA2176
:101F300088428CBF45F0100545F004052068056116
:101F4000B0BD00002DE9F04383B00446D0F8840012
:101F50000125102840F0E6802320C4F88400206882
:101F6000A565C16B04F1480841F40271C163D0F862
:101F70000C1141F4003141F06001C0F80C11D0F8AF
:101F8000101141F40311C0F810110420A56EE06691
:101F900058F82570386A00284FF00000019003D0EF
:101FA0004FF48C4012E000BF01A8FFF7B5FE019886
:101FB000002800F0BB803862B860A16D4FF48C40FF
:101FC000002904BF44F20060C8F200007860BFF34B
:101FD0005F8F386840F0004038606F1C032F88BF67
:101FE000EF1E58F82750286A40B901A8FFF794FE61
:101FF0000198002800F0A0802862A860A06D4FF42E
:102000008C4600284FF48C4004BF44F20060C8F2B4
:1020100000006860BFF35F8F286840F000402860D0
:102020007D1C032D88BFFD1E58F82570386A40B905
:1020300001A8FFF771FE0198002800F07F80386248
:10204000B860A06D44F20069C8F20009002808BF1A
:102050004E467E60BFF35F8F386840F000403860C6
:102060006F1C032F88BFEF1E58F82750286A38B915
:1020700001A8FFF751FE0198002865D02862A860EA
:10208000A06D002818BF4FF48C49C5F80490BFF329
:102090005F8F286840F0004028607D1C0020032DE1
:1020A00088BFFD1EE26E2168824205D041F208021F
:1020B00000238B50C4E91A50086840F008000860FB
:1020C0000D680120FFF73AFA20680560016841F0C9
:1020D0000401016005680120FFF730FA206841F231
:1020E0001806056000250295815941F4801181513F
:1020F000805902900120FFF721FA02982168885147
:1021000088598A1940F400508851885940F00200DB
:102110008851506840F4D03040F0C1005060232016
:10212000C4F88400284603B0BDE8F0830420E26EC2
:1021300021688242BAD1BFE7032006E00220E26EA6
:1021400021688242B2D1B7E701203D46E26E2168A4
:102150008242B1D0AAE7000070B582B00446D0F840
:102160008400232852D12320C4F88400206841F23F
:10217000180681194A6845F63E73CFF6FE731A4079
:102180004A60815921F400518151815921F00201A5
:102190008151016821F00401016005680120FFF709
:1021A000CDF92068056000250195815941F4801121
:1021B0008151805901900120FFF7C0F901982168F1
:1021C0008851086820F0080008600E680120FFF7B9
:1021D000B5F920680660A06C416841F0004141609B
:1021E000E06C416841F000414160206D416841F080
:1021F00000414160606D416841F000414160102044
:10220000A565C4F88400284602B070BD01252846A3
:1022100002B070BD10B50446A1B1D4F884002328E3
:102220001CBF012010BD486B0122E0632046FFF770
:1022300041F878B1D4F8880040F00200C4F8880072
:10224000012010BDD4F8880040F00100C4F88800D7
:10225000012010BDBFF34F8FA06A2168421C032AE2
:1022600088BFC21E41F20400A2620144086940070F
:102270004FF0000042BF04220A61086010BD000058
:1022800040F24000C2F20000806809F02DBE00005C
:102290000AF06CBA7047000070B5044600684FF44D
:1022A000F865066905EA821206F01C0661F3CF2282
:1022B000911903319AB24261016100F01BF90546A0
:1022C000002600BF00F016F9401BB6EB104F05D1F9
:1022D00020680069C007F5D1002070BD012070BDE5
:1022E00080B5082818BF80BD41F20000C4F202008A
:1022F000082100F0F3F801280ED140F2E821C2F2E3
:102300000001C8684FF0000C0022002381F800C0D3
:10231000BDE8804013F0A4BB80BD000043F614412B
:10232000C4F201010A68024214BF08607047FFF757
:10233000D7BF00002DE9F04F82B000F13E4242F2DB
:10234000004502F1FF77C4F202050A2243F6004E6F
:102350004FEAB726A84208BF0922C4F2010E092E8F
:1023600038BF4FEAB7220125002600274FF00008AA
:10237000009208E008F101080437B8F1100F06F1E7
:10238000020600F0A7800C6805FA08F914EA090FA4
:10239000F0D0D1F804B003220BF0030CACF101042F
:1023A000B240012C6FEA020A10D88268CC6802EAB7
:1023B0000A02B440224382604268CBF3001422EA4E
:1023C000090204FA08F42243426005E0BCF1030F5D
:1023D00002D14FF0030C20E0C2688C6802EA0A02C6
:1023E000B4402243BCF1020FC26016D16FF0030269
:1023F00002EA58020244D2F820C007F01C050F235D
:102400000C69AB402CEA030304FA05F52B43136275
:10241000D1F804B001250BF0030C02680CFA06F3A6
:1024200002EA0A021A431BF4403F0260A2D00022D3
:1024300043F644030192C4F202031A684FF6084CB3
:1024400042F480421A601A68CFF6FF7C02F48042A0
:102450000192019A28F00302724452F80C3007F0FE
:102460000C050F24AC40A343009C04FA05F52B4354
:1024700042F80C30DEF808204B6842EA090543F6C2
:102480000C4CDC0258BF22EA0905CEF80850C4F211
:10249000010CDCF800209C0242EA090558BF22EA40
:1024A0000905CCF80050DEF804209C0342EA090537
:1024B00058BF22EA0905CEF80450DEF80020DB03FD
:1024C00042EA090558BF22EA0905CEF80050012565
:1024D00050E700BF02B0BDE8F08F0000006908407F
:1024E00018BF012070470000002A08BF090481615D
:1024F0007047000041F29020C2F20100006870476E
:1025000090F83D20202A1CBF02207047242280F82A
:102510003D200268136823F001031360536A23F01F
:1025200010035362536A19435162116841F001016B
:102530001160202180F83D100020704790F83D2068
:10254000202A1CBF02207047242280F83D20026808
:1025500089B2136823F001031360D2F824C04FF648
:10256000F07303EA0C0319435162116841F0010151
:102570001160202180F83D100020704770B5B8B37D
:10258000044690F83D0028B9002084F83C0020461D
:1025900000F0B0F8242084F83D002068016821F0A4
:1025A00001010160016841F400410160016821F40A
:1025B0000041016000F0A0FA48F28041C0F21E0123
:1025C00040F60013D4F804E088424FF00001C0F256
:1025D0003D0348F2A16C4FF0000238BF0121984240
:1025E000C0F2010C38BF0122E64538BF0A460AB1E5
:1025F000012070BD4DF68361C4F21B31A0FB0112B6
:102600002168950C4B684FF4967623F03F0343EA1C
:102610009243754344F6D3564B60C1F262060B6A8F
:10262000A5FB0656B50923F03F03E64538BF950CD8
:102630006A1C1A430A62CA6948F2A0664CF6FF7324
:10264000C0F20106B64522EA03020BD801384FEA70
:102650004E03B0FBF3F001306FF31F30042898BF36
:1026600004201EE0A368013863B119230EFB03F3B5
:10267000B0FBF3F001306FF31F3078B100F580400C
:1026800008E000BF0EEB4E03B0FBF3F001306FF338
:102690001F3028B100F5004003E000BF012000E03A
:1026A00001201043C8610868D4E9072320F0C00066
:1026B000104318430860886848F2FF3204F10C06A2
:1026C00090434CCE18431043A5698860C86820F039
:1026D000FF0030432843C860086840F001000860EC
:1026E00000202021206484F83D10206384F83E00FF
:1026F00070BD0000B0B586B0016845F20040C4F27C
:102700000000814202D006B0B0BD00BF002443F6F5
:1027100030050194C4F20205296800F5D83041F073
:1027200002012960296801F00201019101994FF429
:10273000407101911221CDE9021403210491042179
:10274000059101A9FFF7F6FD0094286940F40010F7
:102750002861286900F400100090009806B0B0BD10
:1027600040F20C0041F29021C2F20000C2F20101DD
:1027700000780A68104408607047000080B543F68E
:102780000040C4F20200016841F400710160016878
:1027900041F480610160016841F4807101600320AF
:1027A00000F0C4F80F2000F005F800F05DF80020FC
:1027B00080BD0000B0B586B0002543F64401019508
:1027C000C4F202010A68044642F001020A60096884
:1027D00001A801F0010101910199694600F066F933
:1027E00000F09EF94DF683614000C4F21B31A0FB5E
:1027F00001014FF0FF3000EB914140F26C6000228C
:10280000C2F20000C4F2010240F2E733C0E9002145
:10281000C0E902530561856100F0E6FB054618B189
:10282000284606B0B0BD00BF40F26C60C2F20000A6
:1028300000F022FC05460028F2D1192000F036F8FD
:102840000F2C0DD8192021460022002500F042F857
:1028500040F21000C2F200000460284606B0B0BD8D
:102860000125284606B0B0BD82B0002043F64001E5
:102870000190C4F202014A6842F480424A604A6808
:1028800002F480420192019A00900868002240F010
:102890008050086008680F2100F080500090009878
:1028A0006FF0010002B000F015B80000002848BF2A
:1028B0007047C1B200F01F00012202FA00F04EF290
:1028C0000012CEF2000242EAD10121F003010860B9
:1028D0007047000010B54EF60C5CCEF2000CDCF830
:1028E0000030C3F3022E8EF00704042C28BF04240A
:1028F000BEF103034FF0FF3E0EFA04F438BF00238D
:10290000A14399400EFA03F39A43114300F00F02DA
:1029100000F160430901043A03F56443624400286E
:1029200048BF02F10C03197010BD00004EF60C51A7
:10293000CEF200010A684FF6FF031A4060F30A2244
:1029400042F0806040F0FD70086070472DE9F04172
:10295000002800F08B8043F60808C4F20208044601
:10296000D8F8F8030D4600F00F00884207D288F827
:10297000F853D8F8F80300F00F00A84276D1206889
:10298000810717D5410705D5D8F8001041F4E0516B
:10299000C8F80010010705D5D8F8001041F46041CF
:1029A000C8F80010D8F80010A26821F0F001114317
:1029B000C8F80010C0073FD1D8F8F80300F00F00A6
:1029C000A84207D988F8F853D8F8F80300F00F00A8
:1029D000A8424BD12068410707D5D8F80010E2681B
:1029E00021F4E0511143C8F80010000708D5D8F8C9
:1029F0000000216920F4604040EAC100C8F80000EE
:102A000000F0A2F8D8F8001047F26C12C1F30311DD
:102A1000C0F60102515C40F2300220FA01F140F2AE
:102A20001000C2F200000068C2F200021160FFF75D
:102A3000C1FE0020BDE8F0816068811E022907D236
:102A400058F8081C89015CBF0120BDE8F08111E045
:102A5000012807D158F8081C89035CBF0120BDE894
:102A6000F08107E058F8081C890703D40120BDE86D
:102A7000F08100BFD8F8001021F003010843C8F826
:102A80000000FFF737FD064641F28837D8F800000E
:102A9000616800F00C00B0EB810F8DD0FFF72AFDCC
:102AA000801BB842F2D90320BDE8F0810F220260FA
:102AB00043F60802C4F20202136803F00303436002
:102AC000136803F0F0038360136803F4E053C360FA
:102AD000D2F800C04FF4E05303EADC030361D2F8FC
:102AE000F80300F00F0008607047000040F230006B
:102AF000C2F200000068704740F2300043F608015F
:102B0000C2F20000C4F202010068096847F27C12B8
:102B1000C1F38221C0F60102515CC8407047000039
:102B200040F2300043F60801C2F20000C4F2020194
:102B30000068096847F27C12C1F34231C0F6010215
:102B4000515CC8407047000010B543F60404C4F25D
:102B50000204606800F00C0142F200400829C0F253
:102B6000F40007D0042918BF10BD41F20020C0F2C4
:102B70007A0010BD216801F03F02216823684902F4
:102B8000C3F3881106D4A1FB00010023FDF72AFB43
:102B900007E000BF41F20020C0F27A004843B0FBDA
:102BA000F2F021680222C1F3014102EB4101B0FBC6
:102BB000F1F010BD2DE9F04182B0002868D0044644
:102BC000007843F60006C007C4F202060BD0B068D6
:102BD00000F00C00042840F09F803068800302D58C
:102BE0006068002854D0207880071AD5B06810F0AB
:102BF0000C0F09D0B06800F00C00082840F0A68047
:102C00007068400200F1A2803068800702D5E06859
:102C100001283DD13068216920F0F80040EAC10068
:102C200030602078000737D4207840074CD4A5695D
:102C300055B3B06800F00C00082840F0BB80012DAF
:102C400026D07068E16900F480028A4220D1216AAE
:102C500000F03F028A421BD147F6C071626A014010
:102C6000B1EB821F14D1A16A4FF6FF73C9039943D8
:102C700000F44032A1F580318A4209D1E16A00F0C6
:102C80007060B0EB016F03D1002002B0BDE8F081AD
:102C9000012002B0BDE8F0816069002840F2000028
:102CA000C4F2472076D00121C0F8801EFFF722FC35
:102CB000054600BF706F8007B6D4FFF71BFC401BB2
:102CC0000228F7D9DDE000BF306C10F080580AD13F
:102CD00000200190306C40F080503064306C00F087
:102CE00080500190019847F20007C4F2000738684D
:102CF000C00541D4386840F480703860FFF7FAFBB3
:102D0000054600BF3868C00536D4FFF7F3FB401B0B
:102D10000228F7D9B5E000BFB06800F00C00082821
:102D200003D1706840023FF558AF6068B0F5803F4E
:102D300007D0B0F5A02F40F08D80306840F480209F
:102D40003060306840F4803030608DE0E06800280A
:102D500052D00020C4F2472001210160FFF7CAFBD6
:102D6000054600BF306880073FF554AFFFF7C2FB50
:102D7000401B0228F6D984E0A068012805D0052868
:102D80004ED1306F40F004003067306F40F00100EA
:102D900030674FE00021C0F8801EFFF7ABFB05460F
:102DA000706F80077FF540AFFFF7A4FB401B022840
:102DB000F6D966E00027C4F2472700203866FFF7FF
:102DC00099FB022D05460BD1306880015ED5FFF7D7
:102DD00091FB401B02284FF00300F5D955E700BFD7
:102DE000306880017FF550AFFFF784FB401B02285D
:102DF0004FF00300F4D948E70020C4F24720002137
:102E00000160FFF777FB0546306880077FF509AF63
:102E1000FFF770FB401B02284FF00300F4D934E7A2
:102E2000316F002821F001013167316F21F0040179
:102E300031674DD0FFF75EFB054641F2883700BF92
:102E4000306F800756D4FFF755FB401BB842F7D9C7
:102E500017E000BF3168002821F48031316031680B
:102E600021F4802131604FD0FFF744FB054600BFBD
:102E7000306880033FF5B7AEFFF73CFB401B64288A
:102E8000F6D9032002B0BDE8F08100BF04F11C05B3
:102E90002FCD084340EA8210D9034FF6FF729143C9
:102EA000A1F5803140EA0560084370600120386672
:102EB000FFF720FB044600BF306880013FF5E4AE19
:102EC000FFF718FB001B02284FF00300F4D9DCE6E3
:102ED000FFF710FB054641F2883700BF306F8007CF
:102EE00008D5FFF707FB401BB8424FF00300F5D9A8
:102EF000CBE600BFB8F1000F7FF499AE306C20F044
:102F00008050306493E600BFFFF7F4FA054600BF37
:102F1000306880037FF567AEFFF7ECFA401B64284A
:102F20004FF00300F4D9B0E670470000704700008E
:102F300010B590F83C20012A4FF0020251D080F8E1
:102F40003D200268D2F804E0D2F808C00C682EF0E8
:102F50007003234341F2FF74C4F20004A2425360A1
:102F60000EDC40F2FF73C4F200039A4216DCB2F1A9
:102F7000804F2BD040F20043C4F2000324E000BF96
:102F800040F2FF33C4F201039A4213DC41F600031E
:102F9000C4F200039A4219D0002313E040F6000364
:102FA000C4F200039A4211D040F60043C4F2000379
:102FB0000AE000BF44F20003C4F201039A4205D0C4
:102FC00040F20043C4F201039A4204D149682CF054
:102FD0008003194391600121002280F83D1080F8A0
:102FE0003C20104610BD0000002804BF012070479F
:102FF00010B5044690F83D0028B9002084F83C0044
:10300000204600F01FF8022084F83D002068211DB2
:1030100000F0C6FD012084F8460084F83E0084F8E4
:103020003F0084F8400084F8410084F8420084F8AE
:10303000430084F8440084F8450084F83D000020F3
:1030400010BD000081B00068B0F1804F02D001B027
:10305000704700BF0020009043F64000C4F2020019
:10306000016841F001010160006800F0010000907A
:10307000009801B07047000090F83D1001291CBF76
:1030800001207047022180F83D10006841F2FF7274
:10309000C168C4F20002904241F00101C1600DDC40
:1030A00040F2FF71C4F20001884215DCB0F1804F9C
:1030B0002AD040F20041C4F2000123E040F2FF3187
:1030C000C4F20101884213DC41F60001C4F20001A0
:1030D000884219D0002113E040F60001C4F200013B
:1030E000884211D040F60041C4F200010AE000BF5E
:1030F00044F20001C4F20101884205D040F20041CF
:10310000C4F20101884206D1816801F00701062955
:1031100004BF00207047016841F0010101600020F8
:103120007047000080B590F83C20012A4FF0020261
:1031300000F0C28080F83D20D0F800C04FF67772D2
:10314000DCF8083023EA0202CCF808200B684F2B89
:1031500028DC1F2B44DD202B45D0302B43D0402BC7
:1031600040F0AC80D1F804E0C968DCF82030DCF82D
:10317000202022F00102CCF82020DCF8182022F0D8
:10318000F00242EA011123F00A0242EA0E02CCF8F0
:103190001810CCF82020DCF8081041F0470121F08D
:1031A000300180E06F2B27DDB3F5005F48D0B3F529
:1031B000805F7AD0702B40F08180D1E901E3C9684B
:1031C000DCF8082043EA0E0322F47F4243EA01219F
:1031D0001143CCF80810DCF8081041F0770162E0E8
:1031E0000BB1102B6AD1DCF8081021F070011943E3
:1031F00041F0070157E000BF502B35D0602B5DD167
:10320000D1F804E0C968DCF8203023F01003CCF8D2
:103210002030DCF81830DCF8202023F4704322F052
:10322000A00243EA013142EA0E12CCF81810CCF8A1
:103230002020DCF8081041F0670121F0100132E095
:10324000D1E901E3C968DCF8082043EA0E0322F45F
:103250007F4243EA01211143CCF80810DCF8081042
:1032600041F480411FE000BFD1F804E0C968DCF8F8
:103270002030DCF8202022F00102CCF82020DCF8FD
:10328000182022F0F00242EA011123F00A0242EA79
:103290000E02CCF81810CCF82020DCF8081041F011
:1032A000570121F02001CCF808100022012180F8FC
:1032B0003D10002180F83C10104680BD0122F5E74A
:1032C0007047000010B5016804460869800744BFD4
:1032D000C8685FEA807039D40869400744BFC8688D
:1032E0005FEA40703ED40869000744BFC8685FEADF
:1032F000007045D40869C00644BFC8685FEAC06072
:103300004AD40869C0071CBFC8685FEAC07051D1C1
:103310000869000644BFC8685FEA006052D40869C3
:10332000400644BFC8685FEA406053D4086980061D
:1033300046BFC8685FEA806010BD6FF0200220467B
:103340000A61BDE81040FFF7F1BD00BF6FF0020059
:103350000861012020778869800743D02046FFF765
:10336000AFFF45E06FF00400086102202077886914
:1033700010F4407F40D02046FFF7A2FF42E000BF9C
:103380006FF00800086104202077C86980073DD0ED
:103390002046FFF795FF3FE06FF01000086108201E
:1033A0002077C86910F4407F3AD02046FFF788FFA5
:1033B0003CE000BF6FF001000861204600F03EF8DD
:1033C0002168A5E76FF0800008612046FFF7ACFD9B
:1033D0002168A4E76FF040000861204600F038F84B
:1033E0002168A3E7204600F025F8204600F024F8E5
:1033F0002168002020776FE7204600F01BF8204668
:1034000000F01AF82168002020776CE7204600F0D1
:1034100011F8204600F010F821680020207769E7B5
:10342000204600F007F8204600F006F8216800204A
:10343000207766E7704700007047000000680021B1
:10344000C4F20101884218BF7047FFF789B9000034
:1034500070470000002804BF0120704710B50446E3
:1034600090F83D0028B9002084F83C00204600F088
:1034700021F8242084F83D002068C16821F400511F
:10348000C160204600F02AFC2068016921F49041C7
:103490000161416921F02A014161C16841F4005193
:1034A000C16000202021206484F83D1084F83E1083
:1034B00010BD000080B586B0016844F60000C4F27B
:1034C0000000814202D006B080BD00BF002143F65B
:1034D00030020191C4F20202136900F5E23043F4B4
:1034E00080231361136903F480230193019B0191ED
:1034F000136843F008031360126802F00802019297
:10350000019A4FF4407201920222CDE90221032177
:1035100004910721059101A9FEF70CFF06B080BDBB
:10352000FEE7000010B582B0044600210068636920
:10353000019101AA0121984700282DD420686369D0
:1035400001AA01219847002826D49DF804004007CD
:1035500002D4012002B010BD2068636901AA0021D5
:103560009847002818D40199C80407D401F40450DE
:10357000B0F5045F14D1022002B010BD2068636969
:1035800001AA1F219847002806D40198C10411D42C
:10359000062002B010BD00BF6FF0040002B010BDE5
:1035A000C8054FF0040058BF0520890448BF032018
:1035B00002B010BD00F01C001828DCD0142805D083
:1035C000082814BF0520032002B010BD042002B05B
:1035D00010BD0000F0B581B00446406800210091A4
:1035E00070B1A06980470546A0698047401BB0F5CF
:1035F000FA6FF9D9012000256060284601B0F0BDBE
:10360000A068002818BF8047202000256F460026AC
:10361000206004E06FF004050136202E0ED06369AF
:10362000304612213A4698470028F3D4009800F01B
:103630001F008642F0D10025266000E026681F2E7C
:1036400088BF6FF00205002DD7D1236930460021D5
:103650004FF40042984700281ED4206863696A46E8
:103660000021984700281DD4A069804706466F4670
:103670006FF004059DF801000006B2D5A0698047EF
:10368000801BB0F5FA7F13D82068636900213A46A1
:1036900098470028EED5B0E76FF00305284601B043
:1036A000F0BD00BF6FF00405284601B0F0BD00BFBB
:1036B0006FF00105284601B0F0BD000080B598B15B
:1036C000CA688AB18B687BB1D1F810C0BCF1000F19
:1036D0000AD0D1E900E1C0E90432C0E902E1C0F852
:1036E00018C0002080BD00BF4FF0FF3080BD00003B
:1036F00080B543F6A52047F28412C0F60000C0F65C
:103700000102002108F022FC40F25C51C2F20001EB
:10371000086080BDF0B587B0002643F63000CDE9E3
:1037200005660196C4F20200016840F2004441F0CF
:10373000100101600168C4F2020401F0100101915E
:10374000019901960168002241F0040101600168BD
:103750004FF4814701F0040101910199019601683C
:1037600041F080010160016801F08001019101993F
:103770000196016841F001010160016801F0010159
:10378000019101990196016841F0200101600168F1
:1037900001F02001019101990196016841F00201B7
:1037A0000160016801F0020101910199019601682F
:1037B00041F008010160016801F0080101910199DF
:1037C0000196016841F04001016000684FF48141B9
:1037D00000F04000019001982046FEF785FE082089
:1037E00002904FF4881002ADCDE9030604F5406065
:1037F0002946FEF79FFD4FF48050CDE9020604F5FF
:10380000805029460496FEF795FD0120CDE9030678
:103810002046294602970596FEF78CFD09200521D2
:103820000022FFF757F80920FFF740F807B0F0BD76
:1038300080B540F2186045F20041C2F20000C4F2C7
:10384000000141F6802200234FF4804CC0F20602B2
:1038500080E80E00C0E9033CC0E90533C0E9073346
:10386000FEF78CFE002818BFFDF762FE40F21860DC
:10387000C2F200000021FEF743FE002818BFFDF74A
:1038800057FE40F21860C2F200000021FEF756FE1B
:10389000002808BF80BDBDE88040FDF749BE00009C
:1038A000B0B584B000200021002510F0F1F840F2FE
:1038B000A404C2F2000447F2ED1022462346C0F6EB
:1038C0000000256042F8045F43F8085F43F6653C5A
:1038D000CDE9005004F13005C0F6010C2846214620
:1038E000CDF808C007F02EFE284607F0C9FF94F86F
:1038F0006100400704D4284607F0C8FF03E000BF7A
:10390000284608F073F847F23901C0F6000128464E
:1039100007F0EAFF0EA044F80C0F00204FF480617E
:103920001022C4E90100C4E90300C4E90512C4E996
:10393000070047F23D00C0F600002946224608F085
:1039400005FB284604B0BDE8B04002F093B800BFC4
:103950004574684C696E6B0080B586B040F2B46007
:103960000021C2F200004FF0804253234FF0FF3C91
:103970000591CDE90311CDE90011C0E90023C0E9AB
:10398000021C01618161FFF72FFB002818BFFDF7C2
:10399000CFFD4FF48050029040F2B460C2F20000BC
:1039A00002A9FFF7BFFB002818BFFDF7C1FD40F2D9
:1039B000B460C2F200006946FFF7BAFA002818BFE7
:1039C000FDF7B6FD06B080BD80B540F2FC6044F660
:1039D0000001C2F20000C4F2000100234FF00C0C01
:1039E0004FF4E13280E80E00C0E90333C0E905C3BB
:1039F000C361FFF72FFD002808BF80BDBDE88040F0
:103A0000FDF796BDFEE70000FEE7000000000000A5
:103A1000EFF30980BFF36F8F154B1A681EF0100F7C
:103A200008BF20ED108A20E9F04F10602DE9090051
:103A30004FF0500080F31188BFF34F8FBFF36F8FAB
:103A400011F0FEFB4FF0000080F31188BDE8090083
:103A500019680868B0E8F04F1EF0100F08BFB0EC0E
:103A6000108A80F30988BFF36F8F704700BF00BFD3
:103A70000C01002000000000000000000000000019
:103A8000074B19680868B0E8F04F80F30988BFF366
:103A90006F8F4FF0000080F31188704700BF00BFA8
:103AA0000C010020FFF7FCFE012007F0D3FFFBE72D
:103AB00080B54EF21000CEF20000006812F01CFC3F
:103AC000012808BF80BDBDE8804011F0D9BC0000CE
:103AD000B0B592B0002443F64000CDE90A44CDE9E8
:103AE00008440594CDE90344CDE901440094C4F2AF
:103AF00002000168022541F080510160006800F079
:103B000080500090009847F200000094C4F200003A
:103B1000016841F440410160006800F440400090B9
:103B20000098012006904FF4803007904FF48000F9
:103B30000D9004200E90A820CDE90F0507201190CC
:103B400006A80C95FFF736F820B1EFF3108072B697
:103B5000FEE700BF0F20CDE901054FF4A05004900F
:103B60004FF48050059001A805210394FEF7EEFE66
:103B700020B1EFF3108072B6FEE700BF12B0B0BD07
:103B80004EF68850CEF20000016841F470010160E9
:103B90007047000040F26C60C2F20000FFF792BB79
:103BA00010B540F6FF3E0368C4F2000E40F2004C30
:103BB0007045C4F2010C27DCB0F1804F31D040F2E7
:103BC0000042C4F2000290422BD040F60002C4F240
:103BD0000002904225D041F6FF72C4F200029042EA
:103BE00029DC70453CDCB0F1804F5FD040F20042F0
:103BF000C4F20002904259D040F60002C4F2000222
:103C0000904253D056E000BF40F60042C4F200029A
:103C1000904206D0604504D00022C4F201029042D6
:103C2000D9D14A6823F07003134341F6FF72C4F2FE
:103C300000029042D5DD43F6FF72C4F201029042C9
:103C400022DC42F20002C4F2000290422ED0002296
:103C5000C4F20102904229D0604527D02AE000BF7B
:103C600040F60042C4F2000290421FD041F600022A
:103C7000C4F20002904219D041F60042C4F20002A0
:103C8000904213D016E000BF44F20002C4F20102D9
:103C900090420BD044F60002C4F20102904205D0DB
:103CA00044F20042C4F20102904203D1CA6823F4F4
:103CB0004073134323F080024B69D1F800E08C6815
:103CC0001A430260C46240F48062C0F828E0624592
:103CD00004BF096901630121416110BD10B50446AB
:103CE0000068D4E902C22369016921F440511143FB
:103CF0000161626943EA0C01E3691143C268194337
:103D000049F20C639A431143C1604169A26921F4ED
:103D1000407141F20043114340F48062C4F2010358
:103D20009A42416102D1FEF7FBFE01E0FEF7E4FE9C
:103D3000E16963681922B1F5004FA0FB020123D1AC
:103D40005A00DB0FFCF74EFA48F21F51C5F2EB1197
:103D5000A0FB01235A094FF69C73C0F6FF7303F1D1
:103D6000805302FB0300322303EBC000A0FB0101E0
:103D70004FF4F87000EA111000EB0210C1F3421189
:103D800008442168886010BD9A009B0FFCF72AFA4E
:103D900048F21F51C5F2EB11A0FB01235A094FF65F
:103DA0009C73C0F6FF7302FB0300322303EB001089
:103DB000A0FB0101F02000EA511000EB0210C1F35A
:103DC000431108442168886010BD0000FEE7000030
:103DD000002800F0A7802DE9F04784B0446A05462A
:103DE000002C00F09C806079082840F098800868DA
:103DF000E169884240F093800C20A4F8050000207F
:103E000020810DF10E0328462146042200F0E4FA39
:103E100000287DD08046BDF80E6040683F2E00F13E
:103E2000F0090FD347F2263047F66F6147F6B163CA
:103E3000C0F60100C0F60101C0F6010340F29A523B
:103E400012F098FC701C322180B2042209F806108E
:103E500009F80020E069B11C1FFA81FAADF80E10D4
:103E600004F0C6FCBAF1410F07460FD347F22630E3
:103E700047F6356147F6B163C0F60100C0F60101AF
:103E8000C0F6010340F2B75212F074FC380EF11C78
:103E900009F80A00380C89B209F80100711D321DB9
:103EA00089B2380A92B209F80170F11D09F80200CE
:103EB000B01D8BB282B2432B4FF0FF03ADF80E0062
:103EC00009F8023009D819FA81F0C6F13C01012243
:103ED00012FA81F1FCF7FFF94320F13081B240463C
:103EE00008F0C6FD40F28820C2F20000406847F2A8
:103EF000B41747F2B812C0F60107C0F601024146F6
:103F000043230095019710F015FC404608F02EFC65
:103F1000A079FF281CBF0130A0711420208104B0BB
:103F2000BDE8F08747F2263047F6B75147F6B16350
:103F3000C0F60100C0F60101C0F6010340F28B3269
:103F400012F018BC80B582B0002841D0416A002927
:103F50004ED08B6A002248F6890C4A825A1CC8F659
:103F6000880C0DD01E33A3FB0C324FEA521E4FF6C5
:103F7000FF739E4538BF5309002B08BF01238B8276
:103F8000CB6A5A1C0FD003F11E02A2FB0C234FEA8E
:103F9000531E4FF6FF72964538BF5A09002A08BFD4
:103FA00001224A81CA810B6B5A1C31D003F11E02D7
:103FB000A2FB0C234FEA531C4FF6FF72944538BF07
:103FC0005A09002A08BF01228A810A8221E000BF23
:103FD00047F2263047F6B163C0F601002DA1C0F6C6
:103FE000010340F2154202B0BDE8804012F0C2BBAE
:103FF00047F2263047F6B163C0F601001FA1C0F6B4
:10400000010340F2174202B0BDE8804012F0B2BB9B
:104010008A894B89013A92B29A423CBF00224A8176
:10402000CA790AB10A6A0CE091F91C20002A01D46D
:10403000FF2206E0D2B2C02A34BF4FF6FF726FF003
:104040007F424B6A0192009373B14A790A2A04D0E5
:104050000A22A1F8052000220A811C3101AA6B4620
:1040600007F090FB02B080BDCB691A4042F080722D
:1040700000924A790A2AF0D0EAE700BF64686370C8
:104080005F62696E643A206468637020213D204E4F
:10409000554C4C00646863705F62696E643A206ED0
:1040A0006574696620213D204E554C4C000000008F
:1040B00010B5446A6179082904D00821A4F80510D4
:1040C0000021218104F11C01002202F05FFDA07992
:1040D000FF281CBF0130A0710120208110BD00000D
:1040E0002DE9F04F83B040F24020C2F20000046896
:1040F000002C00F06D81012540F2224940F2324649
:104100000DF10A0A0AE000BF204601F0E5F820465A
:1041100001F0B0FC2468002C00F05A81D4F824B0DF
:10412000BBF1000FF6D09BF805000028F2D0BBF8D9
:10413000141039B1BBF81220013293B28B42ABF8A4
:104140001220E1D0BBF8101021B101390A04ABF8FC
:1041500010101FD0BBF80E100029DBD001390A0463
:10416000ABF80E10D6D10A28D4D805FA00F010EA20
:10417000090FCFD0204601F089F9BBF80C00BBF83D
:104180001210401A0228A2BF80B24008ABF80E00FD
:10419000C0E700BF0A28BDD805FA00F13142B9D006
:1041A000042805D00420ABF805000020ABF8080077
:1041B000204659460322534600F00EF9002800F02D
:1041C000DA80BDF80A9045688046B9F1410F0FD3F7
:1041D00047F2263047F66F6147F6B163C0F601003B
:1041E000C0F6010140F29A52C0F6010312F0C2FA81
:1041F00009F1010005F1F006392180B2022206F82A
:10420000091009F1020132548FB2258D432FADF808
:104210000A100FD347F2263047F6FA5147F6B1633A
:10422000C0F60100C0F6010140F2AE52C0F6010333
:1042300012F0A0FA280A09F10301F05509F104006F
:1042400089B2755485B2402DADF80A000FD347F2FC
:10425000263047F66F6147F6B163C0F60100C0F63D
:10426000010140F29A52C0F6010312F083FA37219D
:10427000715509F1060109F105008DB280B20322E2
:10428000442D3254ADF80A100FD347F2263047F6CA
:10429000C55147F6B163C0F60100C0F6010140F216
:1042A000A652C0F6010312F065FA09F1070087B2C1
:1042B0000121442F7155ADF80A000FD347F2263083
:1042C00047F6C55147F6B163C0F60100C0F60101DB
:1042D00040F2A652C0F6010312F04CFA09F10800B0
:1042E00085B20321442DF155ADF80A000FD347F2F2
:1042F000263047F6C55147F6B163C0F60100C0F657
:10430000010140F2A652C0F6010312F033FA1C215B
:10431000715509F10A0109F109008AB2432A82B2F2
:104320004FF0FF034FF00105ADF80A00B35408D871
:1043300016FA81F0C9F1390115FA81F1FBF7CBFFCB
:104340004320F13081B2404608F092FB40F28820D1
:10435000C2F20000406847F2B8124146C0F60102BE
:104360004323009410F052F9404608F0FFF940F260
:10437000224940F232469BF8060055FA80F1CAB253
:104380008A4201D0142014E04FF47A735A4340F269
:10439000F31313FA82F244F6D353C0B2C1F26203AC
:1043A00009284FF01400A2FB03238BF8061038BF36
:1043B0005809BBF81410BBF81220ABF80800891A92
:1043C0000229FFF6A7AE88B24008ABF81000A1E6BC
:1043D00003B0BDE8F08F00002DE9F04381B068B371
:1043E0000C46B9B39146074636204FF49A714FF404
:1043F0002072984607F038FE00283DD005464089D7
:1044000080084C280CD847F2263047F6B163C0F636
:10441000010046A1C0F6010340F2727212F0AAF93F
:10442000B9F1030F02D16079032833D1A07948B3E1
:1044300040F26050C2F2000000682AE047F22630E5
:1044400047F6B163C0F6010050A1C0F6010340F287
:1044500069720AE047F2263047F6B163C0F6010000
:1044600042A1C0F6010340F26A7212F083F90025FE
:10447000284601B0BDE8F0830025284601B0BDE81C
:10448000F08300BFFBF7EEFE40F26051C2F2000184
:10449000086020606E684FF49971B01CFBF71BFF39
:1044A00040F20110308097F830102068B17004F0AD
:1044B0009FF9A9F10701022970600AD3B9F1040F2D
:1044C00007D0B9F1030F06D1607900F0FE0004288F
:1044D00001D17868F06097F82A00B8F1000F3077C2
:1044E00097F82B00707797F82C00B07797F82D008D
:1044F000F07797F82E0086F8200097F82F0086F8BE
:10450000F29086F8210048F26320C6F25330C6F8D4
:10451000EC0040F23510A6F8F0001CBF0320A8F80C
:104520000000284601B0BDE8F08300BF64686370F6
:104530005F6372656174655F6D73673A2063686578
:10454000636B207468617420666972737420706292
:1045500075662063616E20686F6C64207374727579
:10456000637420646863705F6D7367006468637070
:104570005F6372656174655F6D73673A2064686339
:104580007020213D204E554C4C0000006468637043
:104590005F6372656174655F6D73673A206E657401
:1045A000696620213D204E554C4C00002DE9F04F0E
:1045B00083B0D0F824B081469BF80510002006296E
:1045C000CBF81C001EBF0621ABF80510ABF80800A5
:1045D0000DF10A034846594601224FF00108FFF742
:1045E000FBFE002800F0D3808246BDF80A704068C8
:1045F000412F00F1F0050FD347F2263047F66F61E7
:1046000047F6B163C0F60100C0F60101C0F6010330
:1046100040F29A5212F0AEF8781C392180B2022290
:10462000E955B91C2A548EB2B9F82840432EADF88A
:104630000A100FD347F2263047F6FA5147F6B16316
:10464000C0F60100C0F60101C0F6010340F2AE520F
:1046500012F090F8200AF91CA855381D89B26C5444
:1046600084B2402CADF80A000FD347F2263047F64B
:104670006F6147F6B163C0F60100C0F60101C0F6F4
:10468000010340F29A5212F075F837212955B91DED
:10469000781D8EB280B20322442E2A54ADF80A103F
:1046A0000FD347F2263047F6C55147F6B163C0F63F
:1046B0000100C0F60101C0F6010340F2A65212F05B
:1046C00059F8F81D84B20121442CA955ADF80A000F
:1046D0000FD347F2263047F6C55147F6B163C0F60F
:1046E0000100C0F60101C0F6010340F2A65212F02B
:1046F00041F807F1080086B20321442E2955ADF890
:104700000A000FD347F2263047F6C55147F6B1638A
:10471000C0F60100C0F60101C0F6010340F2A65246
:1047200012F028F81C21A95507F10A0107F1090028
:104730008BB282B2432B4FF0FF03ADF80A00AB54AB
:1047400009D815FA81F0C7F13901012212FA81F175
:10475000FBF7C1FD4320F13081B2504608F088F9E3
:1047600040F28820C2F20000406847F2B41747F2D6
:10477000B812C0F60107C0F6010251464323CDF836
:10478000009001970FF0D6FF504607F0EFFF9BF81F
:104790000610782058FA81F2D3B2934213D14FF425
:1047A0007A7707FA03F340F2F31717FA83F344F624
:1047B000D357C1F26207C9B2A3FB07378BF80620B3
:1047C000052938BF7809ABF8080003B0BDE8F08FC1
:1047D000F0B581B040F24020C2F200000468002C25
:1047E0004ED00025012604E0013838812468002CD1
:1047F00046D0676A002FF9D038890228F4D2012800
:10480000F4D178793D8101380B28EFD8DFE800F04A
:10481000080610060618061C06060618E6E700BF7E
:10482000B879052820D8204600F03CFFDEE700BF1D
:10483000B879012804D8204600F016F9D6E700BF61
:104840002046FFF7B3FED1E7B879012814D807F165
:104850001C012046002202F099F9B879FF281CBFFC
:104860000130B8713E81C1E7204600F035FD204699
:1048700001F000F9BAE700BF2046FFF763FBB5E798
:1048800001B0F0BDB0B540F28825C2F20005EA7A69
:1048900004460020C4E90800002A1CBFE869A062A1
:1048A000287B28B1286A6A7BE0623AB1686A09E02D
:1048B000A06A40086A7BE062002AF7D1A06AC0EBD8
:1048C000C000C0082063A87B0969E16130B1A86A13
:1048D00003F08EFF2062012001E000BF0020E071A4
:1048E000E87B002808BFB0BDE86A03F081FF606282
:1048F000B0BD000010B50446406A41790C2904D0CF
:104900000C21A0F805100021018147F2B411C0F676
:10491000010120460A460B4606F034FF2046BDE85A
:104920001040FFF743BE000070B540F28822C2F28B
:104930000002937A002B08BF70BD0446466A906956
:104940000D460021318103F053FF2969B0612046F3
:10495000F161BDE8704000F0A5BE0000B0B540F2C6
:104960008825C2F20005287858BB686858B147F21C
:10497000263047F6B163C0F6010016A1C0F6010368
:10498000E52211F0F7FE0FF0CBFD6860F0B1417A3F
:1049900047F2B41441F02001C0F6010441722146EF
:1049A00044220FF069FA6868214643220FF02EFB7B
:1049B000686844F60D51C0F6000100220FF0C4FDF6
:1049C000287801302870002040B2B0BDFF2040B2EE
:1049D000B0BD00BF646863705F696E635F706362DF
:1049E0005F726566636F756E7428293A206D656D18
:1049F0006F7279206C65616B00000000B0B5456A8C
:104A000085B104466879C11E032904D3002808BF74
:104A1000B0BD0A2808D100212046A971BDE8B040E8
:104A200000F022B8B0BD00BF0D280CD347F22630ED
:104A300047F6B163C0F6010006A1C0F6010340F2DB
:104A40006D3211F097FE00212046A971BDE8B040FB
:104A5000FFF7ACBD696E76616C6964206468637051
:104A60002D3E7374617465002DE9F04782B0D0F873
:104A700024A080469AF80500032805D00320AAF850
:104A800005000020AAF808000DF106034046514633
:104A90000322FFF7A1FC002800F016818146BDF833
:104AA00006504068412D00F1F0060FD347F2263042
:104AB00047F66F6147F6B163C0F60100C0F6010129
:104AC000C0F6010340F29A5211F054FE392171559B
:104AD000A91C681C8CB280B20227432C3754ADF855
:104AE00006100FD347F2263047F6FA5147F6B16366
:104AF000C0F60100C0F60101C0F6010340F2AE525B
:104B000011F038FE291DE81C37558CB280B24022C6
:104B10003F2C3254ADF806100FD347F2263047F63B
:104B20006F6147F6B163C0F60100C0F60101C0F63F
:104B3000010340F29A5211F01DFE681D322180B22D
:104B4000042231553254DAF81C00A91D8CB2ADF89C
:104B5000061003F04DFE412C07460FD347F22630D6
:104B600047F6356147F6B163C0F60100C0F60101B2
:104B7000C0F6010340F2B75211F0FCFD380EE91DFA
:104B80003055380C05F1080289B27054380A92B2D7
:104B9000B05405F10A0005F1090184B289B2402C34
:104BA0007754ADF806000FD347F2263047F66F6111
:104BB00047F6B163C0F60100C0F60101C0F601037B
:104BC00040F29A5211F0D6FD3721315505F10C0112
:104BD00005F10B008CB280B20322442C3254ADF8A4
:104BE00006100FD347F2263047F6C55147F6B1639A
:104BF000C0F60100C0F60101C0F6010340F2A65262
:104C000011F0B8FD05F10D0087B20121442F315597
:104C1000ADF806000FD347F2263047F6C55147F6E8
:104C2000B163C0F60100C0F60101C0F6010340F215
:104C3000A65211F09FFD05F10E0084B20321442C11
:104C4000F155ADF806000FD347F2263047F6C551AF
:104C500047F6B163C0F60100C0F60101C0F60103DA
:104C600040F2A65211F086FD1C21315505F11001CC
:104C700005F10F008BB282B2432B4FF0FF03ADF86A
:104C80000600B35409D816FA81F0C5F133010122A8
:104C900012FA81F1FBF71FFB4320F13081B2484645
:104CA00007F0E6FE40F28820C2F20000406847F2BA
:104CB000B812C0F6010249464323CDF800800FF038
:104CC000A5FC484607F052FD9AF80610012050FA5C
:104CD00081F2D3B293424FF0140012D14FF47A779D
:104CE0007B4340F2F31717FA83F344F6D357C1F22C
:104CF0006207C9B2A3FB07378AF80620092938BF23
:104D00007809AAF8080002B0BDE8F0872DE9F04F55
:104D100085B040F24070C2F20000456814466E6AE9
:104D200086B3307970B360892C282BD36068017802
:104D3000022927D195F83010A1B10139C9B295F8EF
:104D40002A20037F052928BF05219A421AD149B19B
:104D500095F82B20437F9A4214D10131C9B2022920
:104D600040F06881406803F043FD3168884209D112
:104D700040F28820C2F200000021C0E902116089DF
:104D80002C2805D2204607F0F1FC05B0BDE8F08FD5
:104D9000B4F80880F0204FF6FD7A002101912746F3
:104DA000798982B28A4225D33F68002FEAD0401A1F
:104DB0007A8983B29342A8EB01081BD33F68002F86
:104DC000E0D0801A798983B28B42A8EB020811D314
:104DD0003F68002FD6D0401A7A8983B29342A8EB5D
:104DE000010807D33F68801A002FA8EB0208D7D12B
:104DF000C8E700BF1FFA88F182B28A42009280F0B1
:104E000007817968039105E01FFA88F182B28A422E
:104E100080F0E08003991FFA80FB11F80B10FF2946
:104E200000F0D880D345ADD8B7F80AC00BF1010324
:104E3000634507D2039A134493F800E03B290ED947
:104E400036E000BF3B682BB15B6893F800E03B297C
:104E500005D92DE04FF0000E3B2900F22980DFE854
:104E600001F01F21272F2727272727272727272735
:104E700027272727272727272727272727272727C2
:104E800027272727272727272727272727272727B2
:104E900027272727273B414D552727275B6300BF3F
:104EA000013082E0BEF1040F40F00081062240E0B4
:104EB0000EEB0B0050453FF665AF023075E000BFCA
:104EC000BEF1030F40F20281F344D3453FF65AAFDF
:104ED00007224FF0040932E0BEF1040F40F00281D6
:104EE000032226E0BEF1010F40F00C810099F02969
:104EF00040F0588100224FF001091CE0BEF1010F83
:104F000040F010814FF00109012214E0BEF1040FBE
:104F100040F0188102220CE0BEF1040F40F0228123
:104F20004FF00409042206E0BEF1040F40F02A818C
:104F300005224FF00409F344D3453FF623AF40F276
:104F40008821C2F2000101EB020A9AF80810002938
:104F50004FF00001049124D10230029283B238460E
:104F600004A94A4607F086FB48457FF40BAFB9F128
:104F7000010F07D0B9F1040F40F08C80049803F0C2
:104F800037FC01E09DF8100001218AF8081040F27A
:104F90008821029AC2F20001B7F80AC001EB82012F
:104FA00008610BF102004FF6FD7A81B26145FFF412
:104FB0002BAFA0EB0C00A8EB0C0881B21FFA88F213
:104FC0009142BFF4DFAE3F68002F57D0796803915C
:104FD0001AE700BF40F28820C2F20000007AB8B1A0
:104FE00040F28820C2F200000169002202724FF0F4
:104FF000EC0801294FF06C003FF4D1AE022913D028
:10500000032905D101204FF0EC0801906C20C6E681
:1050100001994FF06C082C2000294FF000010191FC
:105020007FF4BDAED2E000BF00204FF06C080190CD
:105030002C20B4E695F82C20837F9A427FF4A2AE10
:1050400003293FF48FAE95F82D20C37F9A427FF459
:1050500099AE04293FF486AE95F82E2090F82030C2
:105060009A427FF48FAE05293FF47CAE95F82F105D
:1050700090F8212091423FF475AE83E647F2263046
:1050800047F6B163C0F601008EA1C0F6010340F2FD
:105090009D6292E047F2263047F6B163C0F6010008
:1050A00083A1C0F601034FF4D26286E047F22630B6
:1050B00047F6AE5147F6B163C0F60100C0F60101F4
:1050C000C0F6010340F22E6277E000BF47F22630BF
:1050D00047F6B163C0F6010070A1C0F6010340F2CB
:1050E00033626AE047F2263047F6AE5147F6B163C5
:1050F000C0F60100C0F60101C0F6010340F24162B2
:105100005BE000BF47F2263047F6A55147F6B16392
:10511000C0F60100C0F60101C0F6010340F24F6283
:105120004BE000BF47F2263047F6A55147F6B16382
:10513000C0F60100C0F60101C0F6010340F255625D
:105140003BE000BF47F2263047F6AE5147F6B16369
:10515000C0F60100C0F60101C0F6010340F2596239
:105160002BE000BF47F2263047F6AE5147F6B16359
:10517000C0F60100C0F60101C0F6010340F25D6215
:105180001BE000BF47F2263047F6AE5147F6B16349
:10519000C0F60100C0F60101C0F6010340F26162F1
:1051A0000BE000BF47F2263047F6B163C0F60100BE
:1051B00034A1C0F6010340F2516211F0DBFA20463F
:1051C00007F0D4FA05B0BDE8F08F00BF40F28820A8
:1051D000C2F20000407A00283FF4D4AD40F28820AB
:1051E000C2F20000007D6168022815D0062821D097
:1051F00005287FF4C7AD7079C21E032A2ED2686AD3
:10520000FFF740FB2846FEF79DFE204607F0AEFA6A
:1052100005B0BDE8F08F00BF707906287FF4B2AD0D
:105220002846FFF781FB204607F0A0FA05B0BDE84D
:10523000F08F00BF707905283FF6A4AD012101FA77
:1052400000F010F03A0F3FF49DAD2846FFF752FBF7
:10525000204607F08BFA05B0BDE8F08F01287FF4F7
:1052600091AD686AFFF70EFB95F831000007C9D5CC
:105270002846FEF71DFF204607F078FA05B0BDE886
:10528000F08F00BF6F7665726C6F616420696E206D
:1052900066696C652F736E616D6500006C656E20CC
:1052A0003E3D206465636F64655F6C656E00000061
:1052B000696E76616C6964206465636F64655F6CB8
:1052C000656E00006E657874207062756620776187
:1052D00073206E756C6C00002DE9F04F83B0446A4A
:1052E000002C00F0B28082466079002800F0AD808A
:1052F000A16940F28828029100210A28C2F2000820
:10530000C4F81210C4F80E10C4E90611C4E908115B
:10531000C4E90A1121637CD8012101FA00F010F4DC
:10532000866F76D00DF10603504621460722FFF71F
:1053300053F800286DD08146BDF8066040683F2EC6
:1053400000F1F0050FD347F2263047F66F6147F6BC
:10535000B163C0F60100C0F60101C0F6010340F2DE
:105360009A5211F007FA701C362180B20422A95516
:105370002A540298B11C1FFA81FBADF8061003F005
:1053800037FABBF1410F07460FD347F2263047F6F5
:10539000356147F6B163C0F60100C0F60101C0F601
:1053A000010340F2B75211F0E5F9380EF11C05F88F
:1053B0000B00380C89B26854711D321D89B2380A4D
:1053C00092B26F54F11DA854B01D8BB282B2432B20
:1053D0004FF0FF03ADF80600AB5409D815FA81F081
:1053E000C6F13C01012212FA81F1FAF774FF432061
:1053F000F13081B2484607F03BFBD8F8040002AA1E
:1054000049464323CDF800A00FF000F9484607F0C5
:10541000ADF947F2B411C0F6010150460A460B46F9
:1054200006F0B0F9607900281EBF0020A4F805003E
:105430002081207948B198F8000048B10138010670
:1054400088F800001AD00020207103B0BDE8F08F6A
:1054500047F2263047F6E66147F6B163C0F6010031
:10546000C0F60101C0F60103FF2211F083F998F89C
:1054700000000138010688F80000E4D1D8F80400E3
:105480000FF080F80020C8F80400DCE72DE9F047B1
:1054900082B0D0F824A080469AF80500052805D0EF
:1054A0000520AAF805000020AAF808000DF106035F
:1054B000404651460322FEF78FFF002800F0CE80C1
:1054C0008146BDF806704068412F00F1F0050FD30A
:1054D00047F2263047F66F6147F6B163C0F6010028
:1054E000C0F60101C0F6010340F29A5211F042F9F0
:1054F000781C392180B20222E955B91C2A548EB297
:10550000B8F82840432EADF806100FD347F22630E6
:1055100047F6FA5147F6B163C0F60100C0F6010143
:10552000C0F6010340F2AE5211F024F9200AF91C32
:10553000A855381D89B26C5484B2402CADF80600D1
:105540000FD347F2263047F66F6147F6B163C0F6D6
:105550000100C0F60101C0F6010340F29A5211F0B9
:1055600009F937212955B91D781D8EB280B2032261
:10557000442E2A54ADF806100FD347F2263047F6D2
:10558000C55147F6B163C0F60100C0F60101C0F68F
:10559000010340F2A65211F0EDF8F81D84B201218A
:1055A000442CA955ADF806000FD347F2263047F634
:1055B000C55147F6B163C0F60100C0F60101C0F65F
:1055C000010340F2A65211F0D5F807F1080086B2A7
:1055D0000321442E2955ADF806000FD347F226309B
:1055E00047F6C55147F6B163C0F60100C0F60101A8
:1055F000C0F6010340F2A65211F0BCF81C21A955D7
:1056000007F10A0107F109008BB282B2432B4FF078
:10561000FF03ADF80600AB5409D815FA81F0C7F1C5
:105620003901012212FA81F1FAF755FE4320F130D7
:1056300081B2484607F01CFA40F28820C2F200000E
:1056400040680AF1180249464323CDF800800EF065
:10565000DDFF0546484607F089F800E0FF259AF887
:105660000600012151FA80F2D3B293424FF0280193
:1056700012D14FF4FA677B4340F2F31717FA83F322
:1056800044F6D357C1F26207C0B2A3FB07378AF8CA
:105690000620092838BF790968B2AAF8081002B0B4
:1056A000BDE8F0872DE9F04784B0002800F0A6811E
:1056B000D0F824908246B9F1000F00F0AF8199F83C
:1056C0000500012805D00120A9F805000020A9F84F
:1056D00008000DF10E03504649460322FEF77CFEFA
:1056E000002800F067818046BDF80E604068412EBA
:1056F00000F1F0040FD347F2263047F66F6147F60A
:10570000B163C0F60100C0F60101C0F6010340F22A
:105710009A5211F02FF8701C392180B20222A15543
:10572000B11C22548DB2BAF82870432DADF80E107A
:105730000FD347F2263047F6FA5147F6B163C0F669
:105740000100C0F60101C0F6010340F2AE5211F0B3
:1057500011F8380A6055301DF11C85B289B23F2D11
:105760006754ADF80E000FD347F2263047F66F614D
:1057700047F6B163C0F60100C0F60101C0F60103AF
:1057800040F29A5210F0F6FF701D322180B20422CE
:1057900061552254D9F81C00B11D8DB2ADF80E1020
:1057A00003F026F8412D07460FD347F2263047F67F
:1057B000356147F6B163C0F60100C0F60101C0F6DD
:1057C000010340F2B75210F0D5FF380EF11D6055BD
:1057D000380C06F1080289B26054380A92B2A0541B
:1057E00006F10A0006F1090185B289B23F2D67541E
:1057F000ADF80E000FD347F2263047F66F6147F63B
:10580000B163C0F60100C0F60101C0F6010340F229
:105810009A5210F0AFFF06F10B00362180B204223D
:1058200061552254D9F8180006F10C018DB2ADF87B
:105830000E1002F0DDFF412D07460FD347F2263050
:1058400047F6356147F6B163C0F60100C0F60101C5
:10585000C0F6010340F2B75210F08CFF380E06F18B
:105860000D016055380C06F10E0289B26054380AF9
:1058700092B2A05406F1100006F10F0185B289B270
:10588000402D6754ADF80E000FD347F2263047F68F
:105890006F6147F6B163C0F60100C0F60101C0F6C2
:1058A000010340F29A5210F065FF3721615506F16D
:1058B000120106F111008DB280B20322442D225450
:1058C000ADF80E100FD347F2263047F6C55147F614
:1058D000B163C0F60100C0F60101C0F6010340F259
:1058E000A65210F047FF06F1130087B20121442FA2
:1058F0006155ADF80E000FD347F2263047F6C5517B
:1059000047F6B163C0F60100C0F60101C0F601031D
:1059100040F2A65210F02EFF06F1140085B20321CA
:10592000442DE155ADF80E000FD347F2263047F66F
:10593000C55147F6B163C0F60100C0F60101C0F6DB
:10594000010340F2A65210F015FF1C21615506F12B
:10595000160106F115008BB282B2432B4FF0FF0304
:10596000ADF80E00A35409D814FA81F0C6F12D0148
:10597000012212FA81F1FAF7AEFC4320F13081B234
:10598000404607F075F840F28820C2F200004068F7
:1059900047F2B41747F2B812C0F60107C0F6010289
:1059A00041464323CDF800A001970EF0C3FE4046C8
:1059B00006F0DCFE99F80610012050FA81F2D3B20D
:1059C00093424FF0780013D14FF47A7707FA03F33C
:1059D00040F2F31717FA83F344F6D357C1F2620784
:1059E000C9B2A3FB073789F80620052938BF780913
:1059F000A9F8080004B0BDE8F08700BF47F22630E0
:105A000047F6B163C0F6010013A1C0F6010340F2EE
:105A1000771204B0BDE8F04710F0ACBE47F2263074
:105A200047F6B163C0F6010004A1C0F6010340F2DD
:105A3000791204B0BDE8F04710F09CBE6468637052
:105A40005F73656C6563743A206468637020213D00
:105A5000204E554C4C000000646863705F73656CA9
:105A60006563743A206E6574696620213D204E5549
:105A70004C4C000070B5A8B1044690F83100C00746
:105A800024D147F2263047F6B163C0F6010037A1B2
:105A9000C0F601034FF43A7210F06CFEF02040B2F1
:105AA00070BD00BF47F2263047F6B75147F6B163E5
:105AB000C0F60100C0F60101C0F6010340F2E72282
:105AC00010F058FEF02040B270BD00BF208DB0F540
:105AD000107F30D3656A0DB3287928B340F2882649
:105AE000C2F20006307878B947F2263047F6E66110
:105AF00047F6B163C0F60100C0F60101C0F601032C
:105B0000FF2210F037FE30780138010630700BD1DB
:105B100070680EF037FD0020706005E0342003F05F
:105B20008DF840B10546606228463421FAF7D3FB70
:105B3000FEF714FF10B1FF2040B270BD94F83100A1
:105B40000121400729710BD4687902284FF0000029
:105B50000AD00221288140B2A5F8051070BD00BF0F
:105B60002046FEF723FD002040B270BD6E657469CB
:105B700066206973206E6F742075702C206F6C64C2
:105B8000207374796C6520706F72743F00000000A0
:105B90002DE9F04786B04FF4805041F2004A019061
:105BA0001120C4F2020A02900220049001A950467A
:105BB000FCF7C0FB50464FF4805100220024FCF754
:105BC00093FC40F2B469C2F20009D9F8000044F62F
:105BD00020624462016841F00101016044F61F61E6
:105BE000436A8B4208D8436A8B4205D8436A8B428A
:105BF00002D8436A9342F3D3016A41F2111211426F
:105C000008D1016A40F24442114203D1016821F0F7
:105C10000101016050464FF480510122FCF764FC01
:105C2000D9F8000000214162016841F001010160E2
:105C3000416A1D2908D8416A1D2905D8416A1D29D4
:105C400002D8416A1E29F3D3016A41F211121142AE
:105C500008D1016A40F24442114203D1016821F0A7
:105C6000010101604FF48050019001200025039054
:105C700001A950460295FCF75DFB50464FF4805158
:105C8000FCF72CFC20B1284606B0BDE8F08700BF29
:105C900041F2111740F24448002609E0016A3942F6
:105CA0001CD050464FF48051661CFCF717FCF8B925
:105CB000D9F8000034464562016841F001010160F5
:105CC000416A0029EAD1416A0029E7D1416A0029E5
:105CD000E4D1416A0029F3D0E0E700BF016A11EA8C
:105CE000080FDED1016821F001010160D9E700BF92
:105CF000A4F16400C0B2AF2804D20025284606B043
:105D0000BDE8F08750464FF48051FCF7E7FB0028D0
:105D10004FF00005B7D041F2111740F2444800247B
:105D20000AE000BF016A39421CD050464FF480514E
:105D3000741CFCF7D3FBF8B1D9F800002646456285
:105D4000016841F001010160416A0029EAD1416A1C
:105D50000029E7D1416A0029E4D1416A0029F3D042
:105D6000E0E700BF016A11EA080FDED1016821F007
:105D700001010160D9E700BFA6F11300C0B2002500
:105D8000512838BF0125284606B0BDE8F08700003D
:105D9000B0B540F26C45C2F20005297D044651B110
:105DA000A868A04207D1286818B106F0DFFC0020DF
:105DB00028600020287595F82C0058B1286AA04268
:105DC00008D1A86918B106F0D1FC0020A861002014
:105DD00085F82C0095F8440058B1A86BA04208D172
:105DE000286B18B106F0C2FC00202863002085F85B
:105DF000440095F85C0058B1286DA04208D1A86C09
:105E000018B106F0B3FC0020A864002085F85C00FF
:105E100095F8740058B1A86EA04208D1286E18B148
:105E200006F0A4FC00202866002085F8740095F890
:105E30008C0060B1D5F88000A04208D1A86F18B1DD
:105E400006F094FC0020A867002085F88C0095F8E7
:105E5000A40070B1D5F89800A0420AD1D5F89000FE
:105E600020B106F083FC0020C5F89000002085F8E2
:105E7000A40095F8BC0070B1D5F8B000A0420AD1DA
:105E8000D5F8A80020B106F071FC0020C5F8A800E4
:105E9000002085F8BC0095F8D40070B1D5F8C80092
:105EA000A0420AD1D5F8C00020B106F05FFC002066
:105EB000C5F8C000002085F8D40095F8EC0078B152
:105EC000D5F8E000A04218BFB0BDD5F8D80020B189
:105ED00006F04CFC0020C5F8D800002085F8EC0046
:105EE000B0BD00002DE9F04F85B00028CDE90112CA
:105EF000049000F08B804FF00A0B002A00F0B08075
:105F000040F26C4C00230122C2F2000C00204FF042
:105F1000000E4FF0000A4FF00A084FF00A090A215C
:105F2000039106E090463033F02B02F1020200F0BC
:105F300005830CEB0304257D1FFA88F10A29A2F1E1
:105F4000010608BF002D19D065B304996768096878
:105F5000B94204D1A168029FB94200F03D81012DF0
:105F60000ED15CF80310658A91B11FFA8AFA554583
:105F700028BFB34688BFAA4614E000BFB04611E070
:105F8000618A80B2814228BFB14688BF084609E0D5
:105F90001FFA8EFE0399754528BF3146039188BFCD
:105FA000AE4600BF94F82C501FFA88F10A2908BFAA
:105FB000002DB7D0002DB6D00499E6690968B1422A
:105FC00004D1216A029EB14200F0C382012D0BD19F
:105FD000A169648D81B11FFA8AFA544528BF93469E
:105FE00088BFA2469FE700BF618D80B2814228BF73
:105FF000914688BF084696E71FFA8EFE03997445BE
:1060000028BF1146039188BFA6468CE740F26C4634
:10601000C2F20006337D012B00F09E80002B40F081
:10602000C58096F82C404FF000080A20002C00F0A4
:10603000DB8003904FF00A0900204FF00A0B002389
:106040004FF0000C4FF0000E012C00F0A380748D77
:10605000744528BF4FF0010988BFA646DFE000BFA6
:1060600040F26C4C00200122C2F2000C00274FF0DD
:10607000000E00244FF00A084FF00A090A2103918C
:1060800007E000BF90463030F02802F1020200F035
:1060900055820CEB00031D7D1FFA88F60A2EA2F133
:1060A000010608BF002D15D045B30499D1F800A012
:1060B00059688A4500F09280012D0DD15CF80010DE
:1060C0005D8A89B1A4B2A54228BFB34688BF2C46D9
:1060D00014E000BFB04611E0598ABFB2B94228BFF0
:1060E000B14688BF0F4609E01FFA8EFE0399754539
:1060F00028BF3146039188BFAE4600BF93F82C50AD
:106100001FFA88F10A2908BF002DBBD0002DBAD094
:106110000499DE690968B14200F01B82012D09D1A2
:1061200099695B8D71B1A4B2A34228BF934688BF21
:106130001C46A8E7598DBFB2B94228BF914688BF17
:106140000F46A0E71FFA8EFE0399734528BF11463C
:10615000039188BF9E4696E73368B6F812C0002BBD
:1061600018464FF0000E4FF0000B4FF00A0918BF11
:106170000A20039008BF4FF00A0B002B1CBF634698
:10618000F44696F82C40012004B34FF00A08012C85
:106190007FF45DAFB569748DC5B39BB29C4228BFD7
:1061A0004FF0010B88BF234639E000BFB6F812E07C
:1061B0000A204FF0000903904FF00A0B00234FF024
:1061C000000C96F82C400120002CDED14FF0010885
:1061D00096F84440ACBB14E03246BAE1324610B205
:1061E00005B0BDE8F08F00BF03904FF00A094FF0F3
:1061F0000A0B00234FF0000C4FF0000E96F84440BD
:10620000FCB996F85C00002845D114E01FFA8CFC1C
:10621000039A644528BF0122039288BFA44696F8DA
:106220004440B4FA84F56D09284209D04FF00208C1
:1062300096F85C0078BB96F8740000285FD148E0BF
:106240000CB3012C0CD1346BB6F8420094B19BB264
:10625000984228BF4FF0020B88BF034613E000BFEF
:10626000B6F84200704528BF4FF0020988BF864645
:1062700009E000BF1FFA8CFC039A604528BF022288
:10628000039288BF844696F85C00B8F10A0F08BFF5
:10629000002819D058B301280CD1B46CB6F85A00B4
:1062A000E4B19BB2984228BF4FF0030B88BF03466E
:1062B0001DE000BFB6F85A00704528BF4FF0030933
:1062C00088BF864613E000BF4FF0030896F87400BD
:1062D000A8B996F88C00002845D12EE01FFA8CFC56
:1062E000039A604528BF0322039288BF844696F82C
:1062F0007400B8F10A0F08BF002819D058B301285C
:106300000CD1346EB6F87200E4B19BB2984228BF4B
:106310004FF0040B88BF03461DE000BFB6F87200C3
:10632000704528BF4FF0040988BF864613E000BFC0
:106330004FF0040896F88C00A8B996F8A40000283D
:1063400045D12EE01FFA8CFC039A604528BF042239
:10635000039288BF844696F88C00B8F10A0F08BFF4
:10636000002819D058B301280CD1B46FB6F88A00B0
:10637000E4B19BB2984228BF4FF0050B88BF03469B
:106380001DE000BFB6F88A00704528BF4FF0050930
:1063900088BF864613E000BF4FF0050896F8A400BA
:1063A000A8B996F8BC00002845D12EE01FFA8CFC55
:1063B000039A604528BF0522039288BF844696F859
:1063C000A400B8F10A0F08BF002819D058B301285B
:1063D0000CD1D6F89040B6F8A200DCB19BB298423E
:1063E00028BF4FF0060B88BF03461CE0B6F8A2009A
:1063F000704528BF4FF0060988BF864613E000BFEE
:106400004FF0060896F8BC00A8B996F8D40000280A
:1064100041D15BE01FFA8CFC039A604528BF06223D
:10642000039288BF844696F8BC00B8F10A0F08BFF3
:10643000002819D038B301280CD1D6F8A840B6F8F6
:10644000BA00BCB19BB2984228BF4FF0070B88BF7F
:10645000034618E0B6F8BA00704528BF4FF00709A8
:1064600088BF86460FE000BF4FF0070896F8D400BB
:1064700088B92BE01FFA8CFC039A604528BF0722DD
:10648000039288BF844696F8D400B8F10A0F08BF7B
:10649000002819D038B301280CD1D6F8C040B6F87E
:1064A000D200BCB19BB2984228BF4FF0080B88BF06
:1064B000034618E0B6F8D200704528BF4FF008092F
:1064C00088BF86460FE000BF4FF0080896F8EC0042
:1064D00010E000BF1FFA8CFC039A604528BF082219
:1064E000039288BF844696F8EC00B8F10A0F08BF03
:1064F000002821D010B3012812D1D6F8D870B6F8F0
:10650000EA00002F00F0A0809AB2904228BF4FF01E
:10651000090B01994FF6FF7288071AD413E000BFE8
:10652000B6F8EA00704528BF4FF0090901994FF607
:10653000FF7288070DD406E04FF0090801994FF665
:10654000FF72880705D4C80708D11FFA88F00A2807
:1065500004D110B205B0BDE8F08F00BF0FFA88F487
:106560000A2C19DA40F26C4104EB4400C2F200013B
:1065700001EBC000007D002848D047F2263047F6E6
:106580005A73C0F601003DA1C0F6010340F2851226
:1065900010F0F0F83AE000BF0FFA89F0092817DC94
:1065A00040F26C4100EB4000C2F2000151F83000B3
:1065B00060B147F2263047F65A73C0F6010029A1B0
:1065C000C0F6010340F26D1210F0D4F8C8460AE09C
:1065D000DDF80C800FFA88F00A2804DB0FFA8BF044
:1065E0000928D846B5DC0FFA88F440F26C4204EB77
:1065F0004401C2F2000252F8310002EBC10518B1A9
:1066000006F0B4F800202860002028750498029B4A
:1066100048B140F26C42006804EB4401C2F200024F
:1066200002EBC101486040F26C4104EB4400C2F24D
:10663000000101EBC000002141828360424610B29C
:1066400005B0BDE8F08F00BF1FFA8CF290420398AE
:1066500028BF0920039001994FF6FF7288073FF584
:1066600078AF70E76172705F7461626C655B695DE1
:106670002E71203D3D204E554C4C00006172705FE4
:106680007461626C655B695D2E7374617465203D35
:106690003D204554484152505F53544154455F4555
:1066A0004D505459000000002DE9F04F85B039B32A
:1066B000466804463088B0F5807F1BD130790628C3
:1066C00018D17079042815D17088082812D18A460B
:1066D0005AF8040FD6F80E700D46049720B3B1692E
:1066E00006F10808814221D14FF001094FF0000B5B
:1066F00020E000BF204605B0BDE8F04F06F036B8F8
:1067000047F2263047F6B75147F65A73C0F60100F4
:10671000C0F60101C0F6010340F28A2205B0BDE8CF
:10672000F04F10F027B800BF06F108084FF002093B
:106730004FF0010B95F8300006280CD047F22630B8
:1067400047F65A73C0F6010030A1C0F6010340F2CB
:10675000A91210F00FF8B7B33846294600F0F6FF3B
:1067600088BB07F0F000E0282DD004A849462A464F
:10677000FFF7B8FB002826D481B2490040F26C42F2
:1067800011FA80F1C2F2000202EBC100022303758C
:106790008560D8F8003052F83170C360B8F8043022
:1067A00000210382418277B1016005F12A024FF492
:1067B000006C284639464346CDF800C000F0AAFCDC
:1067C000384605F0D3FFF088B0F5007F14D0B0F55F
:1067D000807F15D1BBF1000F12D105F12A0104A869
:1067E00002270290284642460B46CDE900A80397AF
:1067F00000F0C6FA04E000BF04A92846FDF7E8FA55
:10680000204605F0B3FF05B0BDE8F08F6E657469F2
:10681000662D3E6877616464725F6C656E203D3DF5
:10682000204554485F4857414444525F4C454E0010
:1068300070B584B0164605460C4658B1E4B156B35F
:106840003068294600F082FFB0B347F2A813C0F6C3
:10685000010347E047F2263047F6B75147F65A732F
:10686000C0F60100C0F60101C0F6010340F21E327D
:106870000FF080FF002CE2D147F2263047F65A7322
:10688000C0F6010081A1C0F6010340F21F320FF0F3
:1068900071FF002ED4D147F2263047F64B7147F6F0
:1068A0005A73C0F60100C0F60101C0F601034FF4AF
:1068B00048720FF05FFFC3E7306800F0F001E02995
:1068C0001CD10123ADF808305E23010E020C8DF8B7
:1068D0000A30C0F3062002AB8DF80B008DF80C20B7
:1068E0008DF80D1005F12A024FF400662846214666
:1068F000009600F00FFC40B204B070BDD5E9011263
:106900004140114208D081B24FF6A962914203D0B2
:106910002E4656F80C0FA8B340F2645CC2F2000C8D
:106920009CF8002040F26C4E02EB4203C2F2000ED3
:106930000EEBC303197D022908D39968A94205D13A
:106940005968884202D12846214692E09EF81410E8
:10695000022909D3DEF80810A94205D1DEF8041097
:10696000884201D1002280E09EF82C1002290DD32C
:10697000DEF82010A94209D1DEF81C10884205D1AA
:10698000012272E0FC2040B204B070BD9EF84410B9
:10699000022909D3DEF83810A94205D1DEF83410F7
:1069A000884201D1022260E09EF85C10022909D3DE
:1069B000DEF85010A94205D1DEF84C10884201D112
:1069C000032252E09EF87410022909D3DEF8681001
:1069D000A94205D1DEF86410884201D1042244E0C6
:1069E0009EF88C10022909D3DEF88010A94205D147
:1069F000DEF87C10884201D1052236E09EF8A41012
:106A0000022909D3DEF89810A94205D1DEF89410C6
:106A1000884201D1062228E09EF8BC10022909D341
:106A2000DEF8B010A94205D1DEF8AC10884201D1E1
:106A300007221AE09EF8D410022909D3DEF8C81004
:106A4000A94205D1DEF8C410884201D108220CE029
:106A50009EF8EC10022911D3DEF8E010A9420DD106
:106A6000DEF8DC10884209D10922284621468CF83C
:106A7000002004B0BDE8704000F00EB82846314652
:106A8000224604B0BDE8704000F080B87120213D7E
:106A9000204E554C4C000000F0B585B040F26C43E0
:106AA00002EB4202C2F2000303EBC206374617F8BC
:106AB000142F0C46012A05460DD847F2263047F61A
:106AC0005A73C0F6010025A1C0F6010340F2EF227F
:106AD0000FF050FE3A78022A32D1708AB0F58E7FDC
:106AE00012D947F2AE132A1DC0F60103301DCDE9BD
:106AF000002347F2A81205F12A014FF0010C029081
:106B0000C0F6010212E000BFB0F5877F18D347F24C
:106B1000AE1E301D06F10C0205F12A012B1D4FF0AF
:106B2000010CC0F6010ECDE9003E029028460B464E
:106B3000CDF80CC000F024F9002804BF0320387001
:106B400005F12A0206F10C034FF40067284621469E
:106B5000009700F0DFFA05B0F0BD00BF6172705F12
:106B60007461626C655B6172705F6964785D2E73DD
:106B700074617465203E3D204554484152505F5336
:106B8000544154455F535441424C45002DE9F04F68
:106B900085B00F460968054608462946914600F02B
:106BA000D5FD28B1F02040B205B0BDE8F08F00BFA0
:106BB0003968F0200029F6D001F0F001E029F2D088
:106BC000384601212A46FFF78DF90646B0F1FF3F0E
:106BD0003EDD7F2E05F12A080CD347F2263047F61A
:106BE0005A73C0F601005BA1C0F6010340F2C13246
:106BF0000FF0C0FD5FFA86FA4FEA4A0040F26C4B94
:106C000050FA86F0C2F2000B0BEBC000044614F8F9
:106C1000141F19B3B9F1000F68D00490FF200229A6
:106C20003FD340F26450C2F2000006700AEB4A0003
:106C30000BEBC00000F10C034FF4006728464946F7
:106C40004246009700F066FA05B0BDE8F08F00BF3D
:106C5000304640B205B0BDE8F08F00BF04900AEBAB
:106C60004A000BEBC00047F2AE118560281DC0F64C
:106C7000010147F2A8124FF0010C8DE88300C0F625
:106C8000010228464146434684F800C0CDF80CC0B6
:106C900000F076F8B9F1000F3FF485AF21780229B2
:106CA000BFD201297FF47FAF47F2263547F65A77E6
:106CB000C0F601052BA6C0F601074C466089218964
:106CC000884208D1206830B12846314640F2F1327E
:106CD0003B460FF04FFD207B40061DD42468002C5E
:106CE000ECD1484605F050FF1DE000BF47F2AE1161
:106CF000281DC0F6010147F2A81201268DE8830085
:106D0000C0F60102284641464346039600F038F893
:106D100005B0BDE8F08F00BF0E204FF420714A4649
:106D200005F0A6FB81460498B9F1000F0CD004468B
:106D30000068002818BF05F019FD0020C4F8009075
:106D400040B205B0BDE8F08FFF2040B205B0BDE80D
:106D5000F08F00BF74797065206F766572666C6F16
:106D6000770000006E6F207061636B657420717531
:106D70006575657320616C6C6F7765642100000038
:106D80002DE9F04F81B01F4690460646894678B9F6
:106D900047F2263047F6B75147F65A73C0F601005E
:106DA000C0F60101C0F6010340F257420FF0E2FCC9
:106DB0000E201C214FF4207205F056F9002859D0FE
:106DC00004464089DDF834A01B280CD847F2263051
:106DD00047F65A73C0F6010029A1C0F6010340F23C
:106DE00063420FF0C7FCDDF82CB06568504601F037
:106DF00001FD96F83010E88006290FD047F22630C2
:106E000047F60A7147F65A73C0F60100C0F6010151
:106E1000C0F6010340F26A420FF0ACFCB88821468C
:106E2000A881386840F60607A860DBF800004A46EB
:106E3000C5F81200BBF804004346E8820A980068CF
:106E4000C5F80E000C980068A86140F20010C0F26E
:106E50000800286040F20640A8803046009700F005
:106E600059F9204605F082FC002040B201B0BDE88F
:106E7000F08F00BFFF2040B201B0BDE8F08F00BF2F
:106E8000636865636B2074686174206669727374EB
:106E900020706275662063616E20686F6C64207379
:106EA0007472756374206574686172705F6864726F
:106EB0000000000080B584B047F2AE1E021DC0F68F
:106EC000010E00F12A03CDE9002E47F2A8124FF07F
:106ED000010C0291C0F601021946CDF80CC0FFF773
:106EE0004FFF04B080BD00002DE9F04F85B040F2A7
:106EF0006C4647F2AE1947F2A8140025C2F200060C
:106F00004FF00108C0F60109C0F601044FF0020B72
:106F1000002704E08AF814501837F02F3AD006EB17
:106F2000070A9AF814000028F6D0BAF812104A1C82
:106F300091B28B084A2BAAF8122003D8012809D154
:106F4000052907D3F0590028E4D005F00FFCF551CE
:106F5000E0E700BF012807D0042817D0032804BFAA
:106F600004208AF81400D7E7DAF808000AF10402CE
:106F700000F12A01031DCDE90039029222460B4699
:106F8000CDF80C80FFF7FCFEC6E700BF8AF814B00E
:106F9000C2E700BF05B0BDE8F08F000070B5044641
:106FA00040890F283DD3E07B0D4618B995F8340091
:106FB0000130E073606801788689CA0714D001291E
:106FC00006D1417881B980785E280DD1102008E083
:106FD00047F2A811C0F601010622F9F79CF918B989
:106FE0000820617B08436073B6F5C16F10D0082E8E
:106FF00017D195F83100000713D520460E2105F072
:10700000E5FD70B92046294600F0E8FC002070BD7F
:1070100095F83100000704D520460E2105F0D6FD75
:1070200020B1204605F0A2FB002070BD2046294675
:10703000FFF73AFB002070BD704700009AB00DF1D9
:10704000040A044650466421F9F745F940F240002D
:10705000C2F2000040F268574FF0000800F10C0641
:10706000C2F200070FF29C0900254FF0000B0BE065
:107070003846FBF771F8204604F008FC204604F07F
:1070800037FC642004F0E6FC3046FCF74BFA94F839
:10709000311011F0040101D00128E9DD0029F0D1FF
:1070A0000228EEDB0238042806D212A151F820B0E3
:1070B00059F8205003E000BFB8F1000F16D0384651
:1070C0005146FAF763FA38465146CDE9065BFAF7BE
:1070D00081FE3846FAF736FF204604F087FC20464A
:1070E00004F036FC4FF00108CBE700BF4FF000087A
:1070F000C7E700BF00080000000000000008000013
:1071000000000000004000000040000000000000FF
:10711000000000002DE9F0410C4606998046084623
:107120001F46164601F066FB054620460E2104F078
:1071300065FF00281CBF6FF00100BDE8F0816068AA
:107140008581B988818039680160B1884181316861
:10715000C0F8061098F83000062809D047F226300B
:10716000C0F6010006A113A340F233120FF002FB98
:10717000D8F8182040462146BDE8F041104700BF2E
:107180006E657469662D3E6877616464725F6C65D4
:107190006E206D757374206265203620666F7220D4
:1071A00065746865726E65745F6F7574707574214F
:1071B000000000002E2E2F4D6964646C65776172AB
:1071C00065732F54686972645F50617274792F4CD3
:1071D0007749502F7372632F6E657469662F6574DB
:1071E0006865726E65742E63000000002DE9F04141
:1071F000A4B0044630B971A07AA17EA34FF4F27214
:107200000FF0B8FA47F27340608646F6310048F254
:10721000D151C0F60000C0F60001C4E9050102A882
:107220006421F9F758F848F2000140F2685648F234
:107230000000CCF6E151C2F20006C4F20200CDF823
:1072400002104AF6035140F2C83340F22837ADF835
:1072500006100DF102014FF40002C2F20003C2F267
:1072600000074FF4C06586E88F0030467561FAF775
:1072700055FA40F24007C2F20007054607F1300018
:107280003421F9F728F82120F8624FF440003864DF
:1072900047F22C20C0F6010002F062F90620716866
:1072A00084F830000878002284F82A004878002604
:1072B00084F82B00887884F82C00C87884F82D0096
:1072C000087984F82E00487994F8311084F82F005A
:1072D00040F2DC50208541F00A0084F831000120A2
:1072E000012104F0A5FD786001200121002204F0B5
:1072F0009FFDB86046A01B904FF4AF70CDE92266A9
:1073000020903020219047F23140C0F600001BAAA7
:107310002146CDE91C66CDE91E6604F017FE07F193
:107320000C0640F21C01C2F200013046FCF7C6F91F
:107330003046FCF74FF92DB1FAF7FAF8002024B0E7
:10734000BDE8F0813046FCF7EDF801280ADC204664
:1073500004F0CEFA204604F099FA002024B0BDE8EB
:10736000F08100BF0338022806D82BA151F8206015
:107370002CA151F8207003E04FF480474FF40066D1
:1073800040F26855C2F200050DF108082846414652
:10739000FAF7FCF828464146CDE90776FAF71AFDD8
:1073A0002846FAF7CFFD204604F020FB204604F0E3
:1073B000CFFA002024B0BDE8F08100BF41737365AF
:1073C0007274696F6E2022257322206661696C6574
:1073D00064206174206C696E6520256420696E20CC
:1073E00025730A006E6574696620213D204E554C58
:1073F0004C0000002E2E2F4C5749502F54617267BD
:1074000065742F65746865726E657469662E6300B5
:107410004574684966000000000000000008000094
:10742000000000000040000000000000000000001C
:1074300082B040F2400540F268580446C2F20005AE
:107440000026C2F200080DF1040900BF68684FF081
:10745000FF3104F0B7FC0028F8D107E02269384674
:107460002146904710B1384605F080F928780196FA
:107470000028EBD140464946FAF71EFB019F002F3A
:10748000ECD1E3E744F60001C4F200010A685206B9
:1074900009D40A6852065CBF0A685FEA426202D4F5
:1074A0000A685206F2D5C2B24A6070470A46032102
:1074B00000F0EEB82DE9F04383B040F24076C2F21E
:1074C0000006B568894629783C2202EA8107142F14
:1074D000044602D36089042806D2204603B0BDE8E2
:1074E000F04305F043B900BF6068007808283FD139
:1074F000706900F0F001E029EFD0316800F026F962
:107500000028EAD120890828E7D307F10E08204691
:10751000414604F073FD98B32089384481B281421A
:10752000DBD10E204FF4207204F09EFD0028D4D051
:107530008046408907F10801814266D8D8F80400E6
:1075400029463A46F8F7A0FE4046394605F03EFB8C
:10755000002855D047F2263047F69173C0F6010057
:1075600030A1C0F60103B6220FF004F94DE000BFD0
:10757000A046404603B0BDE8F04305F0F7B800BFB1
:107580002046414605F022FB90B147F2263047F6EF
:107590009173C0F6010031A1C0F60103C7220FF0BC
:1075A000E9F8204603B0BDE8F04305F0DFB800BFBE
:1075B000A046D8F804404046394604F01FFD002894
:1075C000D7D156F8140FD8F8041056F8042CC86018
:1075D0000A610020FF220A72488101212070608028
:1075E000CDE90001404631460022FF23CDF8089046
:1075F00000F0E4FA404603B0BDE8F04305F0B6B849
:107600004046214604F054FF40B1404605F0AEF834
:10761000204603B0BDE8F04305F0A8B8204605F0C9
:10762000A5F8C6E769636D705F696E7075743A207E
:107630006D6F76696E6720722D3E7061796C6F6137
:107640006420746F2069636D702068656164657281
:10765000206661696C65640A0000000069636D70F2
:107660005F696E7075743A20726573746F72696EBB
:1076700067206F726967696E616C20702D3E706162
:10768000796C6F6164206661696C65640A00000052
:107690002DE9F04184B090460E4607462220242171
:1076A0004FF4207204F0E0FC90B304464089232894
:1076B0000CD847F2263047F69173C0F6010016A1A8
:1076C000C0F6010340F269120FF054F865687F6854
:1076D0002E70002605F1080039461C2285F801802D
:1076E0006E60F8F7D1FDF868039003A800F020FE63
:1076F00058B1074601206E80CDE9006003AA2046FC
:107700000021FF23029700F059FA204605F02EF8D9
:1077100004B0BDE8F08100BF636865636B207468E6
:10772000617420666972737420706275662063618B
:107730006E20686F6C642069636D70206D65737373
:10774000616765000A460B21FFF7A2BF421C022AAF
:107750003CBF0120704791F83120920702D54A685A
:10776000824201D10020704789684240114205D110
:10777000CA438843904204BF0120704700207047ED
:107780002DE9F04F8FB0D0F804B004469BF800000C
:1077900000F00F00052840F0D1806089132840F2E6
:1077A000D380BBF80600B1F8288017460D4601F0DB
:1077B00021F82189A1F11402110400F0D780A8F169
:1077C000140101EB5171C91000F400536FF35F30E5
:1077D0000C90C800CDE9075785B24FF014084FF060
:1077E000000A05930691CDE903B50B9297B20E20DE
:1077F00014214FF42072BD420A9738BF2F4604F07F
:1078000033FC002800F0BF800646408913280CD8BE
:1078100047F2263048F20603C0F6010063A140F2A9
:107820002532C0F601030EF0A5FF706859461422F8
:10783000F8F72AFD7068CDE90D7609901FB947E089
:1078400024684FF0000866891FFA88F5AE420CD212
:1078500047F2263048F20603C0F601005BA140F271
:107860002D32C0F601030EF085FFA6EB0800B9B279
:107870001FFA80FA514538BF8A46BAF1000FDFD0AF
:10788000052001F0B5FE00287AD081466068514697
:1078900028440090002041224B46CDF804A004F07B
:1078A000BBFC002868D08346204605F06DF948F2FD
:1078B0008D50C0F60000C9E904040E98594604F042
:1078C000CBFCA7EB0A073804BAD1DDF80CB00D9F4A
:1078D000DDF81C900C9DB9F82800059BA0F114015F
:1078E00028466FF35F3000F50052002B18BF10469A
:1078F0000A9BD0449942B8BF104600F07BFF099E16
:10790000F08007F1140080B200F074FF002770804F
:1079100077810E9ED9F81430089A48463146984728
:10792000304604F023FF0B9A0D98121A10040698A3
:1079300005440C95049D7FF458AF00E0FA2778B217
:107940000FB0BDE8F08F00BF47F2263048F20603C3
:10795000C0F601000EA1C0F601034FF43F720EF015
:1079600009FFFA2778B20FB0BDE8F08F002778B290
:107970000FB0BDE8F08F00BF0520494601F094FB31
:107980000E9804F0F3FEFF2778B20FB0BDE8F08F39
:107990006970345F6672616728293A207062756683
:1079A00020746F6F2073686F72740000746869735D
:1079B000206E656564732061207062756620696E53
:1079C000206F6E652070696563652100702D3E6CC7
:1079D000656E203E3D20706F666600002DE9F04325
:1079E00081B0456804462A7802F0F000402840F053
:1079F000AD8068880E463C2101EA820900F0FAFE5B
:107A000021890746884203D22046394605F030F8DE
:107A10006089484506D2204604F0A8FE002001B047
:107A2000BDE8F08320898742F5D8B9F1130FF2D968
:107A3000E968286940F24078C2F2000896F83120DF
:107A4000C8E9041000F0F001E02902F0010103D1BF
:107A500091B3706848B92FE071B1716861B1884223
:107A600003D03146FFF772FE20B100203746B8B38D
:107A700043E000BF98F81400C0B27F281CD040F249
:107A80004020C2F20000076801E000BF3F689FB1DC
:107A9000B7421CBF97F831005FEAC070F6D0796832
:107AA0000029F3D0D8F81400884217D03946FFF7E0
:107AB0004DFE0028EAD011E0687A002711280DD188
:107AC00005EB09004088B0F58840B0FA80F04FEA35
:107AD000501008BF374618B10FE000BF002060B952
:107AE000D8F8100048B13146FFF730FE70BBD8F827
:107AF000100000F0F000E02828D03FB3E8886FF0D5
:107B0000C001084207D0204600F012F900283FF4D7
:107B100085AF4568044628783C2101EA8000A8F832
:107B20000C0020464946C8E90076C8F8085005F020
:107B30004DF8687A012811D0062815D0112819D1DE
:107B4000204631460CF064FB2BE000BF204604F0D9
:107B50000DFE002001B0BDE8F08300BF2046314695
:107B6000FFF7A8FC1DE000BF2046314607F02AFFC2
:107B700017E000BFD8F814003946FFF7E7FD68B9F1
:107B8000D8F8140000F0F000E02807D0204649465D
:107B900004F0F2FE20460221FFF788FC204604F0A4
:107BA000E5FD0020C8E90400C8E90000C8F80800A5
:107BB000A8F80C00002001B0BDE8F083B0B584B097
:107BC000DDF828C0DDE9084E42B129B10D68002D6D
:107BD00008BF0CF1040101E00CF10401CDE9004EF5
:107BE000CDF808C000F002F804B0B0BD2DE9F047B0
:107BF00082B00446807B1F461546012888460FD078
:107C000047F2263047F6C67147F6D273C0F6010038
:107C1000C0F60101C0F601034FF455720EF0AAFD43
:107C200055B12046142104F0E9F968B1FE2040B2B4
:107C300002B0BDE8F08700BF6089142844D2FE205E
:107C400040B202B0BDE8F0876089DDE90A9A666853
:107C500013280CD847F2263047F6D273C0F601003D
:107C600027A1C0F6010340F289320EF083FD286897
:107C70003772306145203070208986F809A086F877
:107C8000019000F0B7FD40F25877C2F20007708013
:107C900038884FF00009A6F8069000F0ABFD47F2D7
:107CA000B411C0F60101B0803888B8F1000F18BFD8
:107CB0004146096801303880F160A6F80A900C99B5
:107CC000088D40B912E000BF606801AD0069019005
:107CD0000C99088D50B12289824207D920462A4644
:107CE000FFF74EFD40B202B0BDE8F0874B69084691
:107CF00021462A46984740B202B0BDE8F08700BF4F
:107D0000636865636B20746861742066697273745C
:107D100020706275662063616E20686F6C642073EA
:107D200074727563742069705F686472000000008B
:107D30002DE9F04F85B0D0F80490054699F8000081
:107D400000F00F00052840F07081B9F8060000F03F
:107D500051FDB9F802100446084600F04BFD0646F6
:107D600099F800003C2101EA8007BE42C0F05D8125
:107D7000284604F063FB40F2B822C2F200021188E8
:107D8000049008440A28039544D9D2F804B04FF06F
:107D900000080296CDE90047BBF1000F3ED0D9F8AC
:107DA0000C204FF0000A0021002700205E460CE066
:107DB0000AF1010AC0B1F57FC47FA5429CBF3046DD
:107DC0003946336837461E4693B175699542EFD1FF
:107DD000B569D9F81040A542EAD1B589B9F804408F
:107DE000A542E5D1EDE700BF30463946E9E700BFDF
:107DF00040B100F0D7FA40F2B821C2F20001D1F848
:107E000004B08044049880450ADABAF1010FC3DC5B
:107E100006E000BFD2F804B014E000BF4FF0000B42
:107E2000DDE90265DDE90047B8F1000F00F0FD80F3
:107E300040F2B820C2F200000088049908440A28E1
:107E400000F2F380BBF1000F24D0D9F80C0004E05D
:107E5000DBF800B0BBF1000F1CD0DBF8141081423E
:107E6000F6D1DBF81810D9F810209142F0D1BBF808
:107E70000C10B9F804209142EAD1B9F8060000F0DC
:107E8000B9FCC00427D1BBF80E0000F0B3FCC0045D
:107E90001BD120E0042001F0ABFB8346002873D007
:107EA000002040F2B822CBE90100C2F20002516882
:107EB000CBF81C00CBE90500CBE903000F208BF8C1
:107EC0001F00CBF80010C2F804B00BF108004946BF
:107ED0001422F8F7D9F9B9F806004FEAC40910F0EE
:107EE0002000A6EB070A02900AD11FFA8AF010FAC6
:107EF00089F188B2884221D14FF6EB7188421DD8B2
:107F000003984568688800F075FC29783C2202EAED
:107F10008102904212D3E988841A084600F06AFC74
:107F2000C10003988BB240680022026013FA84F209
:107F300095B295428180C28000F08080DBF8040019
:107F4000039D002871D140F2B824C2F20004606899
:107F5000834511D047F2263048F20603C0F60100EF
:107F60000FF2AC31C0F6010340F2AB220EF002FC7E
:107F70006068584540F09481DBF800005946606025
:107F8000042001F091F850E040F2B82AC2F2000A51
:107F9000DAF804C0A3464FF00008CDE9017600BF2F
:107FA000BCF1000F33D0D9F80CE0002500210023EC
:107FB000002064460DE000BF05F10105C0B1E77F78
:107FC000C67FB7429CBF2046194622682346144606
:107FD00092B167697745EFD1A769D9F81060B742C8
:107FE000EAD1A789B9F80460B742E5D1EDE700BF4F
:107FF00020461946E9E700BF20B100F0D3F9DAF8CE
:1080000004C080440498804501DA012DC8DC04983E
:10801000039DDDE90176804507DB04205C4601F025
:10802000E7FA834600287FF43BAF284604F09EFB26
:108030000025284605B0BDE8F08F00BFDBF80460DE
:10804000029F012282EA5717E6B101974FF0000E16
:108050000121002703E000BF16681746B6B3726817
:10806000B2F804C0634515D33FF468AFB2F8068098
:108070004345FFF463AF002FEED0FC88644518BF82
:108080007146E9E7039A0546CBF8042067BB012156
:1080900012E000BF002F066000F0D480FA889342FF
:1080A000FFF44CAF65453FF649AF039E9A423E60F0
:1080B00018BF0021019A8AB99BF81E20D2074FF001
:1080C000000218BF002913D009E000BF039F9845A4
:1080D000176018BF0021019A002AEDD039B1DBF8F2
:1080E000041021B14D68A988090400F0A78000227E
:1080F00040F2B821C2F200010888049B1844029B98
:1081000008804BB99BF81E100AEB0900ABF81C0065
:1081100041F001008BF81E00002A4FF000053FF4EB
:1081200088AFDBF80400BBF81C10476801F11404A9
:108130003E680BF1080138461422F8F7A5F8A0B202
:1081400000F058FBFD807D81DBF8045078805EB143
:1081500074683046142104F039FD2846314604F095
:108160007BF82668002EF3D140F2B821C2F200015C
:1081700051F8040F83451AD0002800F0918002685E
:1081800001465A4513D0002A00F08A801068114633
:1081900058450CD0002800F08380026801465A45FB
:1081A00005D0002A7CD0106811465845E4D1DBF890
:1081B000000008600420594600F076FF284604F0CD
:1081C0003DF940F2B826C2F20006318804468142E9
:1081D0000DD247F2263048F20603C0F6010045A151
:1081E000C0F6010340F29B220EF0C4FA3188081B4E
:1081F0003080284605B0BDE8F08F00BF4968C088D0
:108200008A8890427FF473AF086838B34068C988A1
:10821000828891427FF46BAF016801B34968C088DE
:108220008A8890427FF463AF0868B8B14068C98813
:10823000828891424FF000027FF45AAF0168002912
:10824000DCD10CE065453FF679AE039ACBF804200B
:10825000019A002A7FF442AF2EE700BF084685420C
:108260001BD147F2263048F20603C0F6010014A1E4
:10827000C0F6010340F2E1120EF07CFA286860B10A
:1082800047F2263048F20603C0F6010010A1C0F6FE
:10829000010340F2E3120EF06DFA012228E700BF5D
:1082A00047F2263048F23F0148F20603C0F60100CB
:1082B000C0F60101C0F6010340F245120EF05AFA71
:1082C00073616E69747920636865636B00000000F8
:1082D00076616C69646174655F6461746167726121
:1082E0006D3A6E6578745F70627566213D4E554CCF
:1082F0004C00000069705F72656173735F70627536
:1083000066636F756E74203E3D20636C656E000081
:108310006E6F74206669727374616C74686F7567D0
:1083200068206A75737420656E7175657565640083
:1083300080B540F24021C2F2000100BF0968C9B116
:1083400091F8312002F00503052BF7D14B68002B83
:10835000F4D0D0F800C0D1F808E083EA0C0313EAA7
:108360000E0F04D09207E9D4CA689445E6D10846B6
:1083700080BD00BF40F24421C2F200010A687AB118
:1083800092F8311001F00501052909D1516839B180
:108390000078B0F17F0118BF1146084680BD00BFCC
:1083A000002080BD2DE9F04F81B088468146814292
:1083B0000BD147F2263048F20603C0F601004BA16C
:1083C000C0F60103AB220EF0D5F9B8F1000F0FD0C3
:1083D000D8F8000048450BD047F2263048F2060393
:1083E000C0F6010044A1C0F60103AD220EF0C2F9AF
:1083F000D9F804707868818811B1002616E000BFB2
:1084000001681422C9F8041009F10801F7F73CFFCC
:1084100038460121FFF796F9384604F00FF8064672
:10842000384604F0A3F9D9F804700FB347F2263A9E
:1084300048F20605C0F6010A0FF2D00BC0F601059E
:1084400005E000BF384604F091F9274684B178680A
:108450000468384603F0F2FF10FA86F6B6F5803F5E
:10846000F0D350465946CC222B460EF083F9E9E76B
:1084700040F2B825C2F200056868484502D0B8F15C
:10848000000F23D04845D9F8000008BF05F10408C3
:10849000C8F800000420494600F006FE2888B4B25F
:1084A000A0420CD247F2263048F20603C0F6010083
:1084B0001EA1C0F60103D2220EF05CF92888811BB0
:1084C0002046298001B0BDE8F08F00BF47F226307A
:1084D00048F23F0148F20603C0F60100C0F6010170
:1084E000C0F6010340F245120EF044F97072657651
:1084F00020213D2069707200707265762D3E6E6598
:108500007874203D3D2069707200000070627566CD
:10851000735F6672656564202B20636C656E203C1A
:108520003D203078666666660000000069705F7204
:10853000656173735F70627566636F756E74203EFC
:108540003D2070627566735F667265656400000049
:10855000B0B540F2B820C2F200004068002808BF61
:10856000B0BD002406E000BF05682146FFF71AFFF2
:1085700028464DB1C17F0029F6D001390568C17781
:108580000446002D2846F5D1B0BD000010B50446C4
:1085900060B947F2263048F20603C0F6010009A18F
:1085A000C0F6010340F2CE220EF0E4F86069002824
:1085B00018BF04F0DBF805202146BDE8104000F0AC
:1085C00073BD00BF70637220213D204E554C4C009E
:1085D000F0B58DB001AD0C4628463021F7F77BFE93
:1085E00024B3D4E90010019060890290F1B1D1E97F
:1085F00000020492498905F10C0205910392A8B189
:10860000D0E900120792408905F1180208900692FD
:1086100061B1D1E900200A90488905F124010B904D
:1086200009911AB1F42040B20DB0F0BD208940F29A
:108630004007C2F20007C7E90C05204607F12C06E7
:108640003C6604F0A1FA40F26850C2F200003146E4
:10865000F9F7E0FDB8684FF0FF3103F0B3FB0028F5
:10866000F8D140F26850C2F20000F9F723FB002075
:1086700040B20DB0F0BD00002DE9F0410446406865
:10868000804705F02DF940F27C28C2F20008D8F8A6
:108690000810276805467E18301AB0F1FF3F31DD1B
:1086A0000A2000F0A5FF00285AD00021C0E90016DA
:1086B000D8F8041048F27962C0F6000200298260FE
:1086C000C46060D04A68B21A5CD40B68002B5FD0DB
:1086D0005A68B21A62D41968002965D04A68B21A79
:1086E0007AD40B68002B53D05A68B21A56D4196842
:1086F000002959D04A68B21AB2F1FF3F1A46E4DCA9
:1087000048E000BF0A2000F073FF48B37A19002147
:10871000C0E90012D8F8041048F27963C0F60003EB
:108720008360C46079B34B68D31A2BD40B68002BD9
:1087300040D05F68D71B43D41968002946D04F68E2
:10874000D71B4FD40B68ABB35F68D71B38D41968FD
:10875000E1B34F68D71BB7F1FF3F1F46E6DC2BE0C4
:1087600047F2263047F6D84147F6A443C0F6010049
:10877000C0F60101C0F60103BE22BDE8F0410DF0D4
:10878000F9BF00BF0160C8F80400BDE8F08100BF78
:108790000A46002101601060BDE8F0810A461946D2
:1087A00001601060BDE8F08100211A460160106090
:1087B000BDE8F0810F46002101603860BDE8F0811E
:1087C0000F46194601603860BDE8F08100211F4660
:1087D00001603860BDE8F0811A4601601060BDE8B4
:1087E000F08100BF1F4601603860BDE8F0810000E5
:1087F00000BA704740BA704780B505F029F800F01C
:10880000DBF900F0CFFC02F0B7FF0BF0F5FC07F04E
:10881000CDF8BDE8804005F005B9000082B0F9F759
:10882000ADFFFBF755F9FAF775FFFBF7CDF8FAF74F
:10883000FFFFFBF791F801200021032203260CF033
:1088400045FF40F2E824C2F20004A06003200121A9
:1088500000220CF03BFFE0600320082100220CF016
:1088600035FF20614DF64D4004F11405C0F60000BF
:1088700017A14FF480620023009601950DF0CAFC09
:1088800004F1180001904DF641300225C0F60000B9
:1088900012A14FF40072002300950DF0BBFC4DF6C1
:1088A000315004F11C06C0F600000EA14FF4007216
:1088B0000023009501960DF0ADFC0CF041FC03F097
:1088C000E1F8FAF715FF03F0F1F800BFFEE700BF8B
:1088D0004D51545420696E6974000000444854316D
:1088E000310000004C454400B0B501FB00F5002408
:1088F000B4EB154F07D1A8B200F0A0F930B129466A
:108900000446F7F7E8FC2046B0BD00BF0020B0BD2C
:10891000F0B581B070B1054680070DD047F2263022
:1089200047F20243C0F601007FA1C0F6010340F206
:108930007322A2E001B0F0BD40F2F817C2F20007C6
:108940003868A5F108068642C0F08C80786805F189
:108950000C01814200F2868007F10C04204604F0ED
:10896000A7FF15F8040C002800F0A08035F8082CAB
:10897000B2F5205F00F28A8035F8061CB1F5205F61
:1089800000F284803868331A9BB2994202D0415A6F
:1089900099427BD1796802448A4202D052889A4235
:1089A00074D1BA680023964205F8043C38BFBE6013
:1089B000B04200F29580B14240F2A38015F8040C59
:1089C00060B147F2263047F20243C0F601006CA1C5
:1089D000C0F6010340F2E1120DF0CCFE3188B1F592
:1089E000205F10D947F2263047F2D83147F20243D0
:1089F000C0F60100C0F60101C0F601034FF4F272A7
:108A00000DF0B8FE318838684218B24211D013799F
:108A10007BB97B689A420CD0B968914208BFBE60AE
:108A2000118831801288B2F5205F1EBF331A0244CC
:108A3000538035F8062C8318B3420CD01D7955B9F4
:108A4000BD68B54208BFBB6019803188B1F5205FB1
:108A50001CBF08444280204601B0BDE8F04004F04D
:108A60003BBF00BF47F2263047F20243C0F6010089
:108A70004AA1C0F6010340F27F220DF07BFE04F014
:108A8000B3FE01B0BDE8F04004F0BABE47F22630B4
:108A900047F2314147F20243C0F60100C0F601013E
:108AA000C0F6010340F295220EE000BF47F22630E7
:108AB00047F2634147F20243C0F60100C0F60101EC
:108AC000C0F601034FF423720DF054FE204604F06B
:108AD00003FF04F089FE01B0BDE8F04004F090BE51
:108AE00047F2263047F20243C0F6010017A1C0F654
:108AF000010340F2DF120DF03DFE7968B1423FF60E
:108B00005DAF47F2263047F20243C0F6010015A1DF
:108B1000C0F601034FF4F0720DF02CFE15F8040CB2
:108B200000287FF44EAF59E76D656D5F667265652D
:108B30003A2073616E69747920636865636B2061A4
:108B40006C69676E6D656E7400000000706C75670F
:108B50005F686F6C65733A206D656D203E3D2072D5
:108B6000616D0000706C75675F686F6C65733A20AB
:108B70006D656D203C2072616D5F656E6400000064
:108B8000706C75675F686F6C65733A206D656D2DED
:108B90003E75736564203D3D203000006D656D5F5E
:108BA000667265653A20696C6C6567616C206D65FD
:108BB0006D6F72790000000080B548F26870C2F2F3
:108BC0000000033020F0030040F2F8110023C2F24D
:108BD00000014FF42052037100F520530860026039
:108BE0004B6042F6040C012300F80C304FF02823B0
:108BF0008350886001F10C0004F060FE002808BF7B
:108C000080BD47F2263047F20243C0F6010004A1BE
:108C1000C0F6010340F21F22BDE880400DF0AABD5E
:108C20006661696C656420746F2063726561746548
:108C3000206D656D5F6D7574657800002DE9F04FEE
:108C400081B0002800F088800146033082B220F015
:108C500003060C2A38BF0C261FFA86FBBBF5205FE3
:108C60004FF0000018D88B4516D340F2F818C2F226
:108C7000000808F10C0A504604F01AFED8F800006B
:108C8000D8F80810CBF52052091A8BB29A420AD8AC
:108C9000504604F021FE002001B0BDE8F08F00BF77
:108CA0008A420B46F4D9C7183C79C55A1CB9083317
:108CB000EC1A5C4554D2AA42EAD947193B79415B88
:108CC00023B905F10803CC1A5C4516D28A42DFD9D4
:108CD00047183B79455A23B901F10803EC1A5C4562
:108CE0003ED2AA42D4D947193B79415B002BD7D158
:108CF00005F10803CC1A5C45D2D3A9460D460BF109
:108D000014018C4231D3F418A6B2B6F5205F12D10B
:108D100047F2263047F2894147F20243C0F601008C
:108D2000C0F60101C0F6010340F287320DF022FDCA
:108D3000D8F800003D8810FA84F1002285533C8069
:108D40000A71A1F80290815B0122B1F5205F3A71AE
:108D50001CBF01444C800AE0002001B0BDE8F08F48
:108D600089460BF114018C42CDD201213971D8F81A
:108D700008108F4238D1D8F804108F4220D03A46DC
:108D8000128802441379002B18BF8A4214D012882B
:108D900002441379002B18BF8A420DD01288024476
:108DA0001379002B18BF8A4206D012880244137927
:108DB000002B18BF8A42E3D1B3FA83F0400901E0E7
:108DC00000203A468A42C8F808200DD060B947F220
:108DD000263047F20243C0F601001FA1C0F601038E
:108DE00040F2B5320DF0C6FC504604F075FD0BEBB9
:108DF0000700D8F80410083088420CD947F2263012
:108E000047F20243C0F601001AA1C0F6010340F286
:108E1000BA320DF0AFFCB80718D047F2263447F24B
:108E20000245C0F6010447F2A931C0F60105C0F6BB
:108E3000010120464FF46F722B460DF09BFC19A1E7
:108E4000204640F2BE322B460DF094FC07F108009C
:108E500001B0BDE8F08F00BF6D656D5F6D616C6C3A
:108E60006F633A20216C667265652D3E757365648B
:108E7000000000006D656D5F6D616C6C6F633A2082
:108E8000616C6C6F6361746564206D656D6F727980
:108E9000206E6F742061626F76652072616D5F6510
:108EA0006E642E006D656D5F6D616C6C6F633A2052
:108EB00073616E69747920636865636B20616C69A6
:108EC000676E6D656E7400002DE9F04F81B0044649
:108ED000C81C82B220F003070C2A38BF0C27BEB290
:108EE000B6F5205F4FF0000000F2BE808E42C0F069
:108EF000BB8040F2F81AC2F2000ADAF80000A04281
:108F000003D8DAF80410A1420ED847F2263047F20F
:108F10000243C0F6010056A1C0F6010340F2D2227E
:108F20000DF028FCDAE90001A0421FD8A1421DD9AA
:108F3000254635F8081DA5EB0009A1EB0900083806
:108F40001FFA80F8464517D947F2263047F2024308
:108F5000C0F601004CA1C0F601034FF439720DF0C8
:108F600009FC002001B0BDE8F08F00BF04F03CFC1C
:108F700004F046FC01E000BF04D1204601B0BDE88A
:108F8000F08F00BF0AF10C00009004F091FC2988DA
:108F9000DAF8000000EB010B9BF8042082B306F125
:108FA000140242455CD807EB0902B1F5205F02F1DB
:108FB000080611D147F2263047F2894147F20243B1
:108FC000C0F60100C0F60101C0F6010340F21632FE
:108FD0000DF0D0FBDAF80000DAF8081010FA86F28B
:108FE0008A4238BFCAF808202988002311802E80C1
:108FF00011881371B1F5205FA2F802902ED12FE0F5
:10900000B1F5205F0FD147F2263047F2894147F290
:109010000243C0F60100C0F60101C0F6010340F2B0
:10902000F5220DF0A7FB07EB0900DAF80820BBF8E2
:10903000001000F10806DAF800005A45B2B204BF89
:109040008318CAF8083081522E80815A831800276D
:10905000B1F5205F1F71A3F8029001D0084446804B
:10906000009804F039FC204601B0BDE8F08F00BF45
:109070006D656D5F7472696D3A206C6567616C2017
:109080006D656D6F727900006D656D5F7472696DED
:109090002063616E206F6E6C7920736872696E6BED
:1090A000206D656D6F727900B0B50D2826D20C4623
:1090B000002908BFB0BD47F28C21C0F6010151F86C
:1090C0002050A0070FD047F2263047F2DC4147F28C
:1090D0009A43C0F60100C0F60101C0F6010340F258
:1090E0006D120DF047FB04F07FFBA9680A6822604F
:1090F0000C60BDE8B04004F083BB00BF47F22630EF
:1091000047F29A43C0F6010004A1C0F601034FF4F0
:10911000D572BDE8B0400DF02DBB00BF6D656D7020
:109120005F667265653A2074797065203C204D4514
:109130004D505F4D41580000B0B508B30C460029B2
:1091400008BFB0BD0546A0070FD047F2263047F252
:10915000DC4147F29A43C0F60100C0F60101C0F6B7
:10916000010340F26D120DF005FB04F03DFBA96810
:109170000A6822600C60BDE8B04004F041BB00BF4B
:1091800047F2263047F2CA4147F29A43C0F601003F
:10919000C0F60101C0F6010340F29512BDE8B040EF
:1091A0000DF0E8BA48F28B10C2F20000033020F054
:1091B000030202F120001346002143F8400F40F261
:1091C000082C1160126242F8603FC2F2000CCCF829
:1091D000002047F67952C2F20002033222F0030265
:1091E00002F19C03C2F8383102F59C73C2F8D43105
:1091F00002F5EA731160C2F89C20C2F8703202F5E1
:109200001C72CCF8042047F69642C2F200020332E8
:1092100022F0030202F11C03104640F8383F1346C7
:1092200043F8540F104640F8703F134643F88C0F34
:10923000104640F8A83F1160D26142F8C40F48F2CE
:109240008800C2F200000330CCF8082020F00302AE
:1092500002F11000134643F8200F104640F8303F4B
:10926000134643F8400F104640F8503F134643F86A
:10927000600F104640F8703F134643F8800F1046C9
:1092800040F8903F134643F8A00F104640F8B03F17
:10929000134643F8C00F104640F8D03F134643F83A
:1092A000E00F43F29700C2F2000003301160126138
:1092B00042F8F03F20F00300CCF80C2000F120022F
:1092C000034643F8402F024642F8603F01600062C7
:1092D00040F8802FCCF8100040F26070C2F200001D
:1092E000033020F0030202F11800134643F8300F58
:1092F000104640F8483F134643F8600F104640F8C8
:10930000783F134643F8900F104640F8A83F1346A5
:1093100043F8C00F104640F8D83F134643F8F00F0B
:1093200002F58470C2F8200102F59070C2F838018D
:1093300002F59C70C2F8500102F5A8701160CCF8DB
:10934000140040F6CB00C2F20000033020F003000E
:109350009261C2F80831016000611030CCF8180049
:1093600040F6EE00C2F20000033020F0030000F1EE
:109370002802034643F8502F0160806240F8783F8E
:10938000CCF81C0047F69030C2F20000033020F009
:10939000030000F11002034643F8202F024642F872
:1093A000303F034643F8402F024642F8503F034601
:1093B00043F8602F0160006140F8703FCCF8200056
:1093C00047F61340C2F20000033020F0030000F122
:1093D0001002034643F8202F024642F8303F03466E
:1093E00043F8402F024642F8503F034643F8602FAF
:1093F0000160006140F8703FCCF8240047F6BD20C2
:10940000C2F20000033020F0030000F11002034616
:1094100043F8202F024642F8303F034643F8402FDE
:10942000024642F8503F034643F8602F024642F896
:10943000703F034643F8802F024642F8903F0346B0
:1094400043F8A02F024642F8B03F0160006140F8A7
:10945000C02FCCF8280042F69470C2F2000003300E
:1094600020F0030202F11000134643F8200F1046CB
:1094700040F8303F134643F8400F104640F8503F45
:10948000134643F8600F104640F8703F134643F808
:10949000800F104640F8903F134643F8A00F104647
:1094A00040F8B03F134643F8C00F104640F8D03F95
:1094B000134643F8E00F40F69110C2F2000011602D
:1094C000126142F8F03F0330CCF82C2020F0030268
:1094D00002F51870C2F8C00402F59860C2F82007BF
:1094E00002F5E460C2F8800902F51860C2F8E00BEA
:1094F00002F53E601160C2F8400E02F564604FF460
:109500008551505002F585504FF49851505002F556
:1095100098504FF4AB51505002F5AB504FF4BE5140
:10952000505002F5BE504FF4D151505002F5D15079
:109530004FF4E451505002F5E4504FF4F7515050BD
:1095400002F5F7504FF40551505002F5055042F224
:10955000A03150505018C2F86022CCF8300070474B
:1095600070B5B0F802E081680023BEF1000F0B6017
:109570003DD0416806880331AEF1010221F00303BA
:10958000032A0EF0030C1AD32EF0030281689D19F2
:109590000C68043A1C600B6081680C689C510D607B
:1095A000816805EB06040B68AB510C60816804EB25
:1095B00006050B68A35105EB06030D60E6D1BCF16F
:1095C000000F14D08168BCF1010F0A681A600B60AB
:1095D0000DD081689A190D68BCF1020F9D510A6087
:1095E00008BF70BD8068931901689151036070BD18
:1095F000B0B50D2824D247F28C21C0F6010151F8F4
:10960000204004F0F1F8A16805460C689CB1206880
:10961000A20708600FD047F2263047F2FC4147F21C
:109620009A43C0F60100C0F60101C0F6010340F202
:1096300019120DF09FF8284604F0E2F82046B0BD5C
:1096400047F2263047F29A43C0F6010004A1C0F663
:10965000010340F257120DF08DF80020B0BD00BF9D
:109660006D656D705F6D616C6C6F633A20747970BD
:1096700065203C204D454D505F4D41580000000095
:10968000B0B5F8B1044604F0AFF8A16805460C681F
:109690009CB12068A20708600FD047F2263047F23D
:1096A000FC4147F29A43C0F60100C0F60101C0F642
:1096B000010340F219120DF05DF8284604F0A0F8FD
:1096C0002046B0BD47F2263047F2CA4147F29A43DE
:1096D000C0F60100C0F60101C0F601034FF49E720E
:1096E0000DF048F80020B0BD2DE9F04F85B01D46C3
:1096F000914604460E4698B1DDF83C8016B3B8F1A9
:10970000000F30D0D8F8000000283ED0A07A002802
:109710004ED04FF0F60B4FFA8BF005B0BDE8F08F4E
:1097200047F2263048F2C013C0F601000FF208518C
:10973000C0F6010340F20F520DF01CF8DDF83C803A
:10974000002EDCD147F2263048F2C013C0F60100EB
:109750000FF20851C0F601034FF4A2620DF00AF8AF
:10976000B8F1000FCED147F2263048F2C013C0F650
:1097700001000FF21051C0F6010340F211520CF03B
:10978000F9FFD8F800000028C0D147F2263048F28F
:10979000571148F2C013C0F60100C0F60101C0F62F
:1097A000010340F212520CF0E5FFA07A0028B0D17C
:1097B0000E9F20464FF4F871F6F78DFDB8F80C00B7
:1097C00004F14C01608004F11C00E06104F12C0004
:1097D000E06204F13C00E063D8F810002761E16426
:1097E000656128B3D8F8145015B398F8191098F893
:1097F00018B02427002908BF0427F6F777FDB0F535
:10980000807F5FD28246002800F0EA802846F6F783
:109810006DFDB0F5807F80F003810BF0030147EA16
:10982000C10104910AEB000101F10E05834606E037
:10983000002004900A254FF0000A4FF0000BD8F8E2
:109840000400A8B1F6F752FDB0F5803F2AD20746D2
:10985000002800F0A58017FA85F0851CB5F5803F3B
:1098600080F0CE80049860F07F00049001E000BF9B
:109870000027D8F80800A8B3F6F738FDB0F5803F08
:1098800080F07E80002800F0EB8010FA85F18D1CBE
:10989000B5F5803F80F0F4800390049840F04000DC
:1098A000049021E047F2263048F2EE2148F2C0133E
:1098B000C0F60100C0F60101C0F6010340F23552C6
:1098C000ECE000BF47F2263048F2142148F2C01302
:1098D000C0F60100C0F60101C0F601034FF4A56215
:1098E000DCE000BF00200390D8F80000F6F7FEFC93
:1098F000B0F5803F64D210FA85F18D1CB5F5803F3C
:1099000080F09E80AAB20421B2F5804F38BF0321B7
:10991000802A38BF0221294489B2B1F5807F00F244
:10992000C780CDE90120002006F0D6FC0028E060C9
:1099300000F0BE802146CDF800B004F0EDFCE068F8
:1099400047F2B411C0F60101002204F0E9FC83469D
:1099500060B9E0684BF26513C0F6000331464A4631
:1099600005F072F98346002800F0AA80E06804F050
:109970007BFB0020E0604FFA8BF005B0BDE8F08F74
:1099800047F2263048F22C3148F2C013C0F60100ED
:10999000C0F60101C0F6010340F23F527EE000BF75
:1099A00047F2263048F2980148F2C013C0F6010091
:1099B000C0F60101C0F6010340F236526EE000BF6E
:1099C00047F2263048F2512148F2C013C0F6010098
:1099D000C0F60101C0F6010340F24B525EE000BF49
:1099E00047F2263048F2580148F2C013C0F6010091
:1099F000C0F60101C0F6010340F229524EE000BF5B
:109A000047F2263048F26A3148F2C013C0F601002E
:109A1000C0F60101C0F6010340F239523EE000BF3A
:109A200047F2263048F28D2148F2C013C0F60100FB
:109A3000C0F60101C0F6010340F22C522EE000BF37
:109A400047F2263048F26A3148F2C013C0F60100EE
:109A5000C0F60101C0F6010340F24E521EE000BF05
:109A600047F2263048F2D90148F2C013C0F601008F
:109A7000C0F60101C0F601034FF4A8620EE000BF7A
:109A800047F2263048F26A3148F2C013C0F60100AE
:109A9000C0F60101C0F6010340F243520CF06AFE29
:109AA0004FF0FA0B4FFA8BF005B0BDE8F08F00BF16
:109AB0004FF0FF0B4FFA8BF005B0BDE8F08F00BF01
:109AC0000498019E40F0020904F1EC000490E06863
:109AD0004BF2D1114FF0000BC0F600017F2E88BF72
:109AE0004FF0010B05F0BEFD0120A072B4F8EC00B0
:109AF000B44604F1F00610213154411C88B2FF280D
:109B000005F07F0088BF002140EACB12481C83B2D9
:109B1000FF2B89B288BF0020BCF1800F72541FD385
:109B20008022C5F3C611BCF5804F38BF4FF4804288
:109B3000114414FA80F2013083B2FF2B88BF002059
:109B4000BCF5804F82F8F0100AD34FEA9C3114FA2A
:109B500080F2013082F8F01081B2FF2988BF002026
:109B6000049DA4F8EC0052A1284604224FF0040BF7
:109B700000F0C8FCB4F8EC0006F800B0013081B287
:109B8000FF2988BF002081B206F801900130FE292C
:109B9000B8F80C1088BF00200A0A83B20130F254D2
:109BA000FE2B88BF002082B20130B154FE2A88BF4C
:109BB0000020A4F8EC000298D8F8001082B22846E1
:109BC00000F0A0FC009C5FEA49700DD4B9F1FF3FA2
:109BD0005FFA89F41ADD600620D44FF0000B4FFACB
:109BE0008BF005B0BDE8F08FD8F810105FFA8AF25C
:109BF000284600F087FCD8F81410E2B2284600F09E
:109C000081FCB9F1FF3F5FFA89F4E4DCD8F8041075
:109C1000BAB2284600F076FC6006DED50398D8F884
:109C2000081082B2284600F06DFC4FF0000B4FFA8E
:109C30008BF005B0BDE8F08F6D7174745F636C6973
:109C4000656E745F636F6E6E6563743A20636C69F2
:109C5000656E7420213D204E554C4C006D7174741E
:109C60005F636C69656E745F636F6E6E6563743A93
:109C70002069705F6164647220213D204E554C4C18
:109C8000000000006D7174745F636C69656E745FD1
:109C9000636F6E6E6563743A20636C69656E745FA2
:109CA000696E666F20213D204E554C4C000000002F
:109CB0004D5154540000000010B5044660B947F2FD
:109CC000263048F2C013C0F6010006A1C0F6010319
:109CD00040F2B3520CF04EFDA07A0338B0FA80F097
:109CE000400910BD6D7174745F636C69656E745F5B
:109CF00069735F636F6E6E65637465643A20636C4D
:109D000069656E7420213D204E554C4C00000000CA
:109D100001204FF4F871FEF7E7BD000070B505466D
:109D20000C4628B1E86898B9A86938BB33E000BF91
:109D300047F2263048F2C013C0F6010022A1C0F657
:109D4000010340F21B220CF015FDE8680028EBD05F
:109D50000021002608F008F8E868002105F082FCE0
:109D6000E868002108F0A6FCE86804F0C9FD10B11D
:109D7000E86804F079F9EE60A86960B101680060F4
:109D800049B10868096030B10168006019B108681C
:109D900009600028F2D149F6D5600026C0F600001F
:109DA0002946AE6103F07AFEA87A002808BF70BD8C
:109DB0006B69AE7233B1296928462246BDE870400E
:109DC000184700BF70BD00BF6D7174745F636C6F26
:109DD00073653A20636C69656E7420213D204E5591
:109DE0004C4C000070B582B040F20046C4F202064E
:109DF000B2B11546304680210022F8F775FB1EA04F
:109E000029460CF0B7FC40F2E820C2F2000080685E
:109E100000210022002302B0BDE870400BF00ABD13
:109E2000044620A00DF04CF9304680210122012586
:109E3000F8F75AFB4AF2E5014AF27102C0F6000156
:109E4000C0F6000220460023002600F021FF47F262
:109E5000F421C0F60101204600220023009601955E
:109E600000F048FF17A1204600220023009601952C
:109E700000F040FF02B070BD4D51545420636F6E2E
:109E80006E656374696F6E206661696C656421201C
:109E90004572726F7220636F64653A2025640D0A03
:109EA000000000004D51545420636F6E6E65637462
:109EB0006564207375636365737366756C6C792173
:109EC0000D0000004C6162382F456467652F4C45DA
:109ED00044000000F0B581B00446A8B1A07A032880
:109EE00022D0022878D12088013081B2890011FA6D
:109EF00080F16429208071D3204640F2011101B025
:109F0000BDE8F040FFF70ABF47F2263048F2C01321
:109F1000C0F6010037A1C0F601034FF411720CF036
:109F200029FCA07A0328DCD1A569CDB1052607E07C
:109F3000F01B2D60A569C6B2002E18BF002D0FD0F2
:109F4000EF89BE420AD32868A0616A68002AEFD070
:109F5000A8686FF002019047EAE700BFB81BE881EC
:109F60006088D8B3A18800EB500601318AB2920014
:109F700012FA81F5B542A18005D9204640F20111BF
:109F8000FFF7CCFE6088218801EB8102824201D27A
:109F9000481C1EE0B4F8EC10B4F8EE000A1A0020D9
:109FA000B0EB124F18BF02F5807292B2FE2A11D8A0
:109FB00004F1F002C023535401318BB2FF2B88BF50
:109FC00000218BB20131D054FE2B88BF0021A4F8B0
:109FD000EC102080B54201D901B0F0BD49F6D56141
:109FE000C0F6000141F28830224601B0BDE8F040E1
:109FF00003F08EBC6D7174745F6379636C69635F29
:10A0000074696D65723A20636C69656E7420213DD8
:10A01000204E554C4C00000010B5044660B947F284
:10A02000263048F2C013C0F6010009A1C0F60103B2
:10A030004FF4B4620CF09EFBA07A002808BF10BD5C
:10A04000002220460021A272BDE81040FFF766BE44
:10A050006D7174745F646973636F6E6E6563743A77
:10A0600020636C69656E7420213D204E554C4C0078
:10A070002DE9F04103AFD01D20F00700ADEB000447
:10A080001546A5462046F6F7FFF8002060550EA0BD
:10A0900021460CF06FFB40F20800C2F2000001788C
:10A0A00021B1A7F10C04A546BDE8F08121786278C2
:10A0B00001EB810102EB410110394170A7F10C0461
:10A0C000A546BDE8F08100BF5265636569766564A9
:10A0D000206D6573736167653A20222573220D0A2E
:10A0E0000000000010B50AA00C460CF043FB47F23C
:10A0F000F421C0F601012046F6F7FFF840F208010E
:10A10000C2F20001002818BF6320087010BD00BF14
:10A110004D5154543A204D657373616765207265E3
:10A12000636569766564206F6E20746F7069633A49
:10A130002025730D0A0000002DE9F04F83B007467B
:10A1400017F86C5F044657F8040C9846934680282D
:10A150000E4625D2B04233D247F2263048F2C01321
:10A16000C0F60100D8A1C0F601034FF42B720CF029
:10A1700001FB0BEB0600812826D347F2263048F27C
:10A18000C013C0F60100D9A1C0F6010340F2AE220F
:10A190000CF0F0FA4FF48077384603B0BDE8F08F4A
:10A1A00047F2263048F2C013C0F60100BAA1C0F64B
:10A1B000010340F2AB220CF0DDFAA06EB042CBD32B
:10A1C0000BEB06008128D8D228090D2871D003286E
:10A1D00007EB06090AD0022842D1A07A022868D1EA
:10A1E000BBF1020F6AD24FF480771FE1A06E94F8A2
:10A1F0006C108028C1F3410A52D80420BAF1000F34
:10A2000008BF0220584500F2EB80B9F80020ABEB04
:10A21000000311BAB3EB114F4FF48077C0F20681FF
:10A22000C6F1800156BA081A864200F2FF80022069
:10A23000B71CBAF1000F08BF012010FA87F088425E
:10A2400000F2CE80BAF1000F00F0AC80B8B2871CEB
:10A250005F4500F2C58039F8000000BA000CA2E0AA
:10A2600099F8002099F8011041EA0223002B00F030
:10A27000B780062838D005286CD1204630F8EC3F4E
:10A280004788DE1B0027B7EB164F18BF06F5807610
:10A29000B6B2FC2E00F2CA8004F1F007622635E067
:10A2A00000275D46B8F1000F00F09580280440F0CB
:10A2B00092800027384603B0BDE8F08F99F801700E
:10A2C000002F40F0B3806369002020800320002B22
:10A2D000A072EED0216920463A46984700273846BA
:10A2E00003B0BDE8F08F00BF204630F8EC3F478850
:10A2F000DE1B0027B7EB164F18BF06F58076B6B207
:10A30000FC2E00F2938004F1F0077026FE54013316
:10A310009EB2FF2E88BF00239EB202250133BD5599
:10A32000FE2E88BF00239EB2BA555A1CFE2E88BF4F
:10A33000002293B20132F954FE2B88BF0022E1685B
:10A34000A4F8EC2000F064F90027384603B0BDE81B
:10A35000F08F00BF0B284FF4807767D80121814030
:10A3600011F4296F62D004F1180100260D462D6802
:10A37000002D9ED0AA899A425CD02C68002C98D0DF
:10A38000A2899A4258D02268002A92D097899F4287
:10A3900056D01568002D8CD0AF892E469F421746A7
:10A3A000E5D14FE0002009F10201636E8A5D208152
:10A3B0000020ABEB0705885543B10291E06D02998F
:10A3C000019218FA85F29847DDE901218A55B8F122
:10A3D000000F7FF46BAFB9B211FA85F0584505D97B
:10A3E0004FF48077384603B0BDE8F08FB8FA88F0B4
:10A3F0004309D4E917074944AAB2B847B8F1000F96
:10A400004FF0000712D1BAF1000F0FD022890521B9
:10A4100020460023BAF1010F08BF0421002703F0F2
:10A4200063F8384603B0BDE8F08F00BF384603B08C
:10A43000BDE8F08F374605E02F46254602E000BF15
:10A44000274615462A68002F18BF39460A60296832
:10A4500019B1EA89CB891A44CA81002109282960E7
:10A460000ED1BBF1030FBBD36A6872B199F8023009
:10A47000A8686FF00C01032B38BF002104E000BF77
:10A480006A6812B1A8680021904700272D603846FD
:10A4900003B0BDE8F08F00BF636C69656E742D3E3C
:10A4A0006D73675F696478203C204D5154545F564A
:10A4B00041525F4845414445525F425546464552E8
:10A4C0005F4C454E0000000066697865645F686413
:10A4D000725F696478203C3D20636C69656E742D01
:10A4E0003E6D73675F6964780000000062756666A0
:10A4F0006572206C656E677468206D69736D617438
:10A50000636800002DE9F041B0F800E005460EF167
:10A5100001039CB2FF2C88BF00239CB20133FE2CA8
:10A520004FEA122C88BF002325F8043B05F80EC023
:10A530002A5542B1551E032D02F0030C06D200220B
:10A54000BCF1000F3BD1BDE8F08100BF22F0030257
:10A55000C2F1000E01F101086FF00302051D00BFFA
:10A5600008EB0206F7789CB201332F559CB2FF2C02
:10A5700088BF0023038034799FB20133EC559CB22D
:10A58000FF2C88BF0023038074799FB20133EC5500
:10A590009CB2FF2C88BF00230380B4799EB20133A4
:10A5A000AC559CB20432FF2C0EEB020488BF002392
:10A5B00004340380D4D10432BCF1000FC3D08F5CCB
:10A5C00010FA83F6013337719FB2FF2F88BF002343
:10A5D000BCF1010F0380B6D011444A7810FA83F71A
:10A5E0003A715A1C93B2FF2B88BF0022BCF1020FB4
:10A5F000028008BFBDE8F081897810FA82F31971F2
:10A60000511C8AB2FF2A88BF00210180BDE8F08179
:10A610002DE9F0410446028840880D46111A0022B7
:10A62000B2EB114F18BF01F5807189B2C0F5807788
:10A63000B5F864208F42A8BF0F46002A4CD0BEB2A6
:10A64000002E49D0964249D200228E4238BF0122C4
:10A650002044011D5FEAC2784FF0010328463246CC
:10A6600018BF032308F0A8FD00283FD1B8F1000F60
:10A670003CD0B6F5807F0ED347F2263048F21A114F
:10A6800048F2C013C0F60100C0F60101C0F6010394
:10A69000CB220CF06FF860880022384481B2FF2989
:10A6A00088BFA0F580702188608080B2B5F86470A2
:10A6B000091AB2EB114F18BF01F58071C0F5807215
:10A6C00089B2BA423B46B8BF1346B94238BF0F46BB
:10A6D0008A42D8BF1F4602E0BDE8F08117462044F9
:10A6E000011DBAB22846012308F066FD002818BFF4
:10A6F000BDE8F081B8B2B0F5807F0ED347F22630C6
:10A7000048F21A1148F2C013C0F60100C0F6010168
:10A71000C0F60103CB220CF02DF86088C11988B275
:10A72000FF2888BFA1F5807128466180BDE8F0410F
:10A7300005F046BE2DE9F04F83B01D461646834610
:10A740008A46D8B3BAF1000F49D09BF80A00002816
:10A7500057D05046F5F7CAFD4FF6FE71884265D2D4
:10A760000C9A2918002A01F102016DD0BBF80630BD
:10A7700002315F1C1FFA87F8B84518BF03F10208C1
:10A78000ABF80680B1F5803F63D25F4657F81C3FB7
:10A79000BB4271D05C4654F82C3FA34270D05C465B
:10A7A00054F83C3FA3426FD05C4654F84C3FA34260
:10A7B0006ED0FF2040B203B0BDE8F08F47F22630E4
:10A7C00048F2C013C0F601000FF24041C0F6010389
:10A7D00040F254420BF0CEFFBAF1000FB5D147F270
:10A7E000263048F2C013C0F601000FF24041C0F617
:10A7F000010340F255420BF0BDFF9BF80A00002810
:10A80000A7D147F2263048F2F51148F2C013C0F63E
:10A810000100C0F60101C0F6010340F256420BF000
:10A82000A9FFF52040B203B0BDE8F08F47F2263013
:10A8300048F2C013C0F601000FF20C41C0F601034C
:10A8400040F2594211E000BF4FF00008B1F5803FDF
:10A850009BD347F2263048F2C013C0F601000FF236
:10A860000C41C0F6010340F265420BF083FFF0207B
:10A8700040B203B0BDE8F08F029500233C4609E0EA
:10A880000295012306E000BF0295022302E000BF0B
:10A8900003230295DDE90E2E07EB03131FFA81F95E
:10A8A0005A600A1D5D46B9F5804F38BFCA1C35F89D
:10A8B000EC7FB9F1800F38BF8A1C69884FF0000C1B
:10A8C000791AC4F800C0BCEB114FC3F808E018BFF8
:10A8D00001F5807189B292B2C1F580719142A3F8FD
:10A8E0000C8005DA2460FF2040B203B0BDE8F08F91
:10A8F000DDE90CC10BF1F0030CF0030201F00101E2
:10A9000041EA420130317A1CD95591B2CDE9005467
:10A91000FF2988BF0022511C09F07F07B9F1800F81
:10A920008DB228BF8037FF2D92B288BF0021B9F1C8
:10A93000800F9F541FD38027C9F3C612B9F5804FEB
:10A9400038BF4FF480473A441BFA81F701318DB28A
:10A95000FF2D88BF0021B9F5804F87F8F0200AD37A
:10A960004FEA99321BFA81F7013187F8F0208AB259
:10A97000FF2A88BF0021020A8FB20131DA55FE2F6B
:10A9800088BF00218AB20131FE2A985488BF002175
:10A990000028ABF8EC1073D0421E032A00F0030E1F
:10A9A00002D200203BE000BF20F00300E146344625
:10A9B000C0F1000C0AF101076FF003057A19D6788F
:10A9C00088B21E54481C81B2FF2988BF0020ABF812
:10A9D000EC00117986B20130995581B2FF2988BF08
:10A9E0000020ABF8EC00517986B20130995581B264
:10A9F000FF2988BF0020ABF8EC00917982B299540E
:10AA0000411C88B20435FF280CEB050088BF0021EB
:10AA10000430ABF8EC10D1D1281D2646CC46BEF14F
:10AA2000000F2DD04D1CAFB25C461AF80020FF2F4E
:10AA300088BF002524F8EC5F14FA81F10A71BEF199
:10AA4000010F29461CD0691C8FB25044FF2F5F466E
:10AA5000427888BF002127F8EC1F17FA85F7BEF16E
:10AA6000020F3A710CD04A1C97B2FF2F5F468078D4
:10AA700088BF002227F8EC2F17FA81F108711146E0
:10AA8000BCF1000F10D04FEA18208AB29854481C2D
:10AA9000FE2A88BF002082B2411C03F80280FE2AF1
:10AAA00088BF0021ABF8EC10029A002E18BF002AD4
:10AAB00016D15D4655F8180F002668B30568C189A0
:10AAC0000E44ADB12868E9890E4490B10568C1898A
:10AAD0000E446DB12868E98900280E44EED108E0E3
:10AAE000501E032802F0030C26D200225CE000BFB7
:10AAF000054630B21F280FDB47F2263048F28B1193
:10AB000048F2C013C0F60100C0F60101C0F601030F
:10AB100040F247120BF02EFE019AC6F11E002A6089
:10AB2000DBF80C10D0810098FFF772FD002040B2D6
:10AB300003B0BDE8F08F00BF22F003025242B646D8
:10AB400001366FF0030700BFF519EC7888B21C548A
:10AB5000481C81B2FF2988BF0020ABF8EC0029799E
:10AB600084B20130195581B2FF2988BF0020ABF8AB
:10AB7000EC00697984B20130195581B2FF2988BF90
:10AB80000020ABF8EC00A97985B25955411C88B278
:10AB90000437FF2802EB070088BF00210430ABF820
:10ABA000EC10D1D13A1D7646BCF1000F3FF481AFD5
:10ABB0004B1C9FB2FF2F5F46B05C88BF002327F875
:10ABC000EC3F17FA81F1BCF1010F08713FF471AF4E
:10ABD000591C8FB23244FF2F5F46507888BF002146
:10ABE00027F8EC1F17FA83F3BCF1020F18713FF43A
:10ABF00060AF90784A1C93B2FF2B5B4688BF00225F
:10AC000023F8EC2F13FA81F1087152E76D71747417
:10AC10005F7075626C6973683A20636C69656E7405
:10AC200020213D204E554C4C000000006D71747485
:10AC30005F7075626C6973683A20746F7069632025
:10AC4000213D204E554C4C006D7174745F707562DF
:10AC50006C6973683A20746F706963206C656E6705
:10AC60007468206F766572666C6F77006D717474AE
:10AC70005F7075626C6973683A20746F74616C20E0
:10AC80006C656E677468206F766572666C6F7700AE
:10AC9000F0B581B01D46144606460F4620B1C6E900
:10ACA0001754776601B0F0BD47F2263048F2C01362
:10ACB000C0F6010005A1C0F6010340F2DA420BF034
:10ACC00059FDC6E91754776601B0F0BD6D71747413
:10ACD0005F7365745F696E7075625F63616C6C62EF
:10ACE00061636B3A20636C69656E7420213D204E70
:10ACF000554C4C002DE9F04F81B01D46174681465A
:10AD000000288A465AD0BAF1000F67D05046F5F7AE
:10AD1000EDFA06464FF6FE70864243D20B990520A7
:10AD2000002908BF042000EB060BBBF5803F63D26F
:10AD3000032F0DD347F2263048F2C013C0F60100AE
:10AD40000FF20841C0F6010340F2AA420BF012FDD7
:10AD500099F80A00002865D04B4653F81C0F4FF0B5
:10AD6000000C33F8162C511C1FFA81FE8E4518BFBB
:10AD700002F1020E984223F816EC59D04C4654F8D2
:10AD80002C0FA04258D04C4654F83C0FA04255D04E
:10AD90004C4654F84C0FA04252D0FF2040B201B0B4
:10ADA000BDE8F08F47F2263048F2C013C0F601002C
:10ADB000DCA1C0F6010340F2A3422BE047F22630AB
:10ADC00048F2C013C0F60100C6A1C0F6010340F26C
:10ADD0009F420BF0CFFCBAF1000F97D147F226301B
:10ADE00048F2C013C0F60100C6A1C0F601034FF43B
:10ADF00094620BF0BFFC89E747F2263048F2C82185
:10AE000048F2C013C0F60100C0F60101C0F601030C
:10AE100040F2A7420BF0AEFCF02040B201B0BDE81A
:10AE2000F08F00BFF52040B201B0BDE8F08F00BF49
:10AE300000201C4605E000BF012002E0022000E0E7
:10AE4000032003EB00101FFA8BF845600BF104059B
:10AE50004A46B8F5804F38BF0BF1030532F8EC3F96
:10AE6000B8F1800F38BF0BF10205934652880A995A
:10AE70009A1AC4F800C0BCEB124F816018BF02F5EB
:10AE8000807292B2A9B2C2F580728A42A0F80CE038
:10AE900006DA2460FF2040B201B0BDE8F08F00BFA9
:10AEA0000B986FF07D01002808BF6FF05D0109F17C
:10AEB000F000C154591C8AB2FF2A88BF00214B1CE4
:10AEC00008F07F02B8F1800F9DB228BF8032FF2DBD
:10AED00089B288BF0023B8F1800F42541FD380226B
:10AEE000C8F3C611B8F5804F38BF4FF48042114403
:10AEF00019FA83F201339DB2FF2D88BF0023B8F504
:10AF0000804F82F8F0100AD34FEA983119FA83F291
:10AF1000013382F8F01099B2FF2988BF00234FEA6D
:10AF20001E219AB28154591CFE2A88BF00218AB280
:10AF3000013100F802E0FE2A88BF0021320A8BB2FC
:10AF40000131C254FE2B88BF00218AB20131FE2A92
:10AF5000865488BF0021A9F8EC103EB1721E032A66
:10AF600006F0030C04D200203CE000BF0B9D70E013
:10AF700026F00303B846C3F1000E0AF101056FF095
:10AF8000030600BFAA19D7788BB20131C7548BB220
:10AF9000FF2B88BF0021A9F8EC1013798FB2013183
:10AFA000C3558BB2FF2B88BF0021A9F8EC10537951
:10AFB0008FB20131C3558BB2FF2B88BF0021A9F896
:10AFC000EC1092798BB20131C2548AB20436FF2A56
:10AFD0000EEB060288BF00210432A9F8EC10D1D193
:10AFE000301D47460B9DBCF1000F32D04B1C3E4636
:10AFF0009FB2FF2F27464C461AF8002088BF002337
:10B0000024F8EC3F14FA81F13C4637460A71BCF152
:10B01000010F19461DD0591C8FB25044FF2F4F46C7
:10B02000427888BF002127F8EC1F17FA83F33746D0
:10B03000BCF1020F1A710CD04A1C93B2FF2B4B4685
:10B04000807888BF002223F8EC2F13FA81F1087171
:10B0500011466DB1022F88B228BF02274A1CFE2874
:10B06000484688BF002220F8EC2F10FA81F00771C3
:10B070004E4656F8180F002530B300BF0668C18948
:10B080000D446EB13068F1890D4450B10668C18934
:10B090000D442EB13068F18900280D44EED100E056
:10B0A000064628B21F280FDB47F2263048F28B11E4
:10B0B00048F2C013C0F60100C0F60101C0F601035A
:10B0C00040F247120BF056FB3460C5F11E00D9F870
:10B0D0000C10E0815846FFF79BFA002040B201B007
:10B0E000BDE8F08F6D7174745F7375625F756E7318
:10B0F00075623A20636C69656E7420213D204E555F
:10B100004C4C00006D7174745F7375625F756E7383
:10B1100075623A20746F70696320213D204E554C52
:10B120004C0000006D7174745F7375625F756E73AF
:10B1300075623A20746F706963206C656E6774681D
:10B14000206F766572666C6F770000006D717474A5
:10B150005F7375625F756E7375623A20716F7320ED
:10B160003C203300F0B581B014461AB1204601B03E
:10B17000F0BD00BF0E4600274BF249210546876609
:10B18000C0F60001304606F0EFFD4BF2DD41C0F69F
:10B190000001304607F08EFA4BF23521C0F600016F
:10B1A00030460222022605F093FD49F6D561C0F62D
:10B1B000000141F288302A46AE7202F0A9FBE9682C
:10B1C00005F1EC002F80FFF723FA204601B0F0BD17
:10B1D00080B538B100224FF48071C260BDE8804074
:10B1E000FEF79CBD47F2263048F2C013C0F60100BE
:10B1F00008A1C0F6010340F2F6320BF0BBFA0C22B4
:10B20000002300204FF480711360BDE88040FEF7FA
:10B2100085BD00BF6D7174745F7463705F65727219
:10B220005F63623A20636C69656E7420213D204E35
:10B23000554C4C0080B5827A032A02D1EC30FFF7DE
:10B24000E7F9002080BD00002DE9F04F85B01C46D5
:10B25000924681460D4660B947F2263048F2C01347
:10B26000C0F601008AA1C0F6010340F2A7320BF03C
:10B2700081FAD9F80C00A8420CD047F2263048F2E7
:10B28000C013C0F601008BA1C0F601034FF46A722F
:10B290000BF070FABAF1000F08D08CB1504601F0F3
:10B2A00065FA204605B0BDE8F08F00BF48464FF470
:10B2B0008071FEF733FD0024204605B0BDE8F08F15
:10B2C000BAF80810284606F0BDFDBAF80840002C70
:10B2D00000F0C48009F16C004FF000084FF0000C42
:10B2E000002700260190CDF800A00CE0B946DDF85B
:10B2F00000A0049F029EA046BAF808401FFA88F1F9
:10B300008C4240F2AB80F5B2D9F86810022D4BD3D5
:10B310007AB2B2F1FF3F47DD491BC5F18002B1FBB4
:10B32000F2F3049703FB121BA4EB08020BEB0501DD
:10B3300050464F461FFA82FAC1F180090296D44561
:10B3400038BFE2461FFA89F20392924588BFCA4687
:10B35000019A1FFA8AF612FA81F11FFA88F332462F
:10B360004446E04601F086F9B86EC44610FA8AF009
:10B37000B8EB060C5444B86650D003988642B5D159
:10B3800009EB0B0082B2384629466346B94665464A
:10B39000FEF7D2FEDDF800A0049F029EAC46002816
:10B3A000A046A9D06AE000BFA94209D909EB05006F
:10B3B00090F86C700136F1B202299DD319E000BFFC
:10B3C0001FFA88F1504608F10105644601F0ACFA15
:10B3D000D9F868100746481CA446C9F8680009EB6C
:10B3E0000100A84680F86C700136F1B20229FFF422
:10B3F00083AFC1EBC10307F07F020E3B78B29A40E6
:10B4000000284CEA020C3FF577AFBCF1000F19D0D1
:10B41000D9F868006144A1EB000C6DE70AEB0B0062
:10B4200082B2384629460023FEF786FEB94618BB8D
:10B43000DDF800A0049F00264FF0000CA046C9F8DC
:10B44000686059E74846002200230026FEF774FE94
:10B45000C9F868604FF0000C4EE700BF504601F09D
:10B4600085F9B9F802000024002818BFA9F80440A3
:10B47000204605B0BDE8F08FDDF800A00546504637
:10B4800001F074F948462946FEF748FCE9E700BF99
:10B490006D7174745F7463705F726563765F63620D
:10B4A0003A20636C69656E7420213D204E554C4CEA
:10B4B000000000006D7174745F7463705F72656387
:10B4C000765F63623A20636C69656E742D3E636FCC
:10B4D0006E6E203D3D20706362000000F0B581B0CB
:10B4E0000446807A03282AD104F11806002537463D
:10B4F00000212580A58002E03F60002137463F689B
:10B50000C7B10846B98900293946F8D139680028F9
:10B5100008BF30460160386818B1F989C289114402
:10B52000C1817A683D60002AE6D0B8680021904762
:10B53000E2E700BFE16804F1EC00FFF769F80020E2
:10B5400001B0F0BD2DE9F04F81B0A8B30B9E002EE5
:10B550003ED047F2B41500290A9FC0F6010508BF86
:10B560002946002A40F23C29044608BF2A46002BFF
:10B5700008BF2B4600254BF27D70C2F20009DDF8B2
:10B5800030C0C0F60000C4E9075799F80070606148
:10B590002046258584F83150656284F83470C4E90A
:10B5A0000155C4E9035C00F0EDF82046B04708B34C
:10B5B000284601B0BDE8F08F47F2263047F21F530E
:10B5C000C0F601004FA1C0F6010340F227120AE0C5
:10B5D00047F2263047F21F53C0F6010040A1C0F6E3
:10B5E00001034FF494720BF0C5F80025284601B012
:10B5F000BDE8F08F94F8340047F2263B47F21F571E
:10B60000C0F6010B0FF29408C0F601070FF2A00A72
:10B61000C1B2FF2904BF002084F83400D9F80460C7
:10B6200066B30025A64209D0FF2D10D296F834103B
:10B6300094F83400814217D11CE000BF58464146BF
:10B6400040F28B123B460BF095F8FF2DEED3584697
:10B65000514640F28D123B460BF08CF896F83410B0
:10B6600094F83400814205D036680135002ED9D1D6
:10B6700004E000BF481C84F83400C9E7C1B2FE39B9
:10B6800018BF411CD9F80400254689F80010206035
:10B69000C9F80440284601B0BDE8F08F6E657469B2
:10B6A0006620616C72656164792061646465640020
:10B6B000746F6F206D616E79206E65746966732C8E
:10B6C000206D61782E20737570706F7274656420C0
:10B6D0006E756D6265722069732032353500000029
:10B6E0006E657469665F6164643A204E6F20696EAE
:10B6F00069742066756E6374696F6E20676976651C
:10B700006E0000006E657469665F6164643A20696A
:10B710006E76616C6964206E657469660000000075
:10B7200040B3014640F23C20C2F20000043000BFAA
:10B730000068F8B190F834200132D2B28A4218D0B1
:10B740000068B8B190F834200132D2B28A4210D0E9
:10B75000006878B190F834200132D2B28A4208BF32
:10B760007047006830B190F834200132D2B28A427A
:10B77000DED1704700207047704700006FF00B006B
:10B78000704700002DE9F04784B00D46174647F298
:10B79000B411002DC0F6010108BF0D46002A08BFF4
:10B7A0000F462A681E46002B08BF0E4604466AB3A1
:10B7B0003868A168814218BFA0603068E1682646F9
:10B7C000814218BFE060286856F8041F884219D0EB
:10B7D00001AF0DF10C08039001913846414604F089
:10B7E0002BFD3846414608F05DFE94F8310029688B
:10B7F00000F00502052A616004D1002918BF10F08D
:10B80000080035D104B0BDE8F08700BFA04658F865
:10B81000040FF8B100210DF104090DF1080ACDE97A
:10B8200001014846514604F007FD4846514608F0DC
:10B8300039FE94F83100296800F00502052A61609C
:10B8400008D1002918BF10F0080003D02046414657
:10B85000FBF730FB3868A168814218BFA0603068F0
:10B86000E1688142CED0E06004B0BDE8F08700BF5F
:10B8700020463146FBF71EFB04B0BDE8F087000010
:10B8800040F23C21C2F200018860704770B190F82C
:10B890003110CA0708BF704701F0FE02090780F89F
:10B8A000312048BFFAF774BA704700BF47F226301C
:10B8B00047F21F53C0F6010003A1C0F6010340F296
:10B8C0009B320AF057BF00BF6E657469665F73658F
:10B8D000745F646F776E3A20696E76616C6964207C
:10B8E0006E65746966000000002818BFC16170476A
:10B8F00060B190F831104A0758BF7047C26901F033
:10B90000FB0180F831107AB1104700BF47F22630B2
:10B9100047F21F53C0F6010004A1C0F6010340F234
:10B9200006420AF027BF00BF704700BF6E6574690A
:10B93000665F7365745F6C696E6B5F646F776E3A98
:10B9400020696E76616C6964206E657469660000BA
:10B9500010B508B3044690F83100410748BF10BD48
:10B9600040F0040084F831002046F9F747F894F8D5
:10B97000310000F00501052907D1214651F8042FB7
:10B98000002A18BF10F0080016D1E169D1B1204695
:10B99000BDE81040084700BF47F2263047F21F536A
:10B9A000C0F6010008A1C0F601034FF47872BDE8AB
:10B9B00010400AF0DFBE00BF2046FBF77BFAE169CA
:10B9C0000029E4D110BD00BF6E657469665F7365C0
:10B9D000745F6C696E6B5F75703A20696E76616C2E
:10B9E0006964206E6574696600000000B0B190F86B
:10B9F0003110CA0718BF704741F0010202F005017B
:10BA0000052980F8312008D1014651F8043F002B68
:10BA10001CBF12F00802FBF74DBA704747F2263000
:10BA200047F21F53C0F6010003A1C0F601034FF413
:10BA300054720AF09FBE00BF6E657469665F7365DD
:10BA4000745F75703A20696E76616C6964206E650A
:10BA500074696600EFF3058100291CBF6FF00500D3
:10BA60007047002804BF0020704780B509F04CFAE9
:10BA7000002080BDEFF30580002808BF0AF04CBC11
:10BA80000AF050BCEFF3058000281CBF6FF00500E2
:10BA9000704740F26840C2F200000168002911BFFF
:10BAA0004FF0FF30012101600020704710B5EFF327
:10BAB000058000281CBF6FF0050010BD40F26840F3
:10BAC000C2F20000016801291CBF4FF0FF3010BD19
:10BAD0004EF61F51CEF2000100240C7002210160CD
:10BAE00009F02EFB204610BD10B582B01C46B0FAFE
:10BAF00080F3B1FA81F25B095209EFF3058CBCF1D6
:10BB0000000F42EA030219D0002C18BF012422437F
:10BB100015D10022019201AA0AF0A6F901281BD131
:10BB20000198B0B14EF60450CEF200004FF08051B3
:10BB30000160BFF34F8FBFF36F8F0AE022B16FF048
:10BB4000030002B010BD00BF22460AF0BBF8012876
:10BB500006D1002002B010BD6FF0020002B010BD8F
:10BB60006FF00100002C08BF6FF0020002B010BDA2
:10BB700070B582B0154600294FF00004EFF305823E
:10BB800018BF002802D1204602B070BD002AFAD1A9
:10BB9000B5B1D5E902321BB3502A26D32A6922B3A4
:10BBA0006E6901FB00F4A6424FF00004EBD3009451
:10BBB00009F0D0FD06460028E5D02C6807E000BF5C
:10BBC0000022002409F082FD06460028DBD0304622
:10BBD000214609F0C3F83446204602B070BD00BFCC
:10BBE0001AB92A690AB96A6922B10024204602B04A
:10BBF00070BD00BF0022002409F068FD0646002841
:10BC0000DBD1C0E7B0B582B01C46B0FA80F3B1FA20
:10BC100081F5EFF305825B096D09002A43EA05020D
:10BC20000AD0002C18BF012422430BD06FF003056B
:10BC3000284602B0B0BD00BFF2B16FF00305284640
:10BC400002B0B0BD0022019201AA002309F008FF52
:10BC5000012821D1019828B34EF60450CEF20000FD
:10BC60004FF080510160BFF34F8FBFF36F8F0025FE
:10BC7000284602B0B0BD00BF22460023002509F0CF
:10BC8000D9FD0128D4D06FF00105002C08BF6FF05A
:10BC90000205284602B0B0BD6FF00205284602B08A
:10BCA000B0BD00BF0025284602B0B0BD10B50C469F
:10BCB000EFF3058100291CBF6FF0050010BD0146A0
:10BCC00020F0010050B111F001010BD121460AF022
:10BCD0003DF9012804BF002010BD0AE06FF0030009
:10BCE00010BD00BF21460AF01FFA012804BF002042
:10BCF00010BD6FF00100002C08BF6FF0020010BDF6
:10BD000070B5EFF3058109B1002070BD044690B114
:10BD100060680107F8D4D4E9021200F0010039B1DB
:10BD2000502AF1D3E0B9012009F07EFC06E000BF03
:10BD3000002AE9D1C0B9012009F03EFC05460026E1
:10BD4000002DE1D0002C14BF21680021284609F005
:10BD500005F8002E18BF45F00105284670BD00BF4C
:10BD6000042009F061FC02E0042009F025FC0546EE
:10BD70000126002DE6D1C7E780B5EFF30581002944
:10BD80001CBF6FF0050080BD014620F0010068B1C6
:10BD900011F001010ED100210022002309F04AFD1B
:10BDA000013818BF6FF0020080BD00BF6FF00300C4
:10BDB00080BD00BF09F064FF013818BF6FF00200BA
:10BDC00080BD000010B582B020B10C46EFF30581B4
:10BDD00021B18CB16FF0030002B010BD21460AF012
:10BDE000B5F801281DD06FF00100002C08BF6FF0DE
:10BDF000020002B010BD00BF0021019101AA002184
:10BE00000AF032F801280FD1019850B14EF60450D3
:10BE1000CEF200004FF080510160BFF34F8FBFF3AF
:10BE20006F8F002002B010BD6FF0020002B010BD95
:10BE300070B582B00E4686424FF00005EFF30581E3
:10BE400016D8A8B1A1B91446B2B1D4E902216AB199
:10BE50004F2945D9A368012832D1032501200021AB
:10BE60000022009509F076FC0DE000BF21B100250D
:10BE7000284602B070BD00BF01280BD1012000216F
:10BE8000032209F023FC0546002E18BF002D07D120
:10BE9000E5B925E0314609F00BFB0546B5B91FE0D1
:10BEA000284600210022002309F0C4FC01280DD0FF
:10BEB000284608F0ABFF0025284602B070BD00BF41
:10BEC00031461A4609F016FB05464DB1002C14BF49
:10BED00021680021284608F041FF284602B070BDC5
:10BEE0000025284602B070BD80B582B0D0B1EFF316
:10BEF0000581D9B10021019101A909F05DFE012858
:10BF000020D1019850B14EF60450CEF200004FF00F
:10BF100080510160BFF34F8FBFF36F8F002002B0DD
:10BF200080BD00BF6FF0030002B080BD0021002281
:10BF3000002309F07FFC013818BF6FF0020002B047
:10BF400080BD00BF6FF0020002B080BD2DE9F0415E
:10BF500084B08E4600240394EFF3058150B149B9B3
:10BF60004FF0000452B19369002B08BF1823382BFF
:10BF700016D90024204604B0BDE8F081802518239E
:10BF8000002103AF0093AAB2734601970AF042F969
:10BF90000399012808BF0C46204604B0BDE8F08193
:10BFA0001179C90724D15769D2E902864FEA970C63
:10BFB0001168002F654608BF8025B8F1000F13D027
:10BFC0005C2E15D312690024002A18BF002FD1D08F
:10BFD000CDE9003262467346CDF808800AF04AF98E
:10BFE00004B0BDE8F08100BF16B91269002AC8D0BC
:10BFF0000024204604B0BDE8F081000080B5B8B14F
:10C000000022B2EB114F23D121B302890A4493B22B
:10C010008B420BD390F90C30B3F1FF3F06DC436841
:10C02000A3EB010C00F110039C4515D2012080BD4B
:10C0300047F2263047F2DC5147F2F653C0F60100D2
:10C04000C0F60101C0F6010340F2DF120AF092FBD4
:10C05000012080BD002080BD4389C0F804C0194480
:10C0600041810281002080BD2DE9F04381B0154659
:10C070000C46B2F5C17F2FDA012D02D0412D40F0E0
:10C08000898025F0400001280FD047F2263047F282
:10C09000376147F2F653C0F60100C0F60101C0F661
:10C0A00001034FF4A5720AF065FB0B20FDF7A0FA1F
:10C0B000014600284FF0000069D04FF48072C1E9BA
:10C0C00000000C814C810D73A1F80D20C873084647
:10C0D00001B0BDE8F08300BF06462BD0B5F5207F48
:10C0E00058D1E01C20F00302B01803304FF6FC7169
:10C0F000014091424FF0000049D3103189B28A4289
:10C1000045D80846FCF79AFD014600284FF000008C
:10C110003DD08A19133222F00302C1E900028020C7
:10C12000C0F201000C814C81C860084601B0BDE836
:10C13000F08300BF40F282094FF00008C0F201090D
:10C14000002700250C20FDF753FAA8B30146F01C88
:10C1500000F4FE70C0F51472A0B2904238BF0246DF
:10C1600011FA86F0133020F00300C1E900800C8141
:10C17000002D0846A4EB02044A81C1F80C901CBFB4
:10C1800039602846002622040F460546DAD101B060
:10C19000BDE8F08347F2263047F2F653C0F60100BF
:10C1A00016A1C0F6010340F227120AF0E3FA0020BC
:10C1B00001B0BDE8F08300BF01F016FB48F2142483
:10C1C000C2F2000426780121217001F019FB6EB93A
:10C1D0004CF6D500C0F600000021002607F00CFE4A
:10C1E00020B101F001FB267001F00AFB15B12846D1
:10C1F00000F0BCFA002001B0BDE8F0837062756603
:10C200005F616C6C6F633A206572726F6E656F75FB
:10C21000732074797065000080B50330DDF80CE0A0
:10C2200020F0030C0CEB010070454FF0000088BFBC
:10C2300080BDDDF808E0BEF1000F18BFE644C3E999
:10C24000000E198159814FF48171D87318461A7301
:10C25000A3F80D1080BD0000B0B508B30C46F9B1CD
:10C260000546006878B300BF2989228911442981D5
:10C2700005683DB30289238929681A44028111B3F4
:10C2800028892289104428810D68002D42D00A890E
:10C29000238928681A4400280A81E5D113E000BFE9
:10C2A00047F2263047F27A5147F2F653C0F60100C2
:10C2B000C0F60101C0F6010340F25A32BDE8B040B9
:10C2C0000AF058BA054628896989884227D047F27A
:10C2D000263047F2AF5147F2F653C0F60100C0F6E0
:10C2E0000101C0F6010340F262320AF043FA286805
:10C2F000A8B147F2263047F2E65147F2F653C0F6AE
:10C300000100C0F60101C0F6010340F263320AF0F9
:10C3100031FA04E00D46288969898842D7D12889F5
:10C3200021892C6008442881B0BD0000B0B50028E8
:10C330000C4618BF002C2FD147F2263047F27A5115
:10C3400047F2F653C0F60100C0F60101C0F6010342
:10C3500040F25A320AF00EFA002C08BFB0BD01F0CC
:10C3600043FAA17B0131A17301F04AFAA07B08B125
:10C37000B0BD00BF47F2263047F2676147F2F6537F
:10C38000C0F60100C0F60101C0F6010340F24232DE
:10C39000BDE8B0400AF0EEB905460068D8B100BF6C
:10C3A000298922891144298105689DB1028923893F
:10C3B00029681A44028171B1288922891044288190
:10C3C0000D687DB30A89238928681A4400280A81E8
:10C3D000E6D100E0054628896989884227D047F2DE
:10C3E000263047F2AF5147F2F653C0F60100C0F6CF
:10C3F0000101C0F6010340F262320AF0BBF928687D
:10C40000A8B147F2263047F2E65147F2F653C0F69C
:10C410000100C0F60101C0F6010340F263320AF0E8
:10C42000A9F904E00D46288969898842D7D128896D
:10C4300021892C600844288191E70000002148B13F
:10C44000006848B1006858B1006868B100680431FC
:10C450000028F5D188B2704741F0010188B27047D9
:10C4600041F0020188B2704741F0030188B2704781
:10C47000B0B515460A462989FFF7F6FD0446A0B176
:10C480002046294600F014F878B147F2263047F2EA
:10C49000266147F2F653C0F60100C0F60101C0F66E
:10C4A000010340F224520AF065F92046B0BD0000B5
:10C4B0002DE9F04F81B030B10D4621B1044600891D
:10C4C0002989884212D247F2263047F2F653C0F645
:10C4D00001005CA1C0F6010340F2CA320AF04AF939
:10C4E000F02040B201B0BDE8F08F00BF47F2263A1D
:10C4F00047F2F65B0027C0F6010AC0F6010B0FF207
:10C5000018194FF0000801E0002D51D060896989A9
:10C51000C01BA1EB0806B04238BF064660686968D8
:10C52000384441443246F3F7AFFE608937448742CE
:10C5300006D9504632A140F2D9325B460AF01AF9C8
:10C540006889B044804507D95046494640F2DA32FE
:10C550005B460AF00FF96889804524BF2D684FF0CB
:10C5600000086089874203D12468002704B92DBBE5
:10C570002DB168892989884201D1286850BB002CD7
:10C58000C2D0608921898842BED120680028BBD0F2
:10C5900047F2263047F2505147F2F653C0F60100F9
:10C5A000C0F60101C0F6010340F2EF3220E000BF07
:10C5B000002040B201B0BDE8F08F00BF47F2263046
:10C5C00047F2F653C0F601001AA1C0F601034FF47A
:10C5D000797283E747F2263047F2505147F2F6531B
:10C5E000C0F60100C0F60101C0F6010340F2EA32D4
:10C5F0000AF0C0F8FA2040B201B0BDE8F08F00BFE9
:10C600006F66667365745F746F203C3D20705F7465
:10C610006F2D3E6C656E00006F66667365745F66B5
:10C62000726F6D203C3D20705F66726F6D2D3E6CA9
:10C63000656E0000705F746F20213D204E554C4C9C
:10C6400000000000706275665F636F70793A207455
:10C650006172676574206E6F742062696720656E11
:10C660006F75676820746F20686F6C6420736F75D6
:10C67000726365002DE9F04381B068B38846B9B3B1
:10C680001446002A48D005464FF00009002615E060
:10C69000C01A80B2A7B2B84238BF0746696818FA14
:10C6A00086F011FA83F13A46F3F7EEFDB9443E44C1
:10C6B000E41B002320040AD02D6845B168891904C1
:10C6C000E6D099B28142E3D31B1A2004F4D11FFAB9
:10C6D00089F001B0BDE8F08347F2263047F2F65307
:10C6E000C0F6010019A1C0F6010340F20A420AE0B7
:10C6F00047F2263047F2F653C0F601000AA1C0F611
:10C70000010340F20B420AF035F84FF000091FFA1E
:10C7100089F001B0BDE8F0834FF000091FFA89F0FD
:10C7200001B0BDE8F08300BF706275665F636F7033
:10C73000795F7061727469616C3A20696E76616CC0
:10C74000696420646174617074720000706275665F
:10C750005F636F70795F7061727469616C3A2069B0
:10C760006E76616C69642062756600002DE9F04F99
:10C7700081B0002858D047F2263B47F2F6560546CE
:10C780000024C0F6010B0FF2CC0AC0F601060FF22E
:10C79000DC0907E0396959B338468847002D04F1B0
:10C7A000010452D02F4601F01FF8A97B054639B984
:10C7B0005846514640F2F122334609F0DBFFB97B7F
:10C7C000A1F10108284687F80E8001F019F85FEA08
:10C7D00008603AD1787B3D688007DBD4387B10F065
:10C7E0000F000FD0012811D0022815D10C200EE027
:10C7F0005846494640F2FF22334609F0BBFF3969EB
:10C80000CAE700BF3846FCF783F8C7E70B20394674
:10C81000FCF74AFCC2E700BF58461DA140F20F32A8
:10C82000334609F0A7FFB9E747F2263047F2DC515B
:10C8300047F2F653C0F60100C0F60101C0F601034D
:10C840004FF4377209F096FF0024E0B201B0BDE862
:10C85000F08F00BF706275665F667265653A207022
:10C860002D3E726566203E203000000070632D3E34
:10C87000637573746F6D5F667265655F66756E6311
:10C8800074696F6E20213D204E554C4C0000000015
:10C89000696E76616C696420706275662074797067
:10C8A0006500000080B5014647F22C20C0F601006B
:10C8B000FCF742FC40F24001C2F200010878012876
:10C8C00018BF80BD486800220A70BDE88040FFF7AD
:10C8D0000BBB000080B500F087FF48F21421C2F2C4
:10C8E000000100220A7000F08BFF40F21C30C2F2FF
:10C8F0000000006890B1416F91B9C06870B1416F9C
:10C9000071B9C06850B1416F51B9C068002808BF03
:10C9100080BD416F21B9C0680028ECD180BD00BF47
:10C92000BDE8804003F02CB800B300BF42898BB251
:10C9300093421DD30068C8B1891A42898BB29342D1
:10C9400016D3006890B1891A42898BB293420FD3F3
:10C95000006858B1891A42898BB2934208D30068A3
:10C96000891A002804BF00207047DFE700207047C5
:10C97000406889B2405C7047012200F001B80000B5
:10C9800080B5B1F1FF3F0BDD40B3C9B3038903EBC1
:10C99000010C1FFA8CF38B4246D2012080BD00BFF0
:10C9A00080B349420022B2EB114F1CBF012080BD71
:10C9B00042898A4242D247F2263047F2496147F221
:10C9C000F653C0F60100C0F60101C0F6010340F2C3
:10C9D000552209F0CFFE012080BD00BF47F226306E
:10C9E00047F2DC5147F2F653C0F60100C0F60101F0
:10C9F000C0F6010340F2DF1209F0BCFE012080BD49
:10CA0000002080BD47F2263047F2DC5147F2F65352
:10CA1000C0F60100C0F60101C0F6010340F24B224E
:10CA200009F0A8FE012080BD90F90C30B3F1FF3F62
:10CA30000EDD002AB1D04268521A11E04368521A42
:10CA40000B44436003894281591A0181002080BD53
:10CA5000426800F11003521A9A423CBF012080BD87
:10CA60004389426019444181A0F808C0002080BD7C
:10CA70002DE9F04705460C4660B947F2263047F2EB
:10CA8000F653C0F601002DA1C0F601034FF4CC729D
:10CA900009F070FE2889A04298BFBDE8F0876F8931
:10CAA000A7421FD247F2263847F2F65A261AC0F696
:10CAB00001080FF2A009C0F6010A04E0E41B6F8927
:10CAC000A0B2B8420ED92889304428812D68002DA3
:10CAD000F4D14046494640F2AF12534609F04AFEAF
:10CAE000ECE700BF287B00071CD1A0B2B84219D0E8
:10CAF000687B800716D46868401B204481B22846B2
:10CB0000FCF7E2F9054668B947F2263047F2F653DA
:10CB1000C0F6010015A1C0F6010340F2BD1209F0F4
:10CB200029FE002528686C8100282C8118BFFFF79A
:10CB30001DFE00202860BDE8F08700BF70627566AA
:10CB40005F7265616C6C6F633A207020213D204EEE
:10CB5000554C4C00706275665F7265616C6C6F63FA
:10CB60003A207120213D204E554C4C006D656D5F83
:10CB70007472696D2072657475726E6564207120BF
:10CB80003D3D204E554C4C00002808BF704710B565
:10CB9000044600F029FEA17B0131A17300F030FEB4
:10CBA000A07BBDE8104008B1704700BF47F22630B7
:10CBB00047F2676147F2F653C0F60100C0F6010183
:10CBC000C0F6010340F2423209F0D4BD80B5D8B1BD
:10CBD0000022B2EB114F1CBF012080BD31B342894E
:10CBE0008A4225D247F2263047F2496147F2F6538E
:10CBF000C0F60100C0F60101C0F6010340F2552263
:10CC000009F0B8FD012080BD47F2263047F2DC5123
:10CC100047F2F653C0F60100C0F60101C0F6010369
:10CC200040F24B2209F0A6FD012080BD002080BD0E
:10CC30004368521A0B44436003894281591A0181A7
:10CC4000002080BD2DE9F041044607F097FF40F237
:10CC50000C16C2F20006F06848F208350130F060A8
:10CC60003068C2F2000558B13069002840F00781F1
:10CC70003068E16AC06A884298BF3460FFE000BF54
:10CC80003460F068012840F0FA80284607F01CFF65
:10CC900005F1140007F018FF05F1280007F014FF54
:10CCA00005F13C0007F010FF05F1500007F00CFF04
:10CCB00005F1640007F008FF05F1780007F004FFB4
:10CCC00005F18C0007F000FF05F1A00007F0FCFE65
:10CCD00005F1B40007F0F8FE05F1C80007F0F4FE16
:10CCE00005F1DC0007F0F0FE05F1F00007F0ECFEC6
:10CCF00005F5827007F0E8FE05F58C7007F0E4FE9C
:10CD000005F5967007F0E0FE05F5A07007F0DCFE73
:10CD100005F5AA7007F0D8FE05F5B47007F0D4FE4B
:10CD200005F5BE7007F0D0FE05F5C87007F0CCFE23
:10CD300005F5D27007F0C8FE05F5DC7007F0C4FEFB
:10CD400005F5E67007F0C0FE05F5F07007F0BCFED3
:10CD500005F5FA7007F0B8FE05F5027007F0B4FEAD
:10CD600005F5077007F0B0FE05F50C7007F0ACFE96
:10CD700005F5117007F0A8FE05F5167007F0A4FE82
:10CD800005F51B7007F0A0FE05F5207007F09CFE6E
:10CD900005F5257007F098FE05F52A7007F094FE5A
:10CDA00005F52F7007F090FE05F5347007F08CFE46
:10CDB00005F5397007F088FE05F53E7007F084FE32
:10CDC00005F5437007F080FE05F5487007F07CFE1E
:10CDD00005F54D7007F078FE05F5527007F074FE0A
:10CDE00005F5577007F070FE05F55C7007F06CFEF6
:10CDF00005F5617007F068FE05F5667007F064FEE2
:10CE000005F56B7007F060FE05F5707007F05CFECD
:10CE100005F5757007F058FE05F57A7007F054FEB9
:10CE200005F57F7007F050FE05F5826007F04CFEB7
:10CE300005F2244007F048FE05F5876007F044FE40
:10CE400005F24C4007F040FE40F2C028C2F2000854
:10CE5000404607F039FE08F11407384607F034FE63
:10CE600006F1640007F030FE06F13C0007F02CFEEE
:10CE700006F1500007F028FEC6F81C803762706883
:10CE8000716A421CE06A72608842626488BF7062A4
:10CE900000EB800005EB8000211D07F057FE07F036
:10CEA00091FE306988B13068E16AC06A884228BF63
:10CEB000BDE8F0814EF60450CEF200004FF08051F4
:10CEC0000160BFF34F8FBFF36F8FBDE8F0810000AB
:10CED00040F20C1548F208364EF60458C2F200052E
:10CEE000C2F20006CEF200084FF0805703E000BF08
:10CEF000204607F07FFEA868D0B107F03FFEA86C7F
:10CF0000C468201D07F0B2FDE8680138E860A86831
:10CF10000138A86007F056FE94F859000228EAD0BC
:10CF20000128E5D070B9206B07F064FEE0E700BF90
:10CF300030680228DFD3C8F80070BFF34F8FBFF30B
:10CF40006F8FD8E74FF0500080F31188BFF36F8FD9
:10CF5000BFF34F8FFEE700002DE9F0470A9C8246A1
:10CF6000206B16460F46DDE908599100A522984628
:10CF7000F3F7AAF9206B002F00EB8600A0F1040064
:10CF800020F0070656D0387884F834003878002826
:10CF90004BD0787884F835007878002845D0B87878
:10CFA00084F83600B87800283FD0F87884F8370045
:10CFB000F878D0B3387984F838003879A8B378791C
:10CFC00084F83900787980B3B87984F83A00B87970
:10CFD00058B3F87984F83B00F87930B3387A84F89C
:10CFE0003C00387A08B3787A84F83D00787AE0B16A
:10CFF000B87A84F83E00B87AB8B1F87A84F83F007D
:10D00000F87A90B1387B84F84000387B68B1787B3F
:10D0100084F84100787B40B1B87B84F84200B87B4B
:10D0200000281CBFF87B84F84300002084F84300EC
:10D0300003E000BF002084F834000027201D372DB6
:10D0400028BF3725E562C4E9135707F049FD04F10D
:10D05000180007F045FDC5F13800A0613046514683
:10D06000424624616462676584F8587000F086FB6C
:10D07000B9F1000F206018BFC9F80040BDE8F08783
:10D0800008480068006880F308884FF0000080F3CB
:10D09000148862B661B6BFF34F8FBFF36F8F00DFA6
:10D0A00000BF000008ED00E081B00020009040F2D9
:10D0B0003800C2F2000000684FF0500181F311887F
:10D0C000BFF36F8FBFF34F8F013007D0FEE700BF74
:10D0D000009830B9009820B9009810B9009800283D
:10D0E000F6D001B07047000088B040F2841AC2F256
:10D0F000000A0DF11009EB46DAF8080005681DB1C9
:10D10000C068046801E000BF002408F091F809F04D
:10D1100003F9DAF810100646884220D3002DCAF829
:10D12000106051D0A6424FD309F052FADAF8080045
:10D13000C068C7683D1D284607F098FC97F828008E
:10D14000410745D400F0FE0087F8280084E000BFC6
:10D150006860DAF8080039462D6107F0C5FCDAF896
:10D160000800016831B3C068C56804682F1D3846DF
:10D1700007F07CFC296A2846884795F82800400774
:10D18000EDD5A8692044A042E2D8DAF800000028D2
:10D1900000F04881002004A931C109F0ADF8DAF8A7
:10D1A000000049460022002308F044FB0028D6D1A5
:10D1B00038E100BFDAF80C10CAF81060CAE90210B2
:10D1C00009F006FA1AE100BF65B1002210E000BFC5
:10D1D000B8693F610119B14279601FD90AF10800AD
:10D1E00021E000BFDAF80C000068B0FA80F04209D4
:10D1F000DAF80000A11B07F05DFE09F0E9F900284C
:10D2000040F0FC804EF60450CEF200004FF080510A
:10D210000160BFF34F8FBFF36F8FEFE0311B81428F
:10D2200006D20AF10C000068294607F05DFC13E005
:10D23000DAF80000002800F01381002004A991C151
:10D2400009F05AF8DAF8000049460022002308F0F5
:10D25000F1FA002800F00481396A38468847CDE0A9
:10D260000098B0F1FF3F07DCDDE90120039990470A
:10D270000098002800F1C280029E706910B1301D34
:10D2800007F0F4FB09F048F8DAF810100746884276
:10D290000DD30098CAF8107009283FD9AEE000BF3E
:10D2A0006860DAF8080021462D6107F01DFCDAF805
:10D2B0000800016841B3C068C568D0F800802C1D23
:10D2C000204607F0D3FB296A2846884795F82800AE
:10D2D0004007ECD5A86940444045E1D8DAF80000A1
:10D2E000002800F095800020CDE90408069509F09B
:10D2F00003F8DAF8000049460022002308F09AFA01
:10D300000028D4D184E000BFDAF80C10CAE902107A
:10D310000098CAF81070092800F27080DFE800F069
:10D320000606064448620606444800BF96F82800F0
:10D33000019A40F00101B06986F82810831831463F
:10D3400041F8043FBB42366106D997420AF1080012
:10D3500007D293420AD204E0BA1A824206D20AF1F4
:10D360000C00006807F0C0FB48E000BF316A30469F
:10D37000884796F82800400740D5DAF800000028D2
:10D380005AD00198B169069608440021CDE90410ED
:10D3900008F0B2FFDAF8000049460022002308F046
:10D3A00049FA58BB48E000BF96F8280022E000BFC9
:10D3B00096F8280040F00101019886F8281000280E
:10D3C000B06143D0384431460AF10C0241F8040FF1
:10D3D0003661B84288BF0AF10802106807F084FB82
:10D3E0000CE000BF96F82800810703D4304607F010
:10D3F00001FC03E000F0FE0086F82800DAF80000E7
:10D400005946002208F05EFC00287FF429AF73E63D
:10D410004FF0500080F31188BFF36F8FBFF34F8F31
:10D42000FEE700BF4FF0500080F31188BFF36F8F0D
:10D43000BFF34F8FFEE700BF4FF0500080F311881D
:10D44000BFF36F8FBFF34F8FFEE700BF4FF0500069
:10D4500080F31188BFF36F8FBFF34F8FFEE700BFDC
:10D460004FF0500080F31188BFF36F8FBFF34F8FE1
:10D47000FEE70000F0B581B0044607F07FFB94F9A9
:10D480004560012E0FDB04F1240500BF286850B170
:10D49000284609F063F8002818BF07F07FFDF0B2B6
:10D4A000013E0128F2D8FF2684F8456007F08AFB88
:10D4B00007F064FB94F94470012F0EDB04F11005B2
:10D4C000286850B1284609F049F8002818BF07F02D
:10D4D00065FDF8B2013F0128F2D884F8446001B03C
:10D4E000BDE8F04007F06EBBB0B5844630F8ECEF15
:10D4F00000254488AEEB0404B5EB144F18BF04F5C7
:10D500008074A4B2FC2C88BFB0BD090163F3420152
:10D510000CF1F00303F80E100EF101018DB2FF2D96
:10D5200088BF00218DB2022401315C55FE2D88BFD9
:10D530000021150A8CB201311D55FE2C88BF002137
:10D540008DB25A554A1CFE2D88BF0022DCF80C1003
:10D55000ACF8EC20BDE8B040FDF75AB870B5044611
:10D5600007F066FE40F2C01CC2F2000CDCF80400BA
:10D5700050B19CF80000002818BF4FF000404FF059
:10D5800000056CBB8BE000BF4AF67C70C2F2000065
:10D59000C21D22F0070210F00701A0EB020318BF22
:10D5A0001046002246F21035CCE90602002918BFC9
:10D5B0001D44411921F00701A1F10803CCF8043002
:10D5C00041E90222191AC0E9003101208CF800005B
:10D5D0004FF00040CCE90211002C4FF000055ED066
:10D5E00020405CD124F0070000F11002600708BF62
:10D5F00004F10802002A4FF0000550D0DCF80800C2
:10D6000082424CD8604650F818EFDEF8045095423C
:10D610002BD2DEF80010B9B174464D68954217D28E
:10D620000B68ABB15D68954216D21868A0B1456829
:10D63000954215D204689CB16568954214D2216860
:10D64000A6460029E9D110E00CF118000DE000BF5A
:10D650008E46204609E000BF9E46084605E000BF12
:10D660008646184601E000BFA646DCF804108E4549
:10D6700014D00168DEF80040AB1A112B04604DD3C2
:10D680000EEB0205680719D04FF0500080F31188A7
:10D69000BFF36F8FBFF34F8FFEE700BF002508F089
:10D6A00097FF68075BD04FF0500080F31188BFF3FD
:10D6B0006F8FBFF34F8F00BFFEE700BF0CF1180064
:10D6C0006B60CEF8042000BF0368AB420AD2186832
:10D6D000A8420BD20368AB4204D218681A46A8428B
:10D6E000F2D304E00246184601E000BF1A46536830
:10D6F0006C68D618AE4202D11C44154654602B19F2
:10D70000834207D1DCF80430984203D0D0E900030B
:10D7100023446B60AA42286018BF156001F1080518
:10D72000DEF80400DCE90212091A9142CCF8081074
:10D7300038BFCCF80C109CF80010002918BF40F03E
:10D740000040CEF80400DCF8100000210130CEF8D3
:10D750000010CCF8100008F03BFF6807A3D1284662
:10D7600070BD000040F20C10C2F20000016819B157
:10D7700001680A6D01320A650068704703464DF280
:10D78000A900C0F600004FF0807C21F0010103E900
:10D7900003106FF0020043F8240CA3F1440043F897
:10D7A000202C704770B516460D460446FEF762F908
:10D7B00021680446084629464FF0000266B1334608
:10D7C000FEF792F900281CBF4FF0FF3070BDFEF746
:10D7D00051F9001B70BD00BF4FF0FF33FEF784F915
:10D7E000FEF748F9001B70BD80B540F25C70C2F2D4
:10D7F000000000684FF0FF31FEF758FA012080BDAD
:10D8000040F25C70C2F200000068FEF7B5BA00009A
:10D81000F0B581B000F064F840F27C26C2F2000658
:10D82000716899B1044601E0716879B14868221ABB
:10D830000CD40A68D1E90275C6E901200A20FBF779
:10D8400033FC002FF0D02846B847EDE701B0F0BD1B
:10D8500080B50020FEF754FA40F25C71C2F200017C
:10D86000086080BDB0B504460846042100220025AA
:10D87000FEF77EF90146002808BF4FF0FF35284625
:10D880002160B0BD80B582B00068019101A900227D
:10D890000023FEF7B7F9002818BF4FF0FF3002B0A1
:10D8A00080BD00000068002818BF012070470000FC
:10D8B00000684FF0FF31FEF7F9B90000B0B504463B
:10D8C00000200025FEF71CFA0146002808BF4FF093
:10D8D000FF3528462160B0BD0068FEF74DBA000054
:10D8E000F4F708BE80B58AB094460C9A01900020E7
:10D8F000CDE90200CDE90400CDE90632CDE908000A
:10D9000001AA08466146FEF721FB0AB080BD00006F
:10D91000F0B581B014460646B0F1804F0D460CD3E9
:10D9200047F2263047F6A443C0F601002FA1C0F607
:10D93000010340F2291208F01DFFFFF7D1FF07464F
:10D940000A20FBF755FE48B3002140F27C2301601A
:10D95000C2F200035968BA1985604260C46081B39D
:10D960004F68D71B2CD40B6873B35F68D71B31D4B7
:10D970001968A9B34F68D71B33D40B6823B35F680A
:10D98000D71B27D4196859B34F68D71BB7F1FF3F8E
:10D990001F46E8DC0160386001B0F0BD47F2263078
:10D9A00047F6D84147F6A443C0F60100C0F601018E
:10D9B000C0F60103BE2201B0BDE8F04008F0DABEB7
:10D9C0000160586001B0F0BD0F4600210160386071
:10D9D00001B0F0BD0F4619460160386001B0F0BDDE
:10D9E00000211F460160386001B0F0BD54696D65CB
:10D9F0006F75742074696D6520746F6F206C6F6E25
:10DA0000672C206D6178206973204C5749505F5511
:10DA1000494E5433325F4D41582F34206D73656346
:10DA200073000000B0B547F2BC1548F27964C0F647
:10DA30000105C0F6000405F108024FF47A70214692
:10DA4000FFF766FF05F110024FF47A702146FFF7E9
:10DA50005FFF05F118024EF660202146FFF758FFE0
:10DA600005F120024FF4FA702146BDE8B040FFF7FF
:10DA70004FBF000010B540F27C24C2F20004606881
:10DA800040B1FFF72DFF61684968081A20EAE0708D
:10DA900010BD00BF4FF0FF3010BD000080B540F258
:10DAA0007C2CC2F2000CDCF804E0BEF1000F31D097
:10DAB00000230FE0DEF80030002B08BF80BD9A681D
:10DAC000824202D1DA688A4226D0D3F800E0BEF161
:10DAD000000F1FD0DEF80820824203D1DEF80C20B0
:10DAE0008A421DD0DEF80030A3B19A68824202D18A
:10DAF000DA688A4216D0D3F800E0BEF1000F09D0F0
:10DB0000DEF808208242D5D1DEF80C208A42D1D13D
:10DB1000714609E080BD00BF1946734604E000BFAE
:10DB2000714601E0194673460A68002B08BF0CF1E4
:10DB300004030A201A60BDE88040FBF7B5BA000074
:10DB40008AB040F2E82BC2F2000B0BF124040BF177
:10DB500020050DF11E0A05AF4FF0000904E000BFDB
:10DB60004FF4FA6007F0D0F920462946F3F758FA47
:10DB70000028F5D121A009F0A3FADBF82000F2F784
:10DB8000A3FD47F2083641EC100BC0F601065046E3
:10DB90000A2132468DED000B08F0FCFDDBF8240075
:10DBA000F2F792FD41EC100B38460A2132468DED1A
:10DBB000000B08F0EFFDDBF804805046F2F796FB0F
:10DBC00083B2404614A15246CDE90099CDF80890A1
:10DBD000CDF80C90FCF7AEFDDBF804603846F2F7A8
:10DBE00085FB83B2304613A13A46CDE90099CDF8C2
:10DBF0000890CDF80C90FCF79DFDB1E747657420C7
:10DC00004448543131204461746120737563636505
:10DC1000737366756C6C79004C6162382F44617364
:10DC200068626F6172642F54656D7065726174759E
:10DC3000726500004C6162382F44617368626F61E5
:10DC400072642F48756D6964697479008AB0F5F75C
:10DC500027FEFCF75DF8264940F2E826039124A14F
:10DC60000F1DD1E9045489698CCFCDE9075409917E
:10DC700047F68C5149F6E554C2F200060DF1100C3E
:10DC8000CBF621110DF10C094FF0000AC0F600048B
:10DC900002AD0FF2780870608CE88C00029109E008
:10DCA000B0684FF0FF3108F051F94FF47A7007F087
:10DCB0002BF97068FCF700F80028F1D1706829464C
:10DCC00040F25B722346CDF800A0CDF80490FBF73C
:10DCD0000BFD0028E9D007464046394608F04AFDCA
:10DCE00017F10A00E1D17068FCF796F9DDE700BF93
:10DCF000D27201080D730108ED72010814000000D2
:10DD0000DC720108C0720108000000004D5154543B
:10DD100020636F6E6E6563742072657475726E65D4
:10DD200064206572726F723A2025640D0A0000004B
:10DD300086B040F2E82440F2080BC2F20004C2F2BE
:10DD4000000B4FF0000805AD4FF030090DF1110741
:10DD50000FF2D40A40E000BF0022F4F7C5FB46F200
:10DD60004F60C0F26600059066682846F2F7BEFA7A
:10DD700083B2304627A12A46CDE90088CDF8088035
:10DD8000CDF80C80FCF7D6FC9BF80100CD22C1B287
:10DD90005143CA0A09EBD1218DF8111002EB82011F
:10DDA000A0EB410040F030008DF812006668384664
:10DDB0008DF81380F2F79AFA83B2304651463A460C
:10DDC000CDE90088CDF80880CDF80C80FCF7B2FCD6
:10DDD0004FF47A7007F098F89BF8010094ED090A67
:10DDE00001EE100AB8EE411AB4EE410A40F20040CA
:10DDF000C4F202004FF48041F1EE10FAACDB0122D4
:10DE0000F4F772FB46F64F608DF81680ADF81400FB
:10DE1000AAE700BF4C6162382F44617368626F618A
:10DE200072642F4C454400004C6162382F4461738A
:10DE300068626F6172642F5468726573686F6C6496
:10DE4000000000002DE9F04F85B0A8B30446007D26
:10DE50000D4601280DD147F2263047F20473C0F673
:10DE6000010074A1C0F6010340F2412208F082FCD7
:10DE7000207D0A2834D140F21030C2F20000103068
:10DE8000214602F057FE207D01280ED147F22630B0
:10DE900047F2796147F20473C0F60100C0F6010150
:10DEA000C0F60103D42208F065FC0120214605B02C
:10DEB000BDE8F04FFBF7F8B847F2263047F2EB61C8
:10DEC00047F20473C0F60100C0F60101C0F6010379
:10DED00040F23D2205B0BDE8F04F08F04BBC00BF5A
:10DEE0002169D4F82490D4F850A0D4F89080B4F8E4
:10DEF00016B0049170B140F21036C2F2000606F17D
:10DF00000C00214602F016FE01203070266F5EBB29
:10DF100037E000BFBBF1000F00F0848040F2103109
:10DF2000C2F2000151F8080FA04214D0A8B1C26893
:10DF30000146A2420ED082B1D0681146A04209D05B
:10DF400058B1C2680146A24204D032B1D06811462D
:10DF5000A042EBD10C31E06808600025E5604FF08D
:10DF6000000B266F6EB100BFD6E90070002818BF05
:10DF7000FEF7FCFB03203146FBF796F8002F3E46E8
:10DF8000F2D1E66E6EB100BFD6E90070002818BF6E
:10DF9000FEF7ECFB03203146FBF786F8002F3E46E8
:10DFA000F2D1666F6EB100BFD6E90070002818BFCD
:10DFB000FEF7DCFB03203146FBF776F8002F3E46E8
:10DFC000F2D155B1278B201DCDE9000B20465146DB
:10DFD0004A462346029704F095F9207D01280ED188
:10DFE00047F2263047F2796147F20473C0F6010028
:10DFF000C0F60101C0F60103D42208F0BBFB0120EA
:10E000002146FBF751F8B8F1000F07D004984246BB
:10E010006FF00C0105B0BDE8F04F104705B0BDE84A
:10E02000F08F00BF00254FF0000B266F002E9BD114
:10E03000A7E700BF646F6E27742063616C6C207467
:10E0400063705F61626F72742F7463705F6162618D
:10E050006E646F6E20666F72206C697374656E2DCE
:10E0600070636273000000000121FFF7EBBE000047
:10E07000F0B581B004460120FBF7BAFA40F2103641
:10E0800005460028C2F2000640F01181F76800BF83
:10E0900037B3798B3D46FF680807F9D5287D21F015
:10E0A00008010728698309D0042801D00328EFD18B
:10E0B000284604F0B3FA28B905200CE0284604F0FD
:10E0C000ADFA38B10130E3D1688B40F008006883C5
:10E0D000DEE700BF09202875284602F071F9D7E76E
:10E0E00033697BB371690022002000BF1D6ADF68BD
:10E0F0004D1B954228BF184607B3954288BF2A4654
:10E100003D6AFB684D1B954228BF3846B3B1954226
:10E1100088BF2A461D6ADF684D1B954228BF1846F6
:10E1200067B1954288BF2A463D6AFB684D1B954200
:10E1300028BF384688BF2A46002BD7D110B101210D
:10E14000FFF780FE0120FBF753FA0546002840F058
:10E15000AE80F368D3B371690022002002E000BFF3
:10E16000DB687BB31F7D092F06D11F6ACF1B974247
:10E1700028BF184688BF3A46DB681BB31F7D092FAE
:10E1800006D11F6ACF1B974228BF184688BF3A4660
:10E19000DB68BBB11F7D092F06D11F6ACF1B9742D9
:10E1A00028BF184688BF3A46DB685BB11F7D092F40
:10E1B000D6D11F6ACF1B974228BF184688BF3A4660
:10E1C000CEE700BF10B10021FFF73CFE0120FBF7B6
:10E1D0000FFA054600286AD1F368CBB371690022B3
:10E1E000002001E0DB687BB31F7D082F06D11F6A8A
:10E1F000CF1B974228BF184688BF3A46DB681BB33F
:10E200001F7D082F06D11F6ACF1B974228BF1846D3
:10E2100088BF3A46DB68BBB11F7D082F06D11F6A55
:10E22000CF1B974228BF184688BF3A46DB685BB1D0
:10E230001F7D082FD6D11F6ACF1B974228BF1846D3
:10E2400088BF3A46CEE700BF10B10021FFF7FAFDC4
:10E250000120FBF7CDF9054648BB7F2C204628BF9F
:10E260007F20F8B1F168E9B1D6F814C0451E00224C
:10E27000002007E0086AACEB000708463A461D4656
:10E28000C96859B14B7DEFB2BB42F3D3F8D10F6AE5
:10E29000ACEB07079742F0D2F2E700BF10B10121C3
:10E2A000FFF7D0FD0120FBF7A3F9054680B3284610
:10E2B0009C21F2F710F84FF48660A5F8640040F650
:10E2C0006000C0F66000A862FF20E8724FF0061000
:10E2D000C5F83E004FF6FF70C0F2182028630120F9
:10E2E000C0F23040A86470697178286241F6C95064
:10E2F000C0F60100C5F884004DF60050C0F26D0074
:10E300006C75A977C5F89400284601B0F0BD00BF30
:10E310000025284601B0F0BD002818BF01617047F4
:10E320002DE9F04F81B047F2B413C0F60103002984
:10E3300018BF0B4690B1017D21B347F2263047F25A
:10E340000473C0F601000FF27851C0F6010340F2E9
:10E35000AB2208F00FFAFA262DE000BF47F2263074
:10E3600047F20473C0F601000FF27C51C0F60103BE
:10E3700040F2A92208F0FEF9F02670B201B0BDE823
:10E38000F08F00BFE2B140F21037C2F200077968A7
:10E3900001E000BFC968002900F01681CE8A9642CC
:10E3A000F8D10D68002D00F00D821C68F826002CB5
:10E3B00018BFA542EED170B201B0BDE8F08F00BF2A
:10E3C00040F2103140F2140CC2F20001C2F2000C13
:10E3D000D1E901EABCF80020D1E90358BEF1000FF1
:10E3E0007CD0002D00F0108100264FF6FF7B43F615
:10E3F000FF7904E04E4506F1010680F059820132B2
:10E4000091B2594504BF4CF20002CFF6FF7271463B
:10E41000CF8A94B2A742EDD0C96879B1CF8AA7421A
:10E42000E8D0C96851B1CF8AA742E3D0C96829B101
:10E43000CF8AA742DED0C9680029E9D1BAF1000F1E
:10E4400015D05146CF8AA742D4D0C96879B1CF8AB6
:10E45000A742CFD0C96851B1CF8AA742CAD0C968F4
:10E4600029B1CF8AA742C5D0C9680029EAD1294677
:10E47000CF8AA742BED0C96879B1CF8AA742B9D0A6
:10E48000C96851B1CF8AA742B4D0C96829B1CF8A2F
:10E49000A742AFD0C9680029EAD1B8F1000F7CD0FB
:10E4A0004146CF8AA742A5D0C968002975D0CF8A36
:10E4B000A7423FF49FAFC96800296ED0CF8AA74218
:10E4C0003FF498AFC968002967D0CF8AA7423FF4CC
:10E4D00091AFC9680029E4D15FE000BF00274FF683
:10E4E000FF7943F6FE7E04E0774507F1010700F26D
:10E4F000DF81013291B2494504BF4CF20002CFF6F0
:10E50000FF72BAF1000F16D05146CE8A94B2A642DD
:10E51000EAD0C96879B1CE8AA642E5D0C96851B1BE
:10E52000CE8AA642E0D0C96829B1CE8AA642DBD005
:10E53000C9680029E9D1B5B12946CE8A94B2A6426C
:10E54000D2D0C96879B1CE8AA642CDD0C96851B1BE
:10E55000CE8AA642C8D0C96829B1CE8AA642C3D005
:10E56000C9680029E9D1B8F1000F16D04146CE8A1A
:10E5700094B2A642B8D0C96879B1CE8AA642B3D0C7
:10E58000C96851B1CE8AA642AED0C96829B1CE8A37
:10E59000A642A9D0C9680029E9D11104ACF800202D
:10E5A0002CD01968002918BF016040F21031C2F266
:10E5B0000001C282C0F80CA0886004F0DDFC0026D7
:10E5C00070B201B0BDE8F08FD7F808A0BAF1000F23
:10E5D00000F08080514602E0C96800297AD0CE8AD6
:10E5E0009642F9D10D68002D00F0EC801C68F826E9
:10E5F000002C18BFA5423FF4DEAEEDE7FE2670B258
:10E6000001B0BDE8F08F00BFBAF1000F78D0B8F1CB
:10E61000000F4FF6FF794FF0000400F0D98043F669
:10E62000FE7604E0B44204F1010400F241810132BB
:10E6300091B24945714604BF4CF20002CFF6FF7219
:10E64000CD8A97B2BD42EDD0C96879B1CD8ABD42BD
:10E65000E8D0C96851B1CD8ABD42E3D0C96829B1BB
:10E66000CD8ABD42DED0C9680029E9D15146CD8AA4
:10E67000BD42D7D0C96879B1CD8ABD42D2D0C96870
:10E6800051B1CD8ABD42CDD0C96829B1CD8ABD4234
:10E69000C8D0C9680029EAD14146CD8ABD42C1D05F
:10E6A000C96800293FF479AFCD8ABD42BAD0C968A4
:10E6B00000293FF472AFCD8ABD42B3D0C9680029AA
:10E6C0003FF46BAFCD8ABD42ACD0C9680029E4D11C
:10E6D00063E700BFFD68002D5ED0F82603E000BFB1
:10E6E000ED68002D58D0E98A9142F9D129680029B6
:10E6F00068D01C68002C18BFA1423FF45CAEEFE765
:10E7000000244FF6FF75B8F1000F00F0A58043F626
:10E71000FE7904E04C4504F1010400F2C9800132A5
:10E7200091B2A942714604BF4CF20002CFF6FF72CB
:10E73000CE8A97B2BE42EDD0C96879B1CE8ABE42C8
:10E74000E8D0C96851B1CE8ABE42E3D0C96829B1C8
:10E75000CE8ABE42DED0C9680029E9D14146CE8AC0
:10E76000BE42D7D0C96800293FF417AFCE8ABE4257
:10E77000D0D0C96800293FF410AFCE8ABE42C9D0BC
:10E78000C96800293FF409AFCE8ABE42C2D0C96829
:10E790000029E4D101E700BF3F69002F3FF401AF3A
:10E7A000F82603E0FF68002F3FF4FBAEF98A9142A0
:10E7B000F8D1396831B11D68002D18BFA9423FF466
:10E7C000FAADEFE7F82670B201B0BDE8F08F00BFF8
:10E7D00043F6FE7804E000BF444504F1010467D825
:10E7E000013291B24945714604BF4CF20002CFF6A6
:10E7F000FF72CE8A97B2BE42EED0C96879B1CE8A96
:10E80000BE42E9D0C96851B1CE8ABE42E4D0C968DF
:10E8100029B1CE8ABE42DFD0C9680029E9D151466C
:10E82000CE8ABE42D8D0C96800293FF4B6AECE8A9F
:10E83000BE42D1D0C96800293FF4AFAECE8ABE42F5
:10E84000CAD0C96800293FF4A8AECE8ABE42C3D060
:10E85000C9680029E4D1A0E643F6FE78013291B2FE
:10E86000A942714604BF4CF20002CFF6FF72CE8A75
:10E8700097B2BE4218D0C96800293FF48EAECE8A46
:10E88000BE4211D0C96800293FF487AECE8ABE428D
:10E890000AD0C96800293FF480AECE8ABE4203D0B8
:10E8A000C9680029E3D178E6444504F10104D5D9CB
:10E8B000ACF80020FE2670B201B0BDE8F08F00BFBA
:10E8C0007463705F62696E643A2063616E206F6E7C
:10E8D0006C792062696E6420696E2073746174655E
:10E8E00020434C4F534544007463705F62696E640B
:10E8F0003A20696E76616C69642070636200000082
:10E9000080B558B1017D012903D0418B41F0100140
:10E9100041830121BDE8804000F01CB847F2263059
:10E9200047F20473C0F6010004A1C0F601034FF4DE
:10E93000F47207F01FFF6FF00F0080BD7463705F0B
:10E94000636C6F73653A20696E76616C69642070E0
:10E9500063620000B0B584B0027D044651B1072A5D
:10E9600001D0042A06D1A06F00283BD1208DB0F53C
:10E97000066F37D1072A4FF0000000F229810FF20D
:10E980000601DFE812F009008700F5001301190104
:10E99000250125011F0100BFE08A002800F0308119
:10E9A00040F21031C2F200018868A04200F02281DA
:10E9B000A0B1C2680146A2420ED07AB1D068114619
:10E9C000A04209D050B1C2680146A24204D02AB187
:10E9D000D0681146A042EBD1E068C86004F10C0099
:10E9E0000CE100BF608BC0060CD447F2263047F222
:10E9F0000473C0F6010086A1C0F601034FF4B272A1
:10EA000007F0B8FEE08A626A216DB4F818C0231DD1
:10EA1000CDE9003020462346CDF808C003F072FC53
:10EA2000204602F01BF840F21030C2F2000002460D
:10EA300052F80C1FA14214D0A9B1CB680A46A342D8
:10EA40000ED083B1D9681A46A14209D059B1CB681A
:10EA50000A46A34204D033B1D9681A46A142EBD189
:10EA60000C32E16811600021E16040F26821C2F2DD
:10EA7000000109680122A142027005D0207D012811
:10EA800000F08480BCE000BF04F03CFB002004B038
:10EA9000B0BD00BF40F21030C2F200008268D2B1B7
:10EAA000002100BFD36FA34208BFD167D26892B1E3
:10EAB000D36FA34208BFD167D26862B1D36FA342BC
:10EAC00008BFD167D26832B1D36FA34208BFD16704
:10EAD000D268002AE6D1C268CAB10021D36FA3422E
:10EAE00008BFD167D26892B1D36FA34208BFD16784
:10EAF000D26862B1D36FA34208BFD167D26832B186
:10EB0000D36FA34208BFD167D268002AE6D1026959
:10EB1000CAB10021D36FA34208BFD167D26892B1B6
:10EB2000D36FA34208BFD167D26862B1D36FA3424B
:10EB300008BFD167D26832B1D36FA34208BFD16793
:10EB4000D268002AE6D10430214601F0F3FF207D8F
:10EB500001280BD147F2263047F20473C0F60100BA
:10EB600032A1C0F60103DF2207F004FE022048E0D4
:10EB700040F21035C2F2000505F10C00214601F00B
:10EB8000D9FF207D01210128297039D147F2263093
:10EB900047F2796147F20473C0F60100C0F6010143
:10EBA000C0F60103D42207F0E5FD29E0204603F07A
:10EBB00035FD58B9052016E0204603F02FFD28B991
:10EBC000052010E0204603F029FD58B1411C01D07A
:10EBD00004B0B0BD608B40F008006083002004B03A
:10EBE000B0BD00BF09202075204601F0E9FB0020E0
:10EBF00004B0B0BD204650F80C2F8A60002101609F
:10EC000001202146FAF750FA002004B0B0BD00BF41
:10EC10007063622D3E666C61677320262054465FE8
:10EC20005258434C4F534544000000007463705FDA
:10EC3000667265655F6C697374656E3A20214C4934
:10EC40005354454E000000002DE9F04F83B0B8B199
:10EC500021B30446007DA8B347F2263047F204737F
:10EC6000C0F601000FF2B451C0F601034FF4876201
:10EC700007F080FDF62040B203B0BDE8F08F00BF82
:10EC800047F2263047F20473C0F601000FF2D85164
:10EC9000C0F6010340F235420CE000BF47F22630D7
:10ECA00047F20473C0F601000FF2A051C0F6010351
:10ECB00040F2364207F05EFDF02040B203B0BDE8FE
:10ECC000F08F00BF0968204640F8041F01791D46F7
:10ECD0000029828200F0A0800846FCF721FD002870
:10ECE00000F09F80216809B941682160B4F816B02E
:10ECF00040F2140340F21036BBF1000FC2F20003E1
:10ED0000C2F2000640F0EA81D6E9018E1A88D6E9FF
:10ED10000391B8F1000F029100F08880B9F1000F63
:10ED200000F0E880CDF804B000274FF6FF7A43F6F4
:10ED3000FF7B04E05F4507F1010780F06382013249
:10ED400091B2514504BF4CF20002CFF6FF72434628
:10ED5000D98A1FFA82FC6145ECD0DB687BB1D98A85
:10ED60006145E7D0DB6853B1D98A6145E2D0DB6801
:10ED70002BB1D98A6145DDD0DB68002BE8D1BEF12B
:10ED8000000F15D07346D98A6145D3D0DB687BB1BB
:10ED9000D98A6145CED0DB6853B1D98A6145C9D0E3
:10EDA000DB682BB1D98A6145C4D0DB68002BEAD17E
:10EDB0004B46D98A6145BDD0DB687BB1D98A6145B4
:10EDC000B8D0DB6853B1D98A6145B3D0DB682BB1C9
:10EDD000D98A6145AED0DB68002BEAD1029BBBB17A
:10EDE000D98A6145A6D0DB6893B1D98A61453FF4E1
:10EDF000A1AFDB6863B1D98A61453FF49BAFDB68A3
:10EE000033B1D98A61453FF495AFDB68002BE7D178
:10EE1000DDF804B05AE100BFF9F78AFA00287FF460
:10EE200061AFFC2040B203B0BDE8F08FB0460023D4
:10EE30004FF6FF7A43F6FE7C05E000BF634503F121
:10EE4000010300F2DF81013296B2564504BF4CF255
:10EE50000002CFF6FF72BEF1000F16D07646F18A9F
:10EE600097B2B942EAD0F6687EB1F18AB942E5D0EC
:10EE7000F66856B1F18AB942E0D0F6682EB1F18A4F
:10EE8000B942DBD0F668002EE9D1B9F1000F16D0F7
:10EE90004E46F18A97B2B942D0D0F6687EB1F18A77
:10EEA000B942CBD0F66856B1F18AB942C6D0F668FD
:10EEB0002EB1F18AB942C1D0F668002EE9D1029E86
:10EEC000AEB1F18A97B2B942B8D0F6687EB1F18A94
:10EED000B942B3D0F66856B1F18AB942AED0F668FD
:10EEE0002EB1F18AB942A9D0F668002EE9D1464682
:10EEF000ECE000BFBEF1000F60D000294FF6FF7CB0
:10EF000000F0A280002743F6FE7A04E0574507F19F
:10EF1000010700F27781013291B24346614504BF97
:10EF20004CF20002CFF6FF72DE8A91B28E42EDD033
:10EF3000DB687BB1DE8A8E42E8D0DB6853B1DE8AC3
:10EF40008E42E3D0DB682BB1DE8A8E42DED0DB68F6
:10EF5000002BE9D17346DE8A8E42D7D0DB687BB1C5
:10EF6000DE8A8E42D2D0DB6853B1DE8A8E42CDD0AB
:10EF7000DB682BB1DE8A8E42C8D0DB68002BEAD179
:10EF8000029BDE8A8E42C1D0DB68002B00F09A80A3
:10EF9000DE8A8E42BAD0DB68002B00F09380DE8AD6
:10EFA0008E42B3D0DB68002B00F08C80DE8A8E426C
:10EFB000ACD0DB68002BE4D184E000BFB14600296F
:10EFC00000F0F08000214FF6FF7E43F6FE7C04E067
:10EFD000614501F1010100F21581013293B27345DF
:10EFE000434604BF4CF20002CFF6FF72DF8A96B2AE
:10EFF000B742EDD0DB687BB1DF8AB742E8D0DB688F
:10F0000053B1DF8AB742E3D0DB682BB1DF8AB74266
:10F01000DED0DB68002BE9D1029BDF8AB742D7D074
:10F02000DB687BB1DF8AB742D2D0DB6853B1DF8ABD
:10F03000B742CDD0DB682BB1DF8AB742C8D0DB68DE
:10F04000002BEAD14E4641E0002143F6FE7904E070
:10F05000494501F1010100F2D580013296B26645C1
:10F06000464604BF4CF20002CFF6FF72F38A97B215
:10F07000BB42EDD0F6687EB1F38ABB42E8D0F668B9
:10F0800056B1F38ABB42E3D0F6682EB1F38ABB4295
:10F09000DED0F668002EE9D17646F38ABB42D7D09F
:10F0A000F6687EB1F38ABB42D2D0F66856B1F38AD5
:10F0B000BB42CDD0F6682EB1F38ABB42C8D0F66809
:10F0C000002EEAD140F21036C2F2000640F21403DC
:10F0D000C2F2000311041A80E2825DD071695A689D
:10F0E00011445960216501396164C4E9161140F683
:10F0F00060010022C0F66001C4E90921018DE262CD
:10F100004FF406624FF40670A4F8602039B128224B
:10F11000D1FA52F189B2B1F5067F38BF0846608650
:10F120000120A4F8480020460221C4F88850022596
:10F1300000F08EF900287FF49EADBBF1000F25751D
:10F140001BD0314651F8080FA04214D0A8B1C268B4
:10F150000146A2420ED082B1D0681146A04209D029
:10F1600058B1C2680146A24204D032B1D0681146FB
:10F17000A042EBD10C31E0680860F068E060F46018
:10F1800003F0FAFE01203070204601F019F900204A
:10F1900040B203B0BDE8F08FFE2040B203B0BDE83E
:10F1A000F08F00BF00214FF6FF7E43F6FE7C013258
:10F1B00093B27345434604BF4CF20002CFF6FF7290
:10F1C000DF8A96B2B74219D0DB68002B3FF43AAF22
:10F1D000DF8AB74212D0DB68002B3FF433AFDF8AFF
:10F1E000B7420BD0DB68002B3FF42CAFDF8AB7426D
:10F1F00004D0DB68002BE3D124E700BF614501F1B7
:10F200000101D4D940F21400C2F2000002800020B3
:10F21000E082FE2040B203B0BDE8F08F7463705FFF
:10F22000636F6E6E6563743A2063616E206F6E6CFF
:10F230007920636F6E6E6563742066726F6D2073E4
:10F240007461746520434C4F534544007463705F90
:10F25000636F6E6E6563743A20696E76616C696483
:10F2600020697061646472007463705F636F6E6EB6
:10F270006563743A20696E76616C696420706362BC
:10F28000000000002DE9F04381B099469046074602
:10F290000C4668B3D4B30320FAF7AAF9002846D085
:10F2A00006460898042101EA8005B07220890021F1
:10F2B000A842316074600CD247F2263047F6193309
:10F2C000C0F6010040A1C0F60103B02207F052FAD7
:10F2D0002089401B308120461421FCF78FFE78B333
:10F2E000304603F0D1F80026304601B0BDE8F08387
:10F2F00047F2263047F61933C0F6010021A1C0F6C7
:10F300000103A32207F036FA002CC4D147F22630BD
:10F3100047F61933C0F6010022A1C0F60103A4226A
:10F3200007F028FA0320FAF763F90028B8D120463D
:10F33000FDF71CFA0026304601B0BDE8F08300BF9F
:10F3400070684168F88AF160F9F754FAF268398B0D
:10F3500010800846F9F74EFAF16848804846F9F7F8
:10F3600047FAF1684860052000EB950048EA003054
:10F37000F9F740FAF168888100204882304601B0F0
:10F38000BDE8F0837463705F6372656174655F7379
:10F3900065676D656E743A20696E76616C6964208C
:10F3A000706362007463705F6372656174655F733C
:10F3B00065676D656E743A20696E76616C6964206C
:10F3C0007062756600000000702D3E746F745F6C93
:10F3D000656E203E3D206F70746C656E000000000D
:10F3E000B0B50D4604461AB18DB92046B0BD00BF78
:10F3F00047F2263047F20473C0F601000AA1C0F6B6
:10F40000010340F6C50207F0B5F9002DEDD0288DB7
:10F410000028EAD02821D0FA51F080B2844228BFD7
:10F4200004462046B0BD00BF7463705F6566665FCA
:10F4300073656E645F6D73735F6E657469663A20A1
:10F44000696E76616C6964206473745F6970000032
:10F450002DE9F04182B00D4611F00308044600F09A
:10F460008F80002C00F09F8005F0020047003620BE
:10F4700039464FF42072FCF7F7FD002876D0064697
:10F480004089B842C5F340070CD247F2263047F610
:10F490001933C0F601005EA1C0F6010340F23A4202
:10F4A00007F068F9E36D204631462A460097FFF7DA
:10F4B000E9FE00285AD00646007B80070CD047F2B0
:10F4C000263047F61933C0F6010060A1C0F60103EB
:10F4D00040F2424207F04EF9308978B147F22630C7
:10F4E00047F6244147F61933C0F60100C0F6010182
:10F4F000C0F6010340F2434207F03CF9274657F8B3
:10F500006C0F394668B100BF026801464AB1106805
:10F51000114630B1026801461AB110681146002840
:10F52000F2D10020B8F1000F0E60A4F8680009D0F5
:10F53000E06DE90700F10100E06503D0608B40F069
:10F54000200060837068FCF779FFB4F86610084407
:10F550000104A4F8660003D0206F08B9386888B3A6
:10F56000002040B202B0BDE8F08100BF608B40F0E7
:10F5700080006083FF2040B202B0BDE8F08100BF90
:10F5800047F2263047F6172147F61933C0F6010037
:10F59000C0F60101C0F6010340F2124207F0EAF89A
:10F5A000002C7FF461AF47F2263047F61933C0F6DE
:10F5B00001000FA1C0F6010340F2134207F0DAF890
:10F5C00052E700BF47F2263047F6FC3147F61933C1
:10F5D000C0F60100C0F60101C0F6010340F2664228
:10F5E00007F0C8F8002040B202B0BDE8F08100BFCB
:10F5F0007463705F656E71756575655F666C616774
:10F60000733A20696E76616C6964207063620000F1
:10F610007463705F656E71756575655F666C616753
:10F62000733A20636865636B20746861742066694F
:10F6300072737420706275662063616E20686F6CEF
:10F6400064206F70746C656E000000007365672D38
:10F650003E746370686472206E6F7420616C6967B9
:10F660006E656400002808BF7047B0B50446007D91
:10F670000D4601280CD147F2263047F20473C0F63C
:10F68000010006A1C0F6010340F60D0207F072F872
:10F69000C4F89050BDE8B040704700BF696E766115
:10F6A0006C696420736F636B657420737461746537
:10F6B00020666F72206572722063616C6C62616398
:10F6C0006B0000002DE9F04740F21039C2F200094A
:10F6D00099F80100D9F80C400130002C89F801009C
:10F6E00000F07E804FF0000806E000BFD9F80C4023
:10F6F000002C08BFBDE8F087A07F99F80110884270
:10F7000002D1E76868E000BF608BA177C20709D02B
:10F7100040F002006083204600F052FE608B20F033
:10F7200003006083010721D5217D20F0080007290F
:10F73000608309D0042901D0032917D1204602F0A3
:10F740006DFF28B905200CE0204602F067FF38B1B4
:10F7500001300BD1608B40F00800608306E000BFF1
:10F7600009202075204600F02BFE00BFA56FE7683A
:10F7700095B3D4F8846095F80DA089F80080C4F89A
:10F7800078805EB1206921462A460023B04710F1F7
:10F790000D011BD0C0B240B1A56717E029892046F2
:10F7A00002F050FB2846FCF7E1FF5FEA8A600DD5C6
:10F7B000208DB0F5066F1CBF01302085D4F8846021
:10F7C00026B12069214600220023B04799F80000A5
:10F7D00000287FF48BAF00BF002F3C467FF48CAF36
:10F7E000BDE8F08710B50446007D01280ED147F230
:10F7F000263047F2796147F20473C0F60100C0F683
:10F800000101C0F60103D42206F0B4FF0120214615
:10F81000BDE81040F9F748BC2DE9F04F81B0002950
:10F8200000F0988040F2482B47F2263847F6F4095A
:10F8300047F6B41A0C460546C2F2000BC0F60108A2
:10F84000C0F60109C0F6010A7AB938E0C81BBBF856
:10F8500008102289A5F866005018ABF80800204669
:10F8600002F012FE002E344674D0E0684068F8F7CB
:10F87000BFFFE1682689898907460846F8F7BAFF7D
:10F88000DBF81810BA19511A800718BF0131002986
:10F890005BDCD4E90060FCF7D1FDB5F866100746E3
:10F8A0008142D3D24046494640F25742534606F081
:10F8B00061FFB5F86610C9E7002E34464AD0E0680B
:10F8C0004068F8F795FFE168268989890746084668
:10F8D000F8F790FFDBF81810BA19511A800718BF13
:10F8E0000131002931DCD4E90060FCF7A7FDB5F84F
:10F8F00066100746814208D24046494640F25742C8
:10F90000534606F037FFB5F86610C81BBBF8081061
:10F910002289A5F866005018ABF80800204602F0CE
:10F92000B3FDB5F866000028C6D0002EC4D147F25A
:10F93000263047F6B413C0F6010009A1C0F6010352
:10F9400040F2624206F016FF0024204601B0BDE8F6
:10F95000F08F00BF0024204601B0BDE8F08F00BF4B
:10F960007463705F726563656976653A2076616C71
:10F970006964207175657565206C656E67746800D3
:10F9800070B5456F002D08BF70BD0446D5E9006015
:10F99000002818BFFCF7EAFE03202946F9F784FB8C
:10F9A000002E3546F2D10020606770BD80B5F0F7BB
:10F9B00059FC40F2140140F44040C2F200010880BA
:10F9C00080BD00002DE9F04F83B0044660B947F2D6
:10F9D000263047F6B413C0F601000FF23C51C0F6D2
:10F9E0000103832206F0C6FE6189606840F2482662
:10F9F000C2F200061429F0600AD340F2407AC2F243
:10FA0000000ADAF80010DAF81400F7F79FFE28B1C0
:10FA1000204603B0BDE8F04FFCF7A8BEDAF81400AA
:10FA200000F0F000E028F3D0F0688089F8F7E2FEFB
:10FA30003C2101EA90211429EAD320898142E7D8A8
:10FA40006289A1F1140000238A427080336149D297
:10FA5000206860B947F2263047F6B413C0F60100BB
:10FA60000FF2CC41C0F60103C22206F083FE20460D
:10FA70001421FDF7ABF861897088B180471A2046E0
:10FA8000BDB2FDF7A3F8206841898D42C0D8416816
:10FA900031612946FDF79AF820896189C01B2081D0
:10FAA00069B147F2263047F6B413C0F601000FF2F1
:10FAB0009041C0F60103DF2206F05CFE2089216838
:10FAC00080B20989884211D047F2263047F6B41334
:10FAD000C0F601000FF27441C0F60103E02206F007
:10FAE00049FE03E0B0802046FDF770F8F06800881A
:10FAF000F8F780FEF268518810800846F8F77AFE21
:10FB0000F268516850800846F8F772FEF168486064
:10FB100070618868F8F76CFEF1688860C989B06127
:10FB20000846F8F767FEF2689189D0810846F8F731
:10FB300061FE00F03F01317021898007F18005D01E
:10FB4000481C81B28142F0807FF462AF40F21C30E9
:10FB5000C2F200000068002800F0B48047F2263BA3
:10FB600047F6B41747F636180025C0F6010BC0F665
:10FB70000107C0F6010803E0E868002800F0A28051
:10FB8000A9460546007D38B10A280FD0012819D0B2
:10FB9000287AF8B926E000BF58460FF2D031FB2290
:10FBA0003B4606F0E7FD287D0A28EFD147F65D11B8
:10FBB0005846C0F60101FC223B4606F0DBFD287DDD
:10FBC0000128E5D158464146FD223B4606F0D2FDCC
:10FBD000287A38B1DAF8041091F834100131C9B23A
:10FBE0008842C9D1F068298B02889142C4D1E98A40
:10FBF00040888142C0D16868DAF810108842BBD1D1
:10FC00002868DAF814108842B6D1E868A8420FD103
:10FC100047F2263047F69F0147F6B413C0F60100BD
:10FC2000C0F60101C0F6010340F20D1206F0A2FD7C
:10FC3000E868B9F1000F08D040F21C31C2F20001AF
:10FC4000C9F80C0008680D60E860A8420FD147F2BF
:10FC5000263047F6CA0147F6B413C0F60100C0F6D5
:10FC60000101C0F6010340F2151206F083FD21895F
:10FC70000020B185F168706231633178B4620907A0
:10FC8000F0617070308103D5607B40F001006073DB
:10FC9000A86F002800F0B080284601F04BFB0D3023
:10FCA00007D0A86F002800F0A780F088002800F097
:10FCB000A380688D002840F0EA80284602F008FC06
:10FCC000E5E000BF40F22030C2F200000568002DE0
:10FCD0003ED047F2263847F6871947F6B417C0F6E4
:10FCE0000108C0F60109C0F6010701E0ED687DB327
:10FCF000287D0A2806D04046494640F21F123B465E
:10FD000006F038FD287A38B1DAF8041091F834108A
:10FD10000131C9B28842E9D1F068298B0288914249
:10FD2000E4D1E98A40888142E0D16868DAF81010AD
:10FD30008842DBD12868DAF814108842D6D12846E8
:10FD400003F08AF9204603B0BDE8F04FFCF70EBD82
:10FD500040F2143CC2F2000CDCF800E0BEF1000FEF
:10FD60002CD0DAF80470DAF81480F36800207246B8
:10FD700002E000BFC26812B301461046127A2AB1EF
:10FD800097F834500135EDB2AA42F3D1C28A5D88AA
:10FD9000AA42EFD10268002A18BF4245EAD129B130
:10FDA000C268CCF80000CA60C0F80CE000F0AEF900
:10FDB000204603B0BDE8F04FFCF7D8BCF368988943
:10FDC000F8F718FD40073FF523AEF068D6E90521A6
:10FDD000F388478806880AF110001A44CDE9000725
:10FDE0000AF114030020029602F08CFA204603B0B8
:10FDF000BDE8F04FFCF7BABC2846356200F0ACFF16
:10FE00000D3044D07078000730D432894AB1D5F82B
:10FE1000803023B12869294698470D3037D000201B
:10FE20003081284600F0B6F888BBF06900284DD034
:10FE3000A86F78B147F2263047F61C1147F6B41385
:10FE4000C0F60100C0F60101C0F601034FF4F372E1
:10FE500006F090FC688BC00624D4D5F884704FB3AC
:10FE60002869F26929460023B84729E0D5F890208F
:10FE70001AB128696FF00D01904740F21C30C2F2B0
:10FE80000000294600F056FE2846FFF7ABFCB06A9A
:10FE90000024F461346210B1FCF768FCB46203B072
:10FEA000BDE8F08FF069FCF761FC2846FEF7DCF84E
:10FEB000EDE700BFF26900202946002301F084FF2E
:10FEC00020B1C0B2F328E2D0F069A867707880064C
:10FED00005D5A86F70B1417B41F02001417300202E
:10FEE0003062284600F056F80028D0D1284600F0AD
:10FEF00067FACCE7288DB0F5066F1CBF0130288566
:10FF0000D5F88470002FEAD0286929460022002302
:10FF1000B8470D30BBD0E2E77463705F696E7075EF
:10FF2000743A20696E76616C69642070627566004F
:10FF3000702D3E6E65787420213D204E554C4C004E
:10FF4000702D3E6C656E203D3D203000702D3E745E
:10FF50006F745F6C656E203D3D20702D3E6E657840
:10FF6000742D3E746F745F6C656E00007463705F17
:10FF7000696E7075743A2061637469766520706388
:10FF8000622D3E737461746520213D20434C4F53B4
:10FF90004544000010B540F24821C2F20001497802
:10FFA000C9065CBF002010BD0446408BC00606D4C5
:10FFB000D4F890201AB120696FF00E01904740F2FA
:10FFC0001C30C2F20000214600F0B4FD2046FFF7CD
:10FFD00009FC012010BD00002DE9F04184B0044669
:10FFE00010B3206D0138F8F703FC616A278BE38AB0
:10FFF000668D02461020CDE9007008460021029669
:020000040801F1
:1000000000F0EEFB002851D00546606A618D271D87
:100010000144207AE16200284ED0FBF781FB0646BE
:1000200000284ED1FC2458E047F2263547F6193611
:10003000C0F60105C0F601062DA1284640F62402AF
:10004000334606F097FB502000680138F8F7D0FBE4
:1000500047F6D1210746C0F60101284640F2427218
:10006000334606F087FB16210B8818214FF0240831
:1000700009882A26D8F8000035881022CDE9001218
:1000800000213A46029500F0ABFB78B10546D8F85E
:1000900000003188042708442C2108600420F8F768
:1000A00047F908B306460020FF230CE0FF2460B2A6
:1000B00004B0BDE8F08100BF3846F8F739F90646CC
:1000C000A0B1A07AE37A0621CDE9000128462146B5
:1000D0003A460296F7F772FD04462846FCF746FBBF
:1000E00060B204B0BDE8F081FC24F6E7FC24F4E73C
:1000F0007463705F6B656570616C6976653A2069E1
:100100006E76616C6964207063620000F0B583B044
:1001100040F24827C2F2000739784A0704D405465E
:10012000C80603D4880719D403B0F0BDF868D7E92E
:100130000521FB884788068840F24070C2F2000023
:100140001A4400F11003CDE9003700F114032846EA
:10015000029602F0D7F803B0F0BD00BF687DFDF74E
:1001600087FF002856D0044640F24070C2F20000DB
:10017000D0E90401264646F8040FF8682160E98AB0
:100180000088E1827969208303202075481C606221
:10019000E062204600F0A4F8796960640139C4E99E
:1001A0001401A065E065687A296900F00C006072AE
:1001B00040F21C30C2F200002161297A0268E56732
:1001C0002172E260046002F0D7FE40F21030C2F209
:1001D000000001210170204600F05CFBF868658E8C
:1001E000C089A4F86000A4F862003046F8F7A0F8CF
:1001F000014628463246FFF7F3F860862046122172
:10020000FFF726F990B12046002103B0BDE8F04089
:10021000FDF718BEAB69002B86D0286900214FF08E
:10022000FF3203B0BDE8F040184700BF204603B0DE
:10023000BDE8F04000F0C4B8F0B581B088B3044622
:10024000006870B340F21036C2F20006F0680D4646
:1002500068BBB068B8BB25B3286810B3706800B33A
:1002600001682268914204BF29680160C068C0B17A
:1002700001682268914204BF29680160C06880B1AA
:1002800001682268914204BF29680160C06840B1DA
:1002900001682268914204BF29680160C068002893
:1002A000DED101B0F0BD00BF002F3846D1D02168AB
:1002B0000268C7688A42F7D10121FDF7C3FDF3E761
:1002C000002F3846C7D021680268C7688A42F7D134
:1002D0000121FDF7B7FDF3E74020FDF7C9BE00009F
:1002E00080B560B947F2263047F20473C0F60100CA
:1002F00009A1C0F6010340F6AF0206F03BFA40F256
:10030000103040F21401C2F20000C2F20001406954
:100310004A681044486080BD7463705F6E6578748D
:100320005F6973733A20696E76616C6964207063EB
:1003300062000000F0B581B00446C0680D468089B7
:10034000F8F758FAC00723D155B340F24827C2F254
:10035000000705E02E68284602F096F83546FEB103
:10036000EA687869238951682E8903440E449E1BEC
:100370001AD49089F8F73EFAC007EBD0E068868976
:100380000120F8F737FAE16830438881E2E700BFDF
:10039000284602F089F80025256001B0F0BD00BFB5
:1003A0000025256001B0F0BD5A1A012AF4DB091AB4
:1003B0006068218189B2FCF75BFB256001B0F0BD6C
:1003C0002DE9F04F85B00446002851D0207D01284A
:1003D0000DD147F2263047F61933C0F601000FF26F
:1003E000AC31C0F6010340F2E44206F0C3F940F23A
:1003F0006820C2F200000068A0424BD0B4F8600050
:10040000B4F84880E66E404538BF804636B3207A5F
:10041000271D002844D0FBF783F90546002845D066
:10042000206808B968682060F0684068F8F7E0F96B
:10043000616C3289401A104440453DD9B4F86000DF
:1004400080450BD1206F48B994F8990030B94FF42A
:100450008070A4F89800002084F89A00608B8007D0
:1004600040F17781204605B0BDE8F04F02F030B88A
:1004700047F2263047F61933C0F60100BDA1C0F699
:10048000010340F2E14206F075F9207D0128A0D079
:10049000ADE700BF002040B205B0BDE8F08F00BF5F
:1004A0003846F7F745FF05460028B9D1FC2040B291
:1004B00005B0BDE8F08F00BFA2465AF8700F0021CA
:1004C00004958AF8291068B101688346A9B10868C3
:1004D0008B4690B10168834679B108688B46002845
:1004E000F2D10AE04FF0000B07E000BF304601F008
:1004F000CBFFE66E002E00F02981F0684068F8F727
:1005000077F9616C3289401A1044404500F21C8131
:10051000F0688089F8F76EF940070CD547F226306D
:1005200047F61933C0F60100A2A140F23752C0F6D7
:10053000010306F01FF9DAF8000020B1608B10F01B
:10054000440F00F0BD80207D022807D0F068858927
:100550001020F8F74FF9F168284388817068807B94
:10056000012867D1606AF8F743F9F268618D9060FD
:100570000846F8F73FF9F568618DE881606AB27A5C
:100580000844D107E06201D114350BE004994FF41F
:1005900006703A46FEF724FF00F10170F8F728F9DB
:1005A00068611835B4F93000B946B0F1FF3FDCBFDF
:1005B00000202086606B50B9F06840F22431C2F20E
:1005C0000001096840686163F8F712F9A063706878
:1005D000F1684268438907898A1A9B1ABA1A02810C
:1005E000B27A438102F0010201EB82021432954299
:1005F0004FF0000241600A820DD047F2263047F6E4
:100600001933C0F6010071A140F21C62C0F601036B
:1006100006F0B0F87068A17AE37A009106210191A2
:10062000049D21464A464F460295F7F7C7FA00282F
:1006300040F09880207D31680228E16603D0608B0D
:1006400020F003006083F0684068F8F7D1F8F168A3
:100650003589898981460846F8F7CCF88007206DEE
:1006600009EB050118BF0131401AB0F1FF3FD8BFB7
:100670002165F06835898089F8F7BCF810F003002F
:1006800018BF4FF0FF3085423FF430AFDAF800007A
:1006900000284FF0000030602CD0F0684068F8F778
:1006A000A7F8DBF80C10054649680846F8F7A0F8EB
:1006B000281AB0F1FF3F21DDCBF80060B34618E700
:1006C000E16E41B10A68002A7FF43DAF0989628E6C
:1006D0009142BFF438AFB4F8641000293FF433AF4F
:1006E000B4F8661008293FF62EAF10F0A0007FF492
:1006F0002AAF29E0CAF80060B346FAE6DAF800103B
:10070000C1B1B946574600BFC8684068F8F770F8ED
:10071000F168054649680846F8F76AF8291A386802
:10072000B1F1FF3F0ADC016807460029ECD1002146
:1007300006E000BF0021504603E000BF01463846F6
:100740004F4631600660D4E6E06E10B90020A4F890
:100750006800608B20F080006083002040B205B00C
:10076000BDE8F08F618B41F08001618340B205B03C
:10077000BDE8F08F7463705F6F75747075743A20A4
:10078000696E76616C69642070636200646F6E27C5
:10079000742063616C6C207463705F6F7574707526
:1007A0007420666F72206C697374656E2D7063625D
:1007B00073000000525354206E6F7420657870658A
:1007C0006374656420686572652100006F707469E8
:1007D0006F6E73206E6F742066696C6C65640000C8
:1007E0002DE9F04F81B0834601F11400164681B225
:1007F00022204FF420721F46FBF736FC044660B3FC
:100800006089DDE90BA8DDF8289013280CD847F2A1
:10081000263047F61933C0F6010012A1C0F60103D5
:1008200040F2247205F0A6FF65683846F7F7E2FF4C
:1008300028804846F7F7DEFF688058466E60F7F775
:10084000D7FFA8600AF5A040F7F7D4FFA88140467B
:10085000F7F7D0FFE88100202861204601B0BDE80D
:10086000F08F00BF636865636B20746861742066F5
:100870006972737420706275662063616E20686FA0
:100880006C6420737472756374207463705F686441
:1008900072000000F0B540F24821C2F20001B1F848
:1008A00002C0BCF1000F71D0D1E903628B8806F160
:1008B000140E0021022403E029468DB2654565D25D
:1008C0008DB21EFA81F69D423546A1EB030728BF83
:1008D00052FA87F5002A08BF35462E784D1C012EA6
:1008E000EAD0022E14D0002E50D0AEB21EFA85F7F8
:1008F0009E423E46A5EB030528BF52FA85F6002A24
:1009000008BF3E463578022D40D32944D5E700BFC5
:10091000AEB21EFA85F79E423E46A5EB030528BF00
:1009200052FA85F6002A08BF3E463578042D2DD1AF
:100930008D1C14FA85F6664588BFF0BDAEB201F194
:1009400003058AB1F71A52FA87F738BF0EEB06078C
:100950003E780431AFB236029F4226BFED1A52FAFA
:1009600085F51EFA85F505E01EF8066004313602AD
:100970001EFA85F52D783543A5F2192616F5067F62
:1009800038BF4FF40675458697E700BFF0BD0000FD
:10099000F0B581B01C4617460D46064623B1BD4250
:1009A000294610D326E000BF47F2263047F6193318
:1009B000C0F6010020A1C0F60103E82205F0DAFE2E
:1009C000BD42294616D2079880070BD40698418B62
:1009D000490629460ED4089921B1C16E11B9006F9C
:1009E000294638B105F21B2020F00300B84238BF79
:1009F0000746394689B230464FF42072FBF734FB84
:100A00000646B0B1306878B147F2263047F6CA31B1
:100A100047F61933C0F60100C0F60101C0F6010324
:100A200040F20B1205F0A6FE7089401B2080358134
:100A30007581304601B0F0BD7463705F7062756699
:100A40005F707265616C6C6F633A20696E76616C81
:100A50006964206F76657273697A650000284DD0ED
:100A600070B50446007D0A2807D8012101FA00F07C
:100A700040F20341084218BF70BDA06F18B1FBF7E8
:100A800075FE0020A067656F7DB100BFD5E90060ED
:100A9000002818BFFBF76AFE03202946F8F704FB7D
:100AA000002E3546F2D100206067E56E4FF6FF70EC
:100AB000208665B1D5E90060002818BFFBF756FE17
:100AC00003202946F8F7F0FA002E3546F2D1256FBB
:100AD0006DB100BFD5E90060002818BFFBF746FEE6
:100AE00003202946F8F7E0FA002E3546F2D100201F
:100AF000C4E91B00A4F8680070BD00BF47F22630AF
:100B000047F20473C0F6010003A1C0F6010340F6EA
:100B1000510205F02FBE00BF7463705F7063625FA7
:100B200070757267653A20696E76616C69642070D1
:100B300063620000B0B50C46054629B19DB1286836
:100B4000A04221D136E000BF47F2263047F20473BD
:100B5000C0F601003CA1C0F6010340F6830205F097
:100B600009FE002DEBD147F2263047F20473C0F6A0
:100B700001003CA1C0F6010340F6840205F0FAFD35
:100B80002868A04216D000BFB0B1C2680146A24298
:100B90000ED08AB1D0681146A04209D060B1C268B7
:100BA0000146A24204D03AB1D0681146A042EBD12E
:100BB00001F10C05E06828600020E0602046FFF7A6
:100BC0004DFF207D01280BD00A2809D0608BC1077A
:100BD00008D040F0020060832046FFF7F1FB207D43
:100BE00001282CD0E06E60B147F2263047F2047342
:100BF000C0F6010023A1C0F6010340F6930205F000
:100C0000B9FD206F60B147F2263047F20473C0F699
:100C1000010022A1C0F6010340F6940205F0AAFDEE
:100C2000606F60B147F2263047F20473C0F60100EE
:100C300021A1C0F6010340F6960205F09BFD0020BD
:100C40002075E082B0BD00BF7463705F7063625F47
:100C500072656D6F76653A20696E76616C696420A5
:100C6000706362007463705F7063625F72656D6F62
:100C700076653A20696E76616C6964207063626C97
:100C800069737400756E73656E74207365676D6546
:100C90006E7473206C65616B696E6700756E61635D
:100CA0006B6564207365676D656E7473206C656138
:100CB0006B696E67000000006F6F7365712073656C
:100CC000676D656E7473206C65616B696E6700009B
:100CD000C0B170B50546007D14460E4601280CD102
:100CE00047F2263047F20473C0F601000CA1C0F6AB
:100CF000010340F63E0205F03DFDC5F88C606C77BF
:100D000070BD00BF47F2263047F20473C0F6010001
:100D10000BA1C0F6010340F63D0205F02BBD00BF5C
:100D2000696E76616C696420736F636B65742073A0
:100D30007461746520666F7220706F6C6C000000C7
:100D40007463705F706F6C6C3A20696E76616C6969
:100D500064207063620000002DE9F04184B040F22D
:100D60004828C2F2000898F800700446790733D486
:100D700017F0020504D0207D00F0FE00022866D1A5
:100D8000608BC00605D440F22430C2F20000006837
:100D9000206200262046A4F89A60FFF77BFD207DA4
:100DA0000238072813D8DFE810F07B00EB000900B9
:100DB0005B001D0109005F01FF0000BF204600F03D
:100DC0001FFB98F80100800600F12882002670B20F
:100DD00004B0BDE8F08100BF217D02290AD1D8F816
:100DE0001800216D884219D0002670B204B0BDE809
:100DF000F08100BFD8F81400626A90421ED169B930
:100E000047F2263047F6B413C0F601000FF2B8419E
:100E1000C0F601034FF44E7205F0ACFC98F80100E7
:100E2000618B40F0080088F8010021F00100608328
:100E3000F22670B204B0BDE8F08100BF811A00F163
:100E40004981218D1144401A002800F34381608BB1
:100E5000002640F00200608370B204B0BDE8F0816B
:100E6000204600F0CDFA98F8010098F800108006AE
:100E700001F0100000F13481002800F02B81D8F837
:100E80001800216D884240F02581E06E0026002880
:100E900004BF0620207570B204B0BDE8F08100BF29
:100EA00007F01200122840F01381616CD8F8180086
:100EB0000131884240F00C81D8F81410D8F80C2089
:100EC0006064481ED28960650420261D4B1C207575
:100ED000658E30466362E362A4F86020A4F8622065
:100EE000F7F726FA014628463246FEF779FA40F629
:100EF0008E0141F21C126086884288BF4200B4F81D
:100F00006610B2EB800F88BF8200A4F8482079B940
:100F100047F2263047F6B413C0F601000FF2E8316D
:100F2000C0F601034FF45B7205F024FCB4F86610C0
:100F3000254655F8700F013925F80A1C294628B9AD
:100F4000214651F86C0F002800F0B08102680A6059
:100F500001F09AFA286800281ABF002084F842009D
:100F60004FF6FF70D4F888302086002B3FF46FAF27
:100F700020692146002298470D307FF468AF59E17F
:100F8000F80600F1C380002D00F0A480606AD8F854
:100F900014100138814204BF204600F0DFFF002614
:100FA00070B204B0BDE8F081204600F029FA98F84C
:100FB0000000C00640F18E80D8F81800216D8842EC
:100FC00040F08880E06E002840F0848098F80100AE
:100FD000002640F0100088F8010070B204B0BDE8AF
:100FE000F08100BF204600F00BFA98F8010080065F
:100FF00070D5608B40F0020060832046FFF72EFD25
:1010000040F21C31C2F200010868A04214D0A8B11D
:10101000C2680146A2420ED082B1D0681146A042F9
:1010200009D058B1C2680146A24204D032B1D0689A
:101030001146A042EBD10C31E068086040F210305C
:10104000C2F200000121017040F22031C2F2000121
:101050000A680A202075E2600C6001F08DFF00260E
:1010600070B204B0BDE8F081204600F0C9F998F8EC
:101070000000C0062ED5D8F81800216D884229D16D
:10108000E06E38BB2046FFF7E9FC40F21C31C2F2AB
:1010900000010868A04218D00028CFD0C2680146DD
:1010A000A24211D0002AC9D0D0681146A0420BD06C
:1010B0000028C3D0C2680146A24205D0002ABDD094
:1010C000D0681146A042E7D10C31E0680860B5E76E
:1010D000F80641D4002670B204B0BDE8F08100BF2C
:1010E00040B1D8F81800216D884203D1E06E002885
:1010F00000F0AE80608B002640F002006083082084
:10110000207570B204B0BDE8F08100BF606CD8F803
:101110001810C043401803D4206D081A002841DD80
:10112000D8F80C00D8F81420B8F80630478806889C
:1011300040F24070C2F200001A4400F11003CDE901
:10114000003700F114032046029601F0DBF8002678
:1011500070B204B0BDE8F081D8F80C00D8E90521E0
:10116000B8F806304788068840F24070C2F20000A6
:101170001A4400F11003CDE9003700F114032046B2
:10118000029601F0BFF894F84200002605283FF6C9
:101190001EAE2046268600F08FFF70B204B0BDE878
:1011A000F08100BFE06F04210028217548D08369D9
:1011B0007BB947F2263047F6B413C0F601004AA1C6
:1011C000C0F601034FF46A7205F0D4FAE06F836948
:1011D000B3B3206921460022984710F10D0129D0B0
:1011E00070BB204600F00CF9B8F8080040F68E01FC
:1011F00000281CBF0138A8F80800608E41F21C12BC
:10120000884288BF420098F80110B2EB800F88BF77
:1012100082008806A4F848207FF55CAF608B00262A
:1012200040F0020060830720207570B204B0BDE872
:10123000F08100BFF32670B204B0BDE8F08100BFBA
:101240002046FCF711FFF32670B204B0BDE8F08130
:10125000608B40F0020060832046FFF7FFFB40F206
:101260001C31C2F200010868A0421CD000283FF4E3
:10127000E5AEC2680146A24214D0002A3FF4DEAEB9
:10128000D0681146A0420DD000283FF4D7AEC26806
:101290000146A24206D0002A3FF4D0AED0681146E3
:1012A000A042E3D10C31E0680860C7E647F226307F
:1012B00047F6B413C0F6010019A1C0F601034FF4BC
:1012C0005D7205F057FA00BF7463705F696E7075E8
:1012D000743A207063622D3E737461746520213D01
:1012E00020434C4F534544007063622D3E6C69733C
:1012F00074656E65722D3E61636365707420213D77
:10130000204E554C4C0000007063622D3E736E649D
:101310005F71756575656C656E203E20300000005C
:101320006E6F207365676D656E7420746F206672D2
:1013300065650000F0B581B0B0B1856FD0F884600C
:101340006F7B04460020A06706B3206921462A4629
:101350000023B04710F10D013AD0C0B2E8B1A56743
:10136000FB2460B201B0F0BD47F2263047F20473AF
:10137000C0F6010018A1C0F6010340F2096205F0B1
:10138000F9F9F02460B201B0F0BD00BF2989204610
:1013900000F058FD2846FBF7E9F9B80614D5208D72
:1013A000B0F5066F1CBF01302085D4F884705FB1A2
:1013B00020692146002200230024B8470D3008BFD1
:1013C000F32460B201B0F0BD002460B201B0F0BD02
:1013D000F32460B201B0F0BD7463705F70726F632C
:1013E0006573735F726566757365645F646174616C
:1013F0003A20696E76616C69642070636200000057
:101400002DE9F04F81B00446007D03280DD847F246
:10141000263047F6B413C0F601000FF6C401C0F63B
:10142000010340F27C4205F0A5F940F2482AC2F2DD
:10143000000A9AF80000C0066ED5606DDAF8143024
:10144000B4F86070A66DC11A0FD4DAF8182098426B
:1014500001D1B01A09D4964228D1DAF80C003946E5
:10146000C0893246B84230460FD9DAF80C00C1893B
:10147000B4F86200A4F86010884238BFA4F8621083
:10148000DAF818000246C4E91530656C531B002BCE
:1014900012DDE843801804D4206D101A002840F3B0
:1014A0008B80204601F014F82DE000BF394630460D
:1014B000656C531B002BECDCBAF8063003BBF31948
:1014C000084498421CD1B4F93000002818D4AA422C
:1014D00016D194F84300FF2805D0411C032884F856
:1014E0004310C0F08F83B4F93200B4F9481091FA78
:1014F00050F0A4F84800204600F090FD03E000BF43
:10150000002084F84300606B30B1A16BDAF818203A
:10151000891AB1F1FF3F1BDDBAF80610D1B3207D67
:10152000062837D8DAF81400626AC3439B1804D43B
:101530000144511A013100296EDD811AB1F1FF3FDA
:1015400000F3DB80608B40F002006083DBE000BFD3
:1015500040F22431C2F200010968B4F93C200027AE
:10156000A7EBD206081A10FA86F0B4F93E3011182B
:101570000AB2A187010448BF4042A0EB930018447F
:10158000E08700EBD200A4F840006763BAF80610C9
:101590000029C4D1DAF81400616A421A05D4228DF8
:1015A0001144401A0130012803DB608B40F0020037
:1015B000608301B0BDE8F08F618B480709D5B4F8AE
:1015C0004A0021F00401A4F8480000206183A4F837
:1015D0006A00B4F93C00E78F002507EBD000277DB7
:1015E000A4F84250042FA4F840006264C0F0A9821D
:1015F000B4F84800B4F84A20904280F0918209057E
:101600009AB24FF00101638E58BF0221594389B24B
:101610008A4238BF114690E2DAF82850171A6DB99D
:1016200047F2263047F6B413C0F601000FF2CC6142
:10163000C0F6010340F2945205F09CF84FF6FF709B
:1016400087420DD347F2263047F6B413C0F60100A7
:101650000FF2B861C0F6010340F2955205F08AF826
:10166000DAF82800BEB20089864210D947F2263047
:1016700047F6B413C0F601000FF2A061C0F60103F3
:1016800040F2975205F076F8DAF828000089BAF8A7
:101690002C106A89C91B9642AAF82C1022D9C01BAB
:1016A000002100BF288169812D68B21A6B8996B22A
:1016B0009E4217D9288169812D68D21A6B8996B20A
:1016C0009E420FD9288169812D68D21A6B8996B202
:1016D0009E4207D9288169812D68D31A6A899EB2F2
:1016E0009642DFD828463146FBF770FA626ADAF88C
:1016F0003000CAF8142042601046238D411C134468
:10170000CB1A002B06DD204601B0BDE8F04F00F0FB
:10171000DFBE00BF904240F05581DAF83000BAF8E1
:101720002C508089F7F766F8800718BF0135208DA7
:10173000A9B28142AAF806504DD9DAF83000808962
:10174000F7F758F8DAF8302001469089C9070BD02E
:1017500020F47C55F7F74EF800F03E00F7F74AF812
:10176000DAF8301028438881218DAAF82C10F7F779
:1017700041F8BAF82C10800744BF0139AAF82C10A0
:10178000DAF8280089B2FBF773F9DAF83000BAF812
:101790002C508089F7F72EF8616A228D800701EBC3
:1017A0000200DAF8141018BF013511FA85F18142F0
:1017B000AAF806500FD047F2263047F6680147F6E0
:1017C000B413C0F60100C0F60101C0F6010340F2F7
:1017D000CC5204F0CFFF606F68B1DAF83000808936
:1017E000F7F708F8656FC00740F0AC80002D40F0B7
:1017F000BB8000256567DAF81420BAF80600218D51
:1018000002448142626212D247F2263047F6240136
:1018100047F6B413C0F60100C0F60101C0F601039B
:1018200040F2076204F0A6FFBAF80600218D081AFC
:101830002085204601F070FCDAF828000189002993
:101840001EBFCAF81C000020CAF82800DAF83000D1
:101850008089F6F7CFFFC00705D09AF8010040F065
:1018600020008AF80100656F002D00F04B8147F6DB
:10187000430947F6B41BC0F60109C0F6010B002668
:1018800009E000BF28686067284600F0FDFD656F2D
:10189000002D00F03781E868626A4168914240F0AB
:1018A000318180892F89CAF81410F6F7A3FF616A85
:1018B0008007394418BF0131E868278D8089B5F861
:1018C00008806162F6F796FF800718BF08F10108EB
:1018D000B84509D947F22630C0F60100494640F222
:1018E0002C625B4604F046FFE8682F898089F6F792
:1018F00081FF218D8007A1EB0701204618BF013928
:10190000218501F009FC6968088940B1DAF81C00FA
:1019100000280CBFCAF81C10FAF79EFC6E60E8683D
:101920008089F6F767FFC007ACD09AF80100217DE7
:1019300040F0200004298AF8010004BF0720207528
:10194000A0E700BF002D3FF456AF28686067284627
:1019500000F09AFD656FF5E72E68284600F094FDCB
:10196000002E35463FF445AFEA68DAF81400BAF8BD
:10197000063051682F8903440F44DF1B00F1468174
:101980009089F6F737FFC007E6D0DAF83000808993
:10199000F6F730FF8007DFD4DAF8300086890120BF
:1019A000F6F728FFDAF8301030438881BAF82C6057
:1019B00080B2F6F71FFF800718BF0136AAF806604D
:1019C000CAE700BFA04658F8746F002E00F0EC8004
:1019D000002500BF002E3FF496AEF26837465368EC
:1019E000984200F0FD804DB1EE687668F6433618F7
:1019F00009D4CE1A002E06DC44E100BFC61AB6F1A7
:101A0000FF3F40F35B813E683D46002EE2D1C31AA2
:101A1000012B3D46DEDB9089F6F7ECFEC0077FF434
:101A200072AE0AF1240000F0FFFC002838603FF499
:101A30006AAEF8683A894168DAF814000A44121A62
:101A4000012A07DB411A7868398189B2FBF710F85F
:101A5000DAF81400BAF80610626A238D0844D11827
:101A6000401A0128FFF64FAE3868C0688089F6F743
:101A7000C1FE3968C0070DD0C868808920F47C5544
:101A8000F6F7B8FE00F03E00F6F7B4FE39682843DA
:101A9000CA689081606A228DDAF814301044C21A44
:101AA00048680A8191B2FAF7E3FF3868C16805898E
:101AB0008889F6F79FFE616A228D800701EB02009C
:101AC000DAF8141018BF013511FA85F18142AAF82D
:101AD00006503FF418AE47F2263047F6680147F645
:101AE000B413C0F60100C0F60101C0F6010340F2D4
:101AF000F96204F03FFE204601B0BDE8F04F00F06F
:101B0000E7BC00BF608BC1070EBF40F0010040F092
:101B1000020020F00100608301B0BDE8F08F00BF3B
:101B2000B4F96A1091FA53F18AB28242A4F86A10A9
:101B300007D30A1A618EA4F86A2090FA51F0A4F82B
:101B40004800D4E91B212046FDF766FEE16E0246FF
:101B500020672046FDF760FE216F0022E066002925
:101B600008BF4FF0FF3222860028257704BF0022ED
:101B7000A4F86820B4F86430BAF80870628B3B446B
:101B80001705A4F864307FF5BEACC9B1C868E56C30
:101B90004068F6F72DFE281A00283FF7B4AC608B9A
:101BA00020F400606083AEE40AF1240000F03CFC05
:101BB000C8F80000204601B0BDE8F04F00F088BC36
:101BC00048B1C068E56C4068F6F712FE281A002894
:101BD0003FF799AC628B22F40060608393E400BF0E
:101BE000BAF82C00398988427FF68DAD0AF12400BD
:101BF00000F01AFC00283FF486AD002D18BFA8465F
:101C000063E000BF02283FF476AC7CE45A1A012A54
:101C1000FFF6F0ADDAF83020091A9089AAF82C10F6
:101C2000F6F7E8FDBAF82C10800744BF0139AAF88E
:101C30002C10DAF8280089B2FAF71AFFDAF8300027
:101C4000BAF82C608089F6F7D5FD800718BF0136F9
:101C5000E868DAF81410406811FA86F18142AAF8AF
:101C600006603FF4C7AD47F2263047F6B413C0F61E
:101C700001002EA1C0F6010340F2FD5204F07AFDEE
:101C8000B8E500BF0AF1240000F0CEFB00283FF4C5
:101C90003AAD8046E8682A894068DAF814100244B0
:101CA000521A012A05DB091A6868298189B2FAF7F4
:101CB000DFFEC5F80080404609E000BF0AF12400BD
:101CC00000F0B2FB00283FF41EADC8F80000394612
:101CD000FEF730FB204601B0BDE8F04F00F0F8BB46
:101CE0007463705F726563656976653A2077726FB9
:101CF0006E6720737461746500000000696E73651F
:101D0000672E7020213D204E554C4C00696E73614A
:101D10006E65206F6666736574210000706275667B
:101D200020746F6F2073686F727421007463705F2A
:101D3000726563656976653A207365676D656E7473
:101D4000206E6F74207472696D6D656420636F72AC
:101D5000726563746C7920746F206F6F7365712086
:101D600071756575650A0000002808BF7047B0B539
:101D70000446007D0D4601280CD147F2263047F27B
:101D80000473C0F6010006A1C0F6010340F2DF7241
:101D900004F0F0FCC4F88450BDE8B040704700BFC8
:101DA000696E76616C696420736F636B6574207310
:101DB0007461746520666F7220726563762063615A
:101DC0006C6C6261636B000010B559B11446CAB106
:101DD00022890846114600F035F82046FAF7C6FC7D
:101DE00011E000BF47F2263047F20473C0F601004D
:101DF0000DA1C0F601034FF4D36204F0BBFCF02048
:101E000040B210BD13B1002040B210BD087D0128C2
:101E100003D0488B40F01000488308460121BDE8FC
:101E20001040FCF797BD00BF7463705F7265637606
:101E30005F6E756C6C3A20696E76616C69642070B7
:101E400063620000B0B5E8B30446007D0D4601288A
:101E50000CD147F2263047F20473C0F601002FA1DF
:101E6000C0F6010340F2D33204F084FC208D2844F4
:101E700081B28142084618BF4FF40660B1F5066F83
:101E800088BF4FF40660658E626AE16AB5F5866FB9
:101E900028BF4FF4866513180D445D1BB5F1FF3F55
:101EA00020851FDD591AB1F5067F608538BFB0BDAA
:101EB000608B40F0020120466183BDE8B040FEF730
:101EC0007FBA00BF47F2263047F20473C0F6010024
:101ED0001CA1C0F6010340F2CF32BDE8B04004F0CF
:101EE00049BC00BF501A012802DB00206085B0BD4C
:101EF0008D1AB5F5803F0FD347F2263047F2337184
:101F000047F20473C0F60100C0F60101C0F60103F8
:101F100040F2B63204F02EFC6585B0BD646F6E27CA
:101F2000742063616C6C207463705F7265637665A6
:101F30006420666F72206C697374656E2D706362C5
:101F4000730000007463705F7265637665643A20A5
:101F5000696E76616C69642070636200F0B581B06F
:101F6000044618B1266F86B930E000BF47F226302C
:101F700047F61933C0F6010022A1C0F6010340F272
:101F8000C16204F0F7FB266F06B37068807B0128FE
:101F90001CD1274657F86C0F31687960D0B100BF6B
:101FA000C0684068F6F724FCF168054649680846B1
:101FB000F6F71EFC281A3968B0F1FF3F0CDC086800
:101FC0000F460028ECD100200F4606E0FA2040B270
:101FD00001B0F0BD002000E0084630603E6030688F
:101FE000002804BF0020A4F8680094F84200FF28ED
:101FF0001CBF013084F842000020606340B201B091
:10200000F0BD00BF7463705F7265786D69743A20CB
:10201000696E76616C6964207063620010B5044675
:1020200010B1206F80B910BD47F2263047F6193342
:10203000C0F6010018A1C0F6010340F2F96204F0F5
:1020400099FB206F0028EED0608B400748BF10BD81
:102050002046FFF783FF0028E5D1B4F84800B4F824
:102060006030984238BF0346608E59084200B2EB98
:10207000530FA4F84A1084BFA4F84A20114600EB7D
:1020800040000844618BA4F8480041F004006083DC
:102090000020208610BD00BF7463705F7265786D8C
:1020A00069745F666173743A20696E76616C696405
:1020B0002070636200000000F0B581B0044618B3E0
:1020C000206F002875D001680546002941D00546DB
:1020D0006A68927B012A6CD10D68CDB34968897B0F
:1020E000012966D12968A1B36A68927B012A60D16F
:1020F0000D68002D58D04968897B012959D129687C
:102100000029E5D125E000BF47F2263047F6193314
:10211000C0F6010028A1C0F6010340F2AD6204F050
:1021200029FB002000F076F8002842D147F2263043
:1021300047F6F62147F61933C0F60100C0F6010153
:10214000C0F601034FF4D36204F014FB1FE000BF9C
:102150000D466968897B01292BD1E16EE066296013
:10216000618B002641F400606083E8682667406860
:10217000F6F73EFBE9682F89898905460846F6F798
:1021800039FBE919800718BF0131E164666394F8EF
:102190004200FF281CBF013084F84200204601B0F5
:1021A000BDE8F040FEF70CB90D466968897B01294E
:1021B000D3D001B0F0BD00BF7463705F7265786DFD
:1021C00069745F72746F3A20696E76616C6964201D
:1021D0007063620010B5044678B947F2263047F6BE
:1021E000F62147F61933C0F60100C0F60101C0F62A
:1021F00001034FF4D36204F0BDFA94F84200FF28C3
:102200001CBF013084F842002046BDE81040FEF7B4
:10221000D7B80000F0B581B0044618B1206F88B976
:1022200059E000BF47F2263047F61933C0F60100E7
:102230002BA1C0F6010340F2636204F09BFA206F09
:10224000002848D001680546C9B105466A68927BF6
:10225000012A40D10D689DB34968897B01293AD193
:10226000296861B16A68927B012A34D10D686DB327
:102270004968897B01292ED129680029E6D169683E
:10228000897B012927D1E16EE0662960618B0026F8
:1022900041F400606083E86826674068F6F7A8FAB2
:1022A000E9682F89898905460846F6F7A3FAE919EE
:1022B000800718BF0131E164666370B201B0F0BD00
:1022C0000D466968897B012905D1DCE70D466968FF
:1022D000897B0129D7D0FA2670B201B0F0BD00BFCA
:1022E0007463705F7265786D69745F72746F5F702C
:1022F0007265706172653A20696E76616C696420FE
:10230000706362002DE9F04784B00E9EDDE90C9405
:10231000984617460D46824683B3B9F1000F0CD19B
:1023200047F2263047F61933C0F6010037A1C0F650
:10233000010340F2C57204F01DFA2846F6F758FA78
:10234000024646F208001421CDE90110384600216A
:1023500023460096FEF744FA10B30746BAF1000F81
:1023600022D09AF8080048B3F9F7DAF9044658BBC6
:10237000384604B0BDE8F047FAF7F8B947F226301E
:1023800047F61933C0F6010019A1C0F6010340F267
:10239000C47204F0EFF9B9F1000FCED1C0E700BF6D
:1023A00004B0BDE8F08700BF4846F5F7C1FF00283C
:1023B000DED004460020FF230AE000BF4846F5F7C0
:1023C000B7FF04460028D3D09AF80A009AF80B30D9
:1023D0000621CDE90001384641464A460294F5F708
:1023E000EDFB384604B0BDE8F047FAF7BFB900BFCF
:1023F0007463705F7273743A20696E76616C69649D
:10240000206C6F63616C5F69700000007463705FC3
:102410007273743A20696E76616C69642072656DBE
:102420006F74655F69700000B0B5044660B947F22B
:10243000263047F20473C0F601000CA1C0F6010378
:1024400040F2826204F096F90320F7F7D1F80546CE
:1024500048B121686068E268A368EA60AB602960FF
:102460006860FAF791FB2846B0BD00BF7463705FE7
:102470007365675F636F70793A20696E76616C6926
:102480006420736567000000002808BF704710B51E
:1024900004464068002818BFFAF768F9032021466F
:1024A000BDE81040F6F700BEB0B5002808BFB0BDCB
:1024B000044600BFD4E90050002818BFFAF756F9C7
:1024C00003202146F6F7F0FD002D2C46F2D1B0BDD9
:1024D0002DE9F04184B0044600B3206DF6F788F989
:1024E000616A278BE38A668D02461020CDE9007071
:1024F000084600210296FEF773F9002850D00546E1
:10250000606A618D271D0144207AE16200284BD06A
:10251000F9F706F9064600284BD163E047F2263565
:1025200047F61936C0F60105C0F6010633A1284664
:1025300040F2EA72334604F01DF950200068F6F7C5
:1025400057F947F6D1210746C0F60101284640F267
:102550004272334604F00EF916210B8818214FF011
:10256000240809882A26D8F8000035881022CDE9E9
:10257000001200213A460295FEF732F980B1054675
:10258000D8F800003188042708442C210860042072
:10259000F5F7CEFE30B306460020FF230BE000BF68
:1025A000608BFE2623E000BF3846F5F7C1FE0646E5
:1025B000C0B1A07AE37A0621CDE900012846214680
:1025C0003A460296F5F7FAFA06462846FAF7CEF8A2
:1025D00066B9608B002620F00300608370B204B0FF
:1025E000BDE8F0812846FAF7C1F8FC26608B40F080
:1025F0000300608370B204B0BDE8F0817463705F63
:1026000073656E645F656D7074795F61636B3A20AA
:10261000696E76616C6964207063620070B504460F
:1026200010B1E06E80B922E047F2263047F6193348
:10263000C0F6010018A1C0F6010340F2EB3204F02D
:1026400099F8E06E98B100BF0168054649B1086885
:102650000D4630B10168054619B108680D460028DD
:10266000F2D1E8688089F6F7C5F8400706D0204621
:102670000121BDE87040FCF7EBBE00BFE868868929
:102680000120F6F7B7F8E968628B3043888142F0A1
:1026900020010020618370BD7463705F73656E6498
:1026A0005F66696E3A20696E76616C69642070635A
:1026B00062000000002808BF7047B0B50446007DE6
:1026C0000D4601280CD147F2263047F20473C0F6BC
:1026D000010006A1C0F6010340F2F37204F04AF8CB
:1026E000C4F88050BDE8B040704700BF696E7661A5
:1026F0006C696420736F636B6574207374617465B7
:1027000020666F722073656E742063616C6C626109
:10271000636B00002DE9F04F85B040F21038C2F233
:102720000008D8F81400D8F80CB00130C8F814002C
:1027300098F80100BBF1000F00F1010088F80100DA
:1027400000F0408247F2263547F2047944F6D3562A
:102750000020C0F60105C0F60109C1F2620604902E
:1027600008E000BFDBF80C40CDF810B0002CA34609
:1027700000F028829BF81400A0B101281ED1284641
:102780000FF2505140F2BF424B4603F0F3FF9BF86B
:1027900014000A2814D09BF81E1098F801008142FA
:1027A000E0D01BE028460FF2005140F2BE424B46FB
:1027B00003F0E0FF9BF814000128E0D00A28EAD1DA
:1027C00028460FF23C514FF498624B4603F0D2FF7B
:1027D0009BF81E1098F801008142C3D09BF814208A
:1027E0009BF84210022A8BF81E0003D1052903D959
:1027F0001AE000BF0B2917D89BF89900E0B1DBF86D
:10280000700048B147F2B9612846C0F6010140F2B4
:10281000D4424B4603F0AEFFDBF86C0000285FD0DB
:102820009BF89A000B2869D901279BF81400062809
:1028300000F0A080AAE000BFBBF8300047F6FE71B0
:1028400088429CBF0130ABF83000BBF9401000B2A9
:10285000884265DB5846FFF7DDFC38B1DBF87000D5
:1028600000285DD1DBF86C00002859D09BF81400DB
:10287000022818D09BF8420048F2A2330C2828BF47
:102880000C20BBF93C10BBF93E20C0F60103185CDC
:1028900002EBE10101FA00F047F6FF718842A8BFA0
:1028A0000846ABF84000BBF84800BBF86010BBF826
:1028B00032200027ABF83070884238BF0146500004
:1028C00080B2B0EB510F38BF4808ABF84A00584609
:1028D000ABF84820ABF86A70FFF77CFC46E000BF1D
:1028E00047F24D712846C0F6010140F2D5424B46F1
:1028F00003F040FF9BF89A000B2895D89BF899109D
:1029000048F2AF32C0F6010211449BF8980011F86A
:10291000011C88423CBF01308BF89800884205D2E8
:1029200000279BF81400062824D02FE0BBF8601085
:10293000584639B100F0FCF940B95846FDF740FD62
:1029400020B9EDE700F0FEFF0028E9D19BF89900DF
:10295000002706288BF8987008D801308BF899006A
:1029600000279BF81400062810D103E09BF8140000
:1029700006280BD1BBF81A10C90607D5D8F81410D1
:10298000DBF82020891A282988BF01379BF8091015
:10299000090733D5072801D004282FD1DBF894008C
:1029A00044F6B843D8F81410DBF82020C0F20A032C
:1029B0000344A3FB0635891AB1EB551F08D901372B
:1029C0004FF0000ADBF87490B9F1000F1DD139E027
:1029D0009BF89B2042F29F435A4300EBC200A0FBAE
:1029E0000602B1EB521F09D95846FDF7F5FA28B98E
:1029F0009BF89B0001308BF89B0000BF4FF0010A51
:102A0000DBF87490B9F1000F1CD0D8F81400DBF893
:102A10002010BBF94020401A02EB4201B0EB410FFD
:102A200010D300BFD9E90040002818BFF9F79EFE77
:102A300003204946F6F738FB002CA146F2D10020CE
:102A4000CBF874009BF81400032803D0092869D13F
:102A5000F02000E02820D8F81410DBF8202047F2FE
:102A6000263547F20479C0F60105C0F60109891A36
:102A7000814288BF0137002F5ED04446B046DBF864
:102A8000906058465746FDF7E9FF0499E068A24672
:102A9000002977D0834509D147F282712846C0F6D4
:102AA000010140F26D524B4603F064FEDBF80C006E
:102AB0000499C86087B9BBF81600DBF82420DBF85E
:102AC0005010BBF818700BF10403CDE900305846E4
:102AD0005B460297FFF716FC9BF81400DBF80C40EE
:102AE000DBF81070012808D147F279612846C0F65A
:102AF0000101D4224B4603F03DFE01205946F6F772
:102B0000D3FA002E4FF000008AF800004ED038466D
:102B10006FF00C01B0479AF800004646D04638BB2B
:102B200024E600BF47F2263547F20479C0F60105D6
:102B3000C0F60109002FA0D19BF81C009BF81D10C6
:102B40000130DBF80C40C2B28A428BF81C00FFF463
:102B50000BAEDBF88C2000208BF81C0088F80000FE
:102B60005AB3DBF810005946904798F8001009B3A3
:102B7000D8F80CB00020BBF1000F04907FF4FAAD40
:102B800020E000BF584509D047F2AD712846C0F695
:102B9000010140F271524B4603F0ECFDDBF80C00F2
:102BA000CAF80C00002F3FF486AF95E74646D046A2
:102BB000DCE500BF00287FF4D7AD5846FDF700FCE8
:102BC000D2E500BFD8F81050002D69D047F2263466
:102BD00047F2047647F2796A47F28A674FF0000BB2
:102BE000C0F60104C0F60106C0F6010AC0F60107EE
:102BF00007E000BFD5F80C90AB46B9F1000F4D4689
:102C00004ED0287D0A2806D02046394640F2A152EF
:102C1000334603F0AFFDD8F81400296A401AF128B2
:102C2000E8D32846FDF71AFFD8F81000BBF1000FD3
:102C300022D0854209D147F2D7712046C0F6010162
:102C400040F2AF52334603F095FDE868CBF80C0034
:102C5000D5F80C90287D012805D120465146D42274
:102C6000334603F087FD01202946F6F71DFAB9F136
:102C7000000F4D46C5D113E0A84209D047F2FE71BE
:102C80002046C0F6010140F2B352334603F072FD14
:102C9000D5F80C90C8F81090287D0128DDD0E2E727
:102CA00005B0BDE8F08F00BF7463705F736C6F7721
:102CB000746D723A20616374697665207063622D69
:102CC0003E737461746520213D20434C4F5345444D
:102CD0000A0000007463705F736C6F77746D723AF2
:102CE00020616374697665207063622D3E73746140
:102CF000746520213D204C495354454E0A00000084
:102D00007463705F736C6F77746D723A2061637473
:102D1000697665207063622D3E737461746520214D
:102D20003D2054494D452D574149540A00000000AB
:102D30002DE9F04F83B0044600280D4600F0B28024
:102D4000E66E002E00F0BF80002D00F0C1803089BB
:102D5000A84240F2CF80618EA9421CD247F22630B1
:102D600047F61933C0F6010072A1C0F6010340F224
:102D70005B3203F0FFFC308968B947F2263047F632
:102D80001933C0F601006FA1C0F601034FF457726A
:102D900003F0F0FC308996F80AB0042101EA8B07B1
:102DA000A0EB050A0AEB070081B236204FF420722F
:102DB000F9F75AF9002800F0A68081467068328938
:102DC0000189D9F8043029448A1AD9191FFA8AF7D7
:102DD00093B23A46F9F74EFCB84240F09180F06861
:102DE0008089F5F707FD074600F00802F06807F054
:102DF00001014068CDE9012101EB0208F5F7F8FC7B
:102E00004319204649464246CDF800B0FCF73AFA4D
:102E1000002875D0019905463720002908BF3F20BA
:102E2000074002980028706818BF07F03E07F9F7BE
:102E300005FBB4F866107268081A1189A4F86600D8
:102E4000A1EB0A0081B21046F9F712FE3089F16851
:102E5000A0EB0A00B1F80C8030813846F5F7CAFCC7
:102E600040EA0801F26870689181F9F7E7FAB4F86E
:102E7000661001446868A4F86610F9F7DFFA326852
:102E8000B4F866102A60356008442968A4F8660022
:102E900000294FF0000008BFA4F8680040B203B05A
:102EA000BDE8F08F47F2263047F61933C0F601002F
:102EB00017A1C0F6010340F24B3203F05BFCE66E53
:102EC000002E7FF441AFFF2040B203B0BDE8F08F89
:102ED00047F2263047F61933C0F601001DA1C0F6AF
:102EE000010340F2533203F045FCFA2040B203B034
:102EF000BDE8F08F002040B203B0BDE8F08F00BF06
:102F00004846F9F733FCFF2040B203B0BDE8F08F2C
:102F10007463705F73706C69745F756E73656E74E3
:102F20005F7365673A20696E76616C6964207063CF
:102F30006200000073706C6974203C3D206D7373F7
:102F400000000000757365672D3E6C656E203E20A5
:102F50003000000043616E27742073706C69742028
:102F60007365676D656E7420696E746F206C656E35
:102F70006774682030000000B0B540F27C25C2F2D2
:102F80000005287800B1B0BD40F21C3040F220317D
:102F9000C2F20000C2F2000100680968084308BFDD
:102FA000B0BD01202870FAF79BFC04460A20F6F712
:102FB0001FFB38B3002343F63D41C0F60101036017
:102FC0008160696804F1FA024260C36061B34B68D2
:102FD000D31A2BD40B686BB35D68551B30D41968BA
:102FE000A1B34D68551B32D40B681BB35D68551BEC
:102FF00026D4196851B34D68551BB5F1FF3F1D46E6
:10300000E8DC19E047F2263047F6D84147F6A443FA
:10301000C0F60100C0F60101C0F60103BE22BDE802
:10302000B04003F0A7BB00BF6860B0BD016068603E
:10303000B0BD00BF0D46002101602860B0BD00BFDB
:103040000D46194601602860B0BD00BF00211D4635
:1030500001602860B0BD000010B584B040F2482285
:10306000C2F2000211784B0722D48B0708D4C9079B
:1030700012D040F22431C2F20001096801620BE073
:10308000D2F814C0416ABCEB010305D4038D194486
:10309000ACEB010100290DDDD18849B1418B41F034
:1030A0000201418304B0BDE81040FDF789B900BFBB
:1030B00004B010BDD3689169D288B3F802E06244CD
:1030C00040F2407CC2F2000C1C880CF11003CDE9E8
:1030D000003E0CF114030294FFF714F904B010BD84
:1030E00080B5FCF7EFFA4AF67B70C2F20000017877
:1030F0000131CA07017008BF80BDBDE88040FFF7FD
:1031000009BB000040F24820C2F20000417841F0C3
:103110001001417070470000B0B5044660B947F235
:10312000263047F20473C0F601001AA1C0F601036D
:1031300040F2A63203F01EFB658E616AE06A228DC2
:10314000B5F5866F28BF4FF486658B1805445D1B67
:1031500002D4181A6285B0BD0A1A012A02DB0020C7
:103160006085B0BD451AB5F5803F0FD347F22630D4
:1031700047F2337147F20473C0F60100C0F6010153
:10318000C0F6010340F2B63203F0F4FA0020658580
:10319000B0BD00BF7463705F7570646174655F7209
:1031A00063765F616E6E5F776E643A20696E7661FA
:1031B0006C696420706362002DE9F04F91B00446A1
:1031C0000020ADF842004CB30D46608EB4F862109A
:1031D0000646B0EB510F28BF4E08002E08BF06462A
:1031E00065B3217DF520072913D89246012202FA02
:1031F00001F111F09C0F0CD09946BAF1000F60D08C
:10320000B4F8640050452FD2608B40F0800060839A
:10321000FF2040B211B0BDE8F08F00BF47F226306A
:1032200047F6BA2147F61933C0F60100C0F601018E
:10323000C0F601034FF4CF720EE000BF47F2263014
:1032400047F6E61147F61933C0F60100C0F6010152
:10325000C0F601034FF4D77203F08CFAF02040B2AD
:1032600011B0BDE8F08F00BFB4F86610092905D38E
:10327000608B40F080006083B4E200BF206F79B1C2
:10328000F8B9E06EE8B947F2263047F61933C0F6D0
:1032900001000FF22861C0F601034FF4AB720EE09B
:1032A00008B9E06E68B147F2263047F61933C0F628
:1032B00001000FF24461C0F6010340F2591203F01D
:1032C00059FA214651F86C0FCDE90C65069131F899
:1032D000061C00280F9169D00168834649B108682F
:1032E0008B4630B10168834619B108688B460028C7
:1032F000F2D19BF80A100422BBF8080002EA81050B
:103300002918B1420FD947F2263047F61933C0F6D3
:1033100001000FF21861C0F601034FF4F37203F0DD
:1033200029FABBF808002844B4F86850A6EB000856
:10333000002DADF8425055D01FFA88F6B5420FD98E
:1033400047F2263047F6753147F61933C0F60100CB
:10335000C0F60101C0F601034FF4FC7203F00AFA53
:103360005545514638BF29468E4238BF3146681A06
:10337000A8EB0108ADF842003AD00D4651450FD0F8
:1033800047F2263047F64E4147F61933C0F60100A2
:10339000C0F60101C0F601034FF4007203F0EAF930
:1033A0005F4629465145099126D361E0B4F868008B
:1033B00078B147F2263047F66C2147F61933C0F64C
:1033C0000100C0F60101C0F6010340F24B2203F0F8
:1033D000D1F9002009900020002600274FF0000BB3
:1033E00048E000BF002700215145099104D33FE088
:1033F0005F46514509913BD25FEA084038D0BBF89F
:103400000800A8B309981FFA88F2AAEB00069642B2
:10341000A8BF16465FEAC97040F0B281DBF804101D
:103420000A6808464AB11168104631B10A68084670
:103430001AB1116810460029F2D1017B3F2906D844
:103440004168408908440D99884200F01F82B1B25A
:1034500000200122F8F708FE002800F0BB81014699
:103460000D98DDF8248008914044486008469FE1AB
:103470000020099E049000200890B0B250450E94A0
:10348000CDF81C9080F0C88009F001000B9009F085
:103490000200002400250590CDF828A009E000BF17
:1034A000A84627604E44B0B250453C46454680F0A1
:1034B000B5800C99AAEB060080B28946884238BFD5
:1034C00081460B9A1FFA86FA72BBBDF8420078B1AA
:1034D00047F2263047F69B2147F61933C0F6010024
:1034E000C0F6010140F27122C0F6010303F042F977
:1034F000362049460122F8F7B7FD002800F0128176
:1035000080460D9800215044C8F8040036204FF43E
:103510002072F8F7A9FD002800F001814146074616
:10352000F8F79AFE45E000BF8142484616D9059853
:1035300068B90E98408B400648460FD43DB90698AE
:10354000006820B90E98006F0028484606D009F29E
:103550001B2020F00300884228BF084681B2362095
:103560004FF42072F8F780FD002800F0DB8007465A
:10357000006878B147F2263047F6CA3147F619336A
:10358000C0F60100C0F6010140F20B12C0F60103C3
:1035900003F0F0F878890D99A0EB0900ADF842002E
:1035A000786851444A46A7F80890A7F80A90ECF7C3
:1035B0006BFE3846F8F742FF0F99014488B209289C
:1035C0000F9100F2AB800E980022C16D01EB0A034F
:1035D000394600270097FBF755FE002800F0A2802F
:1035E000DDF828A00746002D80463FF45BAF002C95
:1035F0007FF456AF47F2263047F6A92147F6193334
:10360000C0F60100C0F6010140F2AB22C0F6010392
:1036100003F0B0F844E700BF4FF00008099DDDF863
:10362000389045B1DBF804400D9E44BBBBF8080060
:103630002844ABF80800089CBDF84200A9F86800CF
:1036400084B3BBF1000F0FD147F2263047F66C412F
:1036500047F61933C0F60100C0F60101C0F60103B8
:1036600040F2E12203F086F8DBF804002146F8F787
:10367000F3FD2589079CC4E000280446D6D02189A3
:103680002068294400282181F6D1606861892A4692
:1036900008443146ECF7F8FD6089411920686181E2
:1036A000EAE700BF049D280400F08C80079CBBF172
:1036B000000F02D0DBF8040088B947F2263047F645
:1036C000953147F61933C0F60100C0F60101C0F686
:1036D000010340F2E72203F04DF8DBF80400016833
:1036E000002900F0888002892A44028108680028A5
:1036F00000F07E800B8902682B44002A0B817AD06F
:103700000189294401811068002873D01389016858
:103710002B4400291381E6D16DE000BFB846404636
:10372000F9F724F80E9C608B40F0800108986183C3
:10373000002818BFF9F71AF815B12846FEF7B4FEAD
:10374000B4F8660000284DD0206F00284AD10698B2
:103750000068002846D147F2263047F6DE3147F6AA
:103760001933C0F60100C0F60101C0F601034FF4A1
:103770004A7202F0FFFFFF2040B211B0BDE8F08FA7
:103780000120B5B202900DF14203002029460094B9
:10379000CDF80490FDF7FCF8E0B10D99DDF8248038
:1037A0000746406841442A46ECF76EFD38460897C4
:1037B000F8F744FE0F99014400200F91049046440D
:1037C0005F465AE6DDE90604BBF1000F18BF584614
:1037D0001DE000BF608B40F080006083B4F866009D
:1037E0000028B1D1FF2040B211B0BDE8F08F00BF7A
:1037F000084600E010460189428929440181511997
:103800004181BBF808002844ABF808005846D9F8B5
:103810005C10C0F8008001EB0A00B9F86410C9F828
:103820005C00A1EB0A000F99A9F864000804A9F84C
:10383000661015D0D9F8700090B90698006878B96C
:1038400047F2263047F6DE3147F61933C0F601005D
:10385000C0F60101C0F6010340F2133202F08AFF04
:103860007FB1A0074FF000003FF5D3ACF968002905
:103870003FF4CFAC8C890820F4F7BCFFF9682043F3
:103880008881002040B211B0BDE8F08F099878B16E
:1038900047F2263047F64C3147F61933C0F601009F
:1038A000C0F60101C0F6010340F2312202F062FFCE
:1038B0000020DDF824800890049680E77463705F30
:1038C00077726974653A207062756673206F6E2036
:1038D0007175657565203D3E206174206C6561736E
:1038E00074206F6E65207175657565206E6F6E2D25
:1038F000656D7074790000007463705F777269742D
:10390000653A206E6F207062756673206F6E20714D
:1039100075657565203D3E20626F74682071756520
:1039200075657320656D7074790000006D73735F49
:103930006C6F63616C20697320746F6F20736D61AD
:103940006C6C00002DE9F04383B0044690B1E66E44
:1039500006B394F89A00FF281CBF013084F89A003F
:10396000F0688089F4F746FFC00719D14FF00009CD
:103970001BE000BF47F2263047F61933C0F60100BE
:103980003AA1C0F6010340F64F0202F0F3FEE66EE4
:10399000002EDED1002460B203B0BDE8F08300BF8A
:1039A0003089B0FA80F04FEA5019F068E38A426833
:1039B000606A258B678D89F001014FF0100CCDE90D
:1039C000005C0297FCF70CFF90B18046606A618D45
:1039D000D8F804500844B9F1000FE0620ED0A8896D
:1039E00020F47C571120F4F705FF3843A8810FE03D
:1039F000FF2460B203B0BDE8F08300BF7068338974
:103A0000028905F11401D21A93B20122F8F732FEAD
:103A1000F0684068F4F7ECFE216D0130091AB1F14D
:103A2000FF3FD8BF2065207A271D28B1F7F778FE21
:103A3000064630B9FC2410E03846F4F779FC064617
:103A400090B1A07AE37A0621CDE9000140462146F3
:103A50003A460296F4F7B2F804464046F8F786FE76
:103A600060B203B0BDE8F083FC24F6E77463705FD6
:103A70007A65726F5F77696E646F775F70726F627D
:103A8000653A20696E76616C69642070636200003B
:103A900070B582B00D460646F4F7AEFE40F2E8146B
:103AA000C2F2000420460621C4E90265F9F7DAFEF5
:103AB00060B147F2263047F24E33C0F6010013A141
:103AC000C0F6010340F2612202F054FE201DF9F716
:103AD000F5FE60B147F2263047F24E33C0F60100E2
:103AE00013A1C0F6010340F2652202F043FE43F643
:103AF0002551182617A0C0F6010100224FF480635B
:103B00000096F9F7EFFE02B070BD00BF6661696C08
:103B1000656420746F2063726561746520746370DE
:103B200069705F746872656164206D626F7800000F
:103B30006661696C656420746F2063726561746589
:103B4000206C6F636B5F74637069705F636F726525
:103B50000000000074637069705F7468726561646E
:103B600000000000F0B581B0054640F2E81091F881
:103B70003160C2F200000C46F9F794FE16F0180FFF
:103B80000CD058B30920F5F733FDD8B3002706460B
:103B9000077046F69D70C0F600000CE0B0B3092037
:103BA000F5F726FD002845D000270646077047F6A2
:103BB000DD10C0F600007560B460F06040F2E810FF
:103BC000C2F200003146F9F75DFE20B1092031460E
:103BD000F5F76AFAFF2778B201B0F0BD47F2263058
:103BE00047F29C3147F24E33C0F60100C0F60101A6
:103BF000C0F60103FC2202F0BDFD0920F5F7F8FC38
:103C00000028C3D1FF2778B201B0F0BD47F22630BB
:103C100047F29C3147F24E33C0F60100C0F6010175
:103C2000C0F60103FC2202F0A5FD0920F5F7E0FC37
:103C30000028B9D1FF2778B201B0F0BD10B5FFF769
:103C40004FFA40F21C3040F22031C2F20000C2F2C2
:103C5000000100680968084332D0F9F741FE0446C4
:103C60000A20F5F7C5FC98B3002143F63D4240F227
:103C70007C23C0F601020160C2F20003C0E9022108
:103C8000596804F1FA024260A1B34C68141B33D4A2
:103C90000B68ABB35C68141B38D41968E1B34C688B
:103CA000141B3AD40B685BB35C68141B2ED41968E0
:103CB00091B34C68141BB4F1FF3F1C46E8DC21E0D3
:103CC00040F27C20C2F200000021017010BD00BF54
:103CD00047F2263047F6D84147F6A443C0F6010024
:103CE000C0F60101C0F60103BE22BDE8104002F09B
:103CF00041BD00BF586010BD0160586010BD00BFDD
:103D00000C4600210160206010BD00BF0C46194622
:103D10000160206010BD00BF00211C4601602060D2
:103D200010BD000082B040F2E814C2F20004251D6C
:103D30002846F9F7BDFDA16809B1E068884747F258
:103D4000263847F27E3947F24E3A01AEC0F60108F6
:103D5000C0F60109C0F6010A02E000BFF9F758FDFC
:103D6000F9F788FE0028F9D0074601300CD1284623
:103D7000F9F7B2FD204631460022F9F713FD284637
:103D8000F9F796FD0EE000BF2846F9F7A5FD20469D
:103D900031463A46F9F706FD07462846F9F788FD09
:103DA000781CDBD0019F7FB13878022810D0012821
:103DB00012D0C8B93A1D07CA904710B17868F8F711
:103DC000D5FC09200CE000BF4046494691220EE098
:103DD000D7E901108847C3E7D7E9011088470820D1
:103DE0003946F5F761F9BBE740464946CF225346CD
:103DF00002F0C0FCB4E7000070B5054640F2E810E0
:103E0000C2F200000C46F9F74DFD38B10820F5F775
:103E1000EFFBC0B9FF2040B270BD00BF47F22630B3
:103E200047F29C3147F24E33C0F60100C0F6010163
:103E3000C0F6010340F25D1202F09CFC0820F5F789
:103E4000D7FB0028E6D006460120307040F2E8108B
:103E5000C2F200003146C6E90154F9F713FD38B14A
:103E600008203146F5F720F9FF2040B270BD00BFB1
:103E7000002040B270BD00002DE9F04747F2B413B6
:103E8000C0F60103002918BF0B46002844D041F2B8
:103E90008C2CC2F2010C67463F68B7FA87F1002FFD
:103EA0004FEA511118BF87421BD0FF68B7FA87F15C
:103EB000002F4FEA511118BF874212D0FF68B7FA9E
:103EC00087F1002F4FEA511118BF874209D0FF68D0
:103ED000B7FA87F14FEA51111FB1874207F10C077A
:103EE000DAD1DCF800E04AB3BEF1000F70D07546BD
:103EF00003E000BFED68002D6CD08542FAD06C8ADB
:103F00009442F7D12E68F824002E6CD01F68BE4270
:103F100069D0002FEED166E047F2263047F63453E1
:103F2000C0F6010033A1C0F6010340F2B73202F03F
:103F300021FCF02460B2BDE8F08700BF40F2340AF3
:103F4000C2F2000ABAF80020BEF1000F34D00025FA
:103F50004FF6FF7943F6FF7896B201324E4504BF23
:103F60004CF20002CFF6FF727646748A97B2BC42DA
:103F700012D0F668C6B1748ABC420DD0F6689EB104
:103F8000748ABC4208D0F66876B1748ABC4203D009
:103F9000F668002EE9D107E0454505F10105DBD3C0
:103FA000AAF8002004E000BF1404AAF8002011D1F0
:103FB000F82460B2BDE8F0874FF6FF77BA4202F10D
:103FC000010204BF4CF20002CFF6FF72AAF80020F3
:103FD0004FF0000E1B680360428239B10024C0F824
:103FE0000CE0CCF8000060B2BDE8F087002460B2BD
:103FF000BDE8F0877564705F62696E643A20696E2F
:1040000076616C6964207063620000002DE9F04FF6
:1040100081B048B1A1B1438A41F28C2EC2F2010EA7
:1040200003B3DEF800C0A6E047F2263047F634536B
:10403000C0F6010069A1C0F6010340F235420AE072
:1040400047F2263047F63453C0F601005CA1C0F6B3
:10405000010340F2364202F08DFBF02040B201B085
:10406000BDE8F08F41F28C26C2F2010633461B6890
:10407000B3FA83F4002B4FEA541418BF83421BD0C9
:10408000DB68B3FA83F4002B4FEA541418BF834261
:1040900012D0DB68B3FA83F4002B4FEA541418BF34
:1040A000834209D0DB68B3FA83F44FEA54141BB19E
:1040B000834203F10C03DAD140F2340AD6F800C08F
:1040C000C2F2000ABAF80050BCF1000F40D04FF025
:1040D000000B4FF6FF78ABB20135434504BF4CF2FD
:1040E0000005CFF6FF7563465F8AAEB2B74213D0C4
:1040F000DB68FBB1B3F81290B1450DD0DB68CBB1F2
:104100005F8AB74208D0DB68A3B15F8AB74203D0A9
:10411000DB68002BE8D10DE043F6FF739B450BF104
:10412000010BD8D3AAF80050F82040B201B0BDE886
:10413000F08F00BF41F28C262B04C2F20106AAF8D0
:10414000005011D1F82040B201B0BDE8F08F00BF9F
:104150004FF6FF739D4205F1010504BF4CF20005C7
:10416000CFF6FF75AAF80050002C45821EBFC0F89C
:104170000CC0306084460968BCF1000F4160017CCE
:10418000828241F00401017411D06146814212D053
:10419000C96861B181420ED0C96841B181420AD07B
:1041A000C96821B1814206D0C9680029EED1C0F8A2
:1041B0000CC0CEF80000002040B201B0BDE8F08F86
:1041C0007564705F636F6E6E6563743A20696E76B6
:1041D000616C696420697061646472007564705F09
:1041E000636F6E6E6563743A20696E76616C6964A4
:1041F000207063620000000080B5ECF733F840F2F5
:10420000340140F44040C2F20001088080BD00004B
:104210002DE9F04F83B081460D4658B1C5B1B9F8CC
:104220000A00072824D8484603B0BDE8F04FF8F745
:104230009DBA00BF47F2263047F63453C0F601005E
:104240007AA1C0F60103CF2202F094FA002DE6D144
:1042500047F2263047F63453C0F6010079A1C0F684
:104260000103D02202F086FAB9F80A000728DAD949
:1042700040F2407BC2F2000BDBF80010DBF81400C8
:10428000D9F80440F3F762FA218807460846F4F7A4
:10429000B1FA618802900846F4F7ACFA41F28C2139
:1042A000C2F201010968002900F086800646002458
:1042B0004FF0000A05E000BF924600BFE168002908
:1042C00060D0488AA0460C46B042F7D115B1207A9A
:1042D00070B915E047F2263047F63453C0F60100B6
:1042E0005FA18822C0F6010302F044FA207A38B1B7
:1042F000DBF8041091F834100131C9B28842DDD1E5
:104300002068DBF814105FB1002818BF11F101021A
:104310000AD0AA6881EA00031A42CFD104E000BFA4
:10432000002818BF8842C9D1227C52070ED4BAF1A6
:10433000000F22460BD04FB1013107D1DAF800202F
:1043400069688A4202D0884208BFA2465246A08AC3
:1043500002998842B0D1606820B1DBF81010924613
:104360008842ABD1B8F1000F09D041F28C22C2F2E1
:104370000102E0681168C8F80C00E1601460A24610
:1043800003E000BFBAF1000F16D048460821F8F745
:104390001DFCE0B9DAF81870002F3FF444AFDAF8EA
:1043A0001C00029E0BF1100351464A460096B84786
:1043B00003B0BDE8F08F00BF6868DBF814108842D6
:1043C0007FF431AF48460821F8F700FC90B147F27E
:1043D000263047F63453C0F601002BA1C0F6010386
:1043E0004FF4B87202F0C6F9484603B0BDE8F04F8A
:1043F000F8F7BCB9002F7FF416AFDBF8140000F01B
:10440000F000E0283FF40FAFBBF80C00083001B219
:104410004846F8F7B1FA48460321F3F747F848460B
:1044200003B0BDE8F04FF8F7A1B900BF7564705F45
:10443000696E7075743A20696E76616C696420707B
:10444000627566007564705F696E7075743A206994
:104450006E76616C6964206E6574696600000000A8
:104460007564705F696E7075745F6C6F63616C5FAB
:104470006D617463683A20696E76616C6964206E60
:104480006574696600000000706275665F72656D34
:104490006F76655F686561646572206661696C65E9
:1044A000640A0000002818BF002901D1704700BF2E
:1044B000D0F800C0BCF1000FF8D00B68002BF5D08D
:1044C00041F28C23C2F201031B6800E0DB68002B81
:1044D000ECD01A68624503D10A681A60D0F800C0AF
:1044E000DB68002BE2D01A68624503D10A681A60C3
:1044F000D0F800C0DB68002BD8D01A68624503D121
:104500000A681A60D0F800C0DB68002B08BF70474B
:104510001A686245DAD10A681A60D0F800C0D5E797
:1045200010B500200024F5F763F8002808BF10BD7F
:10453000FF21C0E90044C0E90244C0E90444C0E9E5
:104540000644C17210BD000000281CBFC0E906125D
:10455000704747F2263047F63453C0F6010003A1F6
:10456000C0F6010340F28A4202F004B97564705F3C
:10457000726563763A20696E76616C696420706357
:104580006200000040B341F28C22C2F201020146F7
:10459000106888421AD0D8B1C26812B18A42034664
:1045A00012D0AAB1D06810B1884213460CD078B1AD
:1045B000C26812B18A42034606D04AB1D0680028C8
:1045C000E9D088421346E6D103F10C02C8681060B6
:1045D0000020F4F769BD00BF47F2263047F6345398
:1045E000C0F6010003A1C0F6010340F2A14202F0AF
:1045F000C1B800BF7564705F72656D6F76653A20F3
:10460000696E76616C69642070636200B0B582B0D7
:10461000D0B129B382B3DDF818C0BCF1000F37D098
:1046200004680CF1040E44B104F0F005E02D04D050
:10463000DEF800508646AC423CD1CDE900CE00F019
:1046400079F802B0B0BD00BF47F2263047F63453C8
:10465000C0F6010030A1C0F601034FF4207222E041
:1046600047F2263047F63453C0F6010023A1C0F6C6
:10467000010340F2812216E047F2263047F6345318
:10468000C0F6010015A1C0F6010340F282220AE043
:1046900047F2263047F63453C0F6010007A1C0F6B2
:1046A000010340F2832202F065F8F02040B202B02C
:1046B000B0BD00BFFC2040B202B0B0BD7564705FF9
:1046C00073656E64746F5F69663A20696E76616CBB
:1046D0006964206E65746966000000007564705F2F
:1046E00073656E64746F5F69663A20696E76616C9B
:1046F0006964206473745F69700000007564705FA2
:1047000073656E64746F5F69663A20696E76616C7A
:1047100069642070627566007564705F73656E64AD
:10472000746F5F69663A20696E76616C69642070A7
:10473000636200002DE9F04F83B0002800F088800C
:104740000C46002900F09A801546002A00F0A68049
:10475000DDF83480B8F1000F00F0B080DDF830B043
:10476000BBF1000F00F0B6800646408A1F460028C5
:104770004FF6FF7940F0E18041F28C23C2F2010351
:1047800018460068B0FA80F100284FEA511218BFAD
:10479000B0421BD0C068B0FA80F100284FEA511235
:1047A00018BFB04212D0C068B0FA80F100284FEABA
:1047B000511218BFB04209D0C068B0FA80F14FEA78
:1047C000511218B1B04200F10C00DAD140F23400BD
:1047D000D3F800C0C2F200000188BCF1000F00F065
:1047E0009D804FF0000A8BB201314B4504BF4CF263
:1047F0000001CFF6FF716346588A1FFA81FB5845C6
:1048000016D0DB68002B77D0B3F812E0DE450FD06E
:10481000DB68002B70D0588A584509D0DB68002B24
:104820006AD0588A584503D0DB68002BE4D163E096
:1048300043F6FF7082450AF1010AD4D340F23400F6
:10484000C2F200000180F82460B203B0BDE8F08F2E
:1048500047F2263047F6155147F63453C0F60100AB
:10486000C0F60101C0F6010340F2D12201F082FF3F
:10487000F02460B203B0BDE8F08F00BF47F22630ED
:1048800047F6635147F63453C0F60100C0F6010104
:10489000C0F6010340F2D22227E000BF47F22630E3
:1048A00047F6835147F63453C0F60100C0F60101C4
:1048B000C0F6010340F2D32217E000BF47F22630D2
:1048C00047F63453C0F601005FA1C0F601034FF470
:1048D00035720AE047F2263047F63453C0F601003D
:1048E00050A1C0F6010340F2D52201F043FFF024AD
:1048F00060B203B0BDE8F08F080440F23400DDF888
:1049000030B041F28C23C2F20000C2F201030180F8
:104910000DD1F82460B203B0BDE8F08F494501F134
:10492000010104BF4CF20001CFF6FF710180002AA3
:1049300071821CBFC6F80CC01E602089A9F1080155
:1049400089B2884204D9FF2460B203B0BDE8F08F79
:1049500020460821F7F752FBA14670B1222008211A
:104960004FF42072F7F780FB0028ECD081462089B5
:1049700018B148462146F7F7D9FCB9F80A000728CC
:104980000CD847F2263047F63453C0F6010019A17F
:10499000C0F6010340F20E3201F0ECFE708AD9F845
:1049A00004A0F3F727FFAAF800003846F3F722FF28
:1049B000AAF80200B9F808000021AAF80610F3F7D7
:1049C00019FFB17AF37AAAF804001120CDE900109A
:1049D000484641462A46CDF808B0F3F707F9A14505
:1049E00004463FF446AF4846F7F7C0FE60B203B056
:1049F000BDE8F08F636865636B207468617420663E
:104A00006972737420706275662063616E20686FCE
:104A10006C6420737472756374207564705F68646D
:104A2000720000007564705F73656E64746F5F6917
:104A3000665F7372633A20696E76616C6964206E9A
:104A400065746966000000007564705F73656E646C
:104A5000746F5F69665F7372633A20696E76616C2A
:104A60006964207372635F6970000000D0E90132ED
:104A700001699A60D1F804C082688445536008BF18
:104A80004A600022026108680138086008687047BF
:104A900041F29443C2F20103036041F29420C2F256
:104AA00001000860802010607047000041F6F003AC
:104AB000C2F20103036041F2F040C2F2010008605B
:104AC0004FF48070106070474FF0FF31024642F89B
:104AD000081F00214260C0E9032201607047000006
:104AE000002101617047000010B5D1F800E01EF10F
:104AF000010213D000F1080462681368734511D8ED
:104B000053681C68744511D85A68146874450FD8E6
:104B100054682368A4467345EED90BE00269D2F8C5
:104B200004C007E09446224604E000BF9C4601E032
:104B300094461A46C1F804C0CCF808108A60516047
:104B4000086101680131016010BD0000D0F800C0AB
:104B5000436808619A684B608A609A6899605160FE
:104B60000CF1010101607047DFF80C00016841F4AD
:104B7000700101607047000088ED00E04FF05000C8
:104B800080F31188BFF36F8FBFF34F8F40F238006F
:104B9000C2F2000001684A1C026009B1704700BF00
:104BA0004EF60450CEF200000068000608BF7047C1
:104BB0004FF0500080F31188BFF36F8FBFF34F8F1A
:104BC000FEE7000040F23800C2F20000016839B18F
:104BD0000139016018BF7047002080F311887047C9
:104BE0004FF0500080F31188BFF36F8FBFF34F8FEA
:104BF000FEE7000070B5002808BF70BD40F2C01588
:104C0000C2F200050446287854F8041C002818BF96
:104C10004FF0004008420DD0A4F1080632689AB166
:104C20004FF0500080F31188BFF36F8FBFF34F8FA9
:104C3000FEE700BF4FF0500080F31188BFF36F8F85
:104C4000BFF34F8FFEE700BF21EA000044F8040CD9
:104C500000F0EEFA54F8041CA8680844A86005F1B6
:104C6000180000BF0368B3420AD21868B04225D2C8
:104C70000368B34204D218681A46B042F2D301E086
:104C8000024618465368D418B44202D11944164655
:104C900051607318834206D16B68984203D0D0E903
:104CA000000319447160B242306018BF1660686931
:104CB00001306861BDE8704001F08ABC1A46536853
:104CC000D418B442E5D1E1E74EF21000CEF2000074
:104CD00000210160816040F23001C2F200010968E8
:104CE00044F6D352C1F26202A1FB02124FF0FF312F
:104CF00001EB9211416007210160704740F2E01022
:104D0000EFF305811029C2F2000011D34EF2F03208
:104D1000CEF20002895C0278914209D24FF0500035
:104D200080F31188BFF36F8FBFF34F8FFEE700BF93
:104D30004EF60C51CEF200010968406801F4E061C2
:104D4000814298BF70474FF0500080F31188BFF345
:104D50006F8FBFF34F8F00BFFEE7000041F64C1C82
:104D6000C2F2010CDCF8002022B3634653F8082F8E
:104D700042B3634653F8102F52B3634653F8182FCB
:104D800062B3634653F8202F72B3634653F8282F5B
:104D900082B3634653F8302F92B3634653F8382FEB
:104DA000002A18BF7047072219600CEBC201486047
:104DB000704700BF0022634619600CEBC2014860D7
:104DC000704700BF012219600CEBC20148607047B8
:104DD000022219600CEBC20148607047032219607F
:104DE0000CEBC20148607047042219600CEBC20151
:104DF00048607047052219600CEBC201486070479B
:104E0000062219600CEBC2014860704780B341F67E
:104E10004C11C2F201010B4653F8042F4FF0000C65
:104E200082422FD00B4653F80C2F82422CD00B46D7
:104E300053F8142F824229D00B4653F81C2F82427C
:104E400026D00B4653F8242F824223D00B4653F82A
:104E50002C2F824220D00B4653F8342F82421DD093
:104E60000B4653F83C2F82421DD1072217E000BFAA
:104E70004FF0500080F31188BFF36F8FBFF34F8F57
:104E8000FEE700BF00220AE0012208E0022206E05D
:104E9000032204E0042202E0052200E0062241F899
:104EA00032C0C3F800C090F84610002918BF704700
:104EB000FFF7A0BE70B515460E460446FFF75EFE2E
:104EC00094F84400FF2804BF002084F8440094F8BC
:104ED0004500FF2804BF002084F84500FFF772FE5C
:104EE000A06B28B12046BDE87040F8F7C3BA00BFF8
:104EF00004F1240031462A4600F092F82046BDE82D
:104F00007040F8F7B7BA000070B588B340F20C15DE
:104F1000C2F200050446686950B14FF0500080F3BA
:104F20001188BFF36F8FBFF34F8F00BFFEE700BF45
:104F3000686901306861AE6928680430FFF796FD42
:104F40002868A419446005D3286A29680431FFF74A
:104F5000CBFD08E0E86929680431FFF7C5FDE86A80
:104F6000844238BFEC6201F033FB002818BF70BDEB
:104F70004EF60450CEF200004FF080510160BFF3B6
:104F80004F8FBFF36F8F70BD40F20C11C2F2000162
:104F90008A6B0260896941607047000040F20C1022
:104FA000C2F20000012101637047000070B5D8B162
:104FB00040F20C14C2F200040D4621681831FFF7CC
:104FC00093FDA66920680430FFF750FD681C15D0DA
:104FD0002068AD19456019D3206A21680431BDE805
:104FE0007040FFF781BD00BF4FF0500080F3118883
:104FF000BFF36F8FBFF34F8FFEE700BF54F8500B26
:10500000011D2046BDE87040FFF7A0BDE0692168A2
:105010000431FFF769FDE06A854238BFE56270BD83
:10502000F0B581B0C0B140F20C14C2F200040D46DC
:10503000216816461831FFF789FDA76920680430FA
:10504000FFF714FD96B154F8500B011D204601B036
:10505000BDE8F040FFF77ABD4FF0500080F31188B3
:10506000BFF36F8FBFF34F8FFEE700BF2068ED19CE
:10507000456007D3206A2168043101B0BDE8F040E3
:10508000FFF732BDE06921680431FFF72DFDE06ACA
:10509000854238BFE56201B0F0BD0000F0B581B0D7
:1050A00020B3026D04461AB3E36CE06A8B4288BFFA
:1050B000194688421AD0012A18D140F20C16C2F2C1
:1050C00000063268A2421DD0A269E162002A5CBFDC
:1050D000C1F13801A16148F20837616900EB800035
:1050E000C2F2000707EB8000814215D001B0F0BD8D
:1050F0004FF0500080F31188BFF36F8FBFF34F8FD5
:10510000FEE700BF4FF0500080F31188BFF36F8FB0
:10511000BFF34F8FFEE700BF251D2846FFF7A6FC13
:10512000E06A716A884288BF706200EB800007EB1A
:105130008000294601B0BDE8F040FFF707BD000040
:1051400010B588B00020CDE9050006A805A904AA7D
:10515000FFF79EFC059800283ED0069C002C45D009
:105160005C21049A079107995C2949D1079920632A
:10517000022084F8590007A80021CDE900104CF660
:10518000D160C0F6000028A100230294F7F7E4FEE6
:105190002046F7F757FD079840F20C14C2F20004BE
:1051A000A062B0B101F08CFA411C33D0012810D1BB
:1051B0004FF0500080F31188BFF36F8FBFF34F8F14
:1051C0004FF0FF30E062012020610020A06100F07C
:1051D00095F808B010BD00BF4FF0500080F3118863
:1051E000BFF36F8FBFF34F8FFEE700BF4FF050004C
:1051F00080F31188BFF36F8FBFF34F8FFEE700BFBF
:105200004FF0500080F31188BFF36F8FBFF34F8FC3
:10521000FEE700BF4FF0500080F31188BFF36F8F9F
:10522000BFF34F8FFEE700BF49444C45000000002C
:1052300040F20C10C2F20000416901314161704737
:1052400080B540F20C1EC2F2000EDEF8141019B147
:105250000121CEF8301080BD0021CEF83010DEF8EC
:10526000241048F2083C01EB8103C2F2000C5CF808
:1052700023208AB101EB81020CEB820353F8042F47
:105280005268181D82421A6020D0D068CEF8000003
:10529000CEF8241080BD00BF0CEB8302A2F12803DE
:1052A000E1B15A6922BB012918D01A6812BB022940
:1052B00014D053F8142CFAB903290FD053F8282C22
:1052C0000439002AA3F15003EAD0D3E752681A60E8
:1052D000D068CEF80000CEF8241080BD4FF050000A
:1052E00080F31188BFF36F8FBFF34F8FFEE700BFCE
:1052F0000139BFE70239BDE70339BBE7B0B584B078
:105300004EF2004CCEF2000C4CF27021C4F20F11A0
:10531000DCF800294B1C9A420AD14FF0500080F370
:105320001188BFF36F8FBFF34F8F00BFFEE700BF41
:10533000DCF800298A4209D14FF0500080F311882F
:10534000BFF36F8FBFF34F8FFEE700BF9CF80010D5
:105350000291FF218CF800109CF800108DF80710C6
:105360009DF8071001F0500240F2E011C2F2000176
:105370000A7007224A609DF90720B2F1FF3F69DCFD
:10538000032200BFD31C4B609DF8070040008DF83E
:1053900007009DF90700B0F1FF3F23DC931C4B6031
:1053A0009DF8070040008DF807009DF90700B0F157
:1053B000FF3F17DC531C4B609DF8070040008DF841
:1053C00007009DF90700B0F1FF3F0BDC4A609DF834
:1053D0000700043A40008DF807009DF907000028F7
:1053E000D0D4131D032B35D14FF440704860029880
:1053F0008CF80000DCF8200940F47000CCF820099B
:10540000DCF8200940F07040CCF82009FFF75CFC84
:1054100040F23804C2F2000400252560FFF7A4FB27
:105420004EF63470CEF20000016841F04041016058
:10543000F7F726FEFFF704FF039520684FF05001B1
:1054400081F31188BFF36F8FBFF34F8F013011D0FD
:10545000FEE700BF4FF0500080F31188BFF36F8F5D
:10546000BFF34F8FFEE700BF039830B9039820B910
:10547000039810B903980028F6D0002004B0B0BDFE
:1054800080B54FF0500080F31188BFF36F8FBFF3EA
:105490004F8F00F051FF30B14EF60450CEF20000B5
:1054A0004FF080510160002080F3118880BD000022
:1054B00010B568B10C46814214D94FF0500080F30A
:1054C0001188BFF36F8FBFF34F8F00BFFEE700BFA0
:1054D0004FF0500080F31188BFF36F8FBFF34F8FF1
:1054E000FEE700BF0021022200F0F0F8002818BFFC
:1054F000846310BD70B582B060B10D46814213D98E
:105500004FF0500080F31188BFF36F8FBFF34F8FC0
:10551000FEE700BF4FF0500080F31188BFF36F8F9C
:10552000BFF34F8FFEE700BF14468AB350210191AD
:105530000199502936D101990121002684F846109D
:105540002460C4E90F06FFF719FB2068D4E90F12A5
:10555000A66302FB0103013901FB0201C4E9010357
:10556000FF20E16084F8440084F8450004F1100055
:10557000FFF7AAFA04F12400FFF7A6FAFFF722FBCF
:10558000022084F84C002046A56302B070BD00BF25
:105590004FF0500080F31188BFF36F8FBFF34F8F30
:1055A000FEE700BF4FF0500080F31188BFF36F8F0C
:1055B000BFF34F8FFEE7000070B505465020F7F7A8
:1055C000CDFF044670B30026012084F846602460B5
:1055D000C4E90F06FFF7D2FA2068D4E90F12A663D8
:1055E00002FB0103013901FB0201C4E90103FF20B1
:1055F000E16084F8440084F8450004F11000FFF7EE
:1056000063FA04F12400FFF75FFAFFF7DBFA2046A4
:1056100000210022002384F84C502660C4E9026671
:1056200000F008F9204670BD70B582B0D1B30546D0
:1056300050200190019850283ED101980120002669
:105640000C4681F846000960C1E90F06FFF796FA9B
:105650002068D4E90F12A66302FB0103013901FBA4
:105660000201C4E90103FF20E16084F8440084F8EA
:10567000450004F11000FFF727FA04F12400FFF7BA
:1056800023FAFFF79FFA204600210022002384F826
:105690004C502660C4E9026600F0CCF8204602B007
:1056A00070BD00BF4FF0500080F31188BFF36F8FC3
:1056B000BFF34F8FFEE700BF4FF0500080F311881B
:1056C000BFF36F8FBFF34F8FFEE700002DE9F0416E
:1056D000B0B306464843503014460F46F7F73EFF36
:1056E000054650B34FF00008284685F84680002F45
:1056F00018BF50302860C5E90F67FFF73FFA2868E8
:10570000D5E90F12C5F8388002FB0103013901FB0E
:105710000201C5E90103FF20E96085F8440085F82E
:10572000450005F11000FFF7CFF905F12400FFF760
:10573000CBF9FFF747FA85F84C402846BDE8F081E1
:105740004FF0500080F31188BFF36F8FBFF34F8F7E
:10575000FEE7000070B582B070B11C46B3B1F9B974
:10576000F2B14FF0500080F31188BFF36F8FBFF399
:105770004F8F00BFFEE700BF4FF0500080F311884D
:10578000BFF36F8FBFF34F8FFEE700BF4FF05000A6
:1057900080F31188BFF36F8FBFF34F8FFEE700BF19
:1057A00051B14AB94FF0500080F31188BFF36F8FA9
:1057B000BFF34F8FFEE700BF50230193019B502B97
:1057C0002ED1019B069E012384F84630002908BF94
:1057D00022462260C4E90F01FFF7D0F92068D4E91E
:1057E0000F12002502FB0103013901FB0201A56331
:1057F000C4E90103FF20E16084F8440084F8450017
:1058000004F11000FFF760F904F12400FFF75CF9E0
:10581000FFF7D8F9204684F84C6002B070BD00BF95
:105820004FF0500080F31188BFF36F8FBFF34F8F9D
:10583000FEE700002DE9F04F83B00292C0B11D4693
:1058400017460E460446E9B1022D03D1E06B01284C
:1058500040F0888000F050FD10BB0FB34FF05000B7
:1058600080F31188BFF36F8FBFF34F8FFEE700BF48
:105870004FF0500080F31188BFF36F8FBFF34F8F4D
:10588000FEE700BF206C0028DED04FF0500080F310
:105890001188BFF36F8FBFF34F8F00BFFEE700BFCC
:1058A000FFF76CF9A06B022D66D0E16B884263D3E1
:1058B00004F1100801206F460DF108090DE000BF4A
:1058C0002046F7F7D7FD00F083FEFFF757F9A06BEE
:1058D000E16B88424FF000004ED30299002973D04B
:1058E000C00702D03846FFF74FFBFFF76BF9FFF711
:1058F0009FFCFFF743F994F84400FF2804BF002001
:1059000084F8440094F84500FF2804BF002084F880
:105910004500FFF757F93846494600F029FC0028B2
:1059200058D1FFF72BF9D4F838A0D4F83CB0FFF7E2
:1059300049F9DA45C4D102994046FFF737FB2046C2
:10594000F7F798FD00F044FE0028BED14EF6045053
:10595000CEF200004FF080510160BFF34F8FBFF3D4
:105960006F8FB2E74FF0500080F31188BFF36F8F55
:10597000BFF34F8FFEE700BFA76B226CD2B19DB380
:10598000E0683146EAF780FCE168206C2268091A79
:105990009142E16003D2A16840420844E060A81E41
:1059A000B0FA80F040093946002F18BF01210840A5
:1059B0003F1A26E02068002520BBA06800F03EFDCD
:1059C000A56005461EE000BFFFF7FCF8002003B00D
:1059D000BDE8F08F2046F7F74DFD00F0F9FD0020FF
:1059E00003B0BDE8F08F00BF60683146EAF74CFCB9
:1059F000216CD4E9010208449042606001D3206820
:105A000060600025781CA06354F8240FA0B12046E4
:105A100000F0A4FD50B14EF60450CEF200004FF05D
:105A200080510160BFF34F8FBFF36F8FFFF7CAF84C
:105A3000012003B0BDE8F08F002DF7D04EF60450E2
:105A4000CEF200004FF080510160BFF34F8FBFF3E3
:105A50006F8FFFF7B7F8012003B0BDE8F08F0000AB
:105A60002DE9F04700B31E46144605460F4629B3FC
:105A7000022E02D1E86B012852D1FFF73FF9EFF374
:105A800011884FF0500080F31188BFF36F8FBFF380
:105A90004F8FA86B022E1FD0E96B88421CD30020C9
:105AA00088F31188BDE8F0874FF0500080F311882B
:105AB000BFF36F8FBFF34F8FFEE700BF286C002846
:105AC000D6D04FF0500080F31188BFF36F8FBFF333
:105AD0004F8F00BFFEE700BF95F84590A86BD5F843
:105AE00038A02A6C32B36EB3E8683946EAF7CCFBCB
:105AF000E968286C2A68091A9142E96003D2A9680A
:105B000040420844E860B01EB0FA80F040095146B7
:105B1000BAF1000F18BF01210840AAEB000A1EE0ED
:105B20004FF0500080F31188BFF36F8FBFF34F8F9A
:105B3000FEE700BF286890B9A86800F07FFC00204D
:105B4000A8600CE068683946EAF79EFB296CD5E945
:105B5000010208449042686001D3286868600AF135
:105B60000100B9F1FF0FA86310D155F8240FB8B1A7
:105B7000284600F0F3FC0146002C4FF0010018BF4E
:105B8000002913D188F31188BDE8F08709F10100DD
:105B900085F84500012088F31188BDE8F08700BF33
:105BA000012088F31188BDE8F08700BF0120206044
:105BB00088F31188BDE8F08770B568B10546006CC0
:105BC000A0B14FF0500080F31188BFF36F8FBFF387
:105BD0004F8F00BFFEE700BF4FF0500080F31188E9
:105BE000BFF36F8FBFF34F8FFEE700BF28680C46EF
:105BF00060B3FFF783F8EFF311864FF0500080F3A6
:105C00001188BFF36F8FBFF34F8FA96BE86B814291
:105C100018D295F845000131FF28A96324D155F821
:105C2000240F48B3284600F099FC0146002C4FF0A1
:105C3000010018BF00291BD00120206086F31188C5
:105C400070BD00BF002086F3118870BDA8680028D1
:105C5000CFD04FF0500080F31188BFF36F8FBFF3A8
:105C60004F8F00BFFEE700BF013085F845000120DF
:105C700086F3118870BD00BF012086F3118870BDC6
:105C8000B0B5A8B18568044600F030FB85421CBF62
:105C90000020B0BDE0680138E0601CBF0120B0BD4D
:105CA0002046002100220023FFF7C4FD0120B0BDE3
:105CB0004FF0500080F31188BFF36F8FBFF34F8F09
:105CC000FEE700002DE9F04F83B0029290B1164636
:105CD0000D460446002947D000F00EFBA0B99EB146
:105CE0004FF0500080F31188BFF36F8FBFF34F8FD9
:105CF000FEE700BF4FF0500080F31188BFF36F8FB5
:105D0000BFF34F8FFEE700BFFEF738FFD4F838A08F
:105D1000BAF1000F36D0226C52B1D4E902308118AA
:105D2000E160994224BF2168E1602846EAF7ACFAB5
:105D3000AAF10100A06354F8100F70B1204600F0E2
:105D40000DFC50B14EF60450CEF200004FF08051E1
:105D50000160BFF34F8FBFF36F8F0124FEF732FF57
:105D6000204603B0BDE8F08F206C0028B4D04FF07F
:105D7000500080F31188BFF36F8FBFF34F8F00BFC8
:105D8000FEE700BF04F1240801206F464FF0000930
:105D90000DF1080B2EE000BFFEF714FFFFF748FAE5
:105DA000FEF7ECFE94F84400FF2808BF84F8449006
:105DB00094F84500FF2808BF84F84590FEF702FFDD
:105DC0003846594600F0D4F9E0B12046F7F752FBC7
:105DD00000F0FEFBFEF7D2FEA66BFEF7F3FE002EF0
:105DE0003CD0FEF7CBFED4F838A00020BAF1000F6B
:105DF0007FF491AF029949B3C007CDD03846FFF781
:105E0000C3F8C9E7FEF7BAFEA66BFEF7DBFE2EB1BC
:105E10002046F7F72FFB00F0DBFBE2E70299404654
:105E2000FFF7C4F82046F7F725FB00F0D1FB002868
:105E3000D7D14EF60450CEF200004FF080510160F1
:105E4000BFF34F8FBFF36F8FCBE700BF0024FEF788
:105E5000B9FE204603B0BDE8F08F00BF0024204605
:105E600003B0BDE8F08F00002DE9F04381B00028B9
:105E70003ED0914605460E46002943D0FEF73EFF30
:105E8000EFF311884FF0500080F31188BFF36F8F4C
:105E9000BFF34F8FAC6B002C42D095F844702A6C46
:105EA00052B1D5E902308118E960994224BF2968CE
:105EB000E9603046EAF7E8F9601EFF2FA86335D1A4
:105EC00055F8100F00283BD0284600F047FB01464C
:105ED000B9F1000F4FF0010004D000291CBF0120D0
:105EE000C9F8000088F3118801B0BDE8F08300BF55
:105EF0004FF0500080F31188BFF36F8FBFF34F8FC7
:105F0000FEE700BF286C0028B8D04FF0500080F3A7
:105F10001188BFF36F8FBFF34F8F00BFFEE700BF45
:105F2000002088F3118801B0BDE8F083781C85F863
:105F30004400012088F3118801B0BDE8F08300BF60
:105F4000012088F3118801B0BDE8F0832DE9F04FFE
:105F500083B0029160B10446006C98B14FF05000DC
:105F600080F31188BFF36F8FBFF34F8FFEE700BF41
:105F70004FF0500080F31188BFF36F8FBFF34F8F46
:105F8000FEE700BF0D4600F0B7F958B955B14FF024
:105F9000500080F31188BFF36F8FBFF34F8F00BFA6
:105FA000FEE700BFFEF7EAFDA16BF9B1481EA06352
:105FB000206810B9F7F7D6FBA06054F8100F70B145
:105FC000204600F0CBFA50B14EF60450CEF200005D
:105FD0004FF080510160BFF34F8FBFF36F8F0124EB
:105FE000FEF7F0FD204603B0BDE8F08F04F1240970
:105FF0004FF0000B01206E4602AF4FF000082AE080
:10600000FEF7E0FDFFF714F9FEF7B8FD94F8440041
:10601000FF2808BF84F844B094F84500FF2808BF63
:1060200084F845B0FEF7CEFD3046394600F0A0F8C2
:10603000D0B12046F7F71EFA00F0CAFAFEF79EFD2F
:10604000A56BFEF7BFFD002D4ED0FEF797FDA16BAF
:1060500000200029AAD10299C1B3C007D0D0304690
:10606000FEF792FFCCE700BFFEF788FDD4F838A01A
:10607000FEF7A8FDBAF1000F06D02046F7F7FAF9AF
:1060800000F0A6FAE1E700BF206838B9FEF776FD18
:10609000A06800F019FA8046FEF794FD0299484680
:1060A000FEF784FF2046F7F7E5F900F091FA0028A3
:1060B000CBD14EF60450CEF200004FF0805101607B
:1060C000BFF34F8FBFF36F8FBFE700BFB8F1000F73
:1060D00022D04FF0500080F31188BFF36F8FBFF3D1
:1060E0004F8F00BFFEE700BFB8F1000F0AD0FEF7E8
:1060F00045FDD9F8000058B1206B0068C0F13801A7
:1061000007E000BF0024204603B0BDE8F08F00BFC9
:106110000021A068FEF7C2FF0024FEF753FD2046D1
:1061200003B0BDE8F08F000070B578B18668044612
:106130000D4600F0DBF8864212D020462946FFF7D4
:1061400005FF98B1E1680131E16070BD4FF050008A
:1061500080F31188BFF36F8FBFF34F8FFEE700BF4F
:106160000120E1680131E16070BD00BF002070BD19
:10617000B0B5D8B10D4619B30446FEF7FFFC40F2A6
:106180000C1CC2F2000CDCF8182029684B1C21D032
:10619000D4E9000EDCF83830834221D072451FD399
:1061A0000124FEF70FFD2046B0BD00BF4FF05000A8
:1061B00080F31188BFF36F8FBFF34F8FFEE700BFEF
:1061C0004FF0500080F31188BFF36F8FBFF34F8FF4
:1061D000FEE700BF0024FEF7F5FC2046B0BD00BF7F
:1061E000A2EB0E0291420DD9881A2860DCF8380023
:1061F0002060DCF8180060600024FEF7E3FC204615
:10620000B0BD00BF002001242860FEF7DBFC204663
:10621000B0BD00002DE9F04383B0074690009846DA
:1062200015468946F7F79AF9F8B106465C20F7F764
:1062300095F9B8B10446DDE90A100022266384F816
:106240005920CDE90010384649462A464346029473
:10625000F6F782FE2046F6F7F5FC012003B0BDE814
:10626000F08300BF3046FEF7C5FC4FF0FF3003B0AF
:10627000BDE8F08370B586B00B9CCCB10C9E0EB31C
:106280005C250495049D5C2D26D1049DDDF828C075
:10629000022586F8595005AD3463CDE900C5029654
:1062A000F6F75AFE3046F6F7CDFC059806B070BDFD
:1062B0004FF0500080F31188BFF36F8FBFF34F8F03
:1062C000FEE700BF4FF0500080F31188BFF36F8FDF
:1062D000BFF34F8FFEE700BF4FF0500080F31188EF
:1062E000BFF36F8FBFF34F8FFEE7000040F20C103B
:1062F000C2F200000068704740F20C10C2F20000C9
:10630000016900290FBF01204069B0FA80F04009FF
:1063100018BF40007047000040F20C10C2F20000AD
:106320008069704780B5FEF7E9FC40F20C10C2F2BC
:106330000000806980BD00002DE9F04381B040F28B
:106340000C16C2F20006706940B1706B0024013077
:106350007063204601B0BDE8F08300BFB06910F162
:106360000109C6F8189020D3F069006850B14FF0C9
:10637000500080F31188BFF36F8FBFF34F8F00BFC2
:10638000FEE700BFF069316AF1613062B06B013045
:10639000B063F069006828B1F069C068C0684068FF
:1063A00002E000BF4FF0FF30F062F06A48F20838B8
:1063B0008145C2F2000801D200242EE0F0690024D9
:1063C000006813E0F86A716A884288BF706200EB67
:1063D000800008EB80002946FEF7B8FBF86A3168B8
:1063E000C96AF269884228BF0124106890B1F06937
:1063F000C068C7683D4655F8040F81450CD3284650
:10640000FEF734FBB86A0028DCD007F11800FEF76D
:106410002DFBD7E74FF0FF30F0623068C06A00EB29
:10642000800058F82000012888BF0124306B002824
:1064300018BF0124204601B0BDE8F08370B588B1D3
:1064400040F20C16C2F2000604463068A0420BD09F
:106450004FF0500080F31188BFF36F8FBFF34F8F61
:10646000FEE700BF002070BD206D18B3411EE06A3A
:10647000E26C216590424FF0000008BF70BDC1B9C9
:10648000251D2846FEF7F2FAE06CC0F13801E06203
:10649000A161716A884248F2083188BF706200EBDE
:1064A0008000C2F2000101EB80002946FEF74EFB9E
:1064B000012070BD4FF0500080F31188BFF36F8F43
:1064C000BFF34F8FFEE70000F0B581B010B340F28C
:1064D0000C16C2F200060446C06A3168C96A8842D6
:1064E0001CD2A169002904D43168C96AC1F13801FC
:1064F000A16148F20837616900EB8000C2F2000731
:1065000007EB8000814213D03068C06AE06201204E
:1065100001B0F0BD002001B0F0BD00BFE16C3068FB
:10652000C26A0020914238BF012001B0F0BD00BF17
:10653000251D2846FEF79AFA3068C06AE062716A43
:10654000884288BF706200EB800007EB800029461C
:10655000FEF7FCFA012001B0F0BD000070B5C06884
:10656000C5686DB105F118042046FEF77FFA40F2C8
:106570000C16C2F20006706960B106F164001AE000
:106580004FF0500080F31188BFF36F8FBFF34F8F30
:10659000FEE700BF2C1D2046FEF768FAE86A716A24
:1065A000884248F2083188BF706200EB8000C2F276
:1065B000000101EB80002146FEF7C8FAE86A316865
:1065C000C96A884292BF00200120306370BD00007C
:1065D0002DE9F04140F20C15C2F20005686968B17E
:1065E000FEF7CCFA686901386861686980B10024F7
:1065F000FEF7E8FA2046BDE8F08100BF4FF05000FA
:1066000080F31188BFF36F8FBFF34F8FFEE700BF9A
:10661000E8680028EBD0686E88B348F20836C2F20A
:1066200000064FF0010800BF286FC76807F1180087
:10663000FEF71CFA3C1D2046FEF718FAF86A696A54
:10664000884288BF686200EB800006EB800021462C
:10665000FEF77CFAF86A2968C96A884228BFC5F83B
:106660003080686E0028DFD1E869006820B1E869F1
:10667000C068C068406801E04FF0FF30E8626C6BB2
:106680004CB10126FFF758FE002818BF2E63013CCD
:10669000F8D100206863286B0028A8D04EF604507B
:1066A000CEF200004FF080510160BFF34F8F012404
:1066B000BFF36F8FFEF786FA2046BDE8F081000039
:1066C00070B586B0FEF75AFA40F28416C2F20006A0
:1066D000306808BB06F114042046FEF7F5F906F110
:1066E00028052846FEF7F0F948F2152248F2B823AB
:1066F000C6E902450025C2F20002C2F200030A20E8
:1067000010210095FFF726F8306028B147F22131BB
:10671000C0F60101FEF722FBFEF754FA3068D8B14B
:106720000020CDE9040005A804A903AAFEF7BEF9DC
:10673000DDE903200221059DCDE900104DF2E900BD
:10674000C0F6000009A100230295FFF793FD7060D9
:1067500010B1012006B070BD4FF0500080F31188D9
:10676000BFF36F8FBFF34F8FFEE700BF546D7220F2
:10677000537663000FB4054B10B503A9044A029881
:1067800000F0FCF810BC5DF814FB000085740008F4
:10679000040000200FB47CB50C0009AD01D0611ECF
:1067A00000E00021CDE90001064B6A462946089821
:1067B00000F0E4F8002C02D0009A002111707CBC9B
:1067C0005DF814FBAB70010802E008C8121F08C195
:1067D000002AFAD170477047002001E001C1121F62
:1067E000002AFBD1704700002DE9FF5F82B0002135
:1067F000DDE90430020DDDF840B0034318D044F663
:106800001050A2F2FF3242431514119801281FD0F4
:10681000A5EB0B00401C5FEA000A4FF000064E4F4C
:10682000DFF83891B046504615D5CAF1000413E0A0
:10683000119801244AA3012801D16FEA0B010298A3
:10684000119AC0E90031C0E9024206B0BDE8F09FEC
:10685000CBF10000DFE704460021404A491842EB33
:106860000450CDE9001012E0E00707D032463B4665
:1068700040464946EAF74BF88046894632463B4651
:1068800010461946EAF743F806460F466410002CF6
:10689000EAD1DDE90401DDE90023BAF1000F06DAEF
:1068A000EAF735F842464B46EAF731F805E0EAF7F1
:1068B000A0F842464B46EAF79CF804460E460022F2
:1068C000284BEAF729F903D84FF0FF30014607E0DB
:1068D0000022254B20463146E9F772FFEAF704F91A
:1068E000102409E0002C0ADB0A220023E9F77AFCD5
:1068F000039B30321A55641E50EA0102F2D1641C27
:10690000039AC4F111031444119A012A03D00122FD
:1069100008430DD10AE0084304D000204FF0110BCA
:10692000119072E7A3EB0B056D1E0DE05B4504DDD6
:106930004FF0000205F1010504E003DA4FF0000218
:10694000A5F10105002AECD002981199C0E90231A5
:10695000C0E9004579E70000000014400000F03F66
:10696000300000000000F0430000E03F30380A280B
:1069700001D2012070470020704700002DE9FF4F31
:1069800095B09B468946064600250FE2252877D11B
:1069900000242746F84A0121059400E0044316F834
:1069A000013F203B01FA03F01042F7D130782A284A
:1069B00011D06FF02F033078A0F13002092A16D8D9
:1069C000059A44F0020402EB820203EB42021044F7
:1069D000761C0590EFE759F8042B0592002A03DA9C
:1069E000504244F40054059044F00204761C307880
:1069F0002E2816D116F8010F44F004042A280DD0D1
:106A00006FF02F023078A0F13003092B09D807EB83
:106A1000870302EB4303C718761CF3E759F8047B9E
:106A2000761C30786C280FD006DC4C2817D06828EC
:106A30000DD06A2814D104E0742810D07A280FD120
:106A40000DE044F400140AE044F4801401E044F43E
:106A500040147278824202D104F58014761C761CB0
:106A6000307866280BD013DC582877D009DC002852
:106A700075D04528F6D04628F4D047281AD19DE194
:106A800018E0632835D0642879D0652812D195E1C3
:106A9000702873D008DC6728F1D069286FD06E2881
:106AA0000DD06F2806D1B5E073282CD0752875D08D
:106AB000782874D05A46179990476D1C75E1C4F335
:106AC0000250022809D003280DD0D9F8001004285C
:106AD0000DD00D6009F1040967E1D9F80010EA173B
:106AE000C1E90052F6E7D9F800100D80F2E70D7009
:106AF000F0E719F8041B8DF8001000208DF8010054
:106B0000EA46012003E059F804AB4FF0FF3061077B
:106B10004FF0000102D40DE008F101018846B942AE
:106B20000FDA8045F8DB1AF808100029F4D108E0E4
:106B300008F1010188468142FADB1AF808100029A1
:106B4000F6D105985B46A0EB080721463846179A10
:106B500000F094FA284400EB080507E04DE029E135
:106B60000DE01AF8010B5A4617999047B8F1010841
:106B7000F7D25B4621463846179A13E142E00A22D3
:106B80000092C4F302524FF0000A022A08D059F8CA
:106B900004CB032A4FEAEC710AD00DE029E02AE089
:106BA00009F1070121F00702F2E802C1914609E06C
:106BB0000FFA8CFC4FEAEC71042A03D14FFA8CFCDB
:106BC0004FEAEC71002907DA0A460021DCF1000CDB
:106BD00061EB02012D2202E0220504D52B228DF863
:106BE0000420012203E0E20701D02022F7E79046CB
:106BF00059E00A2102E010220DE010214FF0000AB6
:106C000000910BE010224FF0000A44F00404082722
:106C1000009203E008224FF0000A0092C4F30252EF
:106C2000022A05D059F804CB0021032A08D009E034
:106C300009F1070121F00702F2E802C1914605E0DF
:106C40001FFA8CFC042A01D10CF0FF0C4FF0000855
:106C5000220728D5702806D0009B83F0100353EA42
:106C60000A0305D00EE040228DF80420012208E03E
:106C70005CEA010206D030228DF804208DF8050070
:106C800002229046009B83F0080353EA0A030AD1CC
:106C90005CEA010201D1620705D530228DF804209B
:106CA0004FF001087F1E582804D034A003900EA88E
:106CB00002900DE036A0F9E753466046009AE9F7E6
:106CC00091FA84460398825C0298401E02900270FA
:106CD0005CEA0100F0D1029806A9081A00F1200A26
:106CE000600702D524F4803400E00127574502DD17
:106CF000A7EB0A0000E0002000EB0A0100900598D5
:106D00004144401A0590E00306D45B462146179A99
:106D1000059800F0B3F90544002706E001A85A469B
:106D2000C05D179990476D1C7F1C4745F6DBE0035B
:106D30000CD55B462146179A059800F09FF905444B
:106D400004E030205A46179990476D1C0099481E60
:106D500000900029F5DC08E0029802995A46007874
:106D6000491C0291179990476D1CBAF10001AAF1D4
:106D7000010AF1DC65E100000928010030313233FD
:106D80003435363738396162636465660000000067
:106D90003031323334353637383941424344454651
:106DA0000000000000F058F90544761C30780028F7
:106DB0007FF4ECAD19B02846BDE8F08F620700D42F
:106DC000062709F1070222F0070CFCE80223E1463E
:106DD00003F000485FEA080C02D00FF2702C0DE0BF
:106DE0005FEA045C02D50FF2682C07E05FEAC47C1E
:106DF00002D00FF2602C01E0AFF2700C4FF0FF38C0
:106E000023F00043CDF850C065280CD006DC45289F
:106E100009D046281DD047283DD13DE0662818D02E
:106E200067287ED138E00021112F01DB112000E01E
:106E3000781CCDE9000106A90EA8FFF7D5FCDDE915
:106E40000F010E9A03910021009207F1010A0491AB
:106E50004DE04FF000400097CDE9011006A90EA8C3
:106E6000FFF7C2FCDDE90F0203920E9B119900228D
:106E7000DDF80CA00093049211B9791C00EB010A13
:106E8000B7EB0A0004D4C0F1FF3007F1010A049007
:106E9000AAEB0700019044E0012F00DA012700214E
:106EA000112F01DD112000E03846CDE9000106A9CF
:106EB0000EA8FFF799FCDDE90F010E9A039100215E
:106EC00004910092BA4621070CD40399514500DA87
:106ED0008A46BAF1010F05DD009AAAF10101515C61
:106EE000302908D0B84202DA10F1040F06DA012185
:106EF000CDE9011015E0AAF10101E9E7002805DC60
:106F0000049901440491AAEB000102E0411C51459F
:106F100000DD8A460499401A401C01904FF0004061
:106F20000290200704D40198504501DBCDF804807D
:106F300000208DF84F0002980DF14F07B0F1004F7F
:106F400025D02B200E9002984FF0020800280CDA72
:106F5000404202902D200E9007E00A210298E9F7A6
:106F6000C6FB3031029007F8011DB8F10001A8F10D
:106F70000108F2DC02980028EFD1791E0E98087003
:106F8000307800F0200040F0450007F8020D12A80C
:106F9000C01B00F107081498007800B1012000EB35
:106FA0000A01019801EBE07105984144401A401E26
:106FB0000590E00306D45B462146179A059800F039
:106FC0005DF805441498007818B15A46179990470F
:106FD0006D1CE00324D55B462146179A059800F006
:106FE0004DF805441CE00498002807DBDDE90301A7
:106FF000884203DD0098405C179901E01799302022
:107000005A469047049805F10105401C04900198E8
:10701000401E019004D12E205A46179990476D1CAE
:10702000BAF10001AAF1010ADDDC05E017F8010B55
:107030005A46179990476D1CB8F10001A8F1010854
:10704000F4DC5B462146179A0598ABE62D0000005C
:107050002B000000200000002DE9F041044600252F
:107060001E461746880404D405E039462020B04760
:107070006D1C641EF9D52846BDE8F0812DE9F0416C
:10708000044600251E469046C80301D5302700E07F
:107090002027880404D505E041463846B0476D1CDA
:1070A000641EF9D52846BDE8F0814A68002A06D05A
:1070B0000A68531C0B6010704868401E4860704797
:1070C00010B5044601E0F0F7DDF914F8010B0449AE
:1070D0000028F8D1BDE810400A20F0F7D3B900002D
:1070E00004000020004040404040404040404141BA
:1070F000414141404040404040404040404040408D
:107100004040404040050202020202020202020226
:107110000202020202202020202020202020200223
:1071200002020202020290909090909010101010B3
:10713000101010101010101010101010101010104F
:1071400002020202020288888888888808080808E3
:1071500008080808080808080808080808080808AF
:107160000202020240000000E57001080000000079
:1071700000000000010203040607080900000000E7
:107180000102030415730108000000000000000064
:1071900000000000000000000002000018000000D5
:1071A0000000000000000000FFFFFFFFFFFF0000E5
:1071B0000000000000000000FFFFFFFFFA000000D9
:1071C000E1300108E803000051850008E8030000F1
:1071D000E96E000860EA0000E1400008F4010000E8
:1071E000D147000818000F00600700201C02002093
:1071F00010000200CB08002020020020280004001C
:10720000EE0800202402002010001000942F00201F
:107210003402002060021000910900203802002092
:1072200020000500973000201802002020060C00E6
:107230003A3100201082002010000D00BD7A00209D
:107240003002002010000800907B0020280200205F
:1072500010000800137C00202C0200209C00050078
:10726000797D00200C0200201C000800967C002084
:10727000100200201000100088800020140200205E
:10728000200004008B810020080200208072010889
:107290005C720108687201087472010820720108AA
:1072A000E4710108F0710108FC71010844720108E1
:1072B000507201083872010808720108147201083E
:1072C000476F6F6462796520636C69656E745F41B6
:1072D0002100423131313137303230004C61623778
:1072E0002F4C6173745F77696C6C2F3300353438C1
:1072F000373837004C6162382F456467652F546812
:10730000726573686F6C6400252E32660072617955
:107310006D69616F0064656661756C745461736B4F
:1073200000546D725100417373657274696F6E2001
:1073300022257322206661696C6564206174206C6B
:10734000696E6520256420696E2025730A002E2E43
:107350002F4D6964646C6577617265732F54686939
:1073600072645F50617274792F4C7749502F737239
:10737000632F6170692F74637069702E630074638A
:107380007069705F7468726561643A20696E7661D5
:107390006C6964206D65737361676500496E766121
:1073A0006C6964206D626F78006D656D5F6D616CF6
:1073B0006C6F633A20616C6C6F6361746564206DFF
:1073C000656D6F72792070726F7065726C79206173
:1073D0006C69676E65642E00706C75675F686F6CB2
:1073E00065733A206D656D2D3E6E657874203C3D69
:1073F000204D454D5F53495A455F414C49474E45E5
:1074000044002E2E2F4D6964646C6577617265733C
:107410002F54686972645F50617274792F4C774998
:10742000502F7372632F636F72652F6D656D2E63BE
:10743000006D656D5F667265653A20696C6C6567A5
:10744000616C206D656D6F72793A206E6F6E2D6C78
:10745000696E6B65643A20646F75626C6520667254
:107460006565006D656D5F667265653A20696C6C77
:107470006567616C206D656D6F72793A20646F7518
:10748000626C65206672656500696E76616C696420
:10749000206E65787420707472002E2E2F4D6964F2
:1074A000646C6577617265732F54686972645F50AC
:1074B000617274792F4C7749502F7372632F636F09
:1074C00072652F6D656D702E6300696E76616C69F3
:1074D0006420706F6F6C2064657363006D656D7000
:1074E0005F667265653A206D656D2070726F7065BC
:1074F000726C7920616C69676E6564006D656D7092
:107500005F6D616C6C6F633A206D656D7020707299
:107510006F7065726C7920616C69676E6564002EAE
:107520002E2F4D6964646C6577617265732F5468A2
:107530006972645F50617274792F4C7749502F7370
:1075400072632F636F72652F6E657469662E6300B8
:10755000706275665F636F7079282920646F657348
:10756000206E6F7420616C6C6F77207061636B6547
:1075700074207175657565732100286820213D2090
:107580004E554C4C2920262620287420213D204E83
:10759000554C4C29202870726F6772616D6D657251
:1075A0002076696F6C6174657320415049290070C1
:1075B0002D3E746F745F6C656E203D3D20702D3ED6
:1075C0006C656E20286F66206C6173742070627524
:1075D0006620696E20636861696E29007020213D14
:1075E000204E554C4C00702D3E6E657874203D3D0C
:1075F000204E554C4C002E2E2F4D6964646C6577DF
:10760000617265732F54686972645F506172747936
:107610002F4C7749502F7372632F636F72652F70F1
:107620006275662E6300706275665F636F707920A5
:107630006661696C656400696E76616C696420706E
:107640006275665F7479706500696E6372656D65F9
:107650006E745F6D61676E6974756465203C3D2072
:10766000702D3E6C656E00706275662072656620D6
:107670006F766572666C6F77007463705F667265B3
:10768000653A204C495354454E007463705F736CE7
:107690006F77746D723A2054494D452D57414954C6
:1076A000207063622D3E7374617465203D3D2054EB
:1076B000494D452D57414954007463705F736C6F99
:1076C0007774696D723A207065727369737420748F
:1076D00069636B696E67207769746820696E2D66CF
:1076E0006C696768742064617461007463705F61C1
:1076F00062616E646F6E3A20696E76616C696420B7
:10770000706362002E2E2F4D6964646C6577617220
:1077100065732F54686972645F50617274792F4C7D
:107720007749502F7372632F636F72652F74637084
:107730002E63006E65775F7263765F616E6E5F7752
:107740006E64203C3D203078666666660074637027
:107750005F736C6F7774696D723A207065727369CC
:107760007374207469636B696E672077697468202D
:10777000656D7074792073656E64206275666665E8
:1077800072007463705F736C6F77746D723A206D02
:107790006964646C652074637020213D207463709B
:1077A0005F6163746976655F7063627300746370B0
:1077B0005F736C6F77746D723A20666972737420B0
:1077C000706362203D3D207463705F61637469760D
:1077D000655F70636273007463705F736C6F77745E
:1077E0006D723A206D6964646C6520746370202149
:1077F0003D207463705F74775F70636273007463BD
:10780000705F736C6F77746D723A2066697273740F
:1078100020706362203D3D207463705F74775F70F9
:10782000636273007463705F726563656976653A5D
:10783000207463706C656E203E207263765F776E95
:10784000640A007463705F726563656976653A20E7
:107850006F6F736571207463706C656E203E20726B
:1078600063765F776E640A007463705F7265636548
:107870006976653A207365676D656E74206E6F7406
:10788000207472696D6D656420636F7272656374D4
:107890006C7920746F207263765F776E640A00746F
:1078A00063705F696E7075743A207063622D3E6E0E
:1078B00065787420213D2070636220286265666FC0
:1078C000726520636163686529007463705F696E27
:1078D0007075743A207063622D3E6E657874202155
:1078E0003D20706362202861667465722063616365
:1078F000686529007063622D3E736E645F71756503
:1079000075656C656E203E3D20706275665F636CC8
:10791000656E286E6578742D3E7029007063622D47
:107920003E726566757365645F64617461203D3D98
:10793000204E554C4C007463705F696E7075743ADC
:1079400020616374697665207063622D3E73746193
:10795000746520213D204C495354454E007463709A
:107960005F696E7075743A20616374697665207022
:1079700063622D3E737461746520213D2054494D2E
:10798000452D57414954007463705F696E7075747A
:107990003A2054494D452D57414954207063622D7A
:1079A0003E7374617465203D3D2054494D452D570B
:1079B000414954002E2E2F4D6964646C65776172C5
:1079C00065732F54686972645F50617274792F4CCB
:1079D0007749502F7372632F636F72652F746370D2
:1079E0005F696E2E63007463705F77726974653AC5
:1079F00020617267203D3D204E554C4C202870720E
:107A00006F6772616D6D65722076696F6C61746508
:107A1000732041504929007463705F656E7175650C
:107A200075655F666C6167733A206E656564206595
:107A30006974686572205443505F53594E206F72C9
:107A4000205443505F46494E20696E20666C616742
:107A500073202870726F6772616D6D657220766930
:107A60006F6C61746573204150492900756E7365B0
:107A70006E745F6F76657273697A65206D69736D78
:107A80006174636820287063622D3E756E73656E45
:107A900074206973204E554C4C29006F76657273C3
:107AA000697A65203D3D203000707265765F7365B0
:107AB0006720213D204E554C4C007463705F7772F7
:107AC0006974653A20696E76616C696420706362DE
:107AD000007463705F6F75747075745F616C6C6F48
:107AE000635F6865616465723A20696E76616C698E
:107AF0006420706362007463705F7265786D69748E
:107B00005F72746F5F636F6D6D69743A20696E7632
:107B1000616C696420706362002E2E2F4D6964646D
:107B20006C6577617265732F54686972645F506128
:107B30007274792F4C7749502F7372632F636F7271
:107B4000652F7463705F6F75742E63007463705F6C
:107B500077726974653A20524F4D20706275667372
:107B60002063616E6E6F74206265206F766572733C
:107B7000697A656400696E636F6E73697374656EAC
:107B800074206F76657273697A652076732E207320
:107B900070616365007463705F77726974653A2021
:107BA000657874656E73696F6E206F6620726566A6
:107BB0006572656E636520726571756972657320A3
:107BC0007265666572656E6365006E6565642075D5
:107BD0006E636861696E65642070627566007463C7
:107BE000705F77726974653A2076616C69642071A0
:107BF00075657565206C656E677468007463705F89
:107C0000656E71756575655F666C6167733A20694D
:107C10006E76616C6964207175657565206C656E42
:107C2000677468007463705F656E71756575655F14
:107C3000666C6167733A20696E76616C6964207363
:107C400065676D656E74206C656E67746800696E3B
:107C5000636F6E73697374656E74206F766572738B
:107C6000697A652076732E206C656E007463705F90
:107C700077726974653A2063616E6E6F7420636F0A
:107C80006E636174656E617465207768656E2070DF
:107C900063622D3E756E73656E7420697320656D29
:107CA000707479002E2E2F4D6964646C6577617253
:107CB00065732F54686972645F50617274792F4CD8
:107CC0007749502F7372632F636F72652F74696DDC
:107CD000656F7574732E63007379735F74696D6576
:107CE0006F75743A2074696D656F757420213D203D
:107CF0004E554C4C2C20706F6F6C204D454D505F95
:107D00005359535F54494D454F555420697320656D
:107D10006D707479007564705F73656E64746F5F05
:107D200069665F7372633A20696E76616C6964207C
:107D3000706362002E2E2F4D6964646C65776172EA
:107D400065732F54686972645F50617274792F4C47
:107D50007749502F7372632F636F72652F7564704C
:107D60002E63007564705F73656E64746F5F69661F
:107D70005F7372633A20696E76616C696420706229
:107D80007566007564705F73656E64746F5F6966B5
:107D90005F7372633A20696E76616C696420647304
:107DA000745F6970006C656E203D3D2031006C652C
:107DB0006E203D3D2034006E6574696620213D20B3
:107DC0004E554C4C00646863705F6F7074696F6EE1
:107DD0005F627974653A206F7074696F6E735F6F5C
:107DE00075745F6C656E203C20444843505F4F5073
:107DF00054494F4E535F4C454E00646863705F6F4B
:107E00007074696F6E5F73686F72743A206F70740C
:107E1000696F6E735F6F75745F6C656E202B2032B7
:107E2000203C3D20444843505F4F5054494F4E53EF
:107E30005F4C454E00646863705F6F7074696F6E6D
:107E40005F6C6F6E673A206F7074696F6E735F6FEF
:107E500075745F6C656E202B2034203C3D204448B7
:107E600043505F4F5054494F4E535F4C454E006452
:107E70006863705F6F7074696F6E3A206F707469B9
:107E80006F6E735F6F75745F6C656E202B20322090
:107E90002B206F7074696F6E5F6C656E203C3D20A7
:107EA000444843505F4F5054494F4E535F4C454EEA
:107EB000002E2E2F4D6964646C6577617265732F97
:107EC00054686972645F50617274792F4C774950BD
:107ED0002F7372632F636F72652F697076342F640E
:107EE0006863702E6300646863705F7063625F72C2
:107EF0006566636F756E7428293A20726566636FD4
:107F0000756E74206572726F72006E657469662D8D
:107F10003E6877616464725F6C656E206D75737422
:107F2000206265207468652073616D65206173202F
:107F30004554485F4857414444525F4C454E206683
:107F40006F72206574686172702100697061646489
:107F50007220213D204E554C4C002E2E2F4D696431
:107F6000646C6577617265732F54686972645F50E1
:107F7000617274792F4C7749502F7372632F636F3E
:107F800072652F697076342F6574686172702E6324
:107F9000002E2E2F4D6964646C6577617265732FB6
:107FA00054686972645F50617274792F4C774950DC
:107FB0002F7372632F636F72652F697076342F6928
:107FC000636D702E6300702D3E726566203D3D200E
:107FD00031002E2E2F4D6964646C65776172657374
:107FE0002F54686972645F50617274792F4C7749BD
:107FF000502F7372632F636F72652F697076342F01
:108000006970342E63002E2E2F4D6964646C657781
:10801000617265732F54686972645F50617274791C
:108020002F4C7749502F7372632F636F72652F69DE
:108030007076342F6970345F667261672E630073E7
:10804000616E69747920636865636B206C696E6B1F
:108050006564206C697374006D7174745F636C691E
:10806000656E745F636F6E6E6563743A20636C69EE
:10807000656E745F696E666F2D3E77696C6C5F74B8
:108080006F706963206C656E677468206D757374BA
:10809000206265203E2030006D7174745F636C69EE
:1080A000656E745F636F6E6E6563743A20636C69AE
:1080B000656E745F696E666F2D3E636C69656E7484
:1080C0005F75736572206C656E677468206D75737B
:1080D00074206265203E2030006D7174745F636CA3
:1080E00069656E745F636F6E6E6563743A20636C6E
:1080F00069656E745F696E666F2D3E636C69656E4F
:10810000745F70617373206C656E677468206D7541
:108110007374206265203E2030006D7174745F724C
:10812000696E676275665F616476616E63655F67DD
:1081300065745F6964783A206C656E203C204D510F
:1081400054545F4F55545055545F52494E47425511
:10815000465F53495A45006D7174745F636C69657D
:108160006E745F636F6E6E6563743A20636C6965ED
:108170006E745F696E666F2D3E636C69656E745FC9
:10818000696420213D204E554C4C006D7174745F24
:10819000617070656E645F726571756573743A20A5
:1081A00074696D655F6265666F7265203C3D204D48
:1081B0005154545F5245515F54494D454F555400F9
:1081C0002E2E2F4D6964646C6577617265732F5430
:1081D000686972645F50617274792F4C7749502FCF
:1081E0007372632F617070732F6D7174742F6D7162
:1081F00074742E63006D7174745F7075626C697352
:10820000683A2054435020646973636F6E6E6563EF
:10821000746564006D7174745F636C69656E745F1E
:10822000636F6E6E6563743A20636C69656E745F2C
:10823000696E666F2D3E77696C6C5F746F706963F1
:10824000206C656E677468206F766572666C6F77F8
:10825000006D7174745F636C69656E745F636F6EDB
:108260006E6563743A20636C69656E745F696E66EF
:108270006F2D3E636C69656E745F6964206C656E1A
:10828000677468206F766572666C6F77006D7174C5
:10829000745F636C69656E745F636F6E6E65637443
:1082A0003A20636C69656E745F696E666F2D3E7708
:1082B000696C6C5F6D7367206C656E677468206FA6
:1082C000766572666C6F77006D7174745F7375623A
:1082D0005F756E7375623A20746F74616C206C65A3
:1082E0006E677468206F766572666C6F77006D716B
:1082F00074745F636C69656E745F636F6E6E6563E3
:10830000743A20636C69656E745F696E666F2D3EAA
:10831000636C69656E745F75736572206C656E67FA
:108320007468206F766572666C6F77006D71747417
:108330005F636C69656E745F636F6E6E6563743ADC
:1083400020636C69656E745F696E666F2D3E636C49
:1083500069656E745F70617373206C656E677468B5
:10836000206F766572666C6F77006D7174745F63F1
:108370006C69656E745F636F6E6E6563743A2072CC
:10838000656D61696E696E675F6C656E67746820A4
:108390006F766572666C6F770025642E2564002504
:1083A000660001020304050607070707070707031E
:1083B000060C183060780000D88301080000002007
:1083C00040000000C8670108188401084000002030
:1083D000501D0100D86701080000000000000000E7
:1083E00063320000010000001000000000C0000027
:1083F0006E19000061120008591200089512000859
:10840000751200085D1200080024F40000C000008E
:08841000AAAAAAAA00000000BC
:04000005080001AD41
:00000001FF
