:020000040800F2
:1000000078210120C5020008454F0008D14A0008A8
:10001000414F0008D12600080D53000800000000E1
:10002000000000000000000000000000C14F0008B8
:10003000592A000800000000514F0008F14F000845
:10004000DF020008DF020008DF020008DF0200080C
:10005000DF020008DF020008DF020008DF020008FC
:10006000DF020008392D0008DF020008DF02000867
:10007000DF020008DF020008DF020008DF020008DC
:10008000DF020008DF020008DF020008DF020008CC
:10009000DF020008DF020008DF020008DF020008BC
:1000A000DF020008D5500008DF020008DF02000868
:1000B000DF020008DF020008DF020008DF0200089C
:1000C000DF020008DF020008DF020008DF0200088C
:1000D000DF020008DF020008DF020008DF0200087C
:1000E000DF020008DF020008DF020008DF0200086C
:1000F000DF020008DF020008DF020008DF0200085C
:10010000DF020008DF020008DF020008DF0200084B
:10011000DF020008DF020008DF020008DF0200083B
:10012000DF020008DF020008DF020008DF0200082B
:10013000DF0200085D2A0008DF020008DF02000875
:10014000DF020008DF020008DF020008DF0200080B
:10015000DF020008DF020008DF020008DF020008FB
:10016000DF020008DF020008DF020008DF020008EB
:10017000DF020008DF020008DF02000800000000C4
:10018000DF020008DF020008DF020008DF020008CB
:10019000DF020008DF020008DF020008DF020008BB
:1001A000DF020008DF020008DF02000800F002F8AA
:1001B00000F05FF80AA090E8000C82448344AAF1A2
:1001C0000107DA4501D100F054F8AFF2090EBAE8A0
:1001D0000F0013F0010F18BFFB1A43F0010318477B
:1001E000C0990100E0990100103A24BF78C878C195
:1001F000FAD8520724BF30C830C144BF04680C602D
:10020000704700000023002400250026103A28BF74
:1002100078C1FBD8520728BF30C148BF0B60704778
:10022000662918F0DF82642900F04281732900F00A
:10023000DB85002070471FB518F0BFFA9DE803006A
:1002400002F02EF800F041FA00F02CFB0400002030
:10025000002118F023F8401C60600020002118F0F5
:1002600033F8E06001F090FB1FBD10B501F0F5FB25
:1002700010BD01F063FC1146FFF7DDFF09F06EFDD4
:1002800001F0AEFF03B4FFF7F0FF03BC02F08EF9FC
:100290000B49D1F800C04A685CF8043B1068184468
:1002A00042F8040B8C4528BFA1F1DC0C8A4228BF20
:1002B000A1F1DC02C1F800C04A6020F000407047A4
:1002C0001C0100200948804709480047FEE7FEE777
:1002D000FEE7FEE7FEE7FEE7FEE7FEE7FEE7FEE7F6
:1002E00004480549054A064B70470000C150000804
:1002F000AD010008781B012078210120781D012024
:10030000781D012010B500F0CDFA001D10BD00BF12
:100310008D7F010053EA020C00F069802DE9F04B5B
:100320004FF00006002B1FBFB3FA83F503FA05F464
:1003300024FA05F65E4012BF1643B2FA82F502FABD
:1003400005F4C5F120051EBF22FA05FC44EA0C04A1
:10035000203556EA044C4FEA144418BF641C4FF091
:1003600000084FF00009904271EB030C39D30029CB
:1003700019BFB1FA81F701FA07F6B0FA80F700FA6F
:1003800007F6C7F120071EBF20FA07FC46EA0C0655
:100390002037B6FBF4FCA7EB0507103F07F01F0B57
:1003A000CBF120062CFA06F60CFA0BFB44BFB34641
:1003B0000026202FA4BF5E464FF0000B5BEA060C20
:1003C00008BF4FF0010B19EB0B0948EB0608ABFB1C
:1003D000027C06FB02CC0BFB03CCC01B71EB0C01B7
:1003E000C1E70B46024641464846BDE8F08B13B5CF
:1003F000084318BF4FF0FF300146AFF30080BDE85F
:100400001C4070470FB4044910B503AA029800F0CD
:10041000EFFC10BC5DF814FB780100200FB41CB594
:100420000C0007AA009007D04142A14202D3204409
:10043000401E01E04FF0FF30074B7B4469460190BE
:10044000069800F0A4FC0020002C01D00099087050
:100450001CBC5DF814FB00007709000070B50C4669
:100460000546012A05D02878800600D5EA690023D0
:1004700002E0012305E05B1C934202D2E05C00280D
:10048000F9D1A869E618C01AA861286A1844286238
:100490002846AFF3008004E0D5E9012114F8010BF0
:1004A0009047B442F8D32846AFF3008070BD0000F7
:1004B0002DE9F0410646002410687529314616A53D
:1004C00010D0AFF30080002802DA404213A507E005
:1004D00031688A0701D512A502E0490704D511A5A4
:1004E000012401E0AFF3008000210A2206F1240775
:1004F00009E0B0FBF2FCB0FBF2F302FB1C00303071
:1005000078541846491C0028F3D123462A46304621
:10051000BDE8F04100F0CEB9000000002D00000061
:100520002B000000200000002DE9F0474FF0000AEA
:1005300089460446C0F820A02046E1688847002884
:1005400076D0252806D0D4E901219047206A401CA6
:100550002062F1E7E168204600258847C4F81CA026
:1005600006460027C4F818A02A2E09D0304617F0F6
:1005700046FE38B304EB8708303EC8F8186019E02F
:1005800059F8041B204604EB87029161E168884713
:10059000012F064618D1E069002820DA25F0200551
:1005A0001DE0D8F8180000EB800006EB4000303862
:1005B000C8F818002046E1688847064617F01FFE75
:1005C0000028EED1012F0AD02E2E08D12046E16856
:1005D00088477F1C0646022F45F02005C4DBA06932
:1005E000002803DA404245F00105A061E80701D088
:1005F00025F01005B6B1A6F14100192802D8203621
:1006000045F400654A463146204625604D46FFF7D1
:1006100007FE58B1012806D0ED1D25F0070000F1B6
:10062000080989E704E005F1040985E730468AE70F
:10063000206ABDE8F08700000FB400B58DB010A9A6
:10064000099000910B904FF0FF300A9000200C9021
:10065000064878440690064878446A4607900F9901
:1006600009A800F059FE0DB05DF814FBE30C000082
:10067000FB0C000010B5044603E008F0A3F9401C91
:1006800009D014F8010B05490028F6D1BDE8104047
:100690000A2008F097B94FF0FF3010BD7801002014
:1006A0000B4910B5A1F17C020A4CC2E9371237217F
:1006B00006E000EB104342F82130074B00FB0340FB
:1006C0000B1EA1F10101F4DC10BD0120E8E70000E0
:1006D000BC000020E119D666CD0D010040EA0103FF
:1006E00010B59B070FD1042A0DD310C808C9121FDB
:1006F0009C42F8D020BA19BA884201D9012010BD15
:100700004FF0FF3010BD1AB1D30703D0521C07E0E1
:10071000002010BD10F8013B11F8014B1B1B07D145
:1007200010F8013B11F8014B1B1B01D1921EF1D1B6
:10073000184610BD10B5431C02E010F8011B71B142
:100740008107FAD14FF0013202C88C1A8C4314EAA7
:10075000C211F9D0C01A0A0603D0C01E10BDC01ABB
:1007600010BD0A0401D0801E10BD0902FCD0401E3D
:1007700010BD032A40F2308010F0030C00F0158009
:1007800011F8013BBCF1020F624498BF11F801CB94
:1007900000F8013B38BF11F8013BA2F1040298BFF9
:1007A00000F801CB38BF00F8013B11F0030300F063
:1007B000E385083AC0F0088051F8043B083A51F844
:1007C00004CBA0E80810F5E7121D5CBF51F8043B0C
:1007D00040F8043BAFF30080D20724BF11F8013B7F
:1007E00011F801CB48BF11F8012B24BF00F8013BE1
:1007F00000F801CB48BF00F8012B704702F0FF035F
:1008000043EA032242EA024200F024B84FF0000219
:100810000429C0F0128010F0030C00F01B80CCF112
:10082000040CBCF1020F18BF00F8012BA8BF20F880
:10083000022BA1EB0C0100F00DB85FEAC17C24BFD4
:1008400000F8012B00F8012B48BF00F8012B70477E
:100850004FF0000200B5134694469646203922BF59
:10086000A0E80C50A0E80C50B1F12001BFF4F7AFA4
:10087000090728BFA0E80C5048BF0CC05DF804EB86
:10088000890028BF40F8042B08BF704748BF20F8F4
:10089000022B11F0804F18BF00F8012B70477047F2
:1008A000704770470048704740020020004870477A
:1008B000200200202DE9F0470D4699469246044655
:1008C00000F124080168880604D5E06921F01001D0
:1008D000216000E00120A84201DD471B00E0002765
:1008E000A1697A1902EB0900081AA0612078C006F4
:1008F00002D42046AFF30080002608E0D4E90121AD
:100900001AF806009047206A401C761C20624E456B
:10091000F4DB2078C0060AD52046AFF3008006E05D
:10092000D4E9012130209047206A401C2062381E03
:10093000A7F10107F4DC07E0D4E9012118F805006C
:100940009047206A401C2062281EA5F10105F3DCB7
:100950002046AFF300802078000602D50220BDE8D3
:10096000F0870120FBE72DE9FF4F0C461E464FF0B4
:10097000FF378BB0D2E90001DDF860800A908A462B
:10098000C1F30A5505B93D46002108464FF0000065
:10099000BAF1000F00F4400005DA00EB80004FF4DC
:1009A000400101EA50004FEA9059B9F1010F00DD12
:1009B000B9460A9850EA4A000ED044F61050A5F203
:1009C000FF3545432F14B8F1000F1ED07542291E84
:1009D0001EDDC9F100021CE0B8F1010F4FF000006C
:1009E00001D0302103E0F24305E02154401CB04225
:1009F000FBDB30460022002121540B99C1F808800E
:100A0000C1E900200FB0BDE8F08FBD1B6D1CDEE713
:100A10004A4600DA694206A800F040FF06AB93E8B8
:100A2000070003AB83E8070050460A9916F082FEE0
:100A30008DE80700A0F500501F3800900398002DA6
:100A40000ADD42F21F014A460844002303A903902D
:100A5000684617F02DF909E0A0F500504A461F3806
:100A6000002303A90390684617F04CF98DE80700AE
:100A70000004000C03D04FF0FF30410800E01046A6
:100A8000B8F1000F03D00022009215461EE0751E3B
:100A900005D400F0BAFC303262556D1EF9D5B3466C
:100AA0000122084302D000227F1C04E02078302875
:100AB00001D100227F1E002A099784D01DE0112D4C
:100AC00007DA00F0A2FC303262556D1C50EA0102D8
:100AD000F5D1084302D00098C8B10EE00021681E8D
:100AE00005E0235C625C63542254401E491C814231
:100AF000F7DBAB46A81B401E0990002004F80B0052
:100B00000B98099AC0F80880C0E9002B7AE71126F3
:100B10004FF0000857E72DE9F04F88460446D21DF4
:100B200022F0070191B0D1E90001CDE90A0117F0E7
:100B300035FA02460B98C00F01D02D2007E020683F
:100B4000810701D52B2002E0202101EAC000032A01
:100B5000099001D0072A05DB03464146204600F0F4
:100B6000A3FC0BE12078800601D5E06900E00620B7
:100B7000B8F1650F814606D0B8F1660F18D0B8F10C
:100B8000670F70D131E00020B9F1110F009001DB47
:100B9000112301E009F101030AAA01A90CA8FFF73A
:100BA000E2FEDDE90C70002609F10105834647E00D
:100BB00001204B4600904FF000470AAA01A90CA85B
:100BC000FFF7D1FEDDE90DB00C995D46002610B9A6
:100BD00009F101000D18B9EB050003D4C0F1FF368F
:100BE00009F10105A5EB09002BE0B9F1010F01DACC
:100BF0004FF001090020B9F1110F0090484601DDC6
:100C0000112300E003460AAA01A90CA8FFF7ABFED6
:100C1000DDE90C704D4600268346207800070AD493
:100C2000AB4500DA5D4601A8012D04DD411911F83C
:100C3000011C302907D04F4502DA17F1040F04DAFE
:100C4000012082460FE06D1EEEE7002F02DCED1B57
:100C50003E4403E0781CA84200DD7D1CB81B00F177
:100C6000010A4FF000472078000703D4AA4501DBB2
:100C70004FF0FF3A0021B7F1004F0DF143088DF816
:100C8000431024D002202B23002F01DA7F422D2392
:100C90000A21021EA0F1010000DC5FB197FBF1FC0C
:100CA00097FBF1F201FB1C7C17460CF1300C08F8A5
:100CB00001CDEEE7A8F1010003702188090501D5F7
:100CC000452100E06521A0F1010800F8011C099808
:100CD0000FA9A1EB0807FF1D00B10120411901EB8D
:100CE000EA70A1693844081A401EA0612078C00645
:100CF00002D42046AFF30080099828B1D4E901213D
:100D00009047206A401C20622078C00622D52046E9
:100D1000AFF300801EE0002E04DBB34502DD01A826
:100D2000805D00E03020D4E901219047206A401C1A
:100D30002062761CAAF101005FEA000A0AD1FFF7DF
:100D4000B1FDC0680168405CD4E901219047206A88
:100D5000401C2062281EA5F10105DCDC07E0D4E977
:100D6000012118F8010B9047206A401C2062381EB0
:100D7000A7F10107F3DC2046AFF30080032011B098
:100D800041E6000001694A1C02610878704700B51D
:100D90008FB0CDE901310021059105497944CDE9B4
:100DA000031011466846FFF7BFFB0FB000BD0000FF
:100DB000E5FFFFFFD1E900239A4202D2531C0B60EA
:100DC0001070704710B5436913B1AFF3008001E0B4
:100DD000FFF744FB012010BD127800F124010A70D6
:100DE00000224A700122EDE711684FF0FF32E9E777
:100DF000074B70B50D467B44FFF7C9FF04462846F4
:100E000000F0BEFD10B14FF0FF3070BD204670BD48
:100E1000CB7B00002DE9FF4F06468BB00878FF28FA
:100E200006D0491C2D2805D000244FF0000908E009
:100E300000200CE00124F8E709EB8903491C00EBD2
:100E400043090878FF28F7D114B1C9F100008146A1
:100E5000107800252C46AA4629462D2801D02B289B
:100E600004D1521C2D2813D0002082468B461078C6
:100E7000FF280FD04FF0000C0A21521CA5FB01786F
:100E800004FB018105FB0C11C5194BEB0104EEE7D6
:100E90000120EAE7002108464FF00000BAF1000FF8
:100EA00002D000EB80004008C0F38157012F01DD24
:100EB0004FF0FF370E9955EA040009EB01080BD0FB
:100EC0004FF0020918F5FA7F16DA4FEACA70002FC0
:100ED000706008DD012007E04FEACA70C6E900B083
:100EE0000FB0BDE8F08F00203060FFF7DFFCC0F8E6
:100EF00000901821084616E0B8F5FA7F18DD002F9B
:100F000002DAF748784401E0F6487844D0E9001066
:100F1000C6E9001040EACA707060FFF7C7FCC0F86D
:100F20000090142108460FB0BDE8F04F17F057BCF1
:100F3000002108464FF00000B8F10001099002DAE4
:100F4000C7F1000200E03A4601DAC8F1000106A844
:100F500000F0A4FC06AB93E8070003AB83E80700AE
:100F600044F23E005BEA04010090584604D144F28A
:100F70001E012C465D460091210C0904014306D157
:100F80000099240444EA15442D041039009104F01A
:100F90007F41014306D10099240244EA15642D02E1
:100FA0000839009104F07041014306D100992401F1
:100FB00044EA15742D01091F009104F040410143DA
:100FC00006D10099A40044EA9574AD00891E0091F1
:100FD00004F00041084304D100986D196441401E9B
:100FE00000904FF001033A466846B8F1000FCDE992
:100FF000014503A902DD16F09AFE01E016F06DFE30
:10100000BAF1000F04460D4601D084F000440021DF
:1010100008464FF00000099940F2FF77484010F071
:101020000C0F07D124F00040284303D0C4F30A502A
:10103000B84212D1FFF73AFCC0F80090C4F30A504E
:10104000B8420AD1A8487844D0E90010C6E9001097
:1010500004F000410843706042E7C6E900543FE7EE
:101060002DE9FF4F1F464FF0000A4FF0FF3845466D
:1010700091B0D7E90146CDF83CA0FFF713FCC0685A
:101080000168405C1090B96912986D1C8847396AF4
:10109000814688470028F6D1B9F1FF3F0AD0002EDB
:1010A00024F4D06411DDB9F12B0F08D0B9F12D0F64
:1010B0000BD102E0404615B013E744F48064B969EF
:1010C00012986D1C8847761E8146600504A901D5DB
:1010D0002D2000E02B20002E01F1010B0DF1300836
:1010E0008DF810003FDDB9F1690F08D0B9F1490F53
:1010F00005D0B9F16E0F02D0B9F14E0F1CD13B46AD
:1011000001A8009580E85002DDE912126FF002009C
:1011100017F0CEFBC11CCED10EE0B96912986D1C40
:10112000884781461398761E44F4007405600F9832
:10113000401C002E0F9016DDB9F1300FEDD0B9F143
:10114000780F02D0B9F1580F0DD10F9801280AD1AC
:101150003B46CDE90054DDE91212001F029617F05C
:10116000A5FBC11CA7D1109989453ED144F080044C
:1011700006E01399681CAAF1010A44F4007408609F
:10118000B9696D1C1298761E884730288146F0D0C8
:101190002BE01099894505D1200603D4761E44F032
:1011A000800418E0484617F02AF808B3761E0DF1BF
:1011B00023029345A9F1300044F4007406D20BF8E1
:1011C000010B200607D5AAF1010003E0200602D496
:1011D0000AF101008246A00502D51399681C086037
:1011E000B96912986D1C88478146002ED1DC53E006
:1011F000002E51DDB9F1650F02D0B9F1450F4BD189
:10120000A00549D5B9696D1C1298761E24F4407466
:101210008847002E81460CDD2B2804D0B9F12D0F14
:1012200007D144F48074B96912986D1C8847761E02
:101230008146E00501D52D2100E02B2108F8011B96
:10124000CDF8008021E0761E0DF13901884544F487
:1012500000740CD2A9F1300010F0FF0088F80000F3
:1012600002D10099884509D908F1010806E0E00596
:1012700001D51E4801E042F20F708246B96912980A
:101280006D1C8847814613980560002E04DD484692
:1012900016F0B5FF0028D6D1F96912988847FF20CB
:1012A00053468BF8000088F8000000200A900B904D
:1012B00004AA0CA90AA8FFF7ADFDA00502D46FF09F
:1012C0000100F8E614F0240F12D0E0071CD13868B2
:1012D000DDE90A12031D3B600068C0E9001213E05B
:1012E000C08C0100B28C0100768B0100F1D8FFFFA9
:1012F0000AA9684616F070FFE00705D13868009A21
:10130000011D3960006802602846D4E60268114475
:101310001378016018467047D160054979445161DE
:1013200004497944116200211161114600F0FCB8B2
:10133000EDFFFFFF6F010000426842B1016811F844
:10134000013B23B1521EC0E900121846704701212B
:10135000C160881E704742685AB1C368016843B9CA
:1013600083688B4205D0491E521CC0E90012002040
:1013700070474FF0FF30704710B5203AC0F00B8037
:10138000B1E81850A0E81850B1E81850A0E818507B
:10139000203ABFF4F5AF5FEA027C24BFB1E81850F1
:1013A000A0E8185044BF18C918C0BDE810405FEA53
:1013B000827C24BF51F8043B40F8043B08BF7047CF
:1013C000D20728BF31F8023B48BF11F8012B28BFD4
:1013D00020F8023B48BF00F8012B704700487047D7
:1013E00020020020B2F120030AD5C2F1200301FA45
:1013F00002F120FA03F341EA030100FA02F0704718
:1014000000FA03F14FF00000704730B5B0F10A0266
:1014100071F100034FEA900E4EEA817EB0EB0E00B0
:1014200061EB91014FEA101E4EEA017E10EB0E00B7
:1014300041EB11114FEA102E4EEA016E10EB0E0037
:1014400041EB11214FEA104E4EEA014E10EB0E0017
:1014500041EB1141401841F100014FEAD00040EA50
:1014600041704FEAD1014FEA810444EA907410EBD5
:10147000800544EB01046D1944EB0404521BA341A5
:101480004FF0000348BF0A3200D530BD401C41F187
:10149000000130BD10B50446FEF734FF0068005D62
:1014A00000F0010010BD00002DE9F0411F46044688
:1014B00003260168072A01F4006004DB08B116A5C1
:1014C00005E016A503E008B115A500E015A521F07B
:1014D00010002060A069C01EA0610FB1401EA06175
:1014E0002046AFF300804FB1D4E901213846904740
:1014F000206A401C2062C01C206206E0206AFAE7D5
:10150000D4E9012115F8010B9047761EF8D2204648
:10151000AFF30080BDE8F0814E414E006E616E0079
:10152000494E4600696E66002DE9F34F4FF0000A00
:101530000C4656468DB001200C9001F10C000B902A
:1015400062690B9801219047051E2DD0252D2CD0C6
:10155000216A8847C0B162690B9801219047216ACE
:1015600088470028F7D16269411E0B98904700E038
:10157000761CA1690D988847216A88470028F7D111
:10158000E1690D988847DBE7A1690D988847A84273
:10159000074601D1761CD3E7E1690D9888477F1C87
:1015A00002D1BAF1000F6FD06BE162690B9800278E
:1015B0003D46394690472A2804D162690B9801219B
:1015C00090470125DFF8D08262690B98012190478E
:1015D000A0F130010A290AD24745E5DC07EB870173
:1015E00000EB4107303FDFD445F01005ECE7E9069A
:1015F00001D46FF000476C280AD04C2814D068281A
:1016000015D06A280DD074281CD07A281AD01DE075
:1016100062690B98012190476C2802D045F00405BF
:1016200014E045F002050DE045F020050AE062698E
:101630000B9801219047682802D045F0080505E085
:1016400045F4006562690B9801219047C4E9015790
:1016500065283DD019DC58287AD00CDC452837D0D5
:1016600004DC252826D041289ED131E046282FD001
:10167000472899D12CE05B2877D0612828D06328AF
:101680007CD0642823D15AE0F6E06F2848D008DCEB
:1016900066281DD067281BD0692821D06E2816D156
:1016A00027E0702845D0732868D0752847D078285F
:1016B0000DD14DE0A1690D988847252805463FF4D6
:1016C00069AFE1690D9888476D1C3FF46AAFD8E0B7
:1016D0000D9923466A466FF0010017F0E5F8C5E062
:1016E00045F0400023464FF000026060A80736D462
:1016F0003EE0E8077FF447AF2068011D21600068E5
:10170000290501D506701BE7290701D5068017E7D3
:10171000A90703D5F117C0E9006111E706600FE7DB
:1017200045F0400023464FF008026060A80716D439
:101730001EE040F60E0125EA0100606016E045F06B
:10174000400023464FF00A026060A80707D40FE06C
:1017500045F040006060A80708D5234610220D9987
:101760006FF00100AFF3008080E007E01022234615
:101770000D996FF00100AFF3008077E04FF00009A2
:1017800063284F46C8464B46CB4602D05B2806D05E
:1017900038E0E80601D40120A060012732E0626948
:1017A000D4F80CB00B98012190475E2807D14FF078
:1017B000010949466269D4F80CB00B989047216939
:1017C00039B900210A4603AB43F82120491C0829F6
:1017D000FADBD8B3216949B308F1010862690B98B3
:1017E000012190475D28F4D1B9F1000F09D0002004
:1017F00003A951F82020D24341F82020401C08289A
:10180000F7DB03AB2069002820794FEA40701ED037
:101810005B462246CDF80080CDE901970D9900285E
:101820006FF0010020DAAFF300801FE0C11703AAB8
:1018300000EBD1614B1121F01F0102EB8302411A31
:1018400013680120884003431360C7E719E00D992E
:10185000224600286FF00100009702DAAFF3008003
:1018600004E0AFF3008001E0AFF3008000280ADA63
:10187000401C06D10C9820B14FF0FF300FB0BDE8EE
:10188000F08F5046FAE7E90701D10AF1010A064450
:1018900000200C9054E60000CCCCCC0C2DE9F04795
:1018A000814616468AB0354878440DC88DE80D004B
:1018B00032487844801C03AC0DC884E80D0041F622
:1018C0009B300844372190FBF1F290FBF1F5A5F134
:1018D000800501FB12041B3C02D56442012000E09C
:1018E0000020DFF898A080460027FA44AAF1BE0A3B
:1018F0000EE0E0070AD03246684607EB47010123B5
:101900000AEB810116F0FEF98DE8070064107F1CD8
:10191000002CEED1194F7F44AE3F19E0E80715D0F7
:1019200007EB04100DF1180A90E80E008AE80E008B
:10193000C068F04201D1981908903246012306A9E7
:1019400003A816F0DFF903AB83E807006D10641CF1
:10195000002DE3D14FF0010332466946B8F1000F84
:1019600003A802D016F0A4F901E016F0CBF9C9E9FA
:101970000001C9F808200AB0BDE8F087B470010082
:10198000007B00F08000704710B542485421FEF7FC
:101990005FFF41485421FEF75BFF40485421FEF7AA
:1019A00057FF3F493B483C4A3F4B08603D490A606E
:1019B0003A491960531C0365481C106501200865ED
:1019C0003B48344A39A1784400F06CFB20B93848D0
:1019D00078440A3800F00DFC37482F4A35A1784486
:1019E00000F060FB20B9344878440A3800F001FC6C
:1019F00032482A4A2FA1784400F054FB20B92F48DE
:101A000078440A3800F0F5FB40232248DC0000212E
:101A1000224600F023FB20B125487844543800F0DA
:101A2000E8FB1D4822464023002100F017FB20B1AF
:101A300021487844543800F0DCFB18482246102333
:101A4000002100F00BFB002806D01C487844BDE8BC
:101A50001040563800F0CDBB10BD104870B5006D79
:101A600020F001040B4800F095FB0B4800F092FBBE
:101A70000A4800F08FFB09E0206D20F001052046A8
:101A800000F088FB204600F07EF82C46002CF3D1B5
:101A900070BD00002401002078010020CC0100204E
:101AA0000000002004000020080000207200000058
:101AB000AE6F0100770000009A6F0100866F010091
:101AC00030B44FF0013C50F8042B51F8043BCCFAF1
:101AD00052F4D51A20D1FCB950F8042B51F8043B2C
:101AE000CCFA52F4D51A17D1B4B950F8042B51F8E6
:101AF000043BCCFA52F4D51A0ED16CB950F8042B31
:101B000051F8043BCCFA52F4D51A05D1002CDAD0A6
:101B100030BC4FF00000704729BAB1FA81F111F0E2
:101B20001801D1F120008440F2D1CA40CB4012F01C
:101B3000FF0213F0FF0330BCD01A70477546FFF761
:101B40004DFCAE4605006946534620F00700854629
:101B500018B020B5FEF7C4FBBDE820404FF00006EA
:101B60004FF000074FF000084FF0000BAC46ACE818
:101B7000C009ACE8C009ACE8C009ACE8C00921F074
:101B800007018D46704770B50446051F00F06CFBD9
:101B90000068002C14BF446870BD002C18BFAC4214
:101BA0003CBF20466468F8D301680A18AA4218BFEF
:101BB000456003D12A68054611440160286841192F
:101BC000A1421CBF6C6070BD6168696021680844F7
:101BD000286070BD10B5FEF769FE006810BD10B535
:101BE0000446FEF763FE046010BD3A2800D2303888
:101BF00020F02002412A01D3A2F13700884201D30C
:101C00004FF0FF30704700002DE9FF4F1F464FF0A7
:101C10003C0987B04FF00042DDE9141001F10108E2
:101C2000DDF858A002EA405003900020059083465A
:101C3000054604460490B969461E08988847AAF1EB
:101C4000010A0290BAF1000F3BDD02982E2815D050
:101C50001021FFF7CAFF00282EDB4FF0010B05997A
:101C6000014317D0B9F1000F0BDB4A46C117FFF74C
:101C7000B9FB05430C43A9F1040905E001200490D8
:101C80000BE008B145F0010501200590049820B94A
:101C9000361D02E0049800B1361FB969089808F1B2
:101CA00001088847BBF1000FAAF1010A0290C9D0D0
:101CB0000999C1F80080C5E70298702808D050281B
:101CC00006D0F96908988847BBF1000F14D04FE09F
:101CD000002002900120BBF1000F049009D0B969E7
:101CE000089808F101088847AAF10109B9F1000F25
:101CF00007DCF969089888476FF001000BB0BDE870
:101D0000F08F2B2804D02D280CD14FF0FF300490F9
:101D1000B969089808F101088847A9F10109B9F1E2
:101D2000000FE6DD411CE4D00A21FFF75EFF00282A
:101D3000DFDB029908F1010801EB810100EB4100B2
:101D40000290B969089888470A21FFF74EFF099A5F
:101D5000A9F10109B9F1000FC2F8008001DD0028E6
:101D6000E7DAF969089888470499029800FB016648
:101D700055EA040004D004F04041090002D006E016
:101D8000039898E0A40044EA9574AD00B61E04F0F0
:101D90000041080002D16D196441761E159810F0BB
:101DA000240F03D04FF00B095C4803E04FF02809E3
:101DB0006FF07D008246564507DAAAEB060189449A
:101DC000B9F1410F01DD4FF0410901200021A9F1D6
:101DD0000102FFF707FB024628400B46214008435B
:101DE00001D0012100E00021501E029143F1FF319A
:101DF00028402140084301D0012000E00020029942
:101E0000834651EA0B014FD0002108464FF00000F5
:101E1000039900F4400039B100EB80004FF4400119
:101E200000EBD07001EA60008015012802DD4FF060
:101E3000FF3000E013D0401C36D0029860B3BBF1F5
:101E4000000F0CD14A4601200021FFF7CBFA2840B1
:101E50002140084301D0012000E00020E0B1012032
:101E60004A460021FFF7BEFA034640190A4661417F
:101E70002D1A8C4111D3B9F1400F09DD159810F0DE
:101E8000240F02D0AAF1340603E0AAF1170600E0FD
:101E9000761C00254FF0004406E05B1E42F1FF3245
:101EA00020EA030521EA0204CAF10100B04206DA81
:101EB0001B49039808430190002000900EE0039A0C
:101EC000C4F3D321E80A0A43164940EA44500A43BE
:101ED0003146CDE90002684616F087F9159810F0F2
:101EE000240F0BD01598C00715D13868DDE9001212
:101EF000031D3B600068C0E900120CE002A86946BF
:101F000016F06AF91598C00705D13868029A011DC4
:101F10003960006802604046F0E6000002FCFFFF06
:101F20000000F07F0000F03F2DE9FF4F92461D4674
:101F300085B04FF00041DDE9124BDDE914727F1EE0
:101F400001EA4B50414940F0FF4940EA01080021B5
:101F500022F020004928049102D04E2828D04CE0DD
:101F60003BA0012607C88DE80700A9690698641CF4
:101F700088477F1E014606D41DF8060018B121F0DF
:101F8000200181420BD0E96906988847032E34D09E
:101F9000082E32D06FF0010009B0BDE8F08F761C3A
:101FA000032E01D0082EE0D1601CCAF80000DCE747
:101FB000A9690698641C88477F1E2AD420F0200057
:101FC000412826D1A9690698641C88477F1E20D421
:101FD00020F020004E281CD1A9690698641C88476F
:101FE0007F1E48F4002849F48009CAF8004001D453
:101FF000282806D0E969069888475FEACB7012D096
:1020000022E0A9690698641C88477F1E01D4002835
:1020100003DAE96906988847BCE72928F1D1641CEE
:10202000CAF80040E9E71BF0240F07D0286804999C
:10203000031D2B600068C0E9001805E02868021D38
:102040002A600068C0F800902046A5E70000F07FF5
:10205000494E46494E4954590000000070B5C468C5
:10206000A50713D0650211D4B2F5807F09D0B2F56F
:10207000007F06D0B2F5806F08D1012300F1240162
:1020800006E05D1E6FF07F46B54201D3012070BDB2
:102090000161C361416024F470611143C16000209B
:1020A00070BD00002DE9F0410C461646070047D0F0
:1020B000104600F06FF82078611C61280AD0722861
:1020C00002D077283CD102E00125002405E002255A
:1020D000042402E0082448F2020511F8010B2B2821
:1020E00006D0622809D011F8010C74280AD00BE040
:1020F00045F0030544F00204EFE745F0040544F021
:102100000104EAE744F010043846214600F078F86C
:10211000411C15D00021316171604FF40071F560F0
:10212000F1617061200704D530460222002100F0E1
:1021300015F9306D40F0010030653046BDE8F081A2
:102140000020FBE72DE9F0410D460646104C206DBE
:10215000C10704D0410804D020F00104F7E722466B
:102160000EE0542000F0CBF807000ED0206D47F0B1
:1021700001010843542120653846FEF769FB3A46C1
:1021800029463046BDE8F0418CE70020D6E7000044
:10219000240100202DE9F04704464FF0FF380026C7
:1021A000C568D4E90497A80718D0204600F092F932
:1021B000384600F02FF8002800DA4646280502D5F8
:1021C0004846FFF7E0FC4C212046FEF741FB206D1E
:1021D00020F0010020653046BDE8F0874046FBE76F
:1021E00010B50446AFF300802046BDE81040FEF76E
:1021F00049B810B500F0B8F9BDE8104000F0AEB92C
:102200000EB5CDE90001FEF795FA0290694601206E
:10221000ABBE0EBD08B5694600900220ABBE08BD3E
:102220001FB58DE8070069460520ABBE04B010BDA0
:102230001FB58DE80F0069460620ABBEF6E708B56E
:10224000694600900920ABBE08BD1CB5CDE9000170
:1022500069460A20ABBE1CBD704708B569460090B0
:102260000C20ABBE08BD00000048704728020020CB
:10227000704770477047704738B504460A460020DB
:102280006946AFF30080002808BF38BD02460099B8
:10229000204600F099F9012038BD012000F07EB9F8
:1022A000F8B5AFF30080054600200C46102000BFB3
:1022B0000646A819A0420DD9324669460020AFF360
:1022C0000080070008BF00F069F90098A04218BF1D
:1022D0000546C419FFF7C8FF05600746F01D20F04A
:1022E00007004619284600F068F9B44208BFF8BD57
:1022F000A21B31463868BDE8F84000F065B970B5FA
:102300000646FFF7B1FF056806F10B0020F0070451
:10231000B4429CBF002070BD2B466A68BAB11068F9
:10232000A04210D304F1080188423CBF50685860B5
:1023300007D35168101941601168091B016058608A
:102340001460101D70BD13465268002AE7D1214663
:102350002846FFF791FF0028DED170BD2DE9F0413E
:10236000044616460D464769007B80072ED0384646
:10237000FFF765FF50BB3EB3012E02D0022E25D1E0
:1023800004E0204600F03AF905441DE03846FFF726
:1023900064FFE168002841F01001E16005DA2046A1
:1023A00000F058F80120BDE8F081C9030BD5626840
:1023B000E16A914200D81146A26911442269891A42
:1023C000814200DD08460544002D01DA0220EAE7DB
:1023D000E16A6068E268814206D29103E06203D557
:1023E00022F4003141F01002A6690027AE4213DC4E
:1023F000E16A814201D90B4600E0034603EB060C7B
:102400002369ACEB030CAC4506DD814201D98C4657
:1024100000E084469C4505D1A760276042F020007B
:10242000A5620DE0AD1BE669AE1B8142A66000D936
:102430000846C01A281A20605819606022F020004F
:1024400003490840E060002084F84870ABE70000D2
:10245000BFCFD7FFC16821F4001141F08001C160F6
:1024600000218160016070472DE9F74F15460C4649
:102470004FF0FF3B3848D768D2F814A0074209D084
:102480005046A969FFF7E1FE002819DB3248C04336
:102490000740EF604FF000496FF000484C4501D312
:1024A000464600E0264600993B4650463246FFF736
:1024B000B7FEA96920F00042B21A1144A96128B1FF
:1024C0002846FFF7C7FF5846BDE8FE8FA41BE5D19D
:1024D0000020F9E770B504460569C06A6168884262
:1024E00000D80846E16821F42011E160C90312D543
:1024F000A84208D02246411B2846FFF7B5FF10B17D
:102500004FF0FF3070BD0020E562C4E90150E06883
:1025100020F48030E060002070BD10B50446C06833
:1025200020F02000E060A16AA06988420DD020461A
:10253000FFF7D0FFE06820F4405040F01000E0606A
:10254000A06AA0612069E062606044F24001E06836
:102550008843E06010BD000010000200002801D098
:1025600000F024B87047000010B5014602A000F04A
:1025700066F8012010BD00005349475254524544AB
:102580003A2052656469726563743A2063616E270C
:1025900074206F70656E3A200000000010B500F0E6
:1025A00067F8BDE81040FFF7D9BF000001491820C7
:1025B000ABBEFEE726000200704700210160C0E9C3
:1025C0000110704710207047034640688C46002871
:1025D00018BF88423CBF03464068F8D318681844C7
:1025E000884207D00CF1030020F00700001D411ABB
:1025F000521A0146081D0A60FFF7C5BA10B5014618
:10260000C268900703D0900607D5886A0AE0FEF7F3
:102610004DF901210160881E10BD8B69486818447E
:102620000B69C01A91F848301BB191F84910401A53
:1026300010BD1103FCD50028FADD401E10BD70B599
:1026400005460C460A2000E06D1C00F039F835B153
:1026500028780028F8D102E0641C00F031F814B1A9
:1026600020780028F8D1BDE870400A2000F028B892
:1026700010B5012805D0002103A0FFF7E0FF0120DD
:1026800010BD09A1F8E7000053494752544D454D8C
:102690003A204F7574206F662068656170206D6503
:1026A0006D6F7279000000003A2048656170206DFE
:1026B000656D6F727920636F7272757074656400F6
:1026C00008B569468DF800000320ABBE08BD0000C8
:1026D000FEE700002DE9F04F87B00C46054604F0F8
:1026E000F7FC002800F0AE8141F2004640F6A00A57
:1026F000CDE901540024C4F20206C2F2000A41F2FC
:10270000111540F24448002712E000BF016A294237
:1027100032D030464FF4805101F0E8FA002807F13A
:10272000010718BF0120082F40EA4B0B2ED000BF35
:1027300030464FF4805101F0D9FA0028F8D100BF9B
:1027400030464FF4805101F0D1FA0028F8D0DAF881
:1027500000004462016841F001010160416A2729DB
:10276000D4D8416A2729D1D8416A2729CED8416ACD
:102770002829F3D3CAE700BF016A11EA080FC8D1BC
:10278000016821F001010160C3E700BF4FF00009BB
:1027900041F2111540F24448002411E0016A294237
:1027A00034D030464FF4805101F0A0FA002804F1F3
:1027B000010418BF0120082C40EA470730D000BFB1
:1027C00030464FF4805101F091FA0028F8D100BF53
:1027D00030464FF4805101F089FA0028F8D0DAF839
:1027E0000000C0F82490016841F00101016000BFC1
:1027F000416A2729D2D8416A2729CFD8416A272997
:10280000CCD8416A2829F3D3C8E700BF016A11EA8E
:10281000080FC6D1016821F001010160C1E700BFC6
:102820004FF0000841F211144FF0000912E000BF10
:10283000016A214234D030464FF4805101F056FAFB
:10284000002809F1010918BF0120B9F1080F40EA79
:1028500045052FD030464FF4805101F047FA00284B
:10286000F8D100BF30464FF4805101F03FFA002804
:10287000F8D0DAF80000C0F82480016841F00101C6
:10288000016000BF416A2729D2D8416A2729CFD8E1
:10289000416A2729CCD8416A2829F3D3C8E700BF69
:1028A000016A40F244421142C5D1016821F00101A0
:1028B0000160C0E741F211194FF0000814E000BFB9
:1028C000016A11EA090F35D030464FF4805101F00A
:1028D0000DFA002808F1010818BF0120B8F1080F0F
:1028E00040EA440430D000BF30464FF4805101F03C
:1028F000FDF90028F8D100BF30464FF4805101F0B7
:10290000F5F90028F8D0DAF80000002141620168EA
:1029100041F00101016000BF416A2729D0D8416A16
:102920002729CDD8416A2729CAD8416A2829F3D353
:10293000C6E700BF016A40F244421142C4D10168B7
:1029400021F001010160BFE74FF0000814E000BF73
:10295000016A41F21112114234D030464FF48051D5
:1029600001F0C4F9002808F1010818BF0120B8F1EE
:10297000080F40EA49092FD030464FF4805101F04A
:10298000B5F90028F8D100BF30464FF4805101F06E
:10299000ADF90028F8D0DAF80000002141620168A2
:1029A00041F00101016000BF416A2729D0D8416A86
:1029B0002729CDD8416A2729CAD8416A2829F3D3C3
:1029C000C6E700BF016A40F244421142C5D1016826
:1029D00021F001010160C0E7FFB257FA8BF050FA15
:1029E00085F050FA84F05FFA89F1884225D149F6E2
:1029F0008039C0F601090DF114085FFA8BF34046E7
:102A000008214A46EEB2E4B20097FDF707FD03AD98
:102A1000284608214A4633460094FDF7FFFC49F654
:102A20008636C0F60106019A40463146FDF704FE9F
:102A3000029A28463146FDF7FFFD002007B0BDE8A9
:102A4000F08F00BF0020C4F2C62028602060FF2065
:102A500007B0BDE8F08F00007047000040F2A8709A
:102A6000C2F2000000F0F6B90020704701F04AB948
:102A700080B540F2A870C2F2000000F025FE0020F0
:102A800080BD000080B513460A46014640F2A8709A
:102A9000C2F2000000F0ECFC002818BF4FF0FF303D
:102AA00080BD000080B513460A46014640F2A8707A
:102AB000C2F2000000F0F8FF002818BF4FF0FF300E
:102AC00080BD00002DE9F041D0F828E000F1180C9D
:102AD0005CF82E308C681D68002D03D400EB8E0549
:102AE000ED6A1DB10220BDE8F08100BFD4E90056B7
:102AF00041F6FF779D605D68BD4335435D600D68BD
:102B0000EE0740F00581AE0600F10B81690703D5A1
:102B1000196841F080011960196841F0805119600D
:102B2000BFF35F8F196841F000411960A46800216C
:102B300094B341F6FF787646002A61D01F68354687
:102B400027F000571F601F6847F080461E606E1C0C
:102B5000032E88BFEE1E5CF826301D6825F08055D8
:102B60001D601D68002D61D400EB8605ED6A002D07
:102B70005CD1D4E9005701319D605D6825EA080504
:102B80003D435D60BFF35F8F1D6845F000451D60EC
:102B9000A468002CD2D1B6461F68002A27F08047CF
:102BA00018BF07F180471F601A6842F000521A6090
:102BB000C26B00EB8E03DA62C0F828E0EFF31082FC
:102BC00072B6026C114401310164002062B6BDE8A6
:102BD000F08100BF00EB8605ED6A3DBBD4E90057EC
:102BE00001319D605D6825EA08053D435D60BFF3E6
:102BF0005F8F1D6845F000451D60A468002CCAD099
:102C00001F68354627F000571F601F6827F0804671
:102C10001E606E1C032E88BFEE1E5CF826301D68F9
:102C200025F080551D601D68002DD3D50131002988
:102C30003FF458AF481E032801F0030039D321F0B8
:102C4000030100BF5CF82E20BFF35F8F136823F0F1
:102C5000004313600EF10102032A88BFAEF10302A4
:102C60005CF82230BFF35F8F1F6827F000471F60BA
:102C7000531C032B88BFD31E5CF82320BFF35F8F48
:102C8000176827F0004717605A1C032A88BFDA1E0E
:102C90005CF82230BFF35F8F1C6802F1010EBEF1B9
:102CA000030F88BFA2F1030E24F0004204391A601A
:102CB000C8D10CEB8E0100283FF414AF0968BFF3B4
:102CC0005F8F0A68012822F000420A603FF40AAFD1
:102CD0000EF10101032988BFAEF103015CF8212048
:102CE000BFF35F8F1368022823F0004313603FF4A3
:102CF000F9AE481C032888BFC81E5CF82000BFF34B
:102D00005F8F016821F0004101600220BDE8F08181
:102D10001E684F6926F440063E431E60AE067FF5EE
:102D2000F5AE1E68096926F04066314319606907EF
:102D30003FF5EEAEF0E60000082000F0F7BE000020
:102D4000EFF3108072B600BFFEE70000B0B5044696
:102D500000F0D8FF054640F20C00C2F200000078F7
:102D6000611C18BF044400BF00F0CCFF401BA04210
:102D7000FAD3B0BD80B500F00DF8000658BF80BD95
:102D800040F2A820C2F200004068BDE880400AF08E
:102D90006DB80000D0F88C00704700000246002992
:102DA0004FF0010008BF704712681368C3F30013A7
:102DB00081F82830136803F060034B62136820EA3F
:102DC000532381F820301368C3F30043CB77136893
:102DD00020EA53338B771368C3F300330B77136800
:102DE00003F400638B61136803F480434B61136841
:102DF00020EA93534B74136820EAD3500874106888
:102E0000C0B2C009C873106800F460208860106800
:102E1000C0F3802008719069C0F3400081F854002D
:102E20009069C043C0B2C00981F84C00906900F0BD
:102E3000300008659069000C88649069C0F38000D8
:102E400081F856009069C0F3C00081F85500002059
:102E500070470000B0B50446006841F214054159BE
:102E600049060BD541198A68520607D54020C0F2A1
:102E700001000860204600F07FFB20684159C90727
:102E80000AD041198A68D20706D04FF001100860B5
:102E9000204600F0FDFD206841F214014258120462
:102EA00026D501448A68120422D5D4F8880040F05F
:102EB0000800C4F888000A680868920406D448F23A
:102EC00080621040C4F88C000A600DE042F20002FB
:102ED000C0F27E021040C4F88C00886820F4C03034
:102EE0008860E020C4F884002046FFF743FF206894
:102EF000816B09070AD5C06A00F06000C4F894002D
:102F0000204600F0DFF90020C4F8940043F6144195
:102F1000C4F201010868000358BFB0BD4FF400229D
:102F200020460A60BDE8B04000F0BCBD70B582B07C
:102F3000002843D00446D0F8840028B92320C4F8E0
:102F40008400204600F022F90020019043F644005E
:102F5000C4F2020001684FF4805641F480410160E0
:102F6000006800F480400190019843F60400C4F228
:102F70000100016821F4000101602168A268036872
:102F80001A4302600068885940F00100885100F03F
:102F9000B9FE054620688159C90713D000F0B2FE7A
:102FA000401BB0F5FA7FF5D90120E0220421C4F8D6
:102FB0008810C4F8842002B070BD00BF012002B0A8
:102FC00070BD00BF016848F20F12CFF620721140A9
:102FD00001F59C41016005680120FFF7B7FE2068FC
:102FE0004FF64172056081691140803181618569C8
:102FF0000120FFF7ABFE206841F2180185614258BD
:1030000043F62373CFF6DE031A4042F0087242F013
:103010000402425045580120FFF798FE206800F551
:1030200080518D6142F280014FF48055C0F2C12180
:10303000415146590120FFF789FE2068E2680021CE
:103040004651116051609160D160A261136800F532
:10305000805C43F48013136002F12803D360166888
:103060004FF48C4546F4400616609162D1621163BC
:103070005163E361936A43F48013936202F1500356
:103080005363966A46F440069662116551659165F0
:10309000D1652362136D43F48013136502F1780345
:1030A000D365166D46F4400616659167D167C2F880
:1030B0008010C2F884106362936F43F480139367A7
:1030C000C2F88420936F43F440039367A162CCF865
:1030D000102022694FF00043116051609160D1606F
:1030E000C2E9081113605560566826F00046566024
:1030F00002F12806A264D6609162D1621163516325
:10310000C2E912119362D562D06A20F00040D06209
:1031100002F15000E6645063116551659165D16517
:10312000C2E91C1113655565566D26F000465665BB
:10313000206502F17800D0659167D167C2F88010F0
:10314000C2F88410C2E926119367D567D36F23F0C4
:103150000043D3676065C2F884202166C4E91A1170
:10316000C4E91611CCF80C20606848F2400382884C
:10317000C4F202031A600068102258600020C4F8EC
:103180008810C4F8842002B070BD00002DE9F0431F
:1031900085B0006848F20001C4F20201884203D001
:1031A00005B0BDE8F08300BF002643F6300000966E
:1031B000C4F202000168002441F00071016001685E
:1031C000C4F2020401F000710091009900960168B8
:1031D0006D4641F08061016001684FF0020801F026
:1031E000806100910099009601684FF0030941F059
:1031F0000061016001680B2701F0006100910099F6
:103200000096016841F004010160016801F00401C9
:10321000009100990096016841F001010160016888
:1032200001F00101009100990096016841F002014E
:103230000160016801F002010091009900960168A7
:1032400041F0400101600068294600F04000009014
:1032500000983220009004F50060CDE90186CDF899
:103260000C90049700F06EFC8620CDE90008204603
:103270002946CDE90269049700F064FC4FF4005040
:10328000CDE9000804F580602946CDE9026904977C
:1032900000F058FC4FF42050CDE9000804F5C05070
:1032A0002946CDE90269049700F04CFC3D20052138
:1032B000002200F0E7FD3D2000F0D0FD05B0BDE8A4
:1032C000F0830000704700002DE9F04F85B0002921
:1032D000044671D0D4F88400232840F0C580D4F887
:1032E0005CA004F1480858F82A90E26ED9F8000072
:1032F0000191002868D4C2F10400039004F17C0518
:1033000004F180004FF0000B002602902BE000BF7C
:10331000D9F80000D9F80010C0F30D40071F4FF096
:10332000010B2167D9F808200299BBB22846C9F8D9
:10333000202000F029F9D4E9180101303944C4E90A
:1033400018010020C9F820000AF10100032888BFF5
:10335000AAF1030058F820900136D9F800108246EF
:10336000B1F1FF3F39DD0398864235D2BBF1000F42
:1033700032D1D9F80000C00505D5D9F81800A067EA
:10338000D9F81C006067D9F80000800501D42868CE
:1033900070B1D9F80000800544BF0020C4E91800CE
:1033A0006769D9F80000C005B2D44FF0000BB9E747
:1033B0004FF0000BC8E700BFD4F8880040F00100D0
:1033C000C4F8880050E000BF00264FF0000BB6188C
:1033D000E66607D13BE000BF5046E26E8246B61873
:1033E000E66634D0A76E00200DF11009049016E0B7
:1033F000A06D00284FF48C4004BF44F20060C8F276
:1034000000006860BFF35F8F286840F000402860CC
:10341000781C032888BFF81E013E07460CD058F8D8
:103420002750286A0028E3D1484600F07DF8049828
:1034300018B12862A860DBE70026E06EB04206D033
:10344000206841F2080100224250C4E91A76BBF11B
:10345000010FC4F85CA007D1E06F0199086000205B
:10346000E06705B0BDE8F08F012005B0BDE8F08F42
:10347000F0B581B0054600681C4603694FF4F86753
:1034800007EA821203F01C0361F3CF22D118013145
:10349000016100F037FC0646002700BF00F032FC57
:1034A000801BB7EB104F09D128680169C907F5D116
:1034B000406980B22060002001B0F0BD012001B061
:1034C000F0BD00002DE9F0410446006C40B3676C8C
:1034D000451E4FF0000803E00746013D681C1FD061
:1034E00004EB8700C16A781C00F00300002908BFC4
:1034F0000746F1D0E06807EB870150F8310000285B
:103500000ED404EB8706F06A00F0CAFA781C00F0CB
:103510000307C6F82C80C4E91057013D681CDFD1B1
:103520000020BDE8F081000010B582B0044648F6E6
:103530004420C0F6010007F05FFB98B1034620303D
:1035400020604DF62900C0F60000186120684FF495
:10355000C0640090002000214122019409F01EFE69
:1035600002B010BD40F2A820C2F20000012101709B
:103570000020206002B010BD40F2A820C2F200007E
:10358000406809F073BC00004FF0000C42F820CDF9
:10359000A2F808C0D0F800C05381BCF1000F8446E7
:1035A00018BFD1F800C0CCF800200A60006868B9E4
:1035B00017E000BF028901681A440029028108BF90
:1035C00070470A8908681A440A8150B10289016863
:1035D0001A44028129B10A8908681A4400280A811C
:1035E000E8D1704770B500296CD00446D0F884004B
:1035F000102867D120680D46016848F20F12CFF6F7
:10360000207211402A7C6B7C002AAA6808BF01F551
:1036100000011143002B6B69EA7F08BF41F4800170
:103620001943AB7F41EA0241AA69002B2B7F08BFF7
:1036300041F4005111432A7941EA033195F82030D1
:1036400041EA8221002B6B6AEA7B08BF41F40071DA
:10365000194395F8283041EAC21141EA031101608B
:1036600006680120FFF772FB20684FF64172066082
:10367000816995F84C3001EA020CAA6C002B4FEAE4
:10368000024208BF80322B6D95F8556043EA0C0367
:1036900095F856101A4395F85450012E08BF42F081
:1036A0000802012908BF42F00402012D08BF42F0C0
:1036B0000202826185690120FFF748FB206885616D
:1036C000002070BD012070BDB0B5044600680069DF
:1036D00020F01C0500F0E2FC4DF20031CFF6CE6187
:1036E0004EF2BF120144C0F2E402914204D845F008
:1036F000080520680561B0BD4FF24011CFF6E951D1
:1037000047F63F020144C0F27D12914204D845F0D1
:103710000C0520680561B0BD47F60011CFF66C417D
:1037200045F600220144C0F262229142E1D341F603
:103730000071CFF60A2108444FF27F01C0F2FA214E
:1037400088428CBF45F0100545F0040520680561EE
:10375000B0BD00002DE9F04383B00446D0F88400EA
:103760000125102840F0E6802320C4F8840020685A
:10377000A565C16B04F1480841F40271C163D0F83A
:103780000C1141F4003141F06001C0F80C11D0F887
:10379000101141F40311C0F810110420A56EE06669
:1037A00058F82570386A00284FF00000019003D0C7
:1037B0004FF48C4012E000BF01A8FFF7B5FE01985E
:1037C000002800F0BB803862B860A16D4FF48C40D7
:1037D000002904BF44F20060C8F200007860BFF323
:1037E0005F8F386840F0004038606F1C032F88BF3F
:1037F000EF1E58F82750286A40B901A8FFF794FE39
:103800000198002800F0A0802862A860A06D4FF405
:103810008C4600284FF48C4004BF44F20060C8F28C
:1038200000006860BFF35F8F286840F000402860A8
:103830007D1C032D88BFFD1E58F82570386A40B9DD
:1038400001A8FFF771FE0198002800F07F80386220
:10385000B860A06D44F20069C8F20009002808BFF2
:103860004E467E60BFF35F8F386840F0004038609E
:103870006F1C032F88BFEF1E58F82750286A38B9ED
:1038800001A8FFF751FE0198002865D02862A860C2
:10389000A06D002818BF4FF48C49C5F80490BFF301
:1038A0005F8F286840F0004028607D1C0020032DB9
:1038B00088BFFD1EE26E2168824205D041F20802F7
:1038C00000238B50C4E91A50086840F008000860D3
:1038D0000D680120FFF73AFA20680560016841F0A1
:1038E0000401016005680120FFF730FA206841F209
:1038F0001806056000250295815941F48011815117
:10390000805902900120FFF721FA0298216888511E
:1039100088598A1940F400508851885940F00200B3
:103920008851506840F4D03040F0C10050602320EE
:10393000C4F88400284603B0BDE8F0830420E26E9A
:1039400021688242BAD1BFE7032006E00220E26E7E
:1039500021688242B2D1B7E701203D46E26E21687C
:103960008242B1D0AAE7000070B582B00446D0F818
:103970008400232852D12320C4F88400206841F217
:10398000180681194A6845F63E73CFF6FE731A4051
:103990004A60815921F400518151815921F002017D
:1039A0008151016821F00401016005680120FFF7E1
:1039B000CDF92068056000250195815941F48011F9
:1039C0008151805901900120FFF7C0F901982168C9
:1039D0008851086820F0080008600E680120FFF791
:1039E000B5F920680660A06C416841F00041416073
:1039F000E06C416841F000414160206D416841F058
:103A000000414160606D416841F00041416010201B
:103A1000A565C4F88400284602B070BD012528467B
:103A200002B070BD10B50446A1B1D4F884002328BB
:103A30001CBF012010BD486B0122E0632046FFF748
:103A400041F878B1D4F8880040F00200C4F888004A
:103A5000012010BDD4F8880040F00100C4F88800AF
:103A6000012010BDBFF34F8FA06A2168421C032ABA
:103A700088BFC21E41F20400A262014408694007E7
:103A80004FF0000042BF04220A61086010BD000030
:103A900040F2A820C2F20000806809F0E7B90000F7
:103AA00009F026BE7047000070B5044600684FF468
:103AB000F865066905EA821206F01C0661F3CF225A
:103AC000911903319AB24261016100F01BF9054678
:103AD000002600BF00F016F9401BB6EB104F05D1D1
:103AE00020680069C007F5D1002070BD012070BDBD
:103AF00080B5082818BF80BD41F20000C4F2020062
:103B0000082100F0F3F801280ED140F28021C2F222
:103B10000001C8684FF0000C0022002381F800C0AB
:103B2000BDE8804012F07CBF80BD000043F6144128
:103B3000C4F201010A68024214BF08607047FFF72F
:103B4000D7BF00002DE9F04F82B000F13E4242F2B3
:103B5000004502F1FF77C4F202050A2243F6004E47
:103B60004FEAB726A84208BF0922C4F2010E092E67
:103B700038BF4FEAB7220125002600274FF0000882
:103B8000009208E008F101080437B8F1100F06F1BF
:103B9000020600F0A7800C6805FA08F914EA090F7C
:103BA000F0D0D1F804B003220BF0030CACF1010407
:103BB000B240012C6FEA020A10D88268CC6802EA8F
:103BC0000A02B440224382604268CBF3001422EA26
:103BD000090204FA08F42243426005E0BCF1030F35
:103BE00002D14FF0030C20E0C2688C6802EA0A029E
:103BF000B4402243BCF1020FC26016D16FF0030241
:103C000002EA58020244D2F820C007F01C050F2334
:103C10000C69AB402CEA030304FA05F52B4313624D
:103C2000D1F804B001250BF0030C02680CFA06F37E
:103C300002EA0A021A431BF4403F0260A2D00022AB
:103C400043F644030192C4F202031A684FF6084C8B
:103C500042F480421A601A68CFF6FF7C02F4804278
:103C60000192019A28F00302724452F80C3007F0D6
:103C70000C050F24AC40A343009C04FA05F52B432C
:103C800042F80C30DEF808204B6842EA090543F69A
:103C90000C4CDC0258BF22EA0905CEF80850C4F2E9
:103CA000010CDCF800209C0242EA090558BF22EA18
:103CB0000905CCF80050DEF804209C0342EA09050F
:103CC00058BF22EA0905CEF80450DEF80020DB03D5
:103CD00042EA090558BF22EA0905CEF8005001253D
:103CE00050E700BF02B0BDE8F08F00000069084057
:103CF00018BF012070470000002A08BF0904816135
:103D00007047000041F27C40C2F201000068704739
:103D100040F20C0041F27C41C2F20000C2F201010B
:103D200000780A68104408607047000080B543F6C8
:103D30000040C4F20200016841F4007101600168B2
:103D400041F480610160016841F4807101600320E9
:103D500000F0C4F80F2000F005F800F05DF8002036
:103D600080BD0000B0B586B0002543F64401019542
:103D7000C4F202010A68044642F001020A600968BE
:103D800001A801F0010101910199694600F066F96D
:103D900000F09EF94DF683614000C4F21B31A0FB98
:103DA00001014FF0FF3000EB914140F65800002236
:103DB000C2F20000C4F2010240F2E733C0E9002180
:103DC000C0E902530561856100F0E6FB054618B1C4
:103DD000284606B0B0BD00BF40F65800C2F2000051
:103DE00000F022FC05460028F2D1192000F036F838
:103DF0000F2C0DD8192021460022002500F042F892
:103E000040F21000C2F200000460284606B0B0BDC7
:103E10000125284606B0B0BD82B0002043F640011F
:103E20000190C4F202014A6842F480424A604A6842
:103E300002F480420192019A00900868002240F04A
:103E40008050086008680F2100F0805000900098B2
:103E50006FF0010002B000F015B80000002848BF64
:103E60007047C1B200F01F00012202FA00F04EF2CA
:103E70000012CEF2000242EAD10121F003010860F3
:103E80007047000010B54EF60C5CCEF2000CDCF86A
:103E90000030C3F3022E8EF00704042C28BF042444
:103EA000BEF103034FF0FF3E0EFA04F438BF0023C7
:103EB000A14399400EFA03F39A43114300F00F0215
:103EC00000F160430901043A03F5644362440028A9
:103ED00048BF02F10C03197010BD00004EF60C51E2
:103EE000CEF200010A684FF6FF031A4060F30A227F
:103EF00042F0806040F0FD70086070472DE9F041AD
:103F0000002800F08B8043F60808C4F2020804463B
:103F1000D8F8F8030D4600F00F00884207D288F861
:103F2000F853D8F8F80300F00F00A84276D12068C3
:103F3000810717D5410705D5D8F8001041F4E051A5
:103F4000C8F80010010705D5D8F8001041F4604109
:103F5000C8F80010D8F80010A26821F0F001114351
:103F6000C8F80010C0073FD1D8F8F80300F00F00E0
:103F7000A84207D988F8F853D8F8F80300F00F00E2
:103F8000A8424BD12068410707D5D8F80010E26855
:103F900021F4E0511143C8F80010000708D5D8F803
:103FA0000000216920F4604040EAC100C8F8000028
:103FB00000F0A2F8D8F8001048F68412C1F30311FB
:103FC000C0F60102515C40F2300220FA01F140F2E9
:103FD0001000C2F200000068C2F200021160FFF798
:103FE000C1FE0020BDE8F0816068811E022907D271
:103FF00058F8081C89015CBF0120BDE8F08111E080
:10400000012807D158F8081C89035CBF0120BDE8CE
:10401000F08107E058F8081C890703D40120BDE8A7
:10402000F08100BFD8F8001021F003010843C8F860
:104030000000FFF767FE064641F28837D8F8000017
:10404000616800F00C00B0EB810F8DD0FFF75AFED5
:10405000801BB842F2D90320BDE8F0810F22026034
:1040600043F60802C4F20202136803F0030343603C
:10407000136803F0F0038360136803F4E053C36034
:10408000D2F800C04FF4E05303EADC030361D2F836
:10409000F80300F00F0008607047000040F23000A5
:1040A000C2F200000068704740F2300043F6080199
:1040B000C2F20000C4F202010068096848F69412D6
:1040C000C1F38221C0F60102515CC8407047000074
:1040D00040F2300043F60801C2F20000C4F20201CF
:1040E0000068096848F69412C1F34231C0F6010233
:1040F000515CC8407047000010B543F60404C4F298
:104100000204606800F00C0142F200400829C0F28D
:10411000F40007D0042918BF10BD41F20020C0F2FE
:104120007A0010BD216801F03F022168236849022E
:10413000C3F3881106D4A1FB00010023FCF7EAF8C1
:1041400007E000BF41F20020C0F27A004843B0FB14
:10415000F2F021680222C1F3014102EB4101B0FB00
:10416000F1F010BD2DE9F04182B0002868D004467E
:10417000007843F60006C007C4F202060BD0B06810
:1041800000F00C00042840F09F803068800302D5C6
:104190006068002854D0207880071AD5B06810F0E5
:1041A0000C0F09D0B06800F00C00082840F0A68081
:1041B0007068400200F1A2803068800702D5E06894
:1041C00001283DD13068216920F0F80040EAC100A3
:1041D00030602078000737D4207840074CD4A56998
:1041E00055B3B06800F00C00082840F0BB80012DEA
:1041F00026D07068E16900F480028A4220D1216AE9
:1042000000F03F028A421BD147F6C071626A01404A
:10421000B1EB821F14D1A16A4FF6FF73C903994312
:1042200000F44032A1F580318A4209D1E16A00F000
:104230007060B0EB016F03D1002002B0BDE8F081E7
:10424000012002B0BDE8F0816069002840F2000062
:10425000C4F2472076D00121C0F8801EFFF752FD3E
:10426000054600BF706F8007B6D4FFF74BFD401BBB
:104270000228F7D9DDE000BF306C10F080580AD179
:1042800000200190306C40F080503064306C00F0C1
:1042900080500190019847F20007C4F20007386887
:1042A000C00541D4386840F480703860FFF72AFDBB
:1042B000054600BF3868C00536D4FFF723FD401B14
:1042C0000228F7D9B5E000BFB06800F00C0008285C
:1042D00003D1706840023FF558AF6068B0F5803F89
:1042E00007D0B0F5A02F40F08D80306840F48020DA
:1042F0003060306840F4803030608DE0E068002845
:1043000052D00020C4F2472001210160FFF7FAFCDF
:10431000054600BF306880073FF554AFFFF7F2FC59
:10432000401B0228F6D984E0A068012805D00528A2
:104330004ED1306F40F004003067306F40F0010024
:1043400030674FE00021C0F8801EFFF7DBFC054618
:10435000706F80077FF540AFFFF7D4FC401B022849
:10436000F6D966E00027C4F2472700203866FFF739
:10437000C9FC022D05460BD1306880015ED5FFF7E0
:10438000C1FC401B02284FF00300F5D955E700BFE0
:10439000306880017FF550AFFFF7B4FC401B022866
:1043A0004FF00300F4D948E70020C4F24720002171
:1043B0000160FFF7A7FC0546306880077FF509AF6D
:1043C000FFF7A0FC401B02284FF00300F4D934E7AC
:1043D000316F002821F001013167316F21F00401B4
:1043E00031674DD0FFF78EFC054641F2883700BF9C
:1043F000306F800756D4FFF785FC401BB842F7D9D1
:1044000017E000BF3168002821F480313160316845
:1044100021F4802131604FD0FFF774FC054600BFC6
:10442000306880033FF5B7AEFFF76CFC401B642893
:10443000F6D9032002B0BDE8F08100BF04F11C05ED
:104440002FCD084340EA8210D9034FF6FF72914303
:10445000A1F5803140EA05600843706001203866AC
:10446000FFF750FC044600BF306880013FF5E4AE22
:10447000FFF748FC001B02284FF00300F4D9DCE6EC
:10448000FFF740FC054641F2883700BF306F8007D8
:1044900008D5FFF737FC401BB8424FF00300F5D9B1
:1044A000CBE600BFB8F1000F7FF499AE306C20F07E
:1044B0008050306493E600BFFFF724FC054600BF40
:1044C000306880037FF567AEFFF71CFC401B642853
:1044D0004FF00300F4D9B0E67047000070470000C9
:1044E00010B590F83C20012A4FF0020251D080F81C
:1044F0003D200268D2F804E0D2F808C00C682EF023
:104500007003234341F2FF74C4F20004A2425360DB
:104510000EDC40F2FF73C4F200039A4216DCB2F1E3
:10452000804F2BD040F20043C4F2000324E000BFD0
:1045300040F2FF33C4F201039A4213DC41F6000358
:10454000C4F200039A4219D0002313E040F600039E
:10455000C4F200039A4211D040F60043C4F20003B3
:104560000AE000BF44F20003C4F201039A4205D0FE
:1045700040F20043C4F201039A4204D149682CF08E
:104580008003194391600121002280F83D1080F8DA
:104590003C20104610BD0000002804BF01207047D9
:1045A00010B5044690F83D0028B9002084F83C007E
:1045B000204600F01FF8022084F83D002068211DED
:1045C00000F08EFD012084F8460084F83E0084F857
:1045D0003F0084F8400084F8410084F8420084F8E9
:1045E000430084F8440084F8450084F83D0000202E
:1045F00010BD000081B00068B0F1804F02D001B062
:10460000704700BF0020009043F64000C4F2020053
:10461000016841F001010160006800F001000090B4
:10462000009801B07047000090F83D1001291CBFB0
:1046300001207047022180F83D10006841F2FF72AE
:10464000C168C4F20002904241F00101C1600DDC7A
:1046500040F2FF71C4F20001884215DCB0F1804FD6
:104660002AD040F20041C4F2000123E040F2FF31C1
:10467000C4F20101884213DC41F60001C4F20001DA
:10468000884219D0002113E040F60001C4F2000175
:10469000884211D040F60041C4F200010AE000BF98
:1046A00044F20001C4F20101884205D040F2004109
:1046B000C4F20101884206D1816801F00701062990
:1046C00004BF00207047016841F001010160002033
:1046D0007047000080B590F83C20012A4FF002029C
:1046E00000F0C28080F83D20D0F800C04FF677720D
:1046F000DCF8083023EA0202CCF808200B684F2BC4
:1047000028DC1F2B44DD202B45D0302B43D0402B01
:1047100040F0AC80D1F804E0C968DCF82030DCF867
:10472000202022F00102CCF82020DCF8182022F012
:10473000F00242EA011123F00A0242EA0E02CCF82A
:104740001810CCF82020DCF8081041F0470121F0C7
:10475000300180E06F2B27DDB3F5005F48D0B3F563
:10476000805F7AD0702B40F08180D1E901E3C96885
:10477000DCF8082043EA0E0322F47F4243EA0121D9
:104780001143CCF80810DCF8081041F0770162E022
:104790000BB1102B6AD1DCF8081021F0700119431D
:1047A00041F0070157E000BF502B35D0602B5DD1A1
:1047B000D1F804E0C968DCF8203023F01003CCF80D
:1047C0002030DCF81830DCF8202023F4704322F08D
:1047D000A00243EA013142EA0E12CCF81810CCF8DC
:1047E0002020DCF8081041F0670121F0100132E0D0
:1047F000D1E901E3C968DCF8082043EA0E0322F49A
:104800007F4243EA01211143CCF80810DCF808107C
:1048100041F480411FE000BFD1F804E0C968DCF832
:104820002030DCF8202022F00102CCF82020DCF837
:10483000182022F0F00242EA011123F00A0242EAB3
:104840000E02CCF81810CCF82020DCF8081041F04B
:10485000570121F02001CCF808100022012180F836
:104860003D10002180F83C10104680BD0122F5E784
:104870007047000010B5016804460869800744BF0E
:10488000C8685FEA807039D40869400744BFC868C7
:104890005FEA40703ED40869000744BFC8685FEA19
:1048A000007045D40869C00644BFC8685FEAC060AC
:1048B0004AD40869C0071CBFC8685FEAC07051D1FC
:1048C0000869000644BFC8685FEA006052D40869FE
:1048D000400644BFC8685FEA406053D40869800658
:1048E00046BFC8685FEA806010BD6FF020022046B6
:1048F0000A61BDE81040FFF7F1BD00BF6FF0020094
:104900000861012020778869800743D02046FFF79F
:10491000AFFF45E06FF0040008610220207788694E
:1049200010F4407F40D02046FFF7A2FF42E000BFD6
:104930006FF00800086104202077C86980073DD027
:104940002046FFF795FF3FE06FF010000861082058
:104950002077C86910F4407F3AD02046FFF788FFDF
:104960003CE000BF6FF001000861204600F03EF817
:104970002168A5E76FF0800008612046FFF7ACFDD5
:104980002168A4E76FF040000861204600F038F885
:104990002168A3E7204600F025F8204600F024F81F
:1049A0002168002020776FE7204600F01BF82046A2
:1049B00000F01AF82168002020776CE7204600F00C
:1049C00011F8204600F010F821680020207769E7F0
:1049D000204600F007F8204600F006F82168002085
:1049E000207766E7704700007047000000680021EC
:1049F000C4F20101884218BF7047FFF789B900006F
:104A000070470000002804BF0120704710B504461D
:104A100090F83D0028B9002084F83C00204600F0C2
:104A200021F8242084F83D002068C16821F4005159
:104A3000C160204600F0F2FB2068016921F490413A
:104A40000161416921F02A014161C16841F40051CD
:104A5000C16000202021206484F83D1084F83E10BD
:104A600010BD000080B586B0016844F60000C4F2B5
:104A70000000814202D006B080BD00BF002143F695
:104A800030020191C4F20202136900F5E23043F4EE
:104A900080231361136903F480230193019B019127
:104AA000136843F008031360126802F008020192D1
:104AB000019A4FF4407201920222CDE902210321B2
:104AC00004910721059101A9FFF73CF806B080BDCC
:104AD000FEE7000010B582B004460021006863695B
:104AE000019101AA0121984700282DD4206863690B
:104AF00001AA01219847002826D49DF80400400708
:104B000002D4012002B010BD2068636901AA00210F
:104B10009847002818D40199C80407D401F4045018
:104B2000B0F5045F14D1022002B010BD20686369A3
:104B300001AA1F219847002806D40198C10411D466
:104B4000062002B010BD00BF6FF0040002B010BD1F
:104B5000C8054FF0040058BF0520890448BF032052
:104B600002B010BD00F01C001828DCD0142805D0BD
:104B7000082814BF0520032002B010BD042002B095
:104B800010BD0000F0B581B00446406800210091DE
:104B900070B1A06980470546A0698047401BB0F509
:104BA000FA6FF9D9012000256060284601B0F0BDF8
:104BB000A068002818BF8047202000256F460026E7
:104BC000206004E06FF004050136202E0ED06369EA
:104BD000304612213A4698470028F3D4009800F056
:104BE0001F008642F0D10025266000E026681F2EB7
:104BF00088BF6FF00205002DD7D123693046002110
:104C00004FF40042984700281ED4206863696A4622
:104C10000021984700281DD4A069804706466F46AA
:104C20006FF004059DF801000006B2D5A069804729
:104C3000801BB0F5FA7F13D82068636900213A46DB
:104C400098470028EED5B0E76FF00305284601B07D
:104C5000F0BD00BF6FF00405284601B0F0BD00BFF5
:104C60006FF00105284601B0F0BD000080B598B195
:104C7000CA688AB18B687BB1D1F810C0BCF1000F53
:104C80000AD0D1E900E1C0E90432C0E902E1C0F88C
:104C900018C0002080BD00BF4FF0FF3080BD000075
:104CA00080B544F6E57048F69C12C0F60000C0F6E8
:104CB0000102002108F00CF940F29C71C2F20001DF
:104CC000086080BDF0B587B0002643F63000CDE91E
:104CD00005660196C4F20200016840F2004441F00A
:104CE000100101600168C4F2020401F01001019199
:104CF000019901960168002241F0040101600168F8
:104D0000802701F00401019101990196016841F0A9
:104D100080010160016801F0800101910199019613
:104D2000016841F001010160016801F00101019198
:104D300001990196016841F020010160016801F0CC
:104D40002001019101990196016841F00201016081
:104D5000016801F00201019101990196016841F099
:104D600008010160016801F00801019101990196B3
:104D7000016841F0400101600068802100F04000BE
:104D8000019001982046FEF7B7FF082002904FF4EB
:104D9000881002ADCDE9030604F540602946FEF710
:104DA000D1FE4FF48050CDE9020604F5805029462B
:104DB0000496FEF7C7FE0120CDE9030620462946EA
:104DC00002970596FEF7BEFE092005210022FFF797
:104DD00059F80920FFF742F807B0F0BDB0B584B02C
:104DE0000020002100250FF033FE40F20C34C2F207
:104DF000000448F22D7022462346C0F600002560CC
:104E000042F8045F43F8085F44F6253CCDE90050C2
:104E100004F13005C0F6010C28462146CDF808C043
:104E200007F052FB284607F0EDFC94F861004007BC
:104E300004D4284607F0ECFC03E000BF284607F046
:104E400097FD48F27951C0F60001284607F00EFDA3
:104E50000EA044F80C0F00204FF480611022C4E92A
:104E60000100C4E90300C4E90512C4E9070048F2DF
:104E70007D50C0F600002946224608F029F8284651
:104E800004B0BDE8B04002F095B800BF4574684C6E
:104E9000696E6B0080B586B040F6A0000021C2F2BA
:104EA00000004FF0804253234FF0FF3C0591CDE9C5
:104EB0000311CDE90011C0E90023C0E9021C016122
:104EC0008161FFF769FB002818BFFDF739FF4FF438
:104ED0008050029040F6A000C2F2000002A9FFF745
:104EE000F9FB002818BFFDF72BFF40F6A000C2F227
:104EF00000006946FFF7F4FA002818BFFDF720FF0D
:104F000006B080BD80B540F6E80044F60001C2F26C
:104F10000000C4F2000100234FF00C0C4FF4E1320A
:104F200080E80E00C0E90333C0E905C3C361FFF7A1
:104F300069FD002808BF80BDBDE88040FDF700BFC7
:104F4000FEE70000FEE70000000000000000000097
:104F5000EFF30980BFF36F8F154B1A681EF0100F27
:104F600008BF20ED108A20E9F04F10602DE90900FC
:104F70004FF0500080F31188BFF34F8FBFF36F8F56
:104F800011F03EF94FF0000080F31188BDE80900F0
:104F900019680868B0E8F04F1EF0100F08BFB0ECB9
:104FA000108A80F30988BFF36F8F704700BF00BF7E
:104FB000740300200000000000000000000000005A
:104FC000074B19680868B0E8F04F80F30988BFF311
:104FD0006F8F4FF0000080F31188704700BF00BF53
:104FE00074030020FFF7FAFE012007F0F5FCFBE751
:104FF00080B54EF21000CEF20000006812F05CF9AD
:10500000012808BF80BDBDE8804011F019BA00003A
:10501000B0B592B0002443F64000CDE90A44CDE992
:1050200008440594CDE90344CDE901440094C4F259
:1050300002000168022541F080510160006800F023
:1050400080500090009847F200000094C4F20000E5
:10505000016841F440410160006800F44040009064
:105060000098012006904FF4803007904FF48000A4
:105070000D9004200E90A820CDE90F050720119077
:1050800006A80C95FFF76EF820B1EFF3108072B60A
:10509000FEE700BF0F20CDE901054FF4A0500490BA
:1050A0004FF48050059001A805210394FEF726FFD8
:1050B00020B1EFF3108072B6FEE700BF12B0B0BDB2
:1050C0004EF68850CEF20000016841F47001016094
:1050D0007047000040F65800C2F20000FFF7CABB5C
:1050E00010B540F6FF3E0368C4F2000E40F2004CDB
:1050F0007045C4F2010C27DCB0F1804F31D040F292
:105100000042C4F2000290422BD040F60002C4F2EA
:105110000002904225D041F6FF72C4F20002904294
:1051200029DC70453CDCB0F1804F5FD040F200429A
:10513000C4F20002904259D040F60002C4F20002CC
:10514000904253D056E000BF40F60042C4F2000245
:10515000904206D0604504D00022C4F20102904281
:10516000D9D14A6823F07003134341F6FF72C4F2A9
:1051700000029042D5DD43F6FF72C4F20102904274
:1051800022DC42F20002C4F2000290422ED0002241
:10519000C4F20102904229D0604527D02AE000BF26
:1051A00040F60042C4F2000290421FD041F60002D5
:1051B000C4F20002904219D041F60042C4F200024B
:1051C000904213D016E000BF44F20002C4F2010284
:1051D00090420BD044F60002C4F20102904205D086
:1051E00044F20042C4F20102904203D1CA6823F49F
:1051F0004073134323F080024B69D1F800E08C68C0
:105200001A430260C46240F48062C0F828E062453C
:1052100004BF096901630121416110BD10B5044655
:105220000068D4E902C22369016921F440511143A5
:105230000161626943EA0C01E3691143C2681943E1
:1052400049F20C639A431143C1604169A26921F498
:10525000407141F20043114340F48062C4F2010303
:105260009A42416102D1FEF733FF01E0FEF71CFFD5
:10527000E16963681922B1F5004FA0FB020123D157
:105280005A00DB0FFBF746F848F21F51C5F2EB114D
:10529000A0FB01235A094FF69C73C0F6FF7303F17C
:1052A000805302FB0300322303EBC000A0FB01018B
:1052B0004FF4F87000EA111000EB0210C1F3421134
:1052C00008442168886010BD9A009B0FFBF722F804
:1052D00048F21F51C5F2EB11A0FB01235A094FF60A
:1052E0009C73C0F6FF7302FB0300322303EB001034
:1052F000A0FB0101F02000EA511000EB0210C1F305
:10530000431108442168886010BD0000FEE70000DA
:10531000002800F0A7802DE9F04784B0446A0546D4
:10532000002C00F09C806079082840F09880086884
:10533000E169884240F093800C20A4F80500002029
:1053400020810DF10E0328462146042200F0E4FAE4
:1053500000287DD08046BDF80E6040683F2E00F1E9
:10536000F0090FD348F6333049F27C6149F2BE634D
:10537000C0F60100C0F60101C0F6010340F29A52E6
:10538000FBF740F8701C322180B2042209F80610A5
:1053900009F80020E069B11C1FFA81FAADF80E107F
:1053A00004F0C6FCBAF1410F07460FD348F633307C
:1053B00049F2426149F2BE63C0F60100C0F6010144
:1053C000C0F6010340F2B752FBF71CF8380EF11C8F
:1053D00009F80A00380C89B209F80100711D321D64
:1053E00089B2380A92B209F80170F11D09F8020079
:1053F000B01D8BB282B2432B4FF0FF03ADF80E000D
:1054000009F8023009D819FA81F0C6F13C010122ED
:1054100012FA81F1FBF7FAF94320F13081B24046EC
:1054200008F0E8FA40F2F040C2F20000406848F6A6
:10543000CC1748F6D012C0F60107C0F6010241466B
:1054400043230095019710F055F9404608F050F9B4
:10545000A079FF281CBF0130A0711420208104B066
:10546000BDE8F08748F6333049F2C45149F2BE63D3
:10547000C0F60100C0F60101C0F6010340F28B3214
:10548000FAF7C0BF80B582B0002841D0416A002938
:105490004ED08B6A002248F6890C4A825A1CC8F604
:1054A000880C0DD01E33A3FB0C324FEA521E4FF670
:1054B000FF739E4538BF5309002B08BF01238B8221
:1054C000CB6A5A1C0FD003F11E02A2FB0C234FEA39
:1054D000531E4FF6FF72964538BF5A09002A08BF7F
:1054E00001224A81CA810B6B5A1C31D003F11E0282
:1054F000A2FB0C234FEA531C4FF6FF72944538BFB2
:105500005A09002A08BF01228A810A8221E000BFCD
:1055100048F6333049F2BE63C0F601002DA1C0F653
:10552000010340F2154202B0BDE88040FAF76ABFBD
:1055300048F6333049F2BE63C0F601001FA1C0F641
:10554000010340F2174202B0BDE88040FAF75ABFAB
:105550008A894B89013A92B29A423CBF00224A8121
:10556000CA790AB10A6A0CE091F91C20002A01D418
:10557000FF2206E0D2B2C02A34BF4FF6FF726FF0AE
:105580007F424B6A0192009373B14A790A2A04D090
:105590000A22A1F8052000220A811C3101AA6B46CB
:1055A00007F0B2F802B080BDCB691A4042F08072B9
:1055B00000924A790A2AF0D0EAE700BF6468637073
:1055C0005F62696E643A206468637020213D204EFA
:1055D000554C4C00646863705F62696E643A206E7B
:1055E0006574696620213D204E554C4C000000003A
:1055F00010B5446A6179082904D00821A4F805107F
:105600000021218104F11C01002202F05FFDA0793C
:10561000FF281CBF0130A0710120208110BD0000B7
:105620002DE9F04F83B040F2A840C2F200000468B8
:10563000002C00F06D81012540F2224940F23246F3
:105640000DF10A0A0AE000BF204601F0E5F8204605
:1056500001F0B0FC2468002C00F05A81D4F824B08A
:10566000BBF1000FF6D09BF805000028F2D0BBF884
:10567000141039B1BBF81220013293B28B42ABF84F
:105680001220E1D0BBF8101021B101390A04ABF8A7
:1056900010101FD0BBF80E100029DBD001390A040E
:1056A000ABF80E10D6D10A28D4D805FA00F010EACB
:1056B000090FCFD0204601F089F9BBF80C00BBF8E8
:1056C0001210401A0228A2BF80B24008ABF80E00A8
:1056D000C0E700BF0A28BDD805FA00F13142B9D0B1
:1056E000042805D00420ABF805000020ABF8080022
:1056F000204659460322534600F00EF9002800F0D8
:10570000DA80BDF80A9045688046B9F1410F0FD3A1
:1057100048F6333049F27C6149F2BE63C0F60100BD
:10572000C0F6010140F29A52C0F60103FAF76AFE90
:1057300009F1010005F1F006392180B2022206F8D4
:10574000091009F1020132548FB2258D432FADF8B3
:105750000A100FD348F6333049F2076149F2BE63AD
:10576000C0F60100C0F6010140F2AE52C0F60103DE
:10577000FAF748FE280A09F10301F05509F104007F
:1057800089B2755485B2402DADF80A000FD348F6A2
:10579000333049F27C6149F2BE63C0F60100C0F6C5
:1057A000010140F29A52C0F60103FAF72BFE3721AD
:1057B000715509F1060109F105008DB280B203228D
:1057C000442D3254ADF80A100FD348F6333049F265
:1057D000D25149F2BE63C0F60100C0F6010140F2A9
:1057E000A652C0F60103FAF70DFE09F1070087B2D1
:1057F0000121442F7155ADF80A000FD348F633301C
:1058000049F2D25149F2BE63C0F60100C0F601016F
:1058100040F2A652C0F60103FAF7F4FD09F10800C0
:1058200085B20321442DF155ADF80A000FD348F697
:10583000333049F2D25149F2BE63C0F60100C0F6DE
:10584000010140F2A652C0F60103FAF7DBFD1C216C
:10585000715509F10A0109F109008AB2432A82B29D
:105860004FF0FF034FF00105ADF80A00B35408D81C
:1058700016FA81F0C9F1390115FA81F1FAF7C6FF7C
:105880004320F13081B2404608F0B4F840F2F040D5
:10589000C2F20000406848F6D0124146C0F601024C
:1058A000432300940FF092FE404607F021FF40F2A0
:1058B000224940F232469BF8060055FA80F1CAB2FE
:1058C0008A4201D0142014E04FF47A735A4340F214
:1058D000F31313FA82F244F6D353C0B2C1F2620357
:1058E00009284FF01400A2FB03238BF8061038BFE1
:1058F0005809BBF81410BBF81220ABF80800891A3D
:105900000229FFF6A7AE88B24008ABF81000A1E666
:1059100003B0BDE8F08F00002DE9F04381B068B31B
:105920000C46B9B39146074636204FF49A714FF4AE
:105930002072984607F05AFB00283DD00546408962
:1059400080084C280CD848F6333049F2BE63C0F6C4
:10595000010046A1C0F6010340F27272FAF752FD4F
:10596000B9F1030F02D16079032833D1A07948B38C
:1059700040F2A070C2F2000000682AE048F633301E
:1059800049F2BE63C0F6010050A1C0F6010340F227
:1059900069720AE048F6333049F2BE63C0F601008E
:1059A00042A1C0F6010340F26A72FAF72BFD00250E
:1059B000284601B0BDE8F0830025284601B0BDE8C7
:1059C000F08300BFFAF764FC40F2A071C2F200015C
:1059D000086020606E684FF49971B01CFAF716FFEA
:1059E00040F20110308097F830102068B17004F058
:1059F0009FF9A9F10701022970600AD3B9F1040FD8
:105A000007D0B9F1030F06D1607900F0FE00042839
:105A100001D17868F06097F82A00B8F1000F30776C
:105A200097F82B00707797F82C00B07797F82D0037
:105A3000F07797F82E0086F8200097F82F0086F868
:105A4000F29086F8210048F26320C6F25330C6F87F
:105A5000EC0040F23510A6F8F0001CBF0320A8F8B7
:105A60000000284601B0BDE8F08300BF64686370A1
:105A70005F6372656174655F6D73673A2063686523
:105A8000636B20746861742066697273742070623D
:105A900075662063616E20686F6C64207374727524
:105AA000637420646863705F6D736700646863701B
:105AB0005F6372656174655F6D73673A20646863E4
:105AC0007020213D204E554C4C00000064686370EE
:105AD0005F6372656174655F6D73673A206E6574AC
:105AE000696620213D204E554C4C00002DE9F04FB9
:105AF00083B0D0F824B081469BF805100020062919
:105B0000CBF81C001EBF0621ABF80510ABF808004F
:105B10000DF10A034846594601224FF00108FFF7EC
:105B2000FBFE002800F0D3808246BDF80A70406872
:105B3000412F00F1F0050FD348F6333049F27C6174
:105B400049F2BE63C0F60100C0F60101C0F60103D0
:105B500040F29A52FAF756FC781C392180B20222A0
:105B6000E955B91C2A548EB2B9F82840432EADF835
:105B70000A100FD348F6333049F2076149F2BE6389
:105B8000C0F60100C0F60101C0F6010340F2AE52BA
:105B9000FAF738FC200AF91CA855381D89B26C5454
:105BA00084B2402CADF80A000FD348F6333049F2E6
:105BB0007C6149F2BE63C0F60100C0F60101C0F687
:105BC000010340F29A52FAF71DFC37212955B91DFD
:105BD000781D8EB280B20322442E2A54ADF80A10EA
:105BE0000FD348F6333049F2D25149F2BE63C0F6C2
:105BF0000100C0F60101C0F6010340F2A652FAF717
:105C000001FCF81D84B20121442CA955ADF80A000D
:105C10000FD348F6333049F2D25149F2BE63C0F691
:105C20000100C0F60101C0F6010340F2A652FAF7E6
:105C3000E9FB07F1080086B20321442E2955ADF88F
:105C40000A000FD348F6333049F2D25149F2BE630D
:105C5000C0F60100C0F60101C0F6010340F2A652F1
:105C6000FAF7D0FB1C21A95507F10A0107F1090039
:105C70008BB282B2432B4FF0FF03ADF80A00AB5456
:105C800009D815FA81F0C7F13901012212FA81F120
:105C9000FAF7BCFD4320F13081B2504607F0AAFE6E
:105CA00040F2F040C2F20000406848F6CC1748F6D7
:105CB000D012C0F60107C0F6010251464323CDF8C9
:105CC000009001970FF016FD504607F011FD9BF86C
:105CD0000610782058FA81F2D3B2934213D14FF4D0
:105CE0007A7707FA03F340F2F31717FA83F344F6CF
:105CF000D357C1F26207C9B2A3FB07378BF806205E
:105D0000052938BF7809ABF8080003B0BDE8F08F6B
:105D1000F0B581B040F2A840C2F200000468002C47
:105D20004ED00025012604E0013838812468002C7B
:105D300046D0676A002FF9D038890228F4D20128AA
:105D4000F4D178793D8101380B28EFD8DFE800F0F5
:105D5000080610060618061C06060618E6E700BF29
:105D6000B879052820D8204600F03CFFDEE700BFC8
:105D7000B879012804D8204600F016F9D6E700BF0C
:105D80002046FFF7B3FED1E7B879012814D807F110
:105D90001C012046002202F099F9B879FF281CBFA7
:105DA0000130B8713E81C1E7204600F035FD204644
:105DB00001F000F9BAE700BF2046FFF763FBB5E743
:105DC00001B0F0BDB0B540F2F045C2F20005EA7A8C
:105DD00004460020C4E90800002A1CBFE869A0624C
:105DE000287B28B1286A6A7BE0623AB1686A09E0D8
:105DF000A06A40086A7BE062002AF7D1A06AC0EB83
:105E0000C000C0082063A87B0969E16130B1A86ABD
:105E100003F08EFF2062012001E000BF0020E0714E
:105E2000E87B002808BFB0BDE86A03F081FF60622C
:105E3000B0BD000010B50446406A41790C2904D079
:105E40000C21A0F805100021018148F6CC11C0F604
:105E5000010120460A460B4606F056FC2046BDE8E6
:105E60001040FFF743BE000070B540F2F042C2F2AE
:105E70000002937A002B08BF70BD0446466A906901
:105E80000D460021318103F053FF2969B06120469E
:105E9000F161BDE8704000F0A5BE0000B0B540F271
:105EA000F045C2F20005287858BB686858B148F63A
:105EB000333049F2BE63C0F6010016A1C0F60103FB
:105EC000E522FAF79FFA0FF00BFB6860F0B1417A18
:105ED00048F6CC1441F02001C0F60104417221467D
:105EE00044220EF0A9FF6868214643220FF06EF8A5
:105EF000686846F24D21C0F6000100220FF004FB55
:105F0000287801302870002040B2B0BDFF2040B298
:105F1000B0BD00BF646863705F696E635F70636289
:105F20005F726566636F756E7428293A206D656DC2
:105F30006F7279206C65616B00000000B0B5456A36
:105F400085B104466879C11E032904D3002808BF1F
:105F5000B0BD0A2808D100212046A971BDE8B04093
:105F600000F022B8B0BD00BF0D280CD348F6333086
:105F700049F2BE63C0F6010006A1C0F6010340F27B
:105F80006D32FAF73FFA00212046A971BDE8B04012
:105F9000FFF7ACBD696E76616C69642064686370FC
:105FA0002D3E7374617465002DE9F04782B0D0F81E
:105FB00024A080469AF80500032805D00320AAF8FB
:105FC00005000020AAF808000DF1060340465146DE
:105FD0000322FFF7A1FC002800F016818146BDF8DE
:105FE00006504068412D00F1F0060FD348F63330DB
:105FF00049F27C6149F2BE63C0F60100C0F60101BE
:10600000C0F6010340F29A52FAF7FCF939217155B2
:10601000A91C681C8CB280B20227432C3754ADF8FF
:1060200006100FD348F6333049F2076149F2BE63D8
:10603000C0F60100C0F60101C0F6010340F2AE5205
:10604000FAF7E0F9291DE81C37558CB280B24022DE
:106050003F2C3254ADF806100FD348F6333049F2D6
:106060007C6149F2BE63C0F60100C0F60101C0F6D2
:10607000010340F29A52FAF7C5F9681D322180B245
:10608000042231553254DAF81C00A91D8CB2ADF847
:10609000061003F04DFE412C07460FD348F633306F
:1060A00049F2426149F2BE63C0F60100C0F6010147
:1060B000C0F6010340F2B752FAF7A4F9380EE91D11
:1060C0003055380C05F1080289B27054380A92B282
:1060D000B05405F10A0005F1090184B289B2402CDF
:1060E0007754ADF806000FD348F6333049F27C619F
:1060F00049F2BE63C0F60100C0F60101C0F601031B
:1061000040F29A52FAF77EF93721315505F10C0128
:1061100005F10B008CB280B20322442C3254ADF84E
:1061200006100FD348F6333049F2D25149F2BE631C
:10613000C0F60100C0F60101C0F6010340F2A6520C
:10614000FAF760F905F10D0087B20121442F3155AE
:10615000ADF806000FD348F6333049F2D25149F278
:10616000BE63C0F60100C0F60101C0F6010340F2B3
:10617000A652FAF747F905F10E0084B20321442C28
:10618000F155ADF806000FD348F6333049F2D2513D
:1061900049F2BE63C0F60100C0F60101C0F601037A
:1061A00040F2A652FAF72EF91C21315505F11001E3
:1061B00005F10F008BB282B2432B4FF0FF03ADF815
:1061C0000600B35409D816FA81F0C5F13301012253
:1061D00012FA81F1FAF71AFB4320F13081B24846F6
:1061E00007F008FC40F2F040C2F20000406848F6B8
:1061F000D012C0F6010249464323CDF800800FF0CB
:10620000E5F9484607F074FA9AF80610012050FAAA
:1062100081F2D3B293424FF0140012D14FF47A7747
:106220007B4340F2F31717FA83F344F6D357C1F2D6
:106230006207C9B2A3FB07378AF80620092938BFCD
:106240007809AAF8080002B0BDE8F0872DE9F04F00
:1062500085B040F62C10C2F20000456814466E6A04
:1062600086B3307970B360892C282BD360680178AD
:10627000022927D195F83010A1B10139C9B295F89A
:106280002A20037F052928BF05219A421AD149B146
:1062900095F82B20437F9A4214D10131C9B20229CB
:1062A00040F06881406803F043FD3168884209D1BD
:1062B00040F2F040C2F200000021C0E90211608902
:1062C0002C2805D2204607F013FA05B0BDE8F08F60
:1062D000B4F80880F0204FF6FD7A0021019127469E
:1062E000798982B28A4225D33F68002FEAD0401ACA
:1062F0007A8983B29342A8EB01081BD33F68002F31
:10630000E0D0801A798983B28B42A8EB020811D3BE
:106310003F68002FD6D0401A7A8983B29342A8EB07
:10632000010807D33F68801A002FA8EB0208D7D1D5
:10633000C8E700BF1FFA88F182B28A42009280F05B
:1063400007817968039105E01FFA88F182B28A42D9
:1063500080F0E08003991FFA80FB11F80B10FF29F1
:1063600000F0D880D345ADD8B7F80AC00BF10103CF
:10637000634507D2039A134493F800E03B290ED9F2
:1063800036E000BF3B682BB15B6893F800E03B2927
:1063900005D92DE04FF0000E3B2900F22980DFE8FF
:1063A00001F01F21272F27272727272727272727E0
:1063B000272727272727272727272727272727276D
:1063C000272727272727272727272727272727275D
:1063D00027272727273B414D552727275B6300BFEA
:1063E000013082E0BEF1040F40F00081062240E05F
:1063F0000EEB0B0050453FF665AF023075E000BF75
:10640000BEF1030F40F20281F344D3453FF65AAF89
:1064100007224FF0040932E0BEF1040F40F0028180
:10642000032226E0BEF1010F40F00C810099F02913
:1064300040F0588100224FF001091CE0BEF1010F2D
:1064400040F010814FF00109012214E0BEF1040F69
:1064500040F0188102220CE0BEF1040F40F02281CE
:106460004FF00409042206E0BEF1040F40F02A8137
:1064700005224FF00409F344D3453FF623AF40F221
:10648000F041C2F2000101EB020A9AF8081000295B
:106490004FF00001049124D10230029283B23846B9
:1064A00004A94A4607F0A8F848457FF40BAFB9F1B4
:1064B000010F07D0B9F1040F40F08C80049803F06D
:1064C00037FC01E09DF8100001218AF8081040F225
:1064D000F041029AC2F20001B7F80AC001EB820152
:1064E00008610BF102004FF6FD7A81B26145FFF4BD
:1064F0002BAFA0EB0C00A8EB0C0881B21FFA88F2BE
:106500009142BFF4DFAE3F68002F57D07968039106
:106510001AE700BF40F2F040C2F20000007AB8B1C2
:1065200040F2F040C2F200000169002202724FF016
:10653000EC0801294FF06C003FF4D1AE022913D0D2
:10654000032905D101204FF0EC0801906C20C6E62C
:1065500001994FF06C082C2000294FF000010191A7
:106560007FF4BDAED2E000BF00204FF06C08019078
:106570002C20B4E695F82C20837F9A427FF4A2AEBB
:1065800003293FF48FAE95F82D20C37F9A427FF404
:1065900099AE04293FF486AE95F82E2090F820306D
:1065A0009A427FF48FAE05293FF47CAE95F82F1008
:1065B00090F8212091423FF475AE83E648F63330DF
:1065C00049F2BE63C0F601008EA1C0F6010340F29D
:1065D0009D6292E048F6333049F2BE63C0F6010096
:1065E00083A1C0F601034FF4D26286E048F633304F
:1065F00049F2BB5149F2BE63C0F60100C0F6010189
:10660000C0F6010340F22E6277E000BF48F6333057
:1066100049F2BE63C0F6010070A1C0F6010340F26A
:1066200033626AE048F6333049F2BB5149F2BE6347
:10663000C0F60100C0F60101C0F6010340F241625C
:106640005BE000BF48F6333049F2B25149F2BE6315
:10665000C0F60100C0F60101C0F6010340F24F622E
:106660004BE000BF48F6333049F2B25149F2BE6305
:10667000C0F60100C0F60101C0F6010340F2556208
:106680003BE000BF48F6333049F2BB5149F2BE63EC
:10669000C0F60100C0F60101C0F6010340F25962E4
:1066A0002BE000BF48F6333049F2BB5149F2BE63DC
:1066B000C0F60100C0F60101C0F6010340F25D62C0
:1066C0001BE000BF48F6333049F2BB5149F2BE63CC
:1066D000C0F60100C0F60101C0F6010340F261629C
:1066E0000BE000BF48F6333049F2BE63C0F601004C
:1066F00034A1C0F6010340F25162F9F783FE20464F
:1067000006F0F6FF05B0BDE8F08F00BF40F2F040A4
:10671000C2F20000407A00283FF4D4AD40F2F040CD
:10672000C2F20000007D6168022815D0062821D041
:1067300005287FF4C7AD7079C21E032A2ED2686A7D
:10674000FFF740FB2846FEF79DFE204606F0D0FFEF
:1067500005B0BDE8F08F00BF707906287FF4B2ADB8
:106760002846FFF781FB204606F0C2FF05B0BDE8D2
:10677000F08F00BF707905283FF6A4AD012101FA22
:1067800000F010F03A0F3FF49DAD2846FFF752FBA2
:10679000204606F0ADFF05B0BDE8F08F01287FF47C
:1067A00091AD686AFFF70EFB95F831000007C9D577
:1067B0002846FEF71DFF204606F09AFF05B0BDE80B
:1067C000F08F00BF6F7665726C6F616420696E2018
:1067D00066696C652F736E616D6500006C656E2077
:1067E0003E3D206465636F64655F6C656E0000000C
:1067F000696E76616C6964206465636F64655F6C63
:10680000656E00006E657874207062756620776131
:1068100073206E756C6C00002DE9F04F83B0446AF4
:10682000002C00F0B28082466079002800F0AD8034
:10683000A16940F2F048029100210A28C2F2000842
:10684000C4F81210C4F80E10C4E90611C4E9081106
:10685000C4E90A1121637CD8012101FA00F010F487
:10686000866F76D00DF10603504621460722FFF7CA
:1068700053F800286DD08146BDF8066040683F2E71
:1068800000F1F0050FD348F6333049F27C6149F24C
:10689000BE63C0F60100C0F60101C0F6010340F27C
:1068A0009A52F9F7AFFD701C362180B20422A95527
:1068B0002A540298B11C1FFA81FBADF8061003F0B0
:1068C00037FABBF1410F07460FD348F6333049F290
:1068D000426149F2BE63C0F60100C0F60101C0F694
:1068E000010340F2B752F9F78DFD380EF11C05F89F
:1068F0000B00380C89B26854711D321D89B2380AF8
:1069000092B26F54F11DA854B01D8BB282B2432BCA
:106910004FF0FF03ADF80600AB5409D815FA81F02B
:10692000C6F13C01012212FA81F1F9F76FFF432011
:10693000F13081B2484607F05DF8D8F8040002AAA9
:1069400049464323CDF800A00EF040FE484606F02D
:10695000CFFE48F6CC11C0F6010150460A460B4660
:1069600005F0D2FE607900281EBF0020A4F80500C3
:106970002081207948B198F8000048B1013801061B
:1069800088F800001AD00020207103B0BDE8F08F15
:1069900048F6333049F2F36149F2BE63C0F60100B4
:1069A000C0F60101C0F60103FF22F9F72BFD98F8AC
:1069B00000000138010688F80000E4D1D8F804008E
:1069C0000EF0C0FD0020C8F80400DCE72DE9F04718
:1069D00082B0D0F824A080469AF80500052805D09A
:1069E0000520AAF805000020AAF808000DF106030A
:1069F000404651460322FEF78FFF002800F0CE806C
:106A00008146BDF806704068412F00F1F0050FD3B4
:106A100048F6333049F27C6149F2BE63C0F60100AA
:106A2000C0F60101C0F6010340F29A52F9F7EAFC00
:106A3000781C392180B20222E955B91C2A548EB241
:106A4000B8F82840432EADF806100FD348F633307F
:106A500049F2076149F2BE63C0F60100C0F60101C8
:106A6000C0F6010340F2AE52F9F7CCFC200AF91C43
:106A7000A855381D89B26C5484B2402CADF806007C
:106A80000FD348F6333049F27C6149F2BE63C0F659
:106A90000100C0F60101C0F6010340F29A52F9F775
:106AA000B1FC37212955B91D781D8EB280B2032261
:106AB000442E2A54ADF806100FD348F6333049F26D
:106AC000D25149F2BE63C0F60100C0F60101C0F622
:106AD000010340F2A652F9F795FCF81D84B201219A
:106AE000442CA955ADF806000FD348F6333049F2CF
:106AF000D25149F2BE63C0F60100C0F60101C0F6F2
:106B0000010340F2A652F9F77DFC07F1080086B2B6
:106B10000321442E2955ADF806000FD348F6333033
:106B200049F2D25149F2BE63C0F60100C0F601013C
:106B3000C0F6010340F2A652F9F764FC1C21A955E6
:106B400007F10A0107F109008BB282B2432B4FF023
:106B5000FF03ADF80600AB5409D815FA81F0C7F170
:106B60003901012212FA81F1F9F750FE4320F13088
:106B700081B2484606F03EFF40F2F040C2F200000B
:106B800040680AF1180249464323CDF800800EF010
:106B90001DFD0546484606F0ABFD00E0FF259AF8CE
:106BA0000600012151FA80F2D3B293424FF028013E
:106BB00012D14FF4FA677B4340F2F31717FA83F3CD
:106BC00044F6D357C1F26207C0B2A3FB07378AF875
:106BD0000620092838BF790968B2AAF8081002B05F
:106BE000BDE8F0872DE9F04784B0002800F0A681C9
:106BF000D0F824908246B9F1000F00F0AF8199F8E7
:106C00000500012805D00120A9F805000020A9F8F9
:106C100008000DF10E03504649460322FEF77CFEA4
:106C2000002800F067818046BDF80E604068412E64
:106C300000F1F0040FD348F6333049F27C6149F299
:106C4000BE63C0F60100C0F60101C0F6010340F2C8
:106C50009A52F9F7D7FB701C392180B20222A15554
:106C6000B11C22548DB2BAF82870432DADF80E1025
:106C70000FD348F6333049F2076149F2BE63C0F6DC
:106C80000100C0F60101C0F6010340F2AE52F9F76F
:106C9000B9FB380A6055301DF11C85B289B23F2D11
:106CA0006754ADF80E000FD348F6333049F27C61DB
:106CB00049F2BE63C0F60100C0F60101C0F601034F
:106CC00040F29A52F9F79EFB701D322180B20422E5
:106CD00061552254D9F81C00B11D8DB2ADF80E10CB
:106CE00003F026F8412D07460FD348F6333049F21A
:106CF000426149F2BE63C0F60100C0F60101C0F670
:106D0000010340F2B752F9F77DFB380EF11D6055D3
:106D1000380C06F1080289B26054380A92B2A054C5
:106D200006F10A0006F1090185B289B23F2D6754C8
:106D3000ADF80E000FD348F6333049F27C6149F2CA
:106D4000BE63C0F60100C0F60101C0F6010340F2C7
:106D50009A52F9F757FB06F10B00362180B2042254
:106D600061552254D9F8180006F10C018DB2ADF826
:106D70000E1002F0DDFF412D07460FD348F63330E9
:106D800049F2426149F2BE63C0F60100C0F601015A
:106D9000C0F6010340F2B752F9F734FB380E06F1A2
:106DA0000D016055380C06F10E0289B26054380AA4
:106DB00092B2A05406F1100006F10F0185B289B21B
:106DC000402D6754ADF80E000FD348F6333049F22A
:106DD0007C6149F2BE63C0F60100C0F60101C0F655
:106DE000010340F29A52F9F70DFB3721615506F184
:106DF000120106F111008DB280B20322442D2254FB
:106E0000ADF80E100FD348F6333049F2D25149F2A3
:106E1000BE63C0F60100C0F60101C0F6010340F2F6
:106E2000A652F9F7EFFA06F1130087B20121442FB9
:106E30006155ADF80E000FD348F6333049F2D25108
:106E400049F2BE63C0F60100C0F60101C0F60103BD
:106E500040F2A652F9F7D6FA06F1140085B20321E2
:106E6000442DE155ADF80E000FD348F6333049F20A
:106E7000D25149F2BE63C0F60100C0F60101C0F66E
:106E8000010340F2A652F9F7BDFA1C21615506F143
:106E9000160106F115008BB282B2432B4FF0FF03AF
:106EA000ADF80E00A35409D814FA81F0C6F12D01F3
:106EB000012212FA81F1F9F7A9FC4320F13081B2E5
:106EC000404606F097FD40F2F040C2F200004068F4
:106ED00048F6CC1748F6D012C0F60107C0F60102FA
:106EE00041464323CDF800A001970EF003FC404635
:106EF00006F0FEFB99F80610012050FA81F2D3B299
:106F000093424FF0780013D14FF47A7707FA03F3E6
:106F100040F2F31717FA83F344F6D357C1F262072E
:106F2000C9B2A3FB073789F80620052938BF7809BD
:106F3000A9F8080004B0BDE8F08700BF48F6333078
:106F400049F2BE63C0F6010013A1C0F6010340F28E
:106F5000771204B0BDE8F047F9F754BA48F6333079
:106F600049F2BE63C0F6010004A1C0F6010340F27D
:106F7000791204B0BDE8F047F9F744BA6468637069
:106F80005F73656C6563743A206468637020213DAB
:106F9000204E554C4C000000646863705F73656C54
:106FA0006563743A206E6574696620213D204E55F4
:106FB0004C4C000070B5A8B1044690F83100C007F1
:106FC00024D148F6333049F2BE63C0F6010037A140
:106FD000C0F601034FF43A72F9F714FAF02040B208
:106FE00070BD00BF48F6333049F2C45149F2BE6368
:106FF000C0F60100C0F60101C0F6010340F2E7222D
:10700000F9F700FAF02040B270BD00BF208DB0F556
:10701000107F30D3656A0DB3287928B340F2F0466B
:10702000C2F20006307878B948F6333049F2F3619D
:1070300049F2BE63C0F60100C0F60101C0F60103CB
:10704000FF22F9F7DFF930780138010630700BD1F3
:1070500070680EF077FA0020706005E0342003F0CD
:10706000A9F840B10546606228463421F9F7F0FBE3
:10707000FEF714FF10B1FF2040B270BD94F831004C
:107080000121400729710BD4687902284FF00000D4
:107090000AD00221288140B2A5F8051070BD00BFBA
:1070A0002046FEF723FD002040B270BD6E65746976
:1070B00066206973206E6F742075702C206F6C646D
:1070C000207374796C6520706F72743F000000004B
:1070D0002DE9F04786B04FF4805041F2004A01900C
:1070E0001120C4F2020A02900220049001A9504625
:1070F000FCF728FD50464FF4805100220024FCF795
:10710000FBFD40F6A009C2F20009D9F8000044F6E0
:1071100020624462016841F00101016044F61F6190
:10712000436A8B4208D8436A8B4205D8436A8B4234
:1071300002D8436A9342F3D3016A41F21112114219
:1071400008D1016A40F24442114203D1016821F0A2
:107150000101016050464FF480510122FCF7CCFD43
:10716000D9F8000000214162016841F0010101608D
:10717000416A1D2908D8416A1D2905D8416A1D297F
:1071800002D8416A1E29F3D3016A41F21112114259
:1071900008D1016A40F24442114203D1016821F052
:1071A000010101604FF480500190012000250390FF
:1071B00001A950460295FCF7C5FC50464FF480519A
:1071C000FCF794FD20B1284606B0BDE8F08700BF6B
:1071D00041F2111740F24448002609E0016A3942A1
:1071E0001CD050464FF48051661CFCF77FFDF8B967
:1071F000D9F8000034464562016841F001010160A0
:10720000416A0029EAD1416A0029E7D1416A00298F
:10721000E4D1416A0029F3D0E0E700BF016A11EA36
:10722000080FDED1016821F001010160D9E700BF3C
:10723000A4F16400C0B2AF2804D20025284606B0ED
:10724000BDE8F08750464FF48051FCF74FFD002811
:107250004FF00005B7D041F2111740F24448002426
:107260000AE000BF016A39421CD050464FF48051F9
:10727000741CFCF73BFDF8B1D9F8000026464562C6
:10728000016841F001010160416A0029EAD1416AC7
:107290000029E7D1416A0029E4D1416A0029F3D0ED
:1072A000E0E700BF016A11EA080FDED1016821F0B2
:1072B00001010160D9E700BFA6F11300C0B20025AB
:1072C000512838BF0125284606B0BDE8F0870000E8
:1072D000B0B540F2AC65C2F20005297D044651B15B
:1072E000A868A04207D1286818B106F001FA00206A
:1072F00028600020287595F82C0058B1286AA04213
:1073000008D1A86918B106F0F3F90020A86100209F
:1073100085F82C0095F8440058B1A86BA04208D11C
:10732000286B18B106F0E4F900202863002085F8E6
:10733000440095F85C0058B1286DA04208D1A86CB3
:1073400018B106F0D5F90020A864002085F85C008B
:1073500095F8740058B1A86EA04208D1286E18B1F3
:1073600006F0C6F900202866002085F8740095F81C
:107370008C0060B1D5F88000A04208D1A86F18B188
:1073800006F0B6F90020A867002085F88C0095F873
:10739000A40070B1D5F89800A0420AD1D5F89000A9
:1073A00020B106F0A5F90020C5F89000002085F86E
:1073B000A40095F8BC0070B1D5F8B000A0420AD185
:1073C000D5F8A80020B106F093F90020C5F8A80070
:1073D000002085F8BC0095F8D40070B1D5F8C8003D
:1073E000A0420AD1D5F8C00020B106F081F90020F2
:1073F000C5F8C000002085F8D40095F8EC0078B1FD
:10740000D5F8E000A04218BFB0BDD5F8D80020B133
:1074100006F06EF90020C5F8D800002085F8EC00D1
:10742000B0BD00002DE9F04F85B00028CDE9011274
:10743000049000F08B804FF00A0B002A00F0B0801F
:1074400040F2AC6C00230122C2F2000C00204FF08D
:10745000000E4FF0000A4FF00A084FF00A090A2107
:10746000039106E090463033F02B02F1020200F067
:1074700005830CEB0304257D1FFA88F10A29A2F18C
:10748000010608BF002D19D065B304996768096823
:10749000B94204D1A168029FB94200F03D81012D9B
:1074A0000ED15CF80310658A91B11FFA8AFA55452E
:1074B00028BFB34688BFAA4614E000BFB04611E01B
:1074C000618A80B2814228BFB14688BF084609E080
:1074D0001FFA8EFE0399754528BF3146039188BF78
:1074E000AE4600BF94F82C501FFA88F10A2908BF55
:1074F000002DB7D0002DB6D00499E6690968B142D5
:1075000004D1216A029EB14200F0C382012D0BD149
:10751000A169648D81B11FFA8AFA544528BF934648
:1075200088BFA2469FE700BF618D80B2814228BF1D
:10753000914688BF084696E71FFA8EFE0399744568
:1075400028BF1146039188BFA6468CE740F2AC667F
:10755000C2F20006337D012B00F09E80002B40F02C
:10756000C58096F82C404FF000080A20002C00F04F
:10757000DB8003904FF00A0900204FF00A0B002334
:107580004FF0000C4FF0000E012C00F0A380748D22
:10759000744528BF4FF0010988BFA646DFE000BF51
:1075A00040F2AC6C00200122C2F2000C00274FF028
:1075B000000E00244FF00A084FF00A090A21039137
:1075C00007E000BF90463030F02802F1020200F0E0
:1075D00055820CEB00031D7D1FFA88F60A2EA2F1DE
:1075E000010608BF002D15D045B30499D1F800A0BD
:1075F00059688A4500F09280012D0DD15CF8001089
:107600005D8A89B1A4B2A54228BFB34688BF2C4683
:1076100014E000BFB04611E0598ABFB2B94228BF9A
:10762000B14688BF0F4609E01FFA8EFE03997545E3
:1076300028BF3146039188BFAE4600BF93F82C5057
:107640001FFA88F10A2908BF002DBBD0002DBAD03F
:107650000499DE690968B14200F01B82012D09D14D
:1076600099695B8D71B1A4B2A34228BF934688BFCC
:107670001C46A8E7598DBFB2B94228BF914688BFC2
:107680000F46A0E71FFA8EFE0399734528BF1146E7
:10769000039188BF9E4696E73368B6F812C0002B68
:1076A00018464FF0000E4FF0000B4FF00A0918BFBC
:1076B0000A20039008BF4FF00A0B002B1CBF634643
:1076C000F44696F82C40012004B34FF00A08012C30
:1076D0007FF45DAFB569748DC5B39BB29C4228BF82
:1076E0004FF0010B88BF234639E000BFB6F812E027
:1076F0000A204FF0000903904FF00A0B00234FF0CF
:10770000000C96F82C400120002CDED14FF001082F
:1077100096F84440ACBB14E03246BAE1324610B2AF
:1077200005B0BDE8F08F00BF03904FF00A094FF09D
:107730000A0B00234FF0000C4FF0000E96F8444067
:10774000FCB996F85C00002845D114E01FFA8CFCC7
:10775000039A644528BF0122039288BFA44696F885
:107760004440B4FA84F56D09284209D04FF002086C
:1077700096F85C0078BB96F8740000285FD148E06A
:107780000CB3012C0CD1346BB6F8420094B19BB20F
:10779000984228BF4FF0020B88BF034613E000BF9A
:1077A000B6F84200704528BF4FF0020988BF8646F0
:1077B00009E000BF1FFA8CFC039A604528BF022233
:1077C000039288BF844696F85C00B8F10A0F08BFA0
:1077D000002819D058B301280CD1B46CB6F85A005F
:1077E000E4B19BB2984228BF4FF0030B88BF034619
:1077F0001DE000BFB6F85A00704528BF4FF00309DE
:1078000088BF864613E000BF4FF0030896F8740067
:10781000A8B996F88C00002845D12EE01FFA8CFC00
:10782000039A604528BF0322039288BF844696F8D6
:107830007400B8F10A0F08BF002819D058B3012806
:107840000CD1346EB6F87200E4B19BB2984228BFF6
:107850004FF0040B88BF03461DE000BFB6F872006E
:10786000704528BF4FF0040988BF864613E000BF6B
:107870004FF0040896F88C00A8B996F8A4000028E8
:1078800045D12EE01FFA8CFC039A604528BF0422E4
:10789000039288BF844696F88C00B8F10A0F08BF9F
:1078A000002819D058B301280CD1B46FB6F88A005B
:1078B000E4B19BB2984228BF4FF0050B88BF034646
:1078C0001DE000BFB6F88A00704528BF4FF00509DB
:1078D00088BF864613E000BF4FF0050896F8A40065
:1078E000A8B996F8BC00002845D12EE01FFA8CFC00
:1078F000039A604528BF0522039288BF844696F804
:10790000A400B8F10A0F08BF002819D058B3012805
:107910000CD1D6F89040B6F8A200DCB19BB29842E8
:1079200028BF4FF0060B88BF03461CE0B6F8A20044
:10793000704528BF4FF0060988BF864613E000BF98
:107940004FF0060896F8BC00A8B996F8D4000028B5
:1079500041D15BE01FFA8CFC039A604528BF0622E8
:10796000039288BF844696F8BC00B8F10A0F08BF9E
:10797000002819D038B301280CD1D6F8A840B6F8A1
:10798000BA00BCB19BB2984228BF4FF0070B88BF2A
:10799000034618E0B6F8BA00704528BF4FF0070953
:1079A00088BF86460FE000BF4FF0070896F8D40066
:1079B00088B92BE01FFA8CFC039A604528BF072288
:1079C000039288BF844696F8D400B8F10A0F08BF26
:1079D000002819D038B301280CD1D6F8C040B6F829
:1079E000D200BCB19BB2984228BF4FF0080B88BFB1
:1079F000034618E0B6F8D200704528BF4FF00809DA
:107A000088BF86460FE000BF4FF0080896F8EC00EC
:107A100010E000BF1FFA8CFC039A604528BF0822C3
:107A2000039288BF844696F8EC00B8F10A0F08BFAD
:107A3000002821D010B3012812D1D6F8D870B6F89A
:107A4000EA00002F00F0A0809AB2904228BF4FF0C9
:107A5000090B01994FF6FF7288071AD413E000BF93
:107A6000B6F8EA00704528BF4FF0090901994FF6B2
:107A7000FF7288070DD406E04FF0090801994FF610
:107A8000FF72880705D4C80708D11FFA88F00A28B2
:107A900004D110B205B0BDE8F08F00BF0FFA88F432
:107AA0000A2C19DA40F2AC6104EB4400C2F2000186
:107AB00001EBC000007D002848D048F6333049F281
:107AC0006773C0F601003DA1C0F6010340F28512C4
:107AD000F8F798FC3AE000BF0FFA89F0092817DCA4
:107AE00040F2AC6100EB4000C2F2000151F83000FE
:107AF00060B148F6333049F26773C0F6010029A13E
:107B0000C0F6010340F26D12F8F77CFCC8460AE0AB
:107B1000DDF80C800FFA88F00A2804DB0FFA8BF0EE
:107B20000928D846B5DC0FFA88F440F2AC6204EBC1
:107B30004401C2F2000252F8310002EBC10518B153
:107B400005F0D6FD00202860002028750498029BCF
:107B500048B140F2AC62006804EB4401C2F200029A
:107B600002EBC101486040F2AC6104EB4400C2F298
:107B7000000101EBC000002141828360424610B247
:107B800005B0BDE8F08F00BF1FFA8CF29042039859
:107B900028BF0920039001994FF6FF7288073FF52F
:107BA00078AF70E76172705F7461626C655B695D8C
:107BB0002E71203D3D204E554C4C00006172705F8F
:107BC0007461626C655B695D2E7374617465203DE0
:107BD0003D204554484152505F53544154455F4500
:107BE0004D505459000000002DE9F04F85B039B3D5
:107BF000466804463088B0F5807F1BD1307906286E
:107C000018D17079042815D17088082812D18A46B5
:107C10005AF8040FD6F80E700D46049720B3B169D8
:107C200006F10808814221D14FF001094FF0000B05
:107C300020E000BF204605B0BDE8F04F05F058BD7C
:107C400048F6333049F2C45149F26773C0F6010077
:107C5000C0F60101C0F6010340F28A2205B0BDE87A
:107C6000F04FF8F7CFBB00BF06F108084FF002094C
:107C70004FF0010B95F8300006280CD048F6333051
:107C800049F26773C0F6010030A1C0F6010340F26B
:107C9000A912F8F7B7FBB7B33846294600F0F6FF4C
:107CA00088BB07F0F000E0282DD004A849462A46FA
:107CB000FFF7B8FB002826D481B2490040F2AC623D
:107CC00011FA80F1C2F2000202EBC1000223037537
:107CD0008560D8F8003052F83170C360B8F80430CD
:107CE00000210382418277B1016005F12A024FF43D
:107CF000006C284639464346CDF800C000F0AAFC87
:107D0000384605F0F5FCF088B0F5007F14D0B0F5EA
:107D1000807F15D1BBF1000F12D105F12A0104A813
:107D200002270290284642460B46CDE900A8039759
:107D300000F0C6FA04E000BF04A92846FDF7E8FAFF
:107D4000204605F0D5FC05B0BDE8F08F6E6574697E
:107D5000662D3E6877616464725F6C656E203D3DA0
:107D6000204554485F4857414444525F4C454E00BB
:107D700070B584B0164605460C4658B1E4B156B30A
:107D80003068294600F082FFB0B348F6C013C0F651
:107D9000010347E048F6333049F2C45149F26773B2
:107DA000C0F60100C0F60101C0F6010340F21E3228
:107DB000F8F728FB002CE2D148F6333049F267731C
:107DC000C0F6010081A1C0F6010340F21F32F8F7AE
:107DD00019FB002ED4D148F6333049F2587149F2DC
:107DE0006773C0F60100C0F60101C0F601034FF44D
:107DF0004872F8F707FBC3E7306800F0F001E029AC
:107E00001CD10123ADF808305E23010E020C8DF861
:107E10000A30C0F3062002AB8DF80B008DF80C2061
:107E20008DF80D1005F12A024FF400662846214610
:107E3000009600F00FFC40B204B070BDD5E901120D
:107E40004140114208D081B24FF6A962914203D05D
:107E50002E4656F80C0FA8B340F2A47CC2F2000CD8
:107E60009CF8002040F2AC6E02EB4203C2F2000E1E
:107E70000EEBC303197D022908D39968A94205D1E5
:107E80005968884202D12846214692E09EF8141093
:107E9000022909D3DEF80810A94205D1DEF8041042
:107EA000884201D1002280E09EF82C1002290DD3D7
:107EB000DEF82010A94209D1DEF81C10884205D155
:107EC000012272E0FC2040B204B070BD9EF8441064
:107ED000022909D3DEF83810A94205D1DEF83410A2
:107EE000884201D1022260E09EF85C10022909D389
:107EF000DEF85010A94205D1DEF84C10884201D1BD
:107F0000032252E09EF87410022909D3DEF86810AB
:107F1000A94205D1DEF86410884201D1042244E070
:107F20009EF88C10022909D3DEF88010A94205D1F1
:107F3000DEF87C10884201D1052236E09EF8A410BC
:107F4000022909D3DEF89810A94205D1DEF8941071
:107F5000884201D1062228E09EF8BC10022909D3EC
:107F6000DEF8B010A94205D1DEF8AC10884201D18C
:107F700007221AE09EF8D410022909D3DEF8C810AF
:107F8000A94205D1DEF8C410884201D108220CE0D4
:107F90009EF8EC10022911D3DEF8E010A9420DD1B1
:107FA000DEF8DC10884209D10922284621468CF8E7
:107FB000002004B0BDE8704000F00EB828463146FD
:107FC000224604B0BDE8704000F080B87120213D29
:107FD000204E554C4C000000F0B585B040F2AC632B
:107FE00002EB4202C2F2000303EBC206374617F867
:107FF000142F0C46012A05460DD848F6333049F2B5
:108000006773C0F6010025A1C0F6010340F2EF221C
:10801000F8F7F8F93A78022A32D1708AB0F58E7FF3
:1080200012D948F6C6132A1DC0F60103301DCDE94A
:10803000002348F6C01205F12A014FF0010C02900E
:10804000C0F6010212E000BFB0F5877F18D348F6F2
:10805000C61E301D06F10C0205F12A012B1D4FF042
:10806000010CC0F6010ECDE9003E029028460B46F9
:10807000CDF80CC000F024F9002804BF03203870AC
:1080800005F12A0206F10C034FF400672846214649
:10809000009700F0DFFA05B0F0BD00BF6172705FBD
:1080A0007461626C655B6172705F6964785D2E7388
:1080B00074617465203E3D204554484152505F53E1
:1080C000544154455F535441424C45002DE9F04F13
:1080D00085B00F460968054608462946914600F0D6
:1080E000D5FD28B1F02040B205B0BDE8F08F00BF4B
:1080F0003968F0200029F6D001F0F001E029F2D033
:10810000384601212A46FFF78DF90646B0F1FF3FB8
:108110003EDD7F2E05F12A080CD348F6333049F2B4
:108120006773C0F601005BA1C0F6010340F2C132E3
:10813000F8F768F95FFA86FA4FEA4A0040F2AC6B4A
:1081400050FA86F0C2F2000B0BEBC000044614F8A4
:10815000141F19B3B9F1000F68D00490FF20022951
:108160003FD340F2A470C2F2000006700AEB4A004E
:108170000BEBC00000F10C034FF4006728464946A2
:108180004246009700F066FA05B0BDE8F08F00BFE8
:10819000304640B205B0BDE8F08F00BF04900AEB56
:1081A0004A000BEBC00048F6C6118560281DC0F6DA
:1081B000010148F6C0124FF0010C8DE88300C0F6B3
:1081C000010228464146434684F800C0CDF80CC061
:1081D00000F076F8B9F1000F3FF485AF217802295D
:1081E000BFD201297FF47FAF48F6333549F2677774
:1081F000C0F601052BA6C0F601074C46608921890F
:10820000884208D1206830B12846314640F2F13228
:108210003B46F8F7F7F8207B40061DD42468002C75
:10822000ECD1484605F072FC1DE000BF48F6C611CF
:10823000281DC0F6010148F6C01201268DE8830012
:10824000C0F60102284641464346039600F038F83E
:1082500005B0BDE8F08F00BF0E204FF420714A46F4
:1082600005F0C8F881460498B9F1000F0CD0044617
:108270000068002818BF05F03BFA0020C4F8009001
:1082800040B205B0BDE8F08FFF2040B205B0BDE8B8
:10829000F08F00BF74797065206F766572666C6FC1
:1082A000770000006E6F207061636B6574207175DC
:1082B0006575657320616C6C6F77656421000000E3
:1082C0002DE9F04F81B01F4690460646894678B9A1
:1082D00048F6333049F2C45149F26773C0F60100E1
:1082E000C0F60101C0F6010340F25742F8F78AF8E0
:1082F0000E201C214FF4207204F078FE002859D083
:1083000004464089DDF834A01B280CD848F63330E9
:1083100049F26773C0F6010029A1C0F6010340F2DB
:108320006342F8F76FF8DDF82CB06568504601F04D
:1083300001FD96F83010E88006290FD048F633305A
:1083400049F2177149F26773C0F60100C0F60101E6
:10835000C0F6010340F26A42F8F754F8B8882146A3
:10836000A881386840F60607A860DBF800004A4696
:10837000C5F81200BBF804004346E8820A9800687A
:10838000C5F80E000C980068A86140F20010C0F219
:108390000800286040F20640A8803046009700F0B0
:1083A00059F9204605F0A4F9002040B201B0BDE81B
:1083B000F08F00BFFF2040B201B0BDE8F08F00BFDA
:1083C000636865636B207468617420666972737496
:1083D00020706275662063616E20686F6C64207324
:1083E0007472756374206574686172705F6864721A
:1083F0000000000080B584B048F6C61E021DC0F61D
:10840000010E00F12A03CDE9002E48F6C0124FF00C
:10841000010C0291C0F601021946CDF80CC0FFF71D
:108420004FFF04B080BD00002DE9F04F85B040F251
:10843000AC6648F6C61948F6C0140025C2F200061C
:108440004FF00108C0F60109C0F601044FF0020B1D
:10845000002704E08AF814501837F02F3AD006EBC2
:10846000070A9AF814000028F6D0BAF812104A1C2D
:1084700091B28B084A2BAAF8122003D8012809D1FF
:10848000052907D3F0590028E4D005F031F9F5515A
:10849000E0E700BF012807D0042817D0032804BF55
:1084A00004208AF81400D7E7DAF808000AF1040279
:1084B00000F12A01031DCDE90039029222460B4644
:1084C000CDF80C80FFF7FCFEC6E700BF8AF814B0B9
:1084D000C2E700BF05B0BDE8F08F000070B50446EC
:1084E00040890F283DD3E07B0D4618B995F834003C
:1084F0000130E073606801788689CA0714D00129C9
:1085000006D1417881B980785E280DD1102008E02D
:1085100048F6C011C0F601010622F8F7DFF818B9D5
:108520000820617B08436073B6F5C16F10D0082E38
:1085300017D195F83100000713D520460E2105F01C
:1085400007FB70B92046294600F0E8FC002070BD0A
:1085500095F83100000704D520460E2105F0F8FA01
:1085600020B1204605F0C4F8002070BD2046294601
:10857000FFF73AFB002070BD704700009AB00DF184
:10858000040A044650466421F8F762F940F2A82034
:10859000C2F2000040F2A8774FF0000800F10C068C
:1085A000C2F200070FF29C0900254FF0000B0BE010
:1085B0003846FBF7D9F9204604F02AF9204604F0A2
:1085C00059F9642004F008FA3046FCF783FA94F86D
:1085D000311011F0040101D00128E9DD0029F0D1AA
:1085E0000228EEDB0238042806D212A151F820B08E
:1085F00059F8205003E000BFB8F1000F16D03846FC
:108600005146FAF7CBFB38465146CDE9065BFAF7FF
:10861000E9FF3846FBF79EF8204604F0A9F920460A
:1086200004F058F94FF00108CBE700BF4FF0000805
:10863000C7E700BF000800000000000000080000BD
:1086400000000000004000000040000000000000AA
:10865000000000002DE9F0410C46069980460846CE
:108660001F46164601F066FB054620460E2104F023
:1086700087FC00281CBF6FF00100BDE8F081606836
:108680008581B988818039680160B188418131680C
:10869000C0F8061098F83000062809D048F63330A4
:1086A000C0F6010006A113A340F23312F7F7AAFEA9
:1086B000D8F8182040462146BDE8F041104700BFD9
:1086C0006E657469662D3E6877616464725F6C657F
:1086D0006E206D757374206265203620666F72207F
:1086E00065746865726E65745F6F757470757421FA
:1086F000000000002E2E2F4D6964646C6577617256
:1087000065732F54686972645F50617274792F4C7D
:108710007749502F7372632F6E657469662F657485
:108720006865726E65742E63000000002DE9F041EB
:10873000A4B0044630B971A07AA17EA34FF4F272BE
:10874000F7F760FE47F27340608647F6715049F6CE
:108750001131C0F60000C0F60001C4E9050102A80D
:108760006421F8F775F848F2000140F2A87648F263
:108770000000CCF6E151C2F20006C4F20200CDF8CE
:1087800002104AF6FF5140F2086340F26857ADF814
:1087900006100DF102014FF40002C2F20003C2F212
:1087A00000074FF4C06586E88F0030467561FAF720
:1087B000BDFB40F2A827C2F20007054607F13000D2
:1087C0003421F8F745F82120F8624FF4400038646E
:1087D00048F64420C0F6010002F07EF906207168D8
:1087E00084F830000878002284F82A0048780026AF
:1087F00084F82B00887884F82C00C87884F82D0041
:10880000087984F82E00487994F8311084F82F0004
:1088100040F2DC50208541F00A0084F8310001204C
:10882000012104F0C7FA786001200121002204F040
:10883000C1FAB86046A01B904FF4AF70CDE9226634
:1088400020903020219048F67110C0F600001BAA3D
:108850002146CDE91C66CDE91E6604F039FB07F11F
:108860000C0640F21C01C2F200013046FCF7FEF992
:108870003046FCF787F92DB1FAF762FA002024B0F0
:10888000BDE8F0813046FCF725F901280ADC2046D6
:1088900003F0F0FF204603F0BBFF002024B0BDE84A
:1088A000F08100BF0338022806D82BA151F82060C0
:1088B0002CA151F8207003E04FF480474FF400667C
:1088C00040F2A875C2F200050DF10808284641469D
:1088D000FAF764FA28464146CDE90776FAF782FEB0
:1088E0002846FAF737FF204604F042F8204603F006
:1088F000F1FF002024B0BDE8F08100BF4173736533
:108900007274696F6E2022257322206661696C651E
:1089100064206174206C696E6520256420696E2076
:1089200025730A006E6574696620213D204E554C02
:108930004C0000002E2E2F4C5749502F5461726767
:1089400065742F65746865726E657469662E630060
:10895000457468496600000000000000000800003F
:1089600000000000004000000000000000000000C7
:1089700082B040F2A82540F2A8780446C2F2000571
:108980000026C2F200080DF1040900BF68684FF02C
:10899000FF3104F0D9F90028F8D107E02269384600
:1089A0002146904710B1384604F0A2FE287801967F
:1089B0000028EBD140464946FAF786FC019F002F7C
:1089C000ECD1E3E744F60001C4F200010A68520664
:1089D00009D40A6852065CBF0A685FEA426202D4A0
:1089E0000A685206F2D5C2B24A6070470A460321AD
:1089F00000F0EEB82DE9F04383B040F62C16C2F239
:108A00000006B568894629783C2202EA8107142FBE
:108A1000044602D36089042806D2204603B0BDE88C
:108A2000F04304F065BE00BF6068007808283FD1BD
:108A3000706900F0F001E029EFD0316800F026F90C
:108A40000028EAD120890828E7D307F10E0820463C
:108A5000414604F095FA98B32089384481B28142A6
:108A6000DBD10E204FF4207204F0C0FA0028D4D0DD
:108A70008046408907F10801814266D8D8F8040091
:108A800029463A46F7F775FE4046394605F060F844
:108A9000002855D048F6333049F29E73C0F60100E5
:108AA00030A1C0F60103B622F7F7ACFC4DE000BFE1
:108AB000A046404603B0BDE8F04304F019BE00BF35
:108AC0002046414605F044F890B148F6333049F26B
:108AD0009E73C0F6010031A1C0F60103C722F7F76B
:108AE00091FC204603B0BDE8F04304F001BE00BF96
:108AF000A046D8F804404046394604F041FA002820
:108B0000D7D156F8140FD8F8041056F8042CC860C2
:108B10000A610020FF220A724881012120706080D2
:108B2000CDE90001404631460022FF23CDF80890F0
:108B300000F0E4FA404603B0BDE8F04304F0D8BDCD
:108B40004046214604F076FC40B1404604F0D0FD9A
:108B5000204603B0BDE8F04304F0CABD204604F04F
:108B6000C7FDC6E769636D705F696E7075743A2002
:108B70006D6F76696E6720722D3E7061796C6F61E2
:108B80006420746F2069636D70206865616465722C
:108B9000206661696C65640A0000000069636D709D
:108BA0005F696E7075743A20726573746F72696E66
:108BB00067206F726967696E616C20702D3E70610D
:108BC000796C6F6164206661696C65640A000000FD
:108BD0002DE9F04184B090460E460746222024211C
:108BE0004FF4207204F002FA90B30446408923281F
:108BF0000CD848F6333049F29E73C0F6010016A136
:108C0000C0F6010340F26912F7F7FCFB65687F6864
:108C10002E70002605F1080039461C2285F80180D7
:108C20006E60F7F7A6FDF868039003A800F020FE39
:108C300058B1074601206E80CDE9006003AA2046A6
:108C40000021FF23029700F059FA204604F050FD5E
:108C500004B0BDE8F08100BF636865636B20746891
:108C60006174206669727374207062756620636136
:108C70006E20686F6C642069636D70206D6573731E
:108C8000616765000A460B21FFF7A2BF421C022A5A
:108C90003CBF0120704791F83120920702D54A6805
:108CA000824201D10020704789684240114205D1BB
:108CB000CA438843904204BF012070470020704798
:108CC0002DE9F04F8FB0D0F804B004469BF80000B7
:108CD00000F00F00052840F0D1806089132840F291
:108CE000D380BBF80600B1F8288017460D4601F086
:108CF00021F82189A1F11402110400F0D780A8F114
:108D0000140101EB5171C91000F400536FF35F308F
:108D10000C90C800CDE9075785B24FF014084FF00A
:108D2000000A05930691CDE903B50B9297B20E2088
:108D300014214FF42072BD420A9738BF2F4604F029
:108D400055F9002800F0BF800646408913280CD84A
:108D500048F6333049F61303C0F6010063A140F230
:108D60002532C0F60103F7F74DFB7068594614220F
:108D7000F7F7FFFC7068CDE90D7609901FB947E061
:108D800024684FF0000866891FFA88F5AE420CD2BD
:108D900048F6333049F61303C0F601005BA140F2F8
:108DA0002D32C0F60103F7F72DFBA6EB0800B9B290
:108DB0001FFA80FA514538BF8A46BAF1000FDFD05A
:108DC000052001F0D1FE00287AD081466068514626
:108DD00028440090002041224B46CDF804A004F026
:108DE000DDF9002868D08346204604F08FFE49F65E
:108DF000CD20C0F60000C9E904040E98594604F0DD
:108E0000EDF9A7EB0A073804BAD1DDF80CB00D9FD5
:108E1000DDF81C900C9DB9F82800059BA0F1140109
:108E200028466FF35F3000F50052002B18BF104644
:108E30000A9BD0449942B8BF104600F07BFF099EC0
:108E4000F08007F1140080B200F074FF00277080FA
:108E500077810E9ED9F81430089A484631469847D3
:108E6000304604F045FC0B9A0D98121A100406982F
:108E700005440C95049D7FF458AF00E0FA2778B2C2
:108E80000FB0BDE8F08F00BF48F6333049F613034A
:108E9000C0F601000EA1C0F601034FF43F72F7F7D0
:108EA000B1FAFA2778B20FB0BDE8F08F002778B298
:108EB0000FB0BDE8F08F00BF0520494601F0B0FBC0
:108EC0000E9804F015FCFF2778B20FB0BDE8F08FC4
:108ED0006970345F6672616728293A20706275662E
:108EE00020746F6F2073686F727400007468697308
:108EF000206E656564732061207062756620696EFE
:108F0000206F6E652070696563652100702D3E6C71
:108F1000656E203E3D20706F666600002DE9F043CF
:108F200081B0456804462A7802F0F000402840F0FD
:108F3000AD8068880E463C2101EA820900F0FAFE05
:108F400021890746884203D22046394604F052FD63
:108F50006089484506D2204604F0CAFB002001B0D3
:108F6000BDE8F08320898742F5D8B9F1130FF2D913
:108F7000E968286940F62C18C2F2000896F83120FA
:108F8000C8E9041000F0F001E02902F0010103D16A
:108F900091B3706848B92FE071B1716861B18842CE
:108FA00003D03146FFF772FE20B100203746B8B338
:108FB00043E000BF98F81400C0B27F281CD040F2F4
:108FC000A840C2F20000076801E000BF3F689FB1FF
:108FD000B7421CBF97F831005FEAC070F6D07968DD
:108FE0000029F3D0D8F81400884217D03946FFF78B
:108FF0004DFE0028EAD011E0687A002711280DD133
:1090000005EB09004088B0F58840B0FA80F04FEADF
:10901000501008BF374618B10FE000BF002060B9FC
:10902000D8F8100048B13146FFF730FE70BBD8F8D1
:10903000100000F0F000E02828D03FB3E8886FF07F
:10904000C001084207D0204600F012F900283FF482
:1090500085AF4568044628783C2101EA8000A8F8DD
:109060000C0020464946C8E90076C8F8085004F0CC
:109070006FFD687A012811D0062815D0112819D162
:10908000204631460CF0A4F82BE000BF204604F047
:109090002FFB002001B0BDE8F08300BF2046314621
:1090A000FFF7A8FC1DE000BF2046314607F06AFC30
:1090B00017E000BFD8F814003946FFF7E7FD68B99C
:1090C000D8F8140000F0F000E02807D02046494608
:1090D00004F014FC20460221FFF788FC204604F02F
:1090E00007FB0020C8E90400C8E90000C8F8080030
:1090F000A8F80C00002001B0BDE8F083B0B584B042
:10910000DDF828C0DDE9084E42B129B10D68002D17
:1091100008BF0CF1040101E00CF10401CDE9004E9F
:10912000CDF808C000F002F804B0B0BD2DE9F0475A
:1091300082B00446807B1F461546012888460FD022
:1091400048F6333049F2D37149F2DF73C0F60100BB
:10915000C0F60101C0F601034FF45572F7F752F95A
:1091600055B12046142103F00BFF68B1FE2040B238
:1091700002B0BDE8F08700BF6089142844D2FE2009
:1091800040B202B0BDE8F0876089DDE90A9A6668FE
:1091900013280CD848F6333049F2DF73C0F60100CB
:1091A00027A1C0F6010340F28932F7F72BF92868AE
:1091B0003772306145203070208986F809A086F822
:1091C000019000F0B7FD40F64417C2F2000770802E
:1091D00038884FF00009A6F8069000F0ABFD48F67D
:1091E000CC11C0F60101B0803888B8F1000F18BF6B
:1091F0004146096801303880F160A6F80A900C9960
:10920000088D40B912E000BF606801AD00690190AF
:109210000C99088D50B12289824207D920462A46EE
:10922000FFF74EFD40B202B0BDE8F0874B6908463B
:1092300021462A46984740B202B0BDE8F08700BFF9
:10924000636865636B207468617420666972737407
:1092500020706275662063616E20686F6C64207395
:1092600074727563742069705F6864720000000036
:109270002DE9F04F85B0D0F80490054699F800002C
:1092800000F00F00052840F07081B9F8060000F0EA
:1092900051FDB9F802100446084600F04BFD0646A1
:1092A00099F800003C2101EA8007BE42C0F05D81D0
:1092B000284604F085F840F22052C2F200021188DC
:1092C000049008440A28039544D9D2F804B04FF01A
:1092D00000080296CDE90047BBF1000F3ED0D9F857
:1092E0000C204FF0000A0021002700205E460CE011
:1092F0000AF1010AC0B1F57FC47FA5429CBF304688
:109300003946336837461E4693B175699542EFD1A9
:10931000B569D9F81040A542EAD1B589B9F8044039
:10932000A542E5D1EDE700BF30463946E9E700BF89
:1093300040B100F0D7FA40F22051C2F20001D1F85A
:1093400004B08044049880450ADABAF1010FC3DC06
:1093500006E000BFD2F804B014E000BF4FF0000BED
:10936000DDE90265DDE90047B8F1000F00F0FD809E
:1093700040F22050C2F200000088049908440A28F4
:1093800000F2F380BBF1000F24D0D9F80C0004E008
:10939000DBF800B0BBF1000F1CD0DBF814108142E9
:1093A000F6D1DBF81810D9F810209142F0D1BBF8B3
:1093B0000C10B9F804209142EAD1B9F8060000F087
:1093C000B9FCC00427D1BBF80E0000F0B3FCC00408
:1093D0001BD120E0042001F0C7FB8346002873D096
:1093E000002040F22052CBE90100C2F20002516895
:1093F000CBF81C00CBE90500CBE903000F208BF86C
:109400001F00CBF80010C2F804B00BF10800494669
:109410001422F7F7AEF9B9F806004FEAC40910F0C4
:109420002000A6EB070A02900AD11FFA8AF010FA70
:1094300089F188B2884221D14FF6EB7188421DD85C
:1094400003984568688800F075FC29783C2202EA98
:109450008102904212D3E988841A084600F06AFC1F
:10946000C10003988BB240680022026013FA84F2B4
:1094700095B295428180C28000F08080DBF80400C4
:10948000039D002871D140F22054C2F200046068AC
:10949000834511D048F6333049F61303C0F6010076
:1094A0000FF2AC31C0F6010340F2AB22F6F7AAFF8F
:1094B0006068584540F09481DBF8000059466060D0
:1094C000042001F0ADF850E040F2205AC2F2000A48
:1094D000DAF804C0A3464FF00008CDE9017600BFDA
:1094E000BCF1000F33D0D9F80CE000250021002397
:1094F000002064460DE000BF05F10105C0B1E77F23
:10950000C67FB7429CBF20461946226823461446B0
:1095100092B167697745EFD1A769D9F81060B74272
:10952000EAD1A789B9F80460B742E5D1EDE700BFF9
:1095300020461946E9E700BF20B100F0D3F9DAF878
:1095400004C080440498804501DA012DC8DC0498E9
:10955000039DDDE90176804507DB04205C4601F0D0
:1095600003FB834600287FF43BAF284604F0C0F895
:109570000025284605B0BDE8F08F00BFDBF8046089
:10958000029F012282EA5717E6B101974FF0000EC1
:109590000121002703E000BF16681746B6B37268C2
:1095A000B2F804C0634515D33FF468AFB2F8068043
:1095B0004345FFF463AF002FEED0FC88644518BF2D
:1095C0007146E9E7039A0546CBF8042067BB012101
:1095D00012E000BF002F066000F0D480FA889342AA
:1095E000FFF44CAF65453FF649AF039E9A423E609B
:1095F00018BF0021019A8AB99BF81E20D2074FF0AC
:10960000000218BF002913D009E000BF039F98454E
:10961000176018BF0021019A002AEDD039B1DBF89C
:10962000041021B14D68A988090400F0A780002228
:1096300040F22051C2F200010888049B1844029BAA
:1096400008804BB99BF81E100AEB0900ABF81C0010
:1096500041F001008BF81E00002A4FF000053FF496
:1096600088AFDBF80400BBF81C10476801F1140454
:109670003E680BF1080138461422F7F77AF8A0B2D9
:1096800000F058FBFD807D81DBF8045078805EB1EE
:1096900074683046142104F05BFA2846314603F022
:1096A0009DFD2668002EF3D140F22051C2F2000148
:1096B00051F8040F83451AD0002800F09180026809
:1096C00001465A4513D0002A00F08A8010681146DE
:1096D00058450CD0002800F08380026801465A45A6
:1096E00005D0002A7CD0106811465845E4D1DBF83B
:1096F000000008600420594600F092FF284603F05D
:109700005FFE40F22056C2F20006318804468142D4
:109710000DD248F6333049F61303C0F6010045A1D7
:10972000C0F6010340F29B22F6F76CFE3188081B5D
:109730003080284605B0BDE8F08F00BF4968C0887A
:109740008A8890427FF473AF086838B34068C9884C
:10975000828891427FF46BAF016801B34968C08889
:109760008A8890427FF463AF0868B8B14068C988BE
:10977000828891424FF000027FF45AAF01680029BD
:10978000DCD10CE065453FF679AE039ACBF80420B6
:10979000019A002A7FF442AF2EE700BF08468542B7
:1097A0001BD148F6333049F61303C0F6010014A16B
:1097B000C0F6010340F2E112F6F724FE286860B11A
:1097C00048F6333049F61303C0F6010010A1C0F685
:1097D000010340F2E312F6F715FE012228E700BF6D
:1097E00048F6333049F64C0149F61303C0F6010040
:1097F000C0F60101C0F6010340F24512F6F702FE81
:1098000073616E69747920636865636B00000000A2
:1098100076616C69646174655F64617461677261CB
:109820006D3A6E6578745F70627566213D4E554C79
:109830004C00000069705F72656173735F706275E0
:1098400066636F756E74203E3D20636C656E00002C
:109850006E6F74206669727374616C74686F75677B
:1098600068206A75737420656E717565756564002E
:1098700080B540F2A841C2F2000100BF0968C9B139
:1098800091F8312002F00503052BF7D14B68002B2E
:10989000F4D0D0F800C0D1F808E083EA0C0313EA52
:1098A0000E0F04D09207E9D4CA689445E6D1084661
:1098B00080BD00BF40F2AC41C2F200010A687AB13B
:1098C00092F8311001F00501052909D1516839B12B
:1098D0000078B0F17F0118BF1146084680BD00BF77
:1098E000002080BD2DE9F04F81B08846814681423D
:1098F0000BD148F6333049F61303C0F601004BA1F3
:10990000C0F60103AB22F6F77DFDB8F1000F0FD0D2
:10991000D8F8000048450BD048F6333049F6130319
:10992000C0F6010044A1C0F60103AD22F6F76AFDBE
:10993000D9F804707868818811B1002616E000BF5C
:1099400001681422C9F8041009F10801F6F711FFA3
:1099500038460121FFF796F9384603F031FD0646F7
:10996000384603F0C5FED9F804700FB348F6333A11
:1099700049F61305C0F6010A0FF2D00BC0F6010537
:1099800005E000BF384603F0B3FE274684B178688F
:109990000468384603F014FD10FA86F6B6F5803FE9
:1099A000F0D350465946CC222B46F6F72BFDE9E77B
:1099B00040F22055C2F200056868484502D0B8F16F
:1099C000000F23D04845D9F8000008BF05F104086E
:1099D000C8F800000420494600F022FE2888B4B2EE
:1099E000A0420CD248F6333049F61303C0F601000A
:1099F0001EA1C0F60103D222F6F704FD2888811BC0
:109A00002046298001B0BDE8F08F00BF48F6333012
:109A100049F64C0149F61303C0F60100C0F60101F6
:109A2000C0F6010340F24512F6F7ECFC7072657661
:109A300020213D2069707200707265762D3E6E6542
:109A40007874203D3D206970720000007062756678
:109A5000735F6672656564202B20636C656E203CC5
:109A60003D203078666666660000000069705F72AF
:109A7000656173735F70627566636F756E74203EA7
:109A80003D2070627566735F6672656564000000F4
:109A9000B0B540F22050C2F200004068002808BF74
:109AA000B0BD002406E000BF05682146FFF71AFF9D
:109AB00028464DB1C17F0029F6D001390568C1772C
:109AC0000446002D2846F5D1B0BD000010B504466F
:109AD00060B948F6333049F61303C0F6010009A116
:109AE000C0F6010340F2CE22F6F78CFC6069002834
:109AF00018BF03F0FDFD05202146BDE8104000F031
:109B00008FBD00BF70637220213D204E554C4C002C
:109B1000F0B58DB001AD0C4628463021F6F798FE21
:109B200024B3D4E90010019060890290F1B1D1E929
:109B300000020492498905F10C0205910392A8B133
:109B4000D0E900120792408905F1180208900692A8
:109B500061B1D1E900200A90488905F124010B90F8
:109B600009911AB1F42040B20DB0F0BD208940F245
:109B7000A827C2F20007C7E90C05204607F12C060A
:109B80003C6603F0C3FF40F2A870C2F20000314609
:109B9000F9F748FFB8684FF0FF3103F0D5F8002817
:109BA000F8D140F2A870C2F20000F9F78BFC002057
:109BB00040B20DB0F0BD00002DE9F0410446406810
:109BC000804704F04FFE40F2E448C2F20008D8F8A3
:109BD0000810276805467E18301AB0F1FF3F31DDC6
:109BE0000A2000F0C1FF00285AD00021C0E9001669
:109BF000D8F8041049F6B932C0F600020029826094
:109C0000C46060D04A68B21A5CD40B68002B5FD085
:109C10005A68B21A62D41968002965D04A68B21A23
:109C20007AD40B68002B53D05A68B21A56D41968EC
:109C3000002959D04A68B21AB2F1FF3F1A46E4DC53
:109C400048E000BF0A2000F08FFF48B37A190021D6
:109C5000C0E90012D8F8041049F6B933C0F6000381
:109C60008360C46079B34B68D31A2BD40B68002B84
:109C700040D05F68D71B43D41968002946D04F688D
:109C8000D71B4FD40B68ABB35F68D71B38D41968A8
:109C9000E1B34F68D71BB7F1FF3F1F46E6DC2BE06F
:109CA00048F6333049F2E54149F2B143C0F60100CC
:109CB000C0F60101C0F60103BE22BDE8F041F6F78F
:109CC000A1BB00BF0160C8F80400BDE8F08100BF7F
:109CD0000A46002101601060BDE8F0810A4619467D
:109CE00001601060BDE8F08100211A46016010603B
:109CF000BDE8F0810F46002101603860BDE8F081C9
:109D00000F46194601603860BDE8F08100211F460A
:109D100001603860BDE8F0811A4601601060BDE85E
:109D2000F08100BF1F4601603860BDE8F08100008F
:109D300000BA704740BA704780B504F04BFD00F0A0
:109D4000F7F900F0EBFC02F0D9FC0BF035FA06F065
:109D50000DFEBDE8804004F027BE000082B0F9F798
:109D6000E5FFFBF755F9FAF7ADFFFBF7CBF8FBF78B
:109D700091F8012000210322012603270CF086FC24
:109D800040F28025C2F20005A860032001210022D4
:109D90000CF07CFCE860042000904EF68D4005F14C
:109DA0001004C0F600001FA14FF48062002301944C
:109DB0000DF010FA022000904EF6C52005F11404B3
:109DC000C0F600001AA14FF48072002301940DF038
:109DD00001FA4EF6955005F11804C0F6000018A1DE
:109DE0004FF480720023009601940DF0F3F94EF6C3
:109DF000453005F11C06C0F6000013A14FF4807237
:109E00000023009701960DF0E5F910A0F6F732FC5B
:109E10000CF076F902F0F8FDFAF742FF02F008FEC6
:109E2000FEE700BF4D51545420696E697400000074
:109E3000436F6E74726F6C2073776974636800008F
:109E40005075626C6973680044485400415F5374F4
:109E50006172745363686564756C6572200D0000EF
:109E6000B0B501FB00F50024B4EB154F07D1A8B243
:109E700000F0A0F930B129460446F6F7C7FC2046A9
:109E8000B0BD00BF0020B0BDF0B581B070B10546D7
:109E900080070DD048F6333048F60F43C0F6010076
:109EA0007FA1C0F6010340F27322A2E001B0F0BD31
:109EB00040F26047C2F200073868A5F10806864202
:109EC000C0F08C80786805F10C01814200F2868038
:109ED00007F10C04204604F0ADFC15F8040C002832
:109EE00000F0A08035F8082CB2F5205F00F28A80DF
:109EF00035F8061CB1F5205F00F284803868331A0B
:109F00009BB2994202D0415A99427BD1796802446E
:109F10008A4202D052889A4274D1BA68002396428B
:109F200005F8043C38BFBE60B04200F29580B142F3
:109F300040F2A38015F8040C60B148F6333048F6BF
:109F40000F43C0F601006CA1C0F6010340F2E1121C
:109F5000F6F758FA3188B1F5205F10D948F633305A
:109F600048F6E53148F60F43C0F60100C0F601019E
:109F7000C0F601034FF4F272F6F744FA31883868FC
:109F80004218B24211D013797BB97B689A420CD047
:109F9000B968914208BFBE60118831801288B2F55D
:109FA000205F1EBF331A0244538035F8062C8318F5
:109FB000B3420CD01D7955B9BD68B54208BFBB602E
:109FC00019803188B1F5205F1CBF084442802046CB
:109FD00001B0BDE8F04004F041BC00BF48F63330AA
:109FE00048F60F43C0F601004AA1C0F6010340F253
:109FF0007F22F6F707FA04F0B9FB01B0BDE8F040A4
:10A0000004F0C0BB48F6333048F63E4148F60F43F3
:10A01000C0F60100C0F60101C0F6010340F295222E
:10A020000EE000BF48F6333048F6704148F60F4363
:10A03000C0F60100C0F60101C0F601034FF423721F
:10A04000F6F7E0F9204604F009FC04F08FFB01B0BC
:10A05000BDE8F04004F096BB48F6333048F60F43B5
:10A06000C0F6010017A1C0F6010340F2DF12F6F7B7
:10A07000C9F97968B1423FF65DAF48F6333048F62A
:10A080000F43C0F6010015A1C0F601034FF4F072B2
:10A09000F6F7B8F915F8040C00287FF44EAF59E72D
:10A0A0006D656D5F667265653A2073616E6974797E
:10A0B00020636865636B20616C69676E6D656E74A3
:10A0C00000000000706C75675F686F6C65733A2004
:10A0D0006D656D203E3D2072616D0000706C75678E
:10A0E0005F686F6C65733A206D656D203C2072610E
:10A0F0006D5F656E64000000706C75675F686F6C03
:10A1000065733A206D656D2D3E75736564203D3D28
:10A11000203000006D656D5F667265653A20696C80
:10A120006C6567616C206D656D6F72790000000071
:10A1300080B548F65410C2F20000033020F003004E
:10A1400040F260410023C2F200014FF4205203713B
:10A1500000F52053086002604B6042F6040C0123B6
:10A1600000F80C304FF028238350886001F10C0078
:10A1700004F066FB002808BF80BD48F6333048F67F
:10A180000F43C0F6010004A1C0F6010340F21F22F4
:10A19000BDE88040F6F736B96661696C6564207485
:10A1A0006F20637265617465206D656D5F6D757498
:10A1B000657800002DE9F04F81B0002800F088801C
:10A1C0000146033082B220F003060C2A38BF0C2669
:10A1D0001FFA86FBBBF5205F4FF0000018D88B45B7
:10A1E00016D340F26048C2F2000808F10C0A50464B
:10A1F00004F020FBD8F80000D8F80810CBF5205266
:10A20000091A8BB29A420AD8504604F027FB002064
:10A2100001B0BDE8F08F00BF8A420B46F4D9C718E1
:10A220003C79C55A1CB90833EC1A5C4554D2AA4291
:10A23000EAD947193B79415B23B905F10803CC1AE8
:10A240005C4516D28A42DFD947183B79455A23B973
:10A2500001F10803EC1A5C453ED2AA42D4D9471951
:10A260003B79415B002BD7D105F10803CC1A5C4543
:10A27000D2D3A9460D460BF114018C4231D3F41808
:10A28000A6B2B6F5205F12D148F6333048F69641B3
:10A2900048F60F43C0F60100C0F60101C0F6010305
:10A2A00040F28732F6F7AEF8D8F800003D8810FA91
:10A2B00084F1002285533C800A71A1F80290815BF1
:10A2C0000122B1F5205F3A711CBF01444C800AE0C5
:10A2D000002001B0BDE8F08F89460BF114018C42DB
:10A2E000CDD201213971D8F808108F4238D1D8F871
:10A2F00004108F4220D03A46128802441379002B72
:10A3000018BF8A4214D0128802441379002B18BF58
:10A310008A420DD0128802441379002B18BF8A425A
:10A3200006D0128802441379002B18BF8A42E3D169
:10A33000B3FA83F0400901E000203A468A42C8F8A7
:10A3400008200DD060B948F6333048F60F43C0F608
:10A3500001001FA1C0F6010340F2B532F6F752F832
:10A36000504604F07BFA0BEB0700D8F804100830D5
:10A3700088420CD948F6333048F60F43C0F6010046
:10A380001AA1C0F6010340F2BA32F6F73BF8B8075B
:10A3900018D048F6333448F60F45C0F6010448F6A5
:10A3A000B631C0F60105C0F6010120464FF46F72C8
:10A3B0002B46F6F727F819A1204640F2BE322B466D
:10A3C000F6F720F807F1080001B0BDE8F08F00BFF4
:10A3D0006D656D5F6D616C6C6F633A20216C6672A8
:10A3E00065652D3E75736564000000006D656D5FE9
:10A3F0006D616C6C6F633A20616C6C6F6361746546
:10A4000064206D656D6F7279206E6F742061626F6C
:10A4100076652072616D5F656E642E006D656D5F9F
:10A420006D616C6C6F633A2073616E69747920633F
:10A430006865636B20616C69676E6D656E740000A2
:10A440002DE9F04F81B00446C81C82B220F003070A
:10A450000C2A38BF0C27BEB2B6F5205F4FF00000C3
:10A4600000F2BE808E42C0F0BB8040F2604AC2F271
:10A47000000ADAF80000A04203D8DAF80410A1427A
:10A480000ED848F6333048F60F43C0F6010056A107
:10A49000C0F6010340F2D222F5F7B4FFDAE9000179
:10A4A000A0421FD8A1421DD9254635F8081DA5EBAD
:10A4B0000009A1EB090008381FFA80F8464517D9B2
:10A4C00048F6333048F60F43C0F601004CA1C0F601
:10A4D00001034FF43972F5F795FF002001B0BDE894
:10A4E000F08F00BF04F042F904F04CF901E000BF26
:10A4F00004D1204601B0BDE8F08F00BF0AF10C0086
:10A50000009004F097F92988DAF8000000EB010BBD
:10A510009BF8042082B306F1140242455CD807EB95
:10A520000902B1F5205F02F1080611D148F6333077
:10A5300048F6964148F60F43C0F60100C0F6010107
:10A54000C0F6010340F21632F5F75CFFDAF80000BE
:10A55000DAF8081010FA86F28A4238BFCAF80820E2
:10A560002988002311802E8011881371B1F5205F96
:10A57000A2F802902ED12FE0B1F5205F0FD148F65E
:10A58000333048F6964148F60F43C0F60100C0F656
:10A590000101C0F6010340F2F522F5F733FF07EBA6
:10A5A0000900DAF80820BBF8001000F10806DAF814
:10A5B00000005A45B2B204BF8318CAF8083081526D
:10A5C0002E80815A83180027B1F5205F1F71A3F8F0
:10A5D000029001D008444680009804F03FF92046DC
:10A5E00001B0BDE8F08F00BF6D656D5F7472696D7D
:10A5F0003A206C6567616C206D656D6F7279000043
:10A600006D656D5F7472696D2063616E206F6E6C35
:10A610007920736872696E6B206D656D6F72790059
:10A62000B0B50D2826D20C46002908BFB0BD48F6AB
:10A63000A421C0F6010151F82050A0070FD048F620
:10A64000333048F6E94148F6A743C0F60100C0F6AA
:10A650000101C0F6010340F26D12F5F7D3FE04F0DC
:10A6600085F8A9680A6822600C60BDE8B04004F073
:10A6700089B800BF48F6333048F6A743C0F601005A
:10A6800004A1C0F601034FF4D572BDE8B040F5F760
:10A69000B9BE00BF6D656D705F667265653A207406
:10A6A000797065203C204D454D505F4D415800006C
:10A6B000B0B508B30C46002908BFB0BD0546A007D9
:10A6C0000FD048F6333048F6E94148F6A743C0F6C4
:10A6D0000100C0F60101C0F6010340F26D12F5F76A
:10A6E00091FE04F043F8A9680A6822600C60BDE896
:10A6F000B04004F047B800BF48F6333048F6D741C1
:10A7000048F6A743C0F60100C0F60101C0F60103F8
:10A7100040F29512BDE8B040F5F774BE48F27730CC
:10A72000C2F20000033020F0030202F120001346C1
:10A73000002143F8400F40F2704C1160126242F861
:10A74000603FC2F2000CCCF8002047F66572C2F2FE
:10A750000002033222F0030202F19C03C2F83831F6
:10A7600002F59C73C2F8D43102F5EA731160C2F8A5
:10A770009C20C2F8703202F51C72CCF8042047F617
:10A780008262C2F20002033222F0030202F11C03D1
:10A79000104640F8383F134643F8540F104640F82F
:10A7A000703F134643F88C0F104640F8A83F1160E5
:10A7B000D26142F8C40F48F27420C2F200000330A4
:10A7C000CCF8082020F0030202F11000134643F8F1
:10A7D000200F104640F8303F134643F8400F104614
:10A7E00040F8503F134643F8600F104640F8703F62
:10A7F000134643F8800F104640F8903F134643F845
:10A80000A00F104640F8B03F134643F8C00F104663
:10A8100040F8D03F134643F8E00F43F28320C2F2E2
:10A82000000003301160126142F8F03F20F0030095
:10A83000CCF80C2000F12002034643F8402F0246DA
:10A8400042F8603F0160006240F8802FCCF81000B1
:10A8500040F64C10C2F20000033020F0030202F177
:10A860001800134643F8300F104640F8483F13468F
:10A8700043F8600F104640F8783F134643F8900FB6
:10A88000104640F8A83F134643F8C00F104640F862
:10A89000D83F134643F8F00F02F58470C2F8200148
:10A8A00002F59070C2F8380102F59C70C2F85001B0
:10A8B00002F5A8701160CCF8140040F6B720C2F27F
:10A8C0000000033020F003009261C2F808310160FB
:10A8D00000611030CCF8180040F6DA20C2F2000017
:10A8E000033020F0030000F12802034643F8502F04
:10A8F0000160806240F8783FCCF81C0047F67C503D
:10A90000C2F20000033020F0030000F11002034601
:10A9100043F8202F024642F8303F034643F8402FC9
:10A92000024642F8503F034643F8602F0160006141
:10A9300040F8703FCCF8200047F6FF50C2F200000C
:10A94000033020F0030000F11002034643F8202FEB
:10A95000024642F8303F034643F8402F024642F891
:10A96000503F034643F8602F0160006140F8703F9C
:10A97000CCF8240047F6A940C2F20000033020F0D2
:10A98000030000F11002034643F8202F024642F86C
:10A99000303F034643F8402F024642F8503F0346FB
:10A9A00043F8602F024642F8703F034643F8802F79
:10A9B000024642F8903F034643F8A02F024642F871
:10A9C000B03F0160006140F8C02FCCF8280043F28E
:10A9D0008010C2F20000033020F0030202F11000E8
:10A9E000134643F8200F104640F8303F134643F813
:10A9F000400F104640F8503F134643F8600F104692
:10AA000040F8703F134643F8800F104640F8903FDF
:10AA1000134643F8A00F104640F8B03F134643F8E2
:10AA2000C00F104640F8D03F134643F8E00F40F601
:10AA30007D30C2F200001160126142F8F03F033035
:10AA4000CCF82C2020F0030202F51870C2F8C004E4
:10AA500002F59860C2F8200702F5E460C2F88009A8
:10AA600002F51860C2F8E00B02F53E601160C2F812
:10AA7000400E02F564604FF48551505002F5855048
:10AA80004FF49851505002F598504FF4AB5150503C
:10AA900002F5AB504FF4BE51505002F5BE504FF48A
:10AAA000D151505002F5D1504FF4E451505002F5BD
:10AAB000E4504FF4F751505002F5F7504FF4055160
:10AAC000505002F5055042F2A03150505018C2F8D3
:10AAD0006022CCF83000704770B5B0F802E08168B1
:10AAE0000023BEF1000F0B603DD0416806880331A2
:10AAF000AEF1010221F00303032A0EF0030C1AD376
:10AB00002EF0030281689D190C68043A1C600B60EA
:10AB100081680C689C510D60816805EB06040B6828
:10AB2000AB510C60816804EB06050B68A35105EB83
:10AB300006030D60E6D1BCF1000F14D08168BCF1B2
:10AB4000010F0A681A600B600DD081689A190D68B0
:10AB5000BCF1020F9D510A6008BF70BD8068931957
:10AB600001689151036070BDB0B50D2824D248F63C
:10AB7000A421C0F6010151F8204003F0F7FDA168BF
:10AB800005460C689CB12068A20708600FD048F603
:10AB9000333048F6095148F6A743C0F60100C0F625
:10ABA0000101C0F6010340F21912F5F72BFC28460B
:10ABB00003F0E8FD2046B0BD48F6333048F6A74321
:10ABC000C0F6010004A1C0F6010340F25712F5F7E8
:10ABD00019FC0020B0BD00BF6D656D705F6D616CCC
:10ABE0006C6F633A2074797065203C204D454D5060
:10ABF0005F4D415800000000B0B5F8B1044603F0C5
:10AC0000B5FDA16805460C689CB12068A2070860E4
:10AC10000FD048F6333048F6095148F6A743C0F63E
:10AC20000100C0F60101C0F6010340F21912F5F768
:10AC3000E9FB284603F0A6FD2046B0BD48F63330B8
:10AC400048F6D74148F6A743C0F60100C0F6010117
:10AC5000C0F601034FF49E72F5F7D4FB0020B0BD9F
:10AC60002DE9F04F85B01D46914604460E4698B139
:10AC7000DDF83C8016B3B8F1000F30D0D8F80000F2
:10AC800000283ED0A07A00284ED04FF0F60B4FFAA5
:10AC90008BF005B0BDE8F08F48F6333049F6CD13A0
:10ACA000C0F601000FF20851C0F6010340F20F5246
:10ACB000F5F7A8FBDDF83C80002EDCD148F63330F8
:10ACC00049F6CD13C0F601000FF20851C0F601039A
:10ACD0004FF4A262F5F796FBB8F1000FCED148F61B
:10ACE000333049F6CD13C0F601000FF21051C0F613
:10ACF000010340F21152F5F785FBD8F80000002857
:10AD0000C0D148F6333049F6641149F6CD13C0F688
:10AD10000100C0F60101C0F6010340F21252F5F73E
:10AD200071FBA07A0028B0D10E9F20464FF4F87135
:10AD3000F5F78EFDB8F80C0004F14C01608004F1C9
:10AD40001C00E06104F12C00E06204F13C00E063CF
:10AD5000D8F810002761E164656128B3D8F8145071
:10AD600015B398F8191098F818B02427002908BFCF
:10AD70000427F5F7DFFCB0F5807F5FD2824600281C
:10AD800000F0EA802846F5F7D5FCB0F5807F80F02A
:10AD900003810BF0030147EAC10104910AEB0001B2
:10ADA00001F10E05834606E0002004900A254FF0CD
:10ADB000000A4FF0000BD8F80400A8B1F5F7BAFC70
:10ADC000B0F5803F2AD20746002800F0A58017FA88
:10ADD00085F0851CB5F5803F80F0CE80049860F04A
:10ADE0007F00049001E000BF0027D8F80800A8B356
:10ADF000F5F7A0FCB0F5803F80F07E80002800F0E1
:10AE0000EB8010FA85F18D1CB5F5803F80F0F48061
:10AE10000390049840F04000049021E048F633305D
:10AE200049F6D52149F6CD13C0F60100C0F601015F
:10AE3000C0F6010340F23552ECE000BF48F6333073
:10AE400049F6212149F6CD13C0F60100C0F60101F3
:10AE5000C0F601034FF4A562DCE000BF00200390C0
:10AE6000D8F80000F5F766FCB0F5803F64D210FA20
:10AE700085F18D1CB5F5803F80F09E80AAB204213B
:10AE8000B2F5804F38BF0321802A38BF0221294400
:10AE900089B2B1F5807F00F2C780CDE901200020A2
:10AEA00006F0FAF90028E06000F0BE802146CDF8F7
:10AEB00000B004F011FAE06848F6CC11C0F60101C8
:10AEC000002204F00DFA834660B9E0684CF2E90311
:10AED000C0F6000331464A4604F096FE8346002839
:10AEE00000F0AA80E06804F09FF80020E0604FFACC
:10AEF0008BF005B0BDE8F08F48F6333049F61331DA
:10AF000049F6CD13C0F60100C0F60101C0F60103F9
:10AF100040F23F527EE000BF48F6333049F6A501CB
:10AF200049F6CD13C0F60100C0F60101C0F60103D9
:10AF300040F236526EE000BF48F6333049F65E21EB
:10AF400049F6CD13C0F60100C0F60101C0F60103B9
:10AF500040F24B525EE000BF48F6333049F66501DF
:10AF600049F6CD13C0F60100C0F60101C0F6010399
:10AF700040F229524EE000BF48F6333049F65131D5
:10AF800049F6CD13C0F60100C0F60101C0F6010379
:10AF900040F239523EE000BF48F6333049F69A217C
:10AFA00049F6CD13C0F60100C0F60101C0F6010359
:10AFB00040F22C522EE000BF48F6333049F65131B2
:10AFC00049F6CD13C0F60100C0F60101C0F6010339
:10AFD00040F24E521EE000BF48F6333049F6E6011B
:10AFE00049F6CD13C0F60100C0F60101C0F6010319
:10AFF0004FF4A8620EE000BF48F6333049F65131F5
:10B0000049F6CD13C0F60100C0F60101C0F60103F8
:10B0100040F24352F5F7F6F94FF0FA0B4FFA8BF086
:10B0200005B0BDE8F08F00BF4FF0FF0B4FFA8BF07B
:10B0300005B0BDE8F08F00BF0498019E40F0020902
:10B0400004F1EC000490E0684CF255114FF0000B55
:10B05000C0F600017F2E88BF4FF0010B05F0E2FA29
:10B060000120A072B4F8EC00B44604F1F0061021FF
:10B070003154411C88B2FF2805F07F0088BF0021B1
:10B0800040EACB12481C83B2FF2B89B288BF002054
:10B09000BCF1800F72541FD38022C5F3C611BCF5DA
:10B0A000804F38BF4FF48042114414FA80F20130CF
:10B0B00083B2FF2B88BF0020BCF5804F82F8F010D0
:10B0C0000AD34FEA9C3114FA80F2013082F8F01072
:10B0D00081B2FF2988BF0020049DA4F8EC0052A192
:10B0E000284604224FF0040B00F038FCB4F8EC00C2
:10B0F00006F800B0013081B2FF2988BF002081B27C
:10B1000006F801900130FE29B8F80C1088BF002025
:10B110000A0A83B20130F254FE2B88BF002082B2AB
:10B120000130B154FE2A88BF0020A4F8EC00029838
:10B13000D8F8001082B2284600F010FC009C5FEAAC
:10B1400049700DD4B9F1FF3F5FFA89F41ADD60064A
:10B1500020D44FF0000B4FFA8BF005B0BDE8F08F14
:10B16000D8F810105FFA8AF2284600F0F7FBD8F8FA
:10B170001410E2B2284600F0F1FBB9F1FF3F5FFA8C
:10B1800089F4E4DCD8F80410BAB2284600F0E6FBF3
:10B190006006DED50398D8F8081082B2284600F081
:10B1A000DDFB4FF0000B4FFA8BF005B0BDE8F08FE0
:10B1B0006D7174745F636C69656E745F636F6E6EDE
:10B1C0006563743A20636C69656E7420213D204E7E
:10B1D000554C4C006D7174745F636C69656E745F7F
:10B1E000636F6E6E6563743A2069705F6164647248
:10B1F00020213D204E554C4C000000006D717474B0
:10B200005F636C69656E745F636F6E6E6563743ADD
:10B2100020636C69656E745F696E666F20213D20E6
:10B220004E554C4C000000004D515454000000009D
:10B2300010B5044660B948F6333049F6CD13C0F670
:10B24000010006A1C0F6010340F2B352F5F7DAF8A7
:10B25000A07A0338B0FA80F0400910BD6D717474A3
:10B260005F636C69656E745F69735F636F6E6E6553
:10B27000637465643A20636C69656E7420213D20B7
:10B280004E554C4C0000000001204FF4F871FEF7C1
:10B29000E7BD000070B505460C4628B1E86898B9CE
:10B2A000A86938BB33E000BF48F6333049F6CD1308
:10B2B000C0F6010022A1C0F6010340F21B22F5F7FF
:10B2C000A1F8E8680028EBD00021002607F02CFD4B
:10B2D000E868002105F0A6F9E868002108F0CAF93D
:10B2E000E86804F0EDFA10B1E86803F09DFEEE6046
:10B2F000A86960B10168006049B10868096030B1AF
:10B300000168006019B1086809600028F2D14BF2A9
:10B31000F5300026C0F600002946AE6103F080FB40
:10B32000A87A002808BF70BD6B69AE7233B1296975
:10B3300028462246BDE87040184700BF70BD00BFD8
:10B340006D7174745F636C6F73653A20636C6965CB
:10B350006E7420213D204E554C4C0000B0B540F29B
:10B360000045C4F20205AAB11446284680210022F5
:10B37000F8F7C2FC0CA02146F5F744F840F2802013
:10B38000C2F200008068002100220023BDE8B04026
:10B390000BF030BA0FA0F5F76DF928468021012295
:10B3A000BDE8B040F8F7A8BC4D51545420636F6E0F
:10B3B0006E656374696F6E206661696C65642120D7
:10B3C0004572726F7220636F64653A2025640D0ABE
:10B3D000000000004D51545420636F6E6E6563741D
:10B3E0006564207375636365737366756C6C79212E
:10B3F0000D000000F0B581B00446A8B1A07A032882
:10B4000022D0022878D12088013081B2890011FA37
:10B4100080F16429208071D3204640F2011101B0EF
:10B42000BDE8F040FFF736BF48F6333049F6CD139C
:10B43000C0F6010037A1C0F601034FF41172F4F712
:10B44000E1FFA07A0328DCD1A569CDB1052607E08C
:10B45000F01B2D60A569C6B2002E18BF002D0FD0BD
:10B46000EF89BE420AD32868A0616A68002AEFD03B
:10B47000A8686FF002019047EAE700BFB81BE881B7
:10B480006088D8B3A18800EB500601318AB29200DF
:10B4900012FA81F5B542A18005D9204640F201118A
:10B4A000FFF7F8FE6088218801EB8102824201D219
:10B4B000481C1EE0B4F8EC10B4F8EE000A1A0020A4
:10B4C000B0EB124F18BF02F5807292B2FE2A11D86B
:10B4D00004F1F002C023535401318BB2FF2B88BF1B
:10B4E00000218BB20131D054FE2B88BF0021A4F87B
:10B4F000EC102080B54201D901B0F0BD4BF2F5311E
:10B50000C0F6000141F28830224601B0BDE8F040AB
:10B5100003F0C0B96D7174745F6379636C69635FC4
:10B5200074696D65723A20636C69656E7420213DA3
:10B53000204E554C4C00000010B5044660B948F64A
:10B54000333049F6CD13C0F6010009A1C0F601035E
:10B550004FF4B462F4F756FFA07A002808BF10BD7C
:10B56000002220460021A272BDE81040FFF792BEE3
:10B570006D7174745F646973636F6E6E6563743A42
:10B5800020636C69656E7420213D204E554C4C0043
:10B590002DE9F04F83B0074617F86C5F044657F863
:10B5A000040C9846934680280E4625D2B04233D2EA
:10B5B00048F6333049F6CD13C0F60100D8A1C0F6E5
:10B5C00001034FF42B72F4F71DFF0BEB06008128EB
:10B5D00026D348F6333049F6CD13C0F60100D9A181
:10B5E000C0F6010340F2AE22F4F70CFF4FF480776F
:10B5F000384603B0BDE8F08F48F6333049F6CD1336
:10B60000C0F60100BAA1C0F6010340F2AB22F4F784
:10B61000F9FEA06EB042CBD30BEB06008128D8D246
:10B6200028090D2871D0032807EB06090AD0022843
:10B6300042D1A07A022868D1BBF1020F6AD24FF43E
:10B6400080771FE1A06E94F86C108028C1F3410A46
:10B6500052D80420BAF1000F08BF0220584500F26A
:10B66000EB80B9F80020ABEB000311BAB3EB114F3C
:10B670004FF48077C0F20681C6F1800156BA081AED
:10B68000864200F2FF800220B71CBAF1000F08BF0B
:10B69000012010FA87F0884200F2CE80BAF1000F44
:10B6A00000F0AC80B8B2871C5F4500F2C58039F865
:10B6B000000000BA000CA2E099F8002099F80110EF
:10B6C00041EA0223002B00F0B780062838D0052875
:10B6D0006CD1204630F8EC3F4788DE1B0027B7EBE3
:10B6E000164F18BF06F58076B6B2FC2E00F2CA805F
:10B6F00004F1F007622635E000275D46B8F1000F3F
:10B7000000F09580280440F092800027384603B06E
:10B71000BDE8F08F99F80170002F40F0B3806369A5
:10B72000002020800320002BA072EED0216920464B
:10B730003A4698470027384603B0BDE8F08F00BF6F
:10B74000204630F8EC3F4788DE1B0027B7EB164F4A
:10B7500018BF06F58076B6B2FC2E00F2938004F195
:10B76000F0077026FE5401339EB2FF2E88BF0023DF
:10B770009EB202250133BD55FE2E88BF00239EB226
:10B78000BA555A1CFE2E88BF002293B20132F954DA
:10B79000FE2B88BF0022E168A4F8EC2000F064F9D9
:10B7A0000027384603B0BDE8F08F00BF0B284FF4E8
:10B7B000807767D80121814011F4296F62D004F1AC
:10B7C000180100260D462D68002D9ED0AA899A42A8
:10B7D0005CD02C68002C98D0A2899A4258D022685C
:10B7E000002A92D097899F4256D01568002D8CD0A0
:10B7F000AF892E469F421746E5D14FE0002009F160
:10B800000201636E8A5D20810020ABEB070588553D
:10B8100043B10291E06D0299019218FA85F29847BE
:10B82000DDE901218A55B8F1000F7FF46BAFB9B2A1
:10B8300011FA85F0584505D94FF48077384603B0A2
:10B84000BDE8F08FB8FA88F04309D4E917074944F6
:10B85000AAB2B847B8F1000F4FF0000712D1BAF101
:10B86000000F0FD02289052120460023BAF1010FD5
:10B8700008BF0421002702F0F9FD384603B0BDE8F7
:10B88000F08F00BF384603B0BDE8F08F374605E0C3
:10B890002F46254602E000BF274615462A68002F9E
:10B8A00018BF39460A60296819B1EA89CB891A4458
:10B8B000CA810021092829600ED1BBF1030FBBD337
:10B8C0006A6872B199F80230A8686FF00C01032B16
:10B8D00038BF002104E000BF6A6812B1A8680021E7
:10B8E000904700272D60384603B0BDE8F08F00BFB9
:10B8F000636C69656E742D3E6D73675F6964782053
:10B900003C204D5154545F5641525F484541444597
:10B91000525F4255464645525F4C454E000000007E
:10B9200066697865645F6864725F696478203C3D2D
:10B9300020636C69656E742D3E6D73675F69647812
:10B9400000000000627566666572206C656E677443
:10B9500068206D69736D6174636800002DE9F041C2
:10B96000B0F800E005460EF101039CB2FF2C88BF41
:10B9700000239CB20133FE2C4FEA122C88BF002317
:10B9800025F8043B05F80EC02A5542B1551E032D7B
:10B9900002F0030C06D20022BCF1000F3BD1BDE83F
:10B9A000F08100BF22F00302C2F1000E01F1010894
:10B9B0006FF00302051D00BF08EB0206F7789CB28A
:10B9C00001332F559CB2FF2C88BF002303803479AC
:10B9D0009FB20133EC559CB2FF2C88BF002303803B
:10B9E00074799FB20133EC559CB2FF2C88BF0023C1
:10B9F0000380B4799EB20133AC559CB20432FF2C63
:10BA00000EEB020488BF002304340380D4D1043237
:10BA1000BCF1000FC3D08F5C10FA83F6013337718D
:10BA20009FB2FF2F88BF0023BCF1010F0380B6D067
:10BA300011444A7810FA83F73A715A1C93B2FF2BDB
:10BA400088BF0022BCF1020F028008BFBDE8F08170
:10BA5000897810FA82F31971511C8AB2FF2A88BFC3
:10BA600000210180BDE8F0812DE9F0410446028803
:10BA700040880D46111A0022B2EB114F18BF01F594
:10BA8000807189B2C0F58077B5F864208F42A8BF75
:10BA90000F46002A4CD0BEB2002E49D0964249D261
:10BAA00000228E4238BF01222044011D5FEAC27885
:10BAB0004FF001032846324618BF032308F05CFB11
:10BAC00000283FD1B8F1000F3CD0B6F5807F0ED3EF
:10BAD00048F6333049F6271149F6CD13C0F6010078
:10BAE000C0F60101C0F60103CB22F4F78BFC60889D
:10BAF0000022384481B2FF2988BFA0F580702188D8
:10BB0000608080B2B5F86470091AB2EB114F18BFAB
:10BB100001F58071C0F5807289B2BA423B46B8BF68
:10BB20001346B94238BF0F468A42D8BF1F4602E0CB
:10BB3000BDE8F08117462044011DBAB22846012312
:10BB400008F01AFB002818BFBDE8F081B8B2B0F5C4
:10BB5000807F0ED348F6333049F6271149F6CD13CE
:10BB6000C0F60100C0F60101C0F60103CB22F4F7D4
:10BB700049FC6088C11988B2FF2888BFA1F580718F
:10BB800028466180BDE8F04105F0FABB2DE9F04F91
:10BB900083B01D46164683468A46D8B3BAF1000FD5
:10BBA00049D09BF80A00002857D05046F4F7C2FD50
:10BBB0004FF6FE71884265D20C9A2918002A01F1CD
:10BBC00002016DD0BBF8063002315F1C1FFA87F806
:10BBD000B84518BF03F10208ABF80680B1F5803F05
:10BBE00063D25F4657F81C3FBB4271D05C4654F8A5
:10BBF0002C3FA34270D05C4654F83C3FA3426FD028
:10BC00005C4654F84C3FA3426ED0FF2040B203B0D4
:10BC1000BDE8F08F48F6333049F6CD13C0F6010089
:10BC20000FF24041C0F6010340F25442F4F7EAFB40
:10BC3000BAF1000FB5D148F6333049F6CD13C0F64E
:10BC400001000FF24041C0F6010340F25542F4F703
:10BC5000D9FB9BF80A000028A7D148F6333049F6F3
:10BC6000022149F6CD13C0F60100C0F60101C0F66D
:10BC7000010340F25642F4F7C5FBF52040B203B091
:10BC8000BDE8F08F48F6333049F6CD13C0F6010019
:10BC90000FF20C41C0F6010340F2594211E000BF1F
:10BCA0004FF00008B1F5803F9BD348F6333049F69A
:10BCB000CD13C0F601000FF20C41C0F6010340F2B3
:10BCC0006542F4F79FFBF02040B203B0BDE8F08F6F
:10BCD000029500233C4609E00295012306E000BFDF
:10BCE0000295022302E000BF03230295DDE90E2E38
:10BCF00007EB03131FFA81F95A600A1D5D46B9F577
:10BD0000804F38BFCA1C35F8EC7FB9F1800F38BFBF
:10BD10008A1C69884FF0000C791AC4F800C0BCEB8B
:10BD2000114FC3F808E018BF01F5807189B292B2D3
:10BD3000C1F580719142A3F80C8005DA2460FF20E0
:10BD400040B203B0BDE8F08FDDE90CC10BF1F003A8
:10BD50000CF0030201F0010141EA420130317A1C8A
:10BD6000D95591B2CDE90054FF2988BF0022511C5A
:10BD700009F07F07B9F1800F8DB228BF8037FF2D02
:10BD800092B288BF0021B9F1800F9F541FD3802742
:10BD9000C9F3C612B9F5804F38BF4FF480473A4413
:10BDA0001BFA81F701318DB2FF2D88BF0021B9F553
:10BDB000804F87F8F0200AD34FEA99321BFA81F7B7
:10BDC000013187F8F0208AB2FF2A88BF0021020AD9
:10BDD0008FB20131DA55FE2F88BF00218AB20131BE
:10BDE000FE2A985488BF00210028ABF8EC1073D0CD
:10BDF000421E032A00F0030E02D200203BE000BFE7
:10BE000020F00300E1463446C0F1000C0AF10107BE
:10BE10006FF003057A19D67888B21E54481C81B297
:10BE2000FF2988BF0020ABF8EC00117986B2013001
:10BE3000995581B2FF2988BF0020ABF8EC005179F9
:10BE400086B20130995581B2FF2988BF0020ABF836
:10BE5000EC00917982B29954411C88B20435FF28D4
:10BE60000CEB050088BF00210430ABF8EC10D1D1F9
:10BE7000281D2646CC46BEF1000F2DD04D1CAFB27A
:10BE80005C461AF80020FF2F88BF002524F8EC5FDD
:10BE900014FA81F10A71BEF1010F29461CD0691C08
:10BEA0008FB25044FF2F5F46427888BF002127F8A9
:10BEB000EC1F17FA85F7BEF1020F3A710CD04A1C3D
:10BEC00097B2FF2F5F46807888BF002227F8EC2FBB
:10BED00017FA81F108711146BCF1000F10D04FEA3A
:10BEE00018208AB29854481CFE2A88BF002082B2CB
:10BEF000411C03F80280FE2A88BF0021ABF8EC1039
:10BF0000029A002E18BF002A16D15D4655F8180F68
:10BF1000002668B30568C1890E44ADB12868E98977
:10BF20000E4490B10568C1890E446DB12868E98955
:10BF300000280E44EED108E0501E032802F0030C46
:10BF400026D200225CE000BF054630B21F280FDB7E
:10BF500048F6333049F6981149F6CD13C0F6010082
:10BF6000C0F60101C0F6010340F24712F4F74AFAA5
:10BF7000019AC6F11E002A60DBF80C10D0810098EF
:10BF8000FFF772FD002040B203B0BDE8F08F00BFA4
:10BF900022F003025242B64601366FF0030700BF9B
:10BFA000F519EC7888B21C54481C81B2FF2988BF6F
:10BFB0000020ABF8EC00297984B20130195581B228
:10BFC000FF2988BF0020ABF8EC00697984B201300A
:10BFD000195581B2FF2988BF0020ABF8EC00A97980
:10BFE00085B25955411C88B20437FF2802EB07007F
:10BFF00088BF00210430ABF8EC10D1D13A1D764651
:10C00000BCF1000F3FF481AF4B1C9FB2FF2F5F4686
:10C01000B05C88BF002327F8EC3F17FA81F1BCF130
:10C02000010F08713FF471AF591C8FB23244FF2FDA
:10C030005F46507888BF002127F8EC1F17FA83F37A
:10C04000BCF1020F18713FF460AF90784A1C93B2B4
:10C05000FF2B5B4688BF002223F8EC2F13FA81F1F7
:10C06000087152E76D7174745F7075626C69736802
:10C070003A20636C69656E7420213D204E554C4C0E
:10C08000000000006D7174745F7075626C69736894
:10C090003A20746F70696320213D204E554C4C004E
:10C0A0006D7174745F7075626C6973683A20746F37
:10C0B000706963206C656E677468206F7665726660
:10C0C0006C6F77006D7174745F7075626C69736802
:10C0D0003A20746F74616C206C656E677468206FB1
:10C0E000766572666C6F7700F0B581B014461AB150
:10C0F000204601B0F0BD00BF0E4600274CF2CD1126
:10C1000005468766C0F60001304606F00DFE4CF28B
:10C110006141C0F60001304607F0ACFA4CF2B911AB
:10C12000C0F6000130460222022605F0B1FD4BF2B6
:10C13000F531C0F6000141F288302A46AE7202F0B5
:10C14000A9FBE96805F1EC002F80FFF78DFC204684
:10C1500001B0F0BD80B538B100224FF48071C260EB
:10C16000BDE88040FFF796B848F6333049F6CD1366
:10C17000C0F6010008A1C0F6010340F2F632F4F760
:10C1800041F90C22002300204FF480711360BDE8B8
:10C190008040FFF77FB800BF6D7174745F74637087
:10C1A0005F6572725F63623A20636C69656E7420CA
:10C1B000213D204E554C4C0080B5827A032A02D195
:10C1C000EC30FFF751FC002080BD00002DE9F04F5E
:10C1D00085B01C46924681460D4660B948F633301C
:10C1E00049F6CD13C0F601008AA1C0F6010340F262
:10C1F000A732F4F707F9D9F80C00A8420CD048F69A
:10C20000333049F6CD13C0F601008BA1C0F601030F
:10C210004FF46A72F4F7F6F8BAF1000F08D08CB157
:10C22000504601F065FA204605B0BDE8F08F00BF2A
:10C2300048464FF48071FFF72DF80024204605B0E2
:10C24000BDE8F08FBAF80810284606F0DBFDBAF812
:10C250000840002C00F0C48009F16C004FF0000889
:10C260004FF0000C002700260190CDF800A00CE054
:10C27000B946DDF800A0049F029EA046BAF8084027
:10C280001FFA88F18C4240F2AB80F5B2D9F8681001
:10C29000022D4BD37AB2B2F1FF3F47DD491BC5F106
:10C2A0008002B1FBF2F3049703FB121BA4EB08021C
:10C2B0000BEB050150464F461FFA82FAC1F1800987
:10C2C0000296D44538BFE2461FFA89F2039292459E
:10C2D00088BFCA46019A1FFA8AF612FA81F11FFA3C
:10C2E00088F332464446E04601F086F9B86EC4460B
:10C2F00010FA8AF0B8EB060C5444B86650D0039894
:10C300008642B5D109EB0B0082B238462946634616
:10C31000B9466546FFF73CF9DDF800A0049F029E90
:10C32000AC460028A046A9D06AE000BFA94209D9BE
:10C3300009EB050090F86C700136F1B202299DD32B
:10C3400019E000BF1FFA88F1504608F10105644664
:10C3500001F0ACFAD9F868100746481CA446C9F8A1
:10C36000680009EB0100A84680F86C700136F1B254
:10C370000229FFF483AFC1EBC10307F07F020E3B3C
:10C3800078B29A4000284CEA020C3FF577AFBCF136
:10C39000000F19D0D9F868006144A1EB000C6DE7DB
:10C3A0000AEB0B0082B2384629460023FFF7F0F86B
:10C3B000B94618BBDDF800A0049F00264FF0000C22
:10C3C000A046C9F8686059E74846002200230026C5
:10C3D000FFF7DEF8C9F868604FF0000C4EE700BFC9
:10C3E000504601F085F9B9F802000024002818BF72
:10C3F000A9F80440204605B0BDE8F08FDDF800A0A4
:10C400000546504601F074F948462946FEF742FFBA
:10C41000E9E700BF6D7174745F7463705F72656388
:10C42000765F63623A20636C69656E7420213D20FB
:10C430004E554C4C000000006D7174745F74637055
:10C440005F726563765F63623A20636C69656E74E0
:10C450002D3E636F6E6E203D3D20706362000000D4
:10C46000F0B581B00446807A03282AD104F1180679
:10C470000025374600212580A58002E03F6000218D
:10C4800037463F68C7B10846B98900293946F8D10F
:10C490003968002808BF30460160386818B1F9894A
:10C4A000C2891144C1817A683D60002AE6D0B8682B
:10C4B00000219047E2E700BFE16804F1EC00FFF7DC
:10C4C000D3FA002001B0F0BD2DE9F04F81B0A8B340
:10C4D0000B9E002E3ED048F6CC1500290A9FC0F6D0
:10C4E000010508BF2946002A40F2A449044608BFB6
:10C4F0002A46002B08BF2B4600254CF20170C2F2E1
:10C500000009DDF830C0C0F60000C4E9075799F80B
:10C51000007060612046258584F83150656284F89A
:10C520003470C4E90155C4E9035C00F0EDF820461D
:10C53000B04708B3284601B0BDE8F08F48F6333065
:10C5400048F62C53C0F601004FA1C0F6010340F29B
:10C5500027120AE048F6333048F62C53C0F60100A3
:10C5600040A1C0F601034FF49472F3F74BFF00258E
:10C57000284601B0BDE8F08F94F8340048F6333B0C
:10C5800048F62C57C0F6010B0FF29408C0F60107CD
:10C590000FF2A00AC1B2FF2904BF002084F83400C2
:10C5A000D9F8046066B30025A64209D0FF2D10D249
:10C5B00096F8341094F83400814217D11CE000BF83
:10C5C0005846414640F28B123B46F3F71BFFFF2DC6
:10C5D000EED35846514640F28D123B46F3F712FF18
:10C5E00096F8341094F83400814205D0366801354D
:10C5F000002ED9D104E000BF481C84F83400C9E7FC
:10C60000C1B2FE3918BF411CD9F80400254689F88B
:10C6100000102060C9F80440284601B0BDE8F08F42
:10C620006E6574696620616C72656164792061640D
:10C6300064656400746F6F206D616E79206E65743F
:10C640006966732C206D61782E20737570706F721F
:10C65000746564206E756D62657220697320323571
:10C66000350000006E657469665F6164643A204E4F
:10C670006F20696E69742066756E6374696F6E20D1
:10C68000676976656E0000006E657469665F616457
:10C69000643A20696E76616C6964206E65746966BF
:10C6A0000000000040B3014640F2A440C2F2000086
:10C6B000043000BF0068F8B190F834200132D2B2E3
:10C6C0008A4218D00068B8B190F834200132D2B252
:10C6D0008A4210D0006878B190F834200132D2B28A
:10C6E0008A4208BF7047006830B190F834200132A8
:10C6F000D2B28A42DED170470020704770470000F6
:10C700006FF00B00704700002DE9F04784B00D4634
:10C71000174648F6CC11002DC0F6010108BF0D46A2
:10C72000002A08BF0F462A681E46002B08BF0E4687
:10C7300004466AB33868A168814218BFA0603068B7
:10C74000E1682646814218BFE060286856F8041F59
:10C75000884219D001AF0DF10C08039001913846C1
:10C76000414604F049FD3846414608F07BFE94F806
:10C770003100296800F00502052A616004D1002912
:10C7800018BF10F0080035D104B0BDE8F08700BF35
:10C79000A04658F8040FF8B100210DF104090DF17D
:10C7A000080ACDE901014846514604F025FD4846F6
:10C7B000514608F057FE94F83100296800F0050250
:10C7C000052A616008D1002918BF10F0080003D0C5
:10C7D00020464146FBF70EFE3868A168814218BF2B
:10C7E000A0603068E1688142CED0E06004B0BDE86E
:10C7F000F08700BF20463146FBF7FCFD04B0BDE8E2
:10C80000F087000040F2A441C2F200018860704746
:10C8100070B190F83110CA0708BF704701F0FE02EE
:10C82000090780F8312048BFFAF752BD704700BFB2
:10C8300048F6333048F62C53C0F6010003A1C0F689
:10C84000010340F29B32F3F7DDBD00BF6E657469F2
:10C85000665F7365745F646F776E3A20696E7661A8
:10C860006C6964206E65746966000000002818BF5A
:10C87000C161704760B190F831104A0758BF7047E6
:10C88000C26901F0FB0180F831107AB1104700BF96
:10C8900048F6333048F62C53C0F6010004A1C0F628
:10C8A000010340F20642F3F7ADBD00BF704700BF81
:10C8B0006E657469665F7365745F6C696E6B5F64E7
:10C8C0006F776E3A20696E76616C6964206E65746C
:10C8D0006966000010B508B3044690F831004107BE
:10C8E00048BF10BD40F0040084F831002046F9F73D
:10C8F00025FB94F8310000F00501052907D12146F8
:10C9000051F8042F002A18BF10F0080016D1E16971
:10C91000D1B12046BDE81040084700BF48F633308B
:10C9200048F62C53C0F6010008A1C0F601034FF4ED
:10C930007872BDE81040F3F765BD00BF2046FBF7F5
:10C9400059FDE1690029E4D110BD00BF6E6574692D
:10C95000665F7365745F6C696E6B5F75703A2069B2
:10C960006E76616C6964206E657469660000000013
:10C97000B0B190F83110CA0718BF704741F00102FA
:10C9800002F00501052980F8312008D1014651F84F
:10C99000043F002B1CBF12F00802FBF72BBD7047B1
:10C9A00048F6333048F62C53C0F6010003A1C0F618
:10C9B00001034FF45472F3F725BD00BF6E6574692F
:10C9C000665F7365745F75703A20696E76616C6935
:10C9D00064206E6574696600EFF3058100291CBF51
:10C9E0006FF005007047002804BF0020704780B535
:10C9F00009F06AFA002080BDEFF30580002808BF27
:10CA00000AF06ABC0AF06EBCEFF3058000281CBF78
:10CA10006FF00500704740F2A860C2F200000168A4
:10CA2000002911BF4FF0FF30012101600020704745
:10CA300010B5EFF3058000281CBF6FF0050010BD96
:10CA400040F2A860C2F20000016801291CBF4FF04B
:10CA5000FF3010BD4EF61F51CEF2000100240C70C5
:10CA60000221016009F04CFB204610BD10B582B0D8
:10CA70001C46B0FA80F3B1FA81F25B095209EFF378
:10CA8000058CBCF1000F42EA030219D0002C18BF3C
:10CA90000124224315D10022019201AA0AF0C4F90F
:10CAA00001281BD10198B0B14EF60450CEF200001F
:10CAB0004FF080510160BFF34F8FBFF36F8F0AE0DB
:10CAC00022B16FF0030002B010BD00BF22460AF091
:10CAD000D9F8012806D1002002B010BD6FF0020085
:10CAE00002B010BD6FF00100002C08BF6FF0020013
:10CAF00002B010BD70B582B0154600294FF0000499
:10CB0000EFF3058218BF002802D1204602B070BDA5
:10CB1000002AFAD1B5B1D5E902321BB3502A26D387
:10CB20002A6922B36E6901FB00F4A6424FF00004AB
:10CB3000EBD3009409F0EEFD06460028E5D02C6802
:10CB400007E000BF0022002409F0A0FD06460028EF
:10CB5000DBD03046214609F0E1F83446204602B0E9
:10CB600070BD00BF1AB92A690AB96A6922B10024E6
:10CB7000204602B070BD00BF0022002409F086FDEF
:10CB800006460028DBD1C0E7B0B582B01C46B0FA3B
:10CB900080F3B1FA81F5EFF305825B096D09002A94
:10CBA00043EA05020AD0002C18BF012422430BD00F
:10CBB0006FF00305284602B0B0BD00BFF2B16FF0C0
:10CBC0000305284602B0B0BD0022019201AA00234D
:10CBD00009F026FF012821D1019828B34EF6045010
:10CBE000CEF200004FF080510160BFF34F8FBFF3D2
:10CBF0006F8F0025284602B0B0BD00BF224600233B
:10CC0000002509F0F7FD0128D4D06FF00105002CB4
:10CC100008BF6FF00205284602B0B0BD6FF00205F4
:10CC2000284602B0B0BD00BF0025284602B0B0BD06
:10CC300010B50C46EFF3058100291CBF6FF005000D
:10CC400010BD014620F0010050B111F001010BD1DF
:10CC500021460AF05BF9012804BF002010BD0AE05C
:10CC60006FF0030010BD00BF21460AF03DFA012815
:10CC700004BF002010BD6FF00100002C08BF6FF052
:10CC8000020010BD70B5EFF3058109B1002070BD41
:10CC9000044690B160680107F8D4D4E9021200F0AC
:10CCA000010039B1502AF1D3E0B9012009F09CFC10
:10CCB00006E000BF002AE9D1C0B9012009F05CFC00
:10CCC00005460026002DE1D0002C14BF216800216C
:10CCD000284609F023F8002E18BF45F00105284624
:10CCE00070BD00BF042009F07FFC02E0042009F0C1
:10CCF00043FC05460126002DE6D1C7E780B5EFF3DA
:10CD0000058100291CBF6FF0050080BD014620F0A1
:10CD1000010068B111F001010ED1002100220023B1
:10CD200009F068FD013818BF6FF0020080BD00BF38
:10CD30006FF0030080BD00BF09F082FF013818BF0B
:10CD40006FF0020080BD000010B582B020B10C462B
:10CD5000EFF3058121B18CB16FF0030002B010BD7B
:10CD600021460AF0D3F801281DD06FF00100002CF5
:10CD700008BF6FF0020002B010BD00BF002101919A
:10CD800001AA00210AF050F801280FD1019850B1F2
:10CD90004EF60450CEF200004FF080510160BFF318
:10CDA0004F8FBFF36F8F002002B010BD6FF00200F5
:10CDB00002B010BD70B582B00E4686424FF000053D
:10CDC000EFF3058116D8A8B1A1B91446B2B1D4E9E0
:10CDD00002216AB14F2945D9A368012832D1032520
:10CDE000012000210022009509F094FC0DE000BF15
:10CDF00021B10025284602B070BD00BF01280BD12B
:10CE000001200021032209F041FC0546002E18BF35
:10CE1000002D07D1E5B925E0314609F029FB05468B
:10CE2000B5B91FE0284600210022002309F0E2FCEA
:10CE300001280DD0284608F0C9FF0025284602B079
:10CE400070BD00BF31461A4609F034FB05464DB1AE
:10CE5000002C14BF21680021284608F05FFF2846F7
:10CE600002B070BD0025284602B070BD80B582B00A
:10CE7000D0B1EFF30581D9B10021019101A909F0E9
:10CE80007BFE012820D1019850B14EF60450CEF21D
:10CE900000004FF080510160BFF34F8FBFF36F8FE1
:10CEA000002002B080BD00BF6FF0030002B080BD63
:10CEB00000210022002309F09DFC013818BF6FF00B
:10CEC000020002B080BD00BF6FF0020002B080BD62
:10CED0002DE9F04184B08E4600240394EFF30581E0
:10CEE00050B149B94FF0000452B19369002B08BF0B
:10CEF0001823382B16D90024204604B0BDE8F08151
:10CF000080251823002103AF0093AAB2734601972E
:10CF10000AF060F90399012808BF0C46204604B0C6
:10CF2000BDE8F0811179C90724D15769D2E9028699
:10CF30004FEA970C1168002F654608BF8025B8F1AD
:10CF4000000F13D05C2E15D312690024002A18BFDD
:10CF5000002FD1D0CDE9003262467346CDF808806B
:10CF60000AF068F904B0BDE8F08100BF16B9126993
:10CF7000002AC8D00024204604B0BDE8F08100009B
:10CF800080B5B8B10022B2EB114F23D121B3028991
:10CF90000A4493B28B420BD390F90C30B3F1FF3FAC
:10CFA00006DC4368A3EB010C00F110039C4515D28D
:10CFB000012080BD48F6333048F6E95148F6036356
:10CFC000C0F60100C0F60101C0F6010340F2DF1215
:10CFD000F3F718FA012080BD002080BD4389C0F816
:10CFE00004C0194441810281002080BD2DE9F04335
:10CFF00081B015460C46B2F5C17F2FDA012D02D063
:10D00000412D40F0898025F0400001280FD048F6DE
:10D01000333048F6446148F60363C0F60100C0F6B9
:10D020000101C0F601034FF4A572F3F7EBF90B20F1
:10D03000FDF79AFD014600284FF0000069D04FF43B
:10D040008072C1E900000C814C810D73A1F80D20A4
:10D05000C873084601B0BDE8F08300BF06462BD078
:10D06000B5F5207F58D1E01C20F00302B018033042
:10D070004FF6FC71014091424FF0000049D310314E
:10D0800089B28A4245D80846FDF794F8014600283F
:10D090004FF000003DD08A19133222F00302C1E99B
:10D0A00000028020C0F201000C814C81C86008465B
:10D0B00001B0BDE8F08300BF40F282094FF00008E4
:10D0C000C0F20109002700250C20FDF74DFDA8B393
:10D0D0000146F01C00F4FE70C0F51472A0B290423C
:10D0E00038BF024611FA86F0133020F00300C1E980
:10D0F00000800C81002D0846A4EB02044A81C1F88F
:10D100000C901CBF39602846002622040F460546B5
:10D11000DAD101B0BDE8F08348F6333048F6036356
:10D12000C0F6010016A1C0F6010340F22712F3F782
:10D1300069F9002001B0BDE8F08300BF01F016FBE3
:10D1400048F20044C2F2000426780121217001F067
:10D1500019FB6EB94DF65900C0F6000000210026FB
:10D1600007F02AFE20B101F001FB267001F00AFB56
:10D1700015B1284600F0BCFA002001B0BDE8F083EC
:10D18000706275665F616C6C6F633A206572726F76
:10D190006E656F75732074797065000080B503301B
:10D1A000DDF80CE020F0030C0CEB010070454FF0B3
:10D1B000000088BF80BDDDF808E0BEF1000F18BF99
:10D1C000E644C3E9000E198159814FF48171D87387
:10D1D00018461A73A3F80D1080BD0000B0B508B34F
:10D1E0000C46F9B10546006878B300BF2989228949
:10D1F0001144298105683DB30289238929681A44AD
:10D20000028111B328892289104428810D68002DDC
:10D2100042D00A89238928681A4400280A81E5D166
:10D2200013E000BF48F6333048F6875148F60363F1
:10D23000C0F60100C0F60101C0F6010340F25A3207
:10D24000BDE8B040F3F7DEB8054628896989884211
:10D2500027D048F6333048F6BC5148F60363C0F691
:10D260000100C0F60101C0F6010340F26232F3F79B
:10D27000C9F82868A8B148F6333048F6F35148F6A3
:10D280000363C0F60100C0F60101C0F6010340F2DD
:10D290006332F3F7B7F804E00D46288969898842BC
:10D2A000D7D1288921892C6008442881B0BD00008D
:10D2B000B0B500280C4618BF002C2FD148F63330EB
:10D2C00048F6875148F60363C0F60100C0F6010135
:10D2D000C0F6010340F25A32F3F794F8002C08BF6D
:10D2E000B0BD01F043FAA17B0131A17301F04AFA0C
:10D2F000A07B08B1B0BD00BF48F6333048F674617A
:10D3000048F60363C0F60100C0F60101C0F6010350
:10D3100040F24232BDE8B040F3F774B80546006809
:10D32000D8B100BF298922891144298105689DB19E
:10D330000289238929681A44028171B128892289C6
:10D34000104428810D687DB30A89238928681A440E
:10D3500000280A81E6D100E00546288969898842CB
:10D3600027D048F6333048F6BC5148F60363C0F680
:10D370000100C0F60101C0F6010340F26232F3F78A
:10D3800041F82868A8B148F6333048F6F35148F61A
:10D390000363C0F60100C0F60101C0F6010340F2CC
:10D3A0006332F3F72FF804E00D4628896989884233
:10D3B000D7D1288921892C600844288191E7000071
:10D3C000002148B1006848B1006858B1006868B1F0
:10D3D000006804310028F5D188B2704741F001019E
:10D3E00088B2704741F0020188B2704741F00301F2
:10D3F00088B27047B0B515460A462989FFF7F6FD91
:10D400000446A0B12046294600F014F878B148F649
:10D41000333048F6336148F60363C0F60100C0F6C6
:10D420000101C0F6010340F22452F2F7EBFF20465F
:10D43000B0BD00002DE9F04F81B030B10D4621B1F3
:10D44000044600892989884212D248F6333048F6CA
:10D450000363C0F601005CA1C0F6010340F2CA32CA
:10D46000F2F7D0FFF02040B201B0BDE8F08F00BF6E
:10D4700048F6333A48F6036B0027C0F6010AC0F6B7
:10D48000010B0FF218194FF0000801E0002D51D0E8
:10D4900060896989C01BA1EB0806B04238BF064607
:10D4A00060686968384441443246F3F762F960893C
:10D4B0003744874206D9504632A140F2D9325B4602
:10D4C000F2F7A0FF6889B044804507D95046494625
:10D4D00040F2DA325B46F2F795FF6889804524BF57
:10D4E0002D684FF000086089874203D12468002727
:10D4F00004B92DBB2DB168892989884201D12868DA
:10D5000050BB002CC2D0608921898842BED12068DE
:10D510000028BBD048F6333048F65D5148F6036327
:10D52000C0F60100C0F60101C0F6010340F2EF327F
:10D5300020E000BF002040B201B0BDE8F08F00BF86
:10D5400048F6333048F60363C0F601001AA1C0F66E
:10D5500001034FF4797283E748F6333048F65D51A2
:10D5600048F60363C0F60100C0F60101C0F60103EE
:10D5700040F2EA32F2F746FFFA2040B201B0BDE8CD
:10D58000F08F00BF6F66667365745F746F203C3DFB
:10D5900020705F746F2D3E6C656E00006F66667361
:10D5A00065745F66726F6D203C3D20705F66726FC0
:10D5B0006D2D3E6C656E0000705F746F20213D2004
:10D5C0004E554C4C00000000706275665F636F70D2
:10D5D000793A20746172676574206E6F7420626995
:10D5E0006720656E6F75676820746F20686F6C6464
:10D5F00020736F75726365002DE9F04381B068B3E5
:10D600008846B9B31446002A48D005464FF00009B1
:10D61000002615E0C01A80B2A7B2B84238BF07464C
:10D62000696818FA86F011FA83F13A46F3F7A1F81F
:10D63000B9443E44E41B002320040AD02D6845B1C0
:10D6400068891904E6D099B28142E3D31B1A2004F9
:10D65000F4D11FFA89F001B0BDE8F08348F6333009
:10D6600048F60363C0F6010019A1C0F6010340F2B9
:10D670000A420AE048F6333048F60363C0F6010078
:10D680000AA1C0F6010340F20B42F2F7BBFE4FF0D5
:10D6900000091FFA89F001B0BDE8F0834FF00009DE
:10D6A0001FFA89F001B0BDE8F08300BF70627566B3
:10D6B0005F636F70795F7061727469616C3A206941
:10D6C0006E76616C696420646174617074720000CC
:10D6D000706275665F636F70795F706172746961A3
:10D6E0006C3A20696E76616C696420627566000030
:10D6F0002DE9F04F81B0002858D048F6333B48F66A
:10D70000036605460024C0F6010B0FF2CC0AC0F6F2
:10D7100001060FF2DC0907E0396959B3384688473A
:10D72000002D04F1010452D02F4601F01FF8A97B0F
:10D73000054639B95846514640F2F1223346F2F7D0
:10D7400061FEB97BA1F10108284687F80E8001F03F
:10D7500019F85FEA08603AD1787B3D688007DBD42E
:10D76000387B10F00F000FD0012811D0022815D1FE
:10D770000C200EE05846494640F2FF223346F2F7AD
:10D7800041FE3969CAE700BF3846FCF77DFBC7E7B1
:10D790000B203946FCF744FFC2E700BF58461DA1E5
:10D7A00040F20F323346F2F72DFEB9E748F6333038
:10D7B00048F6E95148F60363C0F60100C0F60101DE
:10D7C000C0F601034FF43772F2F71CFE0024E0B2FA
:10D7D00001B0BDE8F08F00BF706275665F6672656C
:10D7E000653A20702D3E726566203E2030000000B4
:10D7F00070632D3E637573746F6D5F667265655FF0
:10D8000066756E6374696F6E20213D204E554C4CD9
:10D8100000000000696E76616C6964207062756654
:10D82000207479706500000080B5014648F64420F8
:10D83000C0F60100FCF73CFF40F2A821C2F2000153
:10D840000878012818BF80BD486800220A70BDE82A
:10D850008040FFF70BBB000080B500F087FF48F267
:10D860000041C2F2000100220A7000F08BFF40F27A
:10D870005C50C2F20000006890B1416F91B9C0687D
:10D8800070B1416F71B9C06850B1416F51B9C06892
:10D89000002808BF80BD416F21B9C0680028ECD1C5
:10D8A00080BD00BFBDE8804003F04AB800B300BFB0
:10D8B00042898BB293421DD30068C8B1891A42894C
:10D8C0008BB2934216D3006890B1891A42898BB209
:10D8D00093420FD3006858B1891A42898BB29342A0
:10D8E00008D30068891A002804BF00207047DFE7CA
:10D8F00000207047406889B2405C7047012200F008
:10D9000001B8000080B5B1F1FF3F0BDD40B3C9B3F2
:10D91000038903EB010C1FFA8CF38B4246D20120E2
:10D9200080BD00BF80B349420022B2EB114F1CBF43
:10D93000012080BD42898A4242D248F6333048F6FF
:10D94000566148F60363C0F60100C0F60101C0F657
:10D95000010340F25522F2F755FD012080BD00BFC2
:10D9600048F6333048F6E95148F60363C0F6010043
:10D97000C0F60101C0F6010340F2DF12F2F742FDEA
:10D98000012080BD002080BD48F6333048F6E951C3
:10D9900048F60363C0F60100C0F60101C0F60103BA
:10D9A00040F24B22F2F72EFD012080BD90F90C30A1
:10D9B000B3F1FF3F0EDD002AB1D04268521A11E0E8
:10D9C0004368521A0B44436003894281591A01810A
:10D9D000002080BD426800F11003521A9A423CBFF9
:10D9E000012080BD4389426019444181A0F808C0EC
:10D9F000002080BD2DE9F04705460C4660B948F689
:10DA0000333048F60363C0F601002DA1C0F60103D0
:10DA10004FF4CC72F2F7F6FC2889A04298BFBDE81B
:10DA2000F0876F89A7421FD248F6333848F6036A59
:10DA3000261AC0F601080FF2A009C0F6010A04E098
:10DA4000E41B6F89A0B2B8420ED9288930442881DE
:10DA50002D68002DF4D14046494640F2AF1253469E
:10DA6000F2F7D0FCECE700BF287B00071CD1A0B286
:10DA7000B84219D0687B800716D46868401B2044E0
:10DA800081B22846FCF7DCFC054668B948F633301D
:10DA900048F60363C0F6010015A1C0F6010340F289
:10DAA000BD12F2F7AFFC002528686C8100282C819C
:10DAB00018BFFFF71DFE00202860BDE8F08700BFFB
:10DAC000706275665F7265616C6C6F633A2070207E
:10DAD000213D204E554C4C00706275665F72656149
:10DAE0006C6C6F633A207120213D204E554C4C00E8
:10DAF0006D656D5F7472696D2072657475726E65A7
:10DB0000642071203D3D204E554C4C00002808BF3C
:10DB1000704710B5044600F029FEA17B0131A173C6
:10DB200000F030FEA07BBDE8104008B1704700BF98
:10DB300048F6333048F6746148F60363C0F60100D6
:10DB4000C0F60101C0F6010340F24232F2F75ABCBE
:10DB500080B5D8B10022B2EB114F1CBF012080BDAF
:10DB600031B342898A4225D248F6333048F65661AD
:10DB700048F60363C0F60100C0F60101C0F60103D8
:10DB800040F25522F2F73EFC012080BD48F63330CA
:10DB900048F6E95148F60363C0F60100C0F60101FA
:10DBA000C0F6010340F24B22F2F72CFC012080BDAD
:10DBB000002080BD4368521A0B44436003894281B0
:10DBC000591A0181002080BD2DE9F041044607F07B
:10DBD000B5FF40F27436C2F20006F06848F2F44530
:10DBE0000130F0603068C2F2000558B13069002899
:10DBF00040F007813068E16AC06A884298BF3460AB
:10DC0000FFE000BF3460F068012840F0FA80284649
:10DC100007F03AFF05F1140007F036FF05F1280080
:10DC200007F032FF05F13C0007F02EFF05F1500030
:10DC300007F02AFF05F1640007F026FF05F17800E0
:10DC400007F022FF05F18C0007F01EFF05F1A00090
:10DC500007F01AFF05F1B40007F016FF05F1C80040
:10DC600007F012FF05F1DC0007F00EFF05F1F000F0
:10DC700007F00AFF05F5827007F006FF05F58C70C6
:10DC800007F002FF05F5967007F0FEFE05F5A0709F
:10DC900007F0FAFE05F5AA7007F0F6FE05F5B47078
:10DCA00007F0F2FE05F5BE7007F0EEFE05F5C87050
:10DCB00007F0EAFE05F5D27007F0E6FE05F5DC7028
:10DCC00007F0E2FE05F5E67007F0DEFE05F5F07000
:10DCD00007F0DAFE05F5FA7007F0D6FE05F50270DA
:10DCE00007F0D2FE05F5077007F0CEFE05F50C70C3
:10DCF00007F0CAFE05F5117007F0C6FE05F51670AF
:10DD000007F0C2FE05F51B7007F0BEFE05F520709A
:10DD100007F0BAFE05F5257007F0B6FE05F52A7086
:10DD200007F0B2FE05F52F7007F0AEFE05F5347072
:10DD300007F0AAFE05F5397007F0A6FE05F53E705E
:10DD400007F0A2FE05F5437007F09EFE05F548704A
:10DD500007F09AFE05F54D7007F096FE05F5527036
:10DD600007F092FE05F5577007F08EFE05F55C7022
:10DD700007F08AFE05F5617007F086FE05F566700E
:10DD800007F082FE05F56B7007F07EFE05F57070FA
:10DD900007F07AFE05F5757007F076FE05F57A70E6
:10DDA00007F072FE05F57F7007F06EFE05F58260E4
:10DDB00007F06AFE05F2244007F066FE05F587606D
:10DDC00007F062FE05F24C4007F05EFE40F2285874
:10DDD000C2F20008404607F057FE08F11407384623
:10DDE00007F052FE06F1640007F04EFE06F13C001B
:10DDF00007F04AFE06F1500007F046FEC6F81C8008
:10DE000037627068716A421CE06A726088426264BC
:10DE100088BF706200EB800005EB8000211D07F0D9
:10DE200075FE07F0AFFE306988B13068E16AC06AFC
:10DE3000884228BFBDE8F0814EF60450CEF20000C3
:10DE40004FF080510160BFF34F8FBFF36F8FBDE87C
:10DE5000F081000040F2743548F2F4464EF6045862
:10DE6000C2F20005C2F20006CEF200084FF0805761
:10DE700003E000BF204607F09DFEA868D0B107F080
:10DE80005DFEA86CC468201D07F0D0FDE86801386D
:10DE9000E860A8680138A86007F074FE94F859009B
:10DEA0000228EAD00128E5D070B9206B07F082FE85
:10DEB000E0E700BF30680228DFD3C8F80070BFF386
:10DEC0004F8FBFF36F8FD8E74FF0500080F311886A
:10DED000BFF36F8FBFF34F8FFEE700002DE9F047D0
:10DEE0000A9C8246206B16460F46DDE908599100D0
:10DEF000A5229846F2F782FC206B002F00EB8600EB
:10DF0000A0F1040020F0070656D0387884F83400D9
:10DF1000387800284BD0787884F835007878002855
:10DF200045D0B87884F83600B87800283FD0F87823
:10DF300084F83700F878D0B3387984F83800387925
:10DF4000A8B3787984F83900787980B3B87984F8FF
:10DF50003A00B87958B3F87984F83B00F87930B3CF
:10DF6000387A84F83C00387A08B3787A84F83D002F
:10DF7000787AE0B1B87A84F83E00B87AB8B1F87A25
:10DF800084F83F00F87A90B1387B84F84000387B01
:10DF900068B1787B84F84100787B40B1B87B84F825
:10DFA0004200B87B00281CBFF87B84F843000020A7
:10DFB00084F8430003E000BF002084F83400002709
:10DFC000201D372D28BF3725E562C4E9135707F018
:10DFD00067FD04F1180007F063FDC5F13800A0618A
:10DFE00030465146424624616462676584F8587041
:10DFF00000F086FBB9F1000F206018BFC9F800409F
:10E00000BDE8F08708480068006880F308884FF092
:10E01000000080F3148862B661B6BFF34F8FBFF380
:10E020006F8F00DF00BF000008ED00E081B000202E
:10E03000009040F23800C2F2000000684FF050013A
:10E0400081F31188BFF36F8FBFF34F8F013007D07B
:10E05000FEE700BF009830B9009820B9009810B9C9
:10E0600000980028F6D001B07047000088B040F258
:10E07000EC3AC2F2000A0DF11009EB46DAF808009A
:10E0800005681DB1C068046801E000BF002408F005
:10E09000AFF809F021F9DAF810100646884220D3CB
:10E0A000002DCAF8106051D0A6424FD309F070FA83
:10E0B000DAF80800C068C7683D1D284607F0B6FCBE
:10E0C00097F82800410745D400F0FE0087F82800A3
:10E0D00084E000BF6860DAF8080039462D6107F077
:10E0E000E3FCDAF80800016831B3C068C568046869
:10E0F0002F1D384607F09AFC296A2846884795F86C
:10E1000028004007EDD5A8692044A042E2D8DAF8FB
:10E110000000002800F04881002004A931C109F066
:10E12000CBF8DAF8000049460022002308F062FB31
:10E130000028D6D138E100BFDAF80C10CAF8106018
:10E14000CAE9021009F024FA1AE100BF65B1002201
:10E1500010E000BFB8693F610119B14279601FD971
:10E160000AF1080021E000BFDAF80C000068B0FAFC
:10E1700080F04209DAF80000A11B07F07BFE09F0ED
:10E1800007FA002840F0FC804EF60450CEF2000062
:10E190004FF080510160BFF34F8FBFF36F8FEFE0FF
:10E1A000311B814206D20AF10C000068294607F0B3
:10E1B0007BFC13E0DAF80000002800F01381002057
:10E1C00004A991C109F078F8DAF800004946002264
:10E1D000002308F00FFB002800F00481396A38465C
:10E1E0008847CDE00098B0F1FF3F07DCDDE9012072
:10E1F000039990470098002800F1C280029E706940
:10E2000010B1301D07F012FC09F066F8DAF81010B2
:10E21000074688420DD30098CAF8107009283FD9E4
:10E22000AEE000BF6860DAF8080021462D6107F013
:10E230003BFCDAF80800016841B3C068C568D0F853
:10E2400000802C1D204607F0F1FB296A28468847EC
:10E2500095F828004007ECD5A86940444045E1D82E
:10E26000DAF80000002800F095800020CDE90408CD
:10E27000069509F021F8DAF800004946002200234B
:10E2800008F0B8FA0028D4D184E000BFDAF80C1006
:10E29000CAE902100098CAF81070092800F27080CC
:10E2A000DFE800F00606064448620606444800BF60
:10E2B00096F82800019A40F00101B06986F828100C
:10E2C0008318314641F8043FBB42366106D9974274
:10E2D0000AF1080007D293420AD204E0BA1A824235
:10E2E00006D20AF10C00006807F0DEFB48E000BF30
:10E2F000316A3046884796F82800400740D5DAF85A
:10E30000000000285AD00198B169069608440021FF
:10E31000CDE9041008F0D0FFDAF8000049460022E9
:10E32000002308F067FA58BB48E000BF96F82800C1
:10E3300022E000BF96F8280040F00101019886F81D
:10E3400028100028B06143D0384431460AF10C024D
:10E3500041F8040F3661B84288BF0AF1080210681C
:10E3600007F0A2FB0CE000BF96F82800810703D459
:10E37000304607F01FFC03E000F0FE0086F828009E
:10E38000DAF800005946002208F07CFC00287FF4EF
:10E3900029AF73E64FF0500080F31188BFF36F8F01
:10E3A000BFF34F8FFEE700BF4FF0500080F311889E
:10E3B000BFF36F8FBFF34F8FFEE700BF4FF05000EA
:10E3C00080F31188BFF36F8FBFF34F8FFEE700BF5D
:10E3D0004FF0500080F31188BFF36F8FBFF34F8F62
:10E3E000FEE700BF4FF0500080F31188BFF36F8F3E
:10E3F000BFF34F8FFEE70000F0B581B0044607F091
:10E400009DFB94F94560012E0FDB04F1240500BF4C
:10E41000286850B1284609F081F8002818BF07F095
:10E420009DFDF0B2013E0128F2D8FF2684F8456038
:10E4300007F0A8FB07F082FB94F94470012F0EDB74
:10E4400004F11005286850B1284609F067F8002843
:10E4500018BF07F083FDF8B2013F0128F2D884F815
:10E46000446001B0BDE8F04007F08CBBB0B5844615
:10E4700030F8ECEF00254488AEEB0404B5EB144F04
:10E4800018BF04F58074A4B2FC2C88BFB0BD09018C
:10E4900063F342010CF1F00303F80E100EF10101D9
:10E4A0008DB2FF2D88BF00218DB2022401315C5551
:10E4B000FE2D88BF0021150A8CB201311D55FE2C9E
:10E4C00088BF00218DB25A554A1CFE2D88BF0022FC
:10E4D000DCF80C10ACF8EC20BDE8B040FDF7C4BA95
:10E4E00070B5044607F084FE40F2284CC2F2000CDE
:10E4F000DCF8040050B19CF80000002818BF4FF071
:10E5000000404FF000056CBB8BE000BF4BF2681081
:10E51000C2F20000C21D22F0070210F00701A0EBBA
:10E52000020318BF1046002246F21035CCE906025D
:10E53000002918BF1D44411921F00701A1F108036A
:10E54000CCF8043041E90222191AC0E90031012057
:10E550008CF800004FF00040CCE90211002C4FF085
:10E5600000055ED020405CD124F0070000F11002CD
:10E57000600708BF04F10802002A4FF0000550D0E0
:10E58000DCF8080082424CD8604650F818EFDEF8FC
:10E59000045095422BD2DEF80010B9B174464D6894
:10E5A000954217D20B68ABB15D68954216D21868D8
:10E5B000A0B14568954215D204689CB16568954242
:10E5C00014D22168A6460029E9D110E00CF1180008
:10E5D0000DE000BF8E46204609E000BF9E4608467B
:10E5E00005E000BF8646184601E000BFA646DCF8FD
:10E5F00004108E4514D00168DEF80040AB1A112BD0
:10E6000004604DD30EEB0205680719D04FF050009F
:10E6100080F31188BFF36F8FBFF34F8FFEE700BF0A
:10E62000002508F0B5FF68075BD04FF0500080F37D
:10E630001188BFF36F8FBFF34F8F00BFFEE700BF9E
:10E640000CF118006B60CEF8042000BF0368AB42E9
:10E650000AD21868A8420BD20368AB4204D21868E9
:10E660001A46A842F2D304E00246184601E000BF71
:10E670001A4653686C68D618AE4202D11C4415463F
:10E6800054602B19834207D1DCF80430984203D040
:10E69000D0E9000323446B60AA42286018BF1560CC
:10E6A00001F10805DEF80400DCE90212091A9142C2
:10E6B000CCF8081038BFCCF80C109CF800100029DA
:10E6C00018BF40F00040CEF80400DCF81000002134
:10E6D0000130CEF80010CCF8100008F059FF6807A0
:10E6E000A3D1284670BD000040F27430C2F2000091
:10E6F000016819B101680A6D01320A650068704746
:10E7000003464EF22D00C0F600004FF0807C21F051
:10E71000010103E903106FF0020043F8240CA3F198
:10E72000440043F8202C704770B516460D46044649
:10E73000FEF762F921680446084629464FF00002B8
:10E7400066B13346FEF792F900281CBF4FF0FF3048
:10E7500070BDFEF751F9001B70BD00BF4FF0FF33D5
:10E76000FEF784F9FEF748F9001B70BD80B540F64E
:10E770004810C2F2000000684FF0FF31FEF758FA6F
:10E78000012080BD40F64810C2F200000068FEF78C
:10E79000B5BA0000F0B581B000F064F840F2E4468C
:10E7A000C2F20006716899B1044601E0716879B15E
:10E7B0004868221A0CD40A68D1E90275C6E901201A
:10E7C0000A20FBF72DFF002FF0D02846B847EDE7D1
:10E7D00001B0F0BD80B50020FEF754FA40F64811B4
:10E7E000C2F20001086080BDB0B5044608460421AD
:10E7F00000220025FEF77EF90146002808BF4FF0F1
:10E80000FF3528462160B0BD80B582B00068019117
:10E8100001A900220023FEF7B7F9002818BF4FF026
:10E82000FF3002B080BD00000068002818BF012042
:10E830007047000000684FF0FF31FEF7F9B90000A3
:10E84000B0B5044600200025FEF71CFA014600285A
:10E8500008BF4FF0FF3528462160B0BD0068FEF7C5
:10E860004DBA0000F5F74EBA80B58AB094460C9ABE
:10E8700001900020CDE90200CDE90400CDE9063287
:10E88000CDE9080001AA08466146FEF721FB0AB05F
:10E8900080BD0000F0B581B014460646B0F1804F4F
:10E8A0000D460CD348F6333049F2B143C0F60100AF
:10E8B0002FA1C0F6010340F22912F1F7A3FDFFF7E3
:10E8C000D1FF07460A20FCF74FF948B3002140F278
:10E8D000E4430160C2F200035968BA1985604260DE
:10E8E000C46081B34F68D71B2CD40B6873B35F68C7
:10E8F000D71B31D41968A9B34F68D71B33D40B6821
:10E9000023B35F68D71B27D4196859B34F68D71B47
:10E91000B7F1FF3F1F46E8DC0160386001B0F0BD91
:10E9200048F6333049F2E54149F2B143C0F60100FF
:10E93000C0F60101C0F60103BE2201B0BDE8F040FF
:10E94000F1F760BD0160586001B0F0BD0F460021D5
:10E950000160386001B0F0BD0F46194601603860B3
:10E9600001B0F0BD00211F460160386001B0F0BD6C
:10E9700054696D656F75742074696D6520746F6F6F
:10E98000206C6F6E672C206D6178206973204C5766
:10E9900049505F55494E5433325F4D41582F342012
:10E9A0006D73656373000000B0B548F6D41549F681
:10E9B000B934C0F60105C0F6000405F108024FF4B1
:10E9C0007A702146FFF766FF05F110024FF47A7066
:10E9D0002146FFF75FFF05F118024EF66020214641
:10E9E000FFF758FF05F120024FF4FA702146BDE809
:10E9F000B040FFF74FBF000010B540F2E444C2F250
:10EA00000004606840B1FFF72DFF61684968081A8B
:10EA100020EAE07010BD00BF4FF0FF3010BD0000D5
:10EA200080B540F2E44CC2F2000CDCF804E0BEF128
:10EA3000000F31D000230FE0DEF80030002B08BFBC
:10EA400080BD9A68824202D1DA688A4226D0D3F821
:10EA500000E0BEF1000F1FD0DEF80820824203D193
:10EA6000DEF80C208A421DD0DEF80030A3B19A688F
:10EA7000824202D1DA688A4216D0D3F800E0BEF1B1
:10EA8000000F09D0DEF808208242D5D1DEF80C2034
:10EA90008A42D1D1714609E080BD00BF1946734654
:10EAA00004E000BF714601E0194673460A68002B76
:10EAB00008BF0CF104030A201A60BDE88040FBF790
:10EAC000AFBD000088B040F2802548F6FD2846F230
:10EAD0004F6B09200126C2F200050DF11F044FF013
:10EAE000000A0DF11409C0F60108C0F2660B8DF89A
:10EAF0001F0000BFE86821464FF0FF3208F0C2F85F
:10EB00009DF81F000028F5D1F0070FBFCDF814B015
:10EB10008DF816A046F64F60ADF814006F684846B1
:10EB200086F00106F1F706FE83B2384641464A46B2
:10EB3000CDE900AACDF808A0CDF80CA0FDF726F885
:10EB4000D8E700008CB040F28029C2F200099FEDA6
:10EB50004E8A09F1240409F120050DF11C0A4FF039
:10EB600000081DE046F24F60C0F26600049004AF5A
:10EB7000D9F804603846F1F7DDFD48F6FD2183B28F
:10EB80003046C0F601013A46CDE90088CDF808804C
:10EB9000CDF80C80FCF7FAFF40F6B83007F094F996
:10EBA00020462946F3F796FD0028F5D129A0F1F774
:10EBB00061FDD9F8200009F08FFD48F6063641ECDA
:10EBC000100B0DF12607C0F6010638460A21324621
:10EBD0008DED000BF1F722FCD9F8240009F07CFD43
:10EBE00041EC100B50460A2132468DED000BF1F737
:10EBF00015FCD9F804B03846F1F79CFD83B25846AD
:10EC00001BA13A46CDE90088CDF80880CDF80C80EC
:10EC1000FCF7BCFFD9F804605046F1F78BFD83B2D6
:10EC2000304616A15246CDE90088CDF80880CDF8CF
:10EC30000C80FCF7ABFF99ED090AB4EE480AF1EE3F
:10EC400010FA8FDB46F64F608DF81280ADF8100099
:10EC50008DE700BF4765742044485431312044613A
:10EC60007461207375636365737366756C6C79008A
:10EC70004C6162372F54656D700000004C61623743
:10EC80002F48756D69000000000070428AB02CA00A
:10EC9000F1F7F0FC40F6B83007F016F9F6F79EF8F9
:10ECA000FCF7F2FA2B4940F28026039129A10F1DAF
:10ECB000D1E9045489698CCFCDE90754099147F60D
:10ECC0008C514BF25D34C2F200060DF1100CCBF604
:10ECD00021110DF10C094FF0000AC0F6000402AD3D
:10ECE0000FF28C0870608CE88C0002910AE000BF83
:10ECF000B0684FF0FF3108F009F94FF47A7007F06F
:10ED0000E3F87068FCF794FA0028F1D1706829469E
:10ED100040F25B722346CDF800A0CDF80490FBF7DB
:10ED20009FFF0028E9D0074640463946F1F76AFBC5
:10ED300017F10A00E1D17068FCF7FEFBDDE700BFC8
:10ED40004265666F7265204C5749505F496E697421
:10ED500000000000F18A01081A8B0108EA8A010804
:10ED6000140000000B8B0108D88A01080000000085
:10ED70004D51545420636F6E6E65637420726574D8
:10ED800075726E6564206572726F723A2025640D2B
:10ED90000A00000088B040F2802A0026C2F2000A71
:10EDA0000FF250080DF116050FF24C09002703E091
:10EDB0004FF47A7007F088F8DAF80400FCF738FAB4
:10EDC0000028F5D0013728460A2142463B46F1F794
:10EDD00025FBDAF804402846F1F7ACFC83B2204664
:10EDE00049462A46CDE9006602960396FCF7CEFE18
:10EDF000DEE700BF256400004C6162372F436F756A
:10EE00006E7400002DE9F04F85B0A8B30446007D74
:10EE10000D4601280DD148F6333048F61173C0F67F
:10EE2000010074A1C0F6010340F24122F1F7EAFAB1
:10EE3000207D0A2834D140F25050C2F20000103038
:10EE4000214602F057FE207D01280ED148F63330CE
:10EE500048F6866148F61173C0F60100C0F601015C
:10EE6000C0F60103D422F1F7CDFA0120214605B006
:10EE7000BDE8F04FFBF7D4BB48F6333048F6F861F5
:10EE800048F61173C0F60100C0F60101C0F6010397
:10EE900040F23D2205B0BDE8F04FF1F7B3BA00BF34
:10EEA0002169D4F82490D4F850A0D4F89080B4F814
:10EEB00016B0049170B140F25056C2F2000606F14D
:10EEC0000C00214602F016FE01203070266F5EBB5A
:10EED00037E000BFBBF1000F00F0848040F25051DA
:10EEE000C2F2000151F8080FA04214D0A8B1C268C4
:10EEF0000146A2420ED082B1D0681146A04209D08C
:10EF000058B1C2680146A24204D032B1D06811465D
:10EF1000A042EBD10C31E06808600025E5604FF0BD
:10EF2000000B266F6EB100BFD6E90070002818BF35
:10EF3000FEF7DEFB03203146FBF772FB002F3E4657
:10EF4000F2D1E66E6EB100BFD6E90070002818BF9E
:10EF5000FEF7CEFB03203146FBF762FB002F3E4657
:10EF6000F2D1666F6EB100BFD6E90070002818BFFD
:10EF7000FEF7BEFB03203146FBF752FB002F3E4657
:10EF8000F2D155B1278B201DCDE9000B204651460B
:10EF90004A462346029704F095F9207D01280ED1B8
:10EFA00048F6333048F6866148F61173C0F6010022
:10EFB000C0F60101C0F60103D422F1F723FA0120C3
:10EFC0002146FBF72DFBB8F1000F07D0049842460D
:10EFD0006FF00C0105B0BDE8F04F104705B0BDE87B
:10EFE000F08F00BF00254FF0000B266F002E9BD145
:10EFF000A7E700BF646F6E27742063616C6C207498
:10F0000063705F61626F72742F7463705F616261BD
:10F010006E646F6E20666F72206C697374656E2DFE
:10F0200070636273000000000121FFF7EBBE000077
:10F03000F0B581B004460120FBF796FD40F2505632
:10F0400005460028C2F2000640F01181F76800BFB3
:10F0500037B3798B3D46FF680807F9D5287D21F045
:10F0600008010728698309D0042801D00328EFD1BB
:10F07000284604F0B3FA28B905200CE0284604F02D
:10F08000ADFA38B10130E3D1688B40F008006883F5
:10F09000DEE700BF09202875284602F071F9D7E79E
:10F0A00033697BB371690022002000BF1D6ADF68ED
:10F0B0004D1B954228BF184607B3954288BF2A4684
:10F0C0003D6AFB684D1B954228BF3846B3B1954257
:10F0D00088BF2A461D6ADF684D1B954228BF184627
:10F0E00067B1954288BF2A463D6AFB684D1B954231
:10F0F00028BF384688BF2A46002BD7D110B101213E
:10F10000FFF780FE0120FBF72FFD0546002840F0A9
:10F11000AE80F368D3B371690022002002E000BF23
:10F12000DB687BB31F7D092F06D11F6ACF1B974277
:10F1300028BF184688BF3A46DB681BB31F7D092FDE
:10F1400006D11F6ACF1B974228BF184688BF3A4690
:10F15000DB68BBB11F7D092F06D11F6ACF1B974209
:10F1600028BF184688BF3A46DB685BB11F7D092F70
:10F17000D6D11F6ACF1B974228BF184688BF3A4690
:10F18000CEE700BF10B10021FFF73CFE0120FBF7E6
:10F19000EBFC054600286AD1F368CBB37169002205
:10F1A000002001E0DB687BB31F7D082F06D11F6ABA
:10F1B000CF1B974228BF184688BF3A46DB681BB36F
:10F1C0001F7D082F06D11F6ACF1B974228BF184604
:10F1D00088BF3A46DB68BBB11F7D082F06D11F6A86
:10F1E000CF1B974228BF184688BF3A46DB685BB101
:10F1F0001F7D082FD6D11F6ACF1B974228BF184604
:10F2000088BF3A46CEE700BF10B10021FFF7FAFDF4
:10F210000120FBF7A9FC054648BB7F2C204628BFF0
:10F220007F20F8B1F168E9B1D6F814C0451E00227C
:10F23000002007E0086AACEB000708463A461D4686
:10F24000C96859B14B7DEFB2BB42F3D3F8D10F6A15
:10F25000ACEB07079742F0D2F2E700BF10B10121F3
:10F26000FFF7D0FD0120FBF77FFC054680B3284661
:10F270009C21F1F7EDFA4FF48660A5F8640040F6A2
:10F280006000C0F66000A862FF20E8724FF0061030
:10F29000C5F83E004FF6FF70C0F218202863012029
:10F2A000C0F23040A86470697178286242F68950D3
:10F2B000C0F60100C5F884004DF60050C0F26D00A4
:10F2C0006C75A977C5F89400284601B0F0BD00BF61
:10F2D0000025284601B0F0BD002818BF0161704725
:10F2E0002DE9F04F81B048F6CC13C0F60103002998
:10F2F00018BF0B4690B1017D21B348F6333048F674
:10F300001173C0F601000FF27851C0F6010340F20C
:10F31000AB22F1F777F8FA262DE000BF48F633303C
:10F3200048F61173C0F601000FF27C51C0F60103DC
:10F3300040F2A922F1F766F8F02670B201B0BDE8FC
:10F34000F08F00BFE2B140F25057C2F20007796877
:10F3500001E000BFC968002900F01681CE8A9642FC
:10F36000F8D10D68002D00F00D821C68F826002CE5
:10F3700018BFA542EED170B201B0BDE8F08F00BF5A
:10F3800040F2505140F2140CC2F20001C2F2000CE3
:10F39000D1E901EABCF80020D1E90358BEF1000F21
:10F3A0007CD0002D00F0108100264FF6FF7B43F645
:10F3B000FF7904E04E4506F1010680F059820132E2
:10F3C00091B2594504BF4CF20002CFF6FF7271466C
:10F3D000CF8A94B2A742EDD0C96879B1CF8AA7424B
:10F3E000E8D0C96851B1CF8AA742E3D0C96829B132
:10F3F000CF8AA742DED0C9680029E9D1BAF1000F4F
:10F4000015D05146CF8AA742D4D0C96879B1CF8AE6
:10F41000A742CFD0C96851B1CF8AA742CAD0C96824
:10F4200029B1CF8AA742C5D0C9680029EAD12946A7
:10F43000CF8AA742BED0C96879B1CF8AA742B9D0D6
:10F44000C96851B1CF8AA742B4D0C96829B1CF8A5F
:10F45000A742AFD0C9680029EAD1B8F1000F7CD02B
:10F460004146CF8AA742A5D0C968002975D0CF8A66
:10F47000A7423FF49FAFC96800296ED0CF8AA74248
:10F480003FF498AFC968002967D0CF8AA7423FF4FC
:10F4900091AFC9680029E4D15FE000BF00274FF6B3
:10F4A000FF7943F6FE7E04E0774507F1010700F29D
:10F4B000DF81013291B2494504BF4CF20002CFF620
:10F4C000FF72BAF1000F16D05146CE8A94B2A6420E
:10F4D000EAD0C96879B1CE8AA642E5D0C96851B1EF
:10F4E000CE8AA642E0D0C96829B1CE8AA642DBD036
:10F4F000C9680029E9D1B5B12946CE8A94B2A6429D
:10F50000D2D0C96879B1CE8AA642CDD0C96851B1EE
:10F51000CE8AA642C8D0C96829B1CE8AA642C3D035
:10F52000C9680029E9D1B8F1000F16D04146CE8A4A
:10F5300094B2A642B8D0C96879B1CE8AA642B3D0F7
:10F54000C96851B1CE8AA642AED0C96829B1CE8A67
:10F55000A642A9D0C9680029E9D11104ACF800205D
:10F560002CD01968002918BF016040F25051C2F236
:10F570000001C282C0F80CA0886004F0DDFC002607
:10F5800070B201B0BDE8F08FD7F808A0BAF1000F53
:10F5900000F08080514602E0C96800297AD0CE8A06
:10F5A0009642F9D10D68002D00F0EC801C68F82619
:10F5B000002C18BFA5423FF4DEAEEDE7FE2670B288
:10F5C00001B0BDE8F08F00BFBAF1000F78D0B8F1FC
:10F5D000000F4FF6FF794FF0000400F0D98043F69A
:10F5E000FE7604E0B44204F1010400F241810132EC
:10F5F00091B24945714604BF4CF20002CFF6FF724A
:10F60000CD8A97B2BD42EDD0C96879B1CD8ABD42ED
:10F61000E8D0C96851B1CD8ABD42E3D0C96829B1EB
:10F62000CD8ABD42DED0C9680029E9D15146CD8AD4
:10F63000BD42D7D0C96879B1CD8ABD42D2D0C968A0
:10F6400051B1CD8ABD42CDD0C96829B1CD8ABD4264
:10F65000C8D0C9680029EAD14146CD8ABD42C1D08F
:10F66000C96800293FF479AFCD8ABD42BAD0C968D4
:10F6700000293FF472AFCD8ABD42B3D0C9680029DA
:10F680003FF46BAFCD8ABD42ACD0C9680029E4D14C
:10F6900063E700BFFD68002D5ED0F82603E000BFE1
:10F6A000ED68002D58D0E98A9142F9D129680029E6
:10F6B00068D01C68002C18BFA1423FF45CAEEFE795
:10F6C00000244FF6FF75B8F1000F00F0A58043F657
:10F6D000FE7904E04C4504F1010400F2C9800132D6
:10F6E00091B2A942714604BF4CF20002CFF6FF72FC
:10F6F000CE8A97B2BE42EDD0C96879B1CE8ABE42F9
:10F70000E8D0C96851B1CE8ABE42E3D0C96829B1F8
:10F71000CE8ABE42DED0C9680029E9D14146CE8AF0
:10F72000BE42D7D0C96800293FF417AFCE8ABE4287
:10F73000D0D0C96800293FF410AFCE8ABE42C9D0EC
:10F74000C96800293FF409AFCE8ABE42C2D0C96859
:10F750000029E4D101E700BF3F69002F3FF401AF6A
:10F76000F82603E0FF68002F3FF4FBAEF98A9142D0
:10F77000F8D1396831B11D68002D18BFA9423FF496
:10F78000FAADEFE7F82670B201B0BDE8F08F00BF28
:10F7900043F6FE7804E000BF444504F1010467D855
:10F7A000013291B24945714604BF4CF20002CFF6D6
:10F7B000FF72CE8A97B2BE42EED0C96879B1CE8AC6
:10F7C000BE42E9D0C96851B1CE8ABE42E4D0C96810
:10F7D00029B1CE8ABE42DFD0C9680029E9D151469D
:10F7E000CE8ABE42D8D0C96800293FF4B6AECE8AD0
:10F7F000BE42D1D0C96800293FF4AFAECE8ABE4226
:10F80000CAD0C96800293FF4A8AECE8ABE42C3D090
:10F81000C9680029E4D1A0E643F6FE78013291B22E
:10F82000A942714604BF4CF20002CFF6FF72CE8AA5
:10F8300097B2BE4218D0C96800293FF48EAECE8A76
:10F84000BE4211D0C96800293FF487AECE8ABE42BD
:10F850000AD0C96800293FF480AECE8ABE4203D0E8
:10F86000C9680029E3D178E6444504F10104D5D9FB
:10F87000ACF80020FE2670B201B0BDE8F08F00BFEA
:10F880007463705F62696E643A2063616E206F6EAC
:10F890006C792062696E6420696E2073746174658E
:10F8A00020434C4F534544007463705F62696E643B
:10F8B0003A20696E76616C696420706362000000B2
:10F8C00080B558B1017D012903D0418B41F0100171
:10F8D00041830121BDE8804000F01CB848F6333078
:10F8E00048F61173C0F6010004A1C0F601034FF4FD
:10F8F000F472F0F787FD6FF00F0080BD7463705FE6
:10F90000636C6F73653A20696E76616C6964207010
:10F9100063620000B0B584B0027D044651B1072A8D
:10F9200001D0042A06D1A06F00283BD1208DB0F56C
:10F93000066F37D1072A4FF0000000F229810FF23D
:10F940000601DFE812F009008700F5001301190134
:10F95000250125011F0100BFE08A002800F0308149
:10F9600040F25051C2F200018868A04200F02281AA
:10F97000A0B1C2680146A2420ED07AB1D068114649
:10F98000A04209D050B1C2680146A24204D02AB1B7
:10F99000D0681146A042EBD1E068C86004F10C00C9
:10F9A0000CE100BF608BC0060CD448F6333048F63B
:10F9B0001173C0F6010086A1C0F601034FF4B272C4
:10F9C000F0F720FDE08A626A216DB4F818C0231DAB
:10F9D000CDE9003020462346CDF808C003F072FC84
:10F9E000204602F01BF840F25050C2F200000246DE
:10F9F00052F80C1FA14214D0A9B1CB680A46A34209
:10FA00000ED083B1D9681A46A14209D059B1CB684A
:10FA10000A46A34204D033B1D9681A46A142EBD1B9
:10FA20000C32E16811600021E16040F2D041C2F285
:10FA3000000109680122A142027005D0207D012841
:10FA400000F08480BCE000BF04F03CFB002004B068
:10FA5000B0BD00BF40F25050C2F200008268D2B187
:10FA6000002100BFD36FA34208BFD167D26892B113
:10FA7000D36FA34208BFD167D26862B1D36FA342EC
:10FA800008BFD167D26832B1D36FA34208BFD16734
:10FA9000D268002AE6D1C268CAB10021D36FA3425E
:10FAA00008BFD167D26892B1D36FA34208BFD167B4
:10FAB000D26862B1D36FA34208BFD167D26832B1B6
:10FAC000D36FA34208BFD167D268002AE6D102698A
:10FAD000CAB10021D36FA34208BFD167D26892B1E7
:10FAE000D36FA34208BFD167D26862B1D36FA3427C
:10FAF00008BFD167D26832B1D36FA34208BFD167C4
:10FB0000D268002AE6D10430214601F0F3FF207DBF
:10FB100001280BD148F6333048F61173C0F60100C6
:10FB200032A1C0F60103DF22F0F76CFC022048E0AE
:10FB300040F25055C2F2000505F10C00214601F0DB
:10FB4000D9FF207D01210128297039D148F63330B1
:10FB500048F6866148F61173C0F60100C0F601014F
:10FB6000C0F60103D422F0F74DFC29E0204603F053
:10FB700035FD58B9052016E0204603F02FFD28B9C1
:10FB8000052010E0204603F029FD58B1411C01D0AA
:10FB900004B0B0BD608B40F008006083002004B06A
:10FBA000B0BD00BF09202075204601F0E9FB002010
:10FBB00004B0B0BD204650F80C2F8A6000210160CF
:10FBC00001202146FAF72CFD002004B0B0BD00BF93
:10FBD0007063622D3E666C61677320262054465F19
:10FBE0005258434C4F534544000000007463705F0B
:10FBF000667265655F6C697374656E3A20214C4965
:10FC00005354454E000000002DE9F04F83B0B8B1C9
:10FC100021B30446007DA8B348F6333048F611738B
:10FC2000C0F601000FF2B451C0F601034FF4876231
:10FC3000F0F7E8FBF62040B203B0BDE8F08F00BF5C
:10FC400048F6333048F61173C0F601000FF2D85170
:10FC5000C0F6010340F235420CE000BF48F63330F5
:10FC600048F61173C0F601000FF2A051C0F601036F
:10FC700040F23642F0F7C6FBF02040B203B0BDE8D8
:10FC8000F08F00BF0968204640F8041F01791D4627
:10FC90000029828200F0A0800846FCF703FD0028BE
:10FCA00000F09F80216809B941682160B4F816B05E
:10FCB00040F2140340F25056BBF1000FC2F20003B1
:10FCC000C2F2000640F0EA81D6E9018E1A88D6E930
:10FCD0000391B8F1000F029100F08880B9F1000F94
:10FCE00000F0E880CDF804B000274FF6FF7A43F625
:10FCF000FF7B04E05F4507F1010780F0638201327A
:10FD000091B2514504BF4CF20002CFF6FF72434658
:10FD1000D98A1FFA82FC6145ECD0DB687BB1D98AB5
:10FD20006145E7D0DB6853B1D98A6145E2D0DB6831
:10FD30002BB1D98A6145DDD0DB68002BE8D1BEF15B
:10FD4000000F15D07346D98A6145D3D0DB687BB1EB
:10FD5000D98A6145CED0DB6853B1D98A6145C9D013
:10FD6000DB682BB1D98A6145C4D0DB68002BEAD1AE
:10FD70004B46D98A6145BDD0DB687BB1D98A6145E4
:10FD8000B8D0DB6853B1D98A6145B3D0DB682BB1F9
:10FD9000D98A6145AED0DB68002BEAD1029BBBB1AA
:10FDA000D98A6145A6D0DB6893B1D98A61453FF411
:10FDB000A1AFDB6863B1D98A61453FF49BAFDB68D3
:10FDC00033B1D98A61453FF495AFDB68002BE7D1A9
:10FDD000DDF804B05AE100BFF9F74AFD00287FF4CE
:10FDE00061AFFC2040B203B0BDE8F08FB046002305
:10FDF0004FF6FF7A43F6FE7C05E000BF634503F152
:10FE0000010300F2DF81013296B2564504BF4CF285
:10FE10000002CFF6FF72BEF1000F16D07646F18ACF
:10FE200097B2B942EAD0F6687EB1F18AB942E5D01C
:10FE3000F66856B1F18AB942E0D0F6682EB1F18A7F
:10FE4000B942DBD0F668002EE9D1B9F1000F16D027
:10FE50004E46F18A97B2B942D0D0F6687EB1F18AA7
:10FE6000B942CBD0F66856B1F18AB942C6D0F6682D
:10FE70002EB1F18AB942C1D0F668002EE9D1029EB6
:10FE8000AEB1F18A97B2B942B8D0F6687EB1F18AC4
:10FE9000B942B3D0F66856B1F18AB942AED0F6682D
:10FEA0002EB1F18AB942A9D0F668002EE9D14646B2
:10FEB000ECE000BFBEF1000F60D000294FF6FF7CE0
:10FEC00000F0A280002743F6FE7A04E0574507F1D0
:10FED000010700F27781013291B24346614504BFC8
:10FEE0004CF20002CFF6FF72DE8A91B28E42EDD064
:10FEF000DB687BB1DE8A8E42E8D0DB6853B1DE8AF4
:10FF00008E42E3D0DB682BB1DE8A8E42DED0DB6826
:10FF1000002BE9D17346DE8A8E42D7D0DB687BB1F5
:10FF2000DE8A8E42D2D0DB6853B1DE8A8E42CDD0DB
:10FF3000DB682BB1DE8A8E42C8D0DB68002BEAD1A9
:10FF4000029BDE8A8E42C1D0DB68002B00F09A80D3
:10FF5000DE8A8E42BAD0DB68002B00F09380DE8A06
:10FF60008E42B3D0DB68002B00F08C80DE8A8E429C
:10FF7000ACD0DB68002BE4D184E000BFB14600299F
:10FF800000F0F08000214FF6FF7E43F6FE7C04E097
:10FF9000614501F1010100F21581013293B273450F
:10FFA000434604BF4CF20002CFF6FF72DF8A96B2DE
:10FFB000B742EDD0DB687BB1DF8AB742E8D0DB68BF
:10FFC00053B1DF8AB742E3D0DB682BB1DF8AB74297
:10FFD000DED0DB68002BE9D1029BDF8AB742D7D0A5
:10FFE000DB687BB1DF8AB742D2D0DB6853B1DF8AEE
:10FFF000B742CDD0DB682BB1DF8AB742C8D0DB680F
:020000040801F1
:10000000002BEAD14E4641E0002143F6FE7904E0A0
:10001000494501F1010100F2D580013296B26645F1
:10002000464604BF4CF20002CFF6FF72F38A97B245
:10003000BB42EDD0F6687EB1F38ABB42E8D0F668E9
:1000400056B1F38ABB42E3D0F6682EB1F38ABB42C5
:10005000DED0F668002EE9D17646F38ABB42D7D0CF
:10006000F6687EB1F38ABB42D2D0F66856B1F38A05
:10007000BB42CDD0F6682EB1F38ABB42C8D0F66839
:10008000002EEAD140F25056C2F2000640F21403AC
:10009000C2F2000311041A80E2825DD071695A68CD
:1000A00011445960216501396164C4E9161140F6B3
:1000B00060010022C0F66001C4E90921018DE262FD
:1000C0004FF406624FF40670A4F8602039B128227C
:1000D000D1FA52F189B2B1F5067F38BF0846608681
:1000E0000120A4F8480020460221C4F888500225C7
:1000F00000F08EF900287FF49EADBBF1000F25754E
:100100001BD0314651F8080FA04214D0A8B1C268E4
:100110000146A2420ED082B1D0681146A04209D059
:1001200058B1C2680146A24204D032B1D06811462B
:10013000A042EBD10C31E0680860F068E060F46048
:1001400003F0FAFE01203070204601F019F900207A
:1001500040B203B0BDE8F08FFE2040B203B0BDE86E
:10016000F08F00BF00214FF6FF7E43F6FE7C013288
:1001700093B27345434604BF4CF20002CFF6FF72C0
:10018000DF8A96B2B74219D0DB68002B3FF43AAF52
:10019000DF8AB74212D0DB68002B3FF433AFDF8A2F
:1001A000B7420BD0DB68002B3FF42CAFDF8AB7429D
:1001B00004D0DB68002BE3D124E700BF614501F1E7
:1001C0000101D4D940F21400C2F2000002800020E4
:1001D000E082FE2040B203B0BDE8F08F7463705F30
:1001E000636F6E6E6563743A2063616E206F6E6C30
:1001F0007920636F6E6E6563742066726F6D207315
:100200007461746520434C4F534544007463705FC0
:10021000636F6E6E6563743A20696E76616C6964B3
:1002200020697061646472007463705F636F6E6EE6
:100230006563743A20696E76616C696420706362EC
:10024000000000002DE9F04381B099469046074632
:100250000C4668B3D4B30320FAF786FC002846D0D6
:1002600006460898042101EA8005B0722089002121
:10027000A842316074600CD248F6333049F226331C
:10028000C0F6010040A1C0F60103B022F0F7BAF8B1
:100290002089401B308120461421FCF771FE78B381
:1002A000304603F0D1F80026304601B0BDE8F083B7
:1002B00048F6333049F22633C0F6010021A1C0F6DA
:1002C0000103A322F0F79EF8002CC4D148F6333086
:1002D00049F22633C0F6010022A1C0F60103A42290
:1002E000F0F790F80320FAF73FFC0028B8D1204639
:1002F000FDF7FEF90026304601B0BDE8F08300BFEF
:1003000070684168F88AF160F9F714FDF268398B7A
:1003100010800846F9F70EFDF16848804846F9F765
:1003200007FDF1684860052000EB950048EA0030C1
:10033000F9F700FDF168888100204882304601B05D
:10034000BDE8F0837463705F6372656174655F73A9
:1003500065676D656E743A20696E76616C696420BC
:10036000706362007463705F6372656174655F736C
:1003700065676D656E743A20696E76616C6964209C
:100380007062756600000000702D3E746F745F6CC3
:10039000656E203E3D206F70746C656E000000003D
:1003A000B0B50D4604461AB18DB92046B0BD00BFA8
:1003B00048F6333048F61173C0F601000AA1C0F6C2
:1003C000010340F6C502F0F71DF8002DEDD0288D91
:1003D0000028EAD02821D0FA51F080B2844228BF08
:1003E00004462046B0BD00BF7463705F6566665FFB
:1003F00073656E645F6D73735F6E657469663A20D2
:10040000696E76616C6964206473745F6970000062
:100410002DE9F04182B00D4611F00308044600F0CA
:100420008F80002C00F09F8005F0020047003620EE
:1004300039464FF42072FCF7D9FD002876D00646E5
:100440004089B842C5F340070CD248F6333049F230
:100450002633C0F601005EA1C0F6010340F23A4225
:10046000EFF7D0FFE36D204631462A460097FFF7AD
:10047000E9FE00285AD00646007B80070CD048F6DB
:10048000333049F22633C0F6010060A1C0F6010303
:1004900040F24242EFF7B6FF308978B148F6333088
:1004A00049F2314149F22633C0F60100C0F601019C
:1004B000C0F6010340F24342EFF7A4FF274657F886
:1004C0006C0F394668B100BF026801464AB1106836
:1004D000114630B1026801461AB110681146002871
:1004E000F2D10020B8F1000F0E60A4F8680009D026
:1004F000E06DE90700F10100E06503D0608B40F09A
:10050000200060837068FCF75BFFB4F86610084455
:100510000104A4F8660003D0206F08B9386888B3D6
:10052000002040B202B0BDE8F08100BF608B40F017
:1005300080006083FF2040B202B0BDE8F08100BFC0
:1005400048F6333049F2242149F22633C0F601003F
:10055000C0F60101C0F6010340F21242EFF752FF6C
:10056000002C7FF461AF48F6333049F22633C0F6F1
:1005700001000FA1C0F6010340F21342EFF742FF62
:1005800052E700BF48F6333049F2094149F22633B9
:10059000C0F60100C0F60101C0F6010340F2664258
:1005A000EFF730FF002040B202B0BDE8F08100BF9D
:1005B0007463705F656E71756575655F666C6167A4
:1005C000733A20696E76616C696420706362000022
:1005D0007463705F656E71756575655F666C616784
:1005E000733A20636865636B207468617420666980
:1005F00072737420706275662063616E20686F6C20
:1006000064206F70746C656E000000007365672D68
:100610003E746370686472206E6F7420616C6967E9
:100620006E656400002808BF7047B0B50446007DC1
:100630000D4601280CD148F6333048F61173C0F648
:10064000010006A1C0F6010340F60D02EFF7DAFE45
:10065000C4F89050BDE8B040704700BF696E766145
:100660006C696420736F636B657420737461746567
:1006700020666F72206572722063616C6C626163C8
:100680006B0000002DE9F04740F25059C2F200091A
:1006900099F80100D9F80C400130002C89F80100CC
:1006A00000F07E804FF0000806E000BFD9F80C4053
:1006B000002C08BFBDE8F087A07F99F801108842A0
:1006C00002D1E76868E000BF608BA177C20709D05C
:1006D00040F002006083204600F052FE608B20F064
:1006E00003006083010721D5217D20F00800072940
:1006F000608309D0042901D0032917D1204602F0D4
:100700006DFF28B905200CE0204602F067FF38B1E4
:1007100001300BD1608B40F00800608306E000BF21
:1007200009202075204600F02BFE00BFA56FE7686A
:1007300095B3D4F8846095F80DA089F80080C4F8CA
:1007400078805EB1206921462A460023B04710F127
:100750000D011BD0C0B240B1A56717E02989204622
:1007600002F050FB2846FCF7C3FF5FEA8A600DD514
:10077000208DB0F5066F1CBF01302085D4F8846051
:1007800026B12069214600220023B04799F80000D5
:1007900000287FF48BAF00BF002F3C467FF48CAF66
:1007A000BDE8F08710B50446007D01280ED148F65B
:1007B000333048F6866148F61173C0F60100C0F682
:1007C0000101C0F60103D422EFF71CFE01202146EF
:1007D000BDE81040F9F724BF2DE9F04F81B00029A2
:1007E00000F0988040F2B04B48F6333849F20119D6
:1007F00049F2C11A0C460546C2F2000BC0F60108C8
:10080000C0F60109C0F6010A7AB938E0C81BBBF886
:1008100008102289A5F866005018ABF80800204699
:1008200002F012FE002E344674D0E0684068F9F7FA
:100830007FFAE1682689898907460846F9F77AFA36
:10084000DBF81810BA19511A800718BF01310029B6
:100850005BDCD4E90060FCF7B3FDB5F86610074631
:100860008142D3D24046494640F257425346EFF7C1
:10087000C9FDB5F86610C9E7002E34464AD0E068D5
:100880004068F9F755FAE1682689898907460846DC
:10089000F9F750FADBF81810BA19511A800718BF87
:1008A0000131002931DCD4E90060FCF789FDB5F89D
:1008B00066100746814208D24046494640F25742F8
:1008C0005346EFF79FFDB5F86610C81BBBF808103C
:1008D0002289A5F866005018ABF80800204602F0FF
:1008E000B3FDB5F866000028C6D0002EC4D148F686
:1008F000333049F2C113C0F6010009A1C0F601036B
:1009000040F26242EFF77EFD0024204601B0BDE8D0
:10091000F08F00BF0024204601B0BDE8F08F00BF7B
:100920007463705F726563656976653A2076616CA1
:100930006964207175657565206C656E6774680003
:1009400070B5456F002D08BF70BD0446D5E9006045
:10095000002818BFFCF7CCFE03202946F9F760FEFB
:10096000002E3546F2D10020606770BD80B5EFF7EC
:100970008FFC40F2140140F44040C2F200010880B4
:1009800080BD00002DE9F04F83B0044660B948F601
:10099000333049F2C113C0F601000FF23C51C0F6EA
:1009A00001038322EFF72EFD6189606840F2B046B3
:1009B000C2F200061429F0600AD340F62C1AC2F2E3
:1009C000000ADAF80010DAF81400F8F75FF928B135
:1009D000204603B0BDE8F04FFCF78ABEDAF81400F9
:1009E00000F0F000E028F3D0F0688089F9F7A2F970
:1009F0003C2101EA90211429EAD320898142E7D8D9
:100A00006289A1F1140000238A427080336149D2C7
:100A1000206860B948F6333049F2C113C0F60100CE
:100A20000FF2CC41C0F60103C222EFF7EBFC2046E7
:100A30001421FDF78DF861897088B180471A20462E
:100A4000BDB2FDF785F8206841898D42C0D8416864
:100A500031612946FDF77CF820896189C01B20811E
:100A600069B148F6333049F2C113C0F601000FF204
:100A70009041C0F60103DF22EFF7C4FC2089216812
:100A800080B20989884211D048F6333049F2C11347
:100A9000C0F601000FF27441C0F60103E022EFF747
:100AA000B1FC03E0B0802046FDF752F8F068008802
:100AB000F9F740F9F268518810800846F9F73AF9D9
:100AC000F268516850800846F9F732F9F1684860D9
:100AD00070618868F9F72CF9F1688860C989B0619C
:100AE0000846F9F727F9F2689189D0810846F9F7A5
:100AF00021F900F03F01317021898007F18005D094
:100B0000481C81B28142F0807FF462AF40F25C50B9
:100B1000C2F200000068002800F0B48048F6333BC1
:100B200049F2C11749F243180025C0F6010BC0F67F
:100B30000107C0F6010803E0E868002800F0A28081
:100B4000A9460546007D38B10A280FD0012819D0E2
:100B5000287AF8B926E000BF58460FF2D031FB22C0
:100B60003B46EFF74FFC287D0A28EFD149F26A1186
:100B70005846C0F60101FC223B46EFF743FC287DB6
:100B80000128E5D158464146FD223B46EFF73AFCA5
:100B9000287A38B1DAF8041091F834100131C9B26A
:100BA0008842C9D1F068298B02889142C4D1E98A70
:100BB00040888142C0D16868DAF810108842BBD101
:100BC0002868DAF814108842B6D1E868A8420FD134
:100BD00048F6333049F2AC0149F2C113C0F60100C6
:100BE000C0F60101C0F6010340F20D12EFF70AFC56
:100BF000E868B9F1000F08D040F25C51C2F2000180
:100C0000C9F80C0008680D60E860A8420FD148F6EA
:100C1000333049F2D70149F2C113C0F60100C0F6E2
:100C20000101C0F6010340F21512EFF7EBFB218939
:100C30000020B185F168706231633178B4620907D0
:100C4000F0617070308103D5607B40F0010060730B
:100C5000A86F002800F0B080284601F04BFB0D3053
:100C600007D0A86F002800F0A780F088002800F0C7
:100C7000A380688D002840F0EA80284602F008FC36
:100C8000E5E000BF40F26050C2F200000568002DB0
:100C90003ED048F6333849F2941949F2C117C0F6EC
:100CA0000108C0F60109C0F6010701E0ED687DB357
:100CB000287D0A2806D04046494640F21F123B468E
:100CC000EFF7A0FB287A38B1DAF8041091F8341065
:100CD0000131C9B28842E9D1F068298B028891427A
:100CE000E4D1E98A40888142E0D16868DAF81010DE
:100CF0008842DBD12868DAF814108842D6D1284619
:100D000003F08AF9204603B0BDE8F04FFCF7F0BCD1
:100D100040F2545CC2F2000CDCF800E0BEF1000FBF
:100D20002CD0DAF80470DAF81480F36800207246E8
:100D300002E000BFC26812B301461046127A2AB11F
:100D400097F834500135EDB2AA42F3D1C28A5D88DA
:100D5000AA42EFD10268002A18BF4245EAD129B160
:100D6000C268CCF80000CA60C0F80CE000F0AEF930
:100D7000204603B0BDE8F04FFCF7BABCF368988991
:100D8000F8F7D8FF40073FF523AEF068D6E9052114
:100D9000F388478806880AF110001A44CDE9000755
:100DA0000AF114030020029602F08CFA204603B0E8
:100DB000BDE8F04FFCF79CBC2846356200F0ACFF64
:100DC0000D3044D07078000730D432894AB1D5F85C
:100DD000803023B12869294698470D3037D000204C
:100DE0003081284600F0B6F888BBF06900284DD065
:100DF000A86F78B148F6333049F2291149F2C1138E
:100E0000C0F60100C0F60101C0F601034FF4F37211
:100E1000EFF7F8FA688BC00624D4D5F884704FB386
:100E20002869F26929460023B84729E0D5F89020BF
:100E30001AB128696FF00D01904740F25C50C2F280
:100E40000000294600F056FE2846FFF7ABFCB06ACA
:100E50000024F461346210B1FCF74AFCB46203B0C0
:100E6000BDE8F08FF069FCF743FC2846FEF7DCF89C
:100E7000EDE700BFF26900202946002301F084FF5E
:100E800020B1C0B2F328E2D0F069A867707880067C
:100E900005D5A86F70B1417B41F02001417300205E
:100EA0003062284600F056F80028D0D1284600F0DD
:100EB00067FACCE7288DB0F5066F1CBF0130288596
:100EC000D5F88470002FEAD0286929460022002333
:100ED000B8470D30BBD0E2E77463705F696E707520
:100EE000743A20696E76616C696420706275660080
:100EF000702D3E6E65787420213D204E554C4C007F
:100F0000702D3E6C656E203D3D203000702D3E748E
:100F10006F745F6C656E203D3D20702D3E6E657870
:100F2000742D3E746F745F6C656E00007463705F47
:100F3000696E7075743A20616374697665207063B8
:100F4000622D3E737461746520213D20434C4F53E4
:100F50004544000010B540F2B041C2F200014978AA
:100F6000C9065CBF002010BD0446408BC00606D4F5
:100F7000D4F890201AB120696FF00E01904740F22A
:100F80005C50C2F20000214600F0B4FD2046FFF79D
:100F900009FC012010BD00002DE9F04184B0044699
:100FA00010B3206D0138F8F7C3FE616A278BE38A1E
:100FB000668D02461020CDE9007008460021029699
:100FC00000F0EEFB002851D00546606A618D271DB8
:100FD0000144207AE16200284ED0FBF763FB06460D
:100FE00000284ED1FC2458E048F6333549F2263625
:100FF000C0F60105C0F601062DA1284640F62402E0
:101000003346EFF7FFF9502000680138F8F790FEFB
:1010100049F2DE210746C0F60101284640F242723D
:101020003346EFF7EFF916210B8818214FF024080B
:1010300009882A26D8F8000035881022CDE9001248
:1010400000213A46029500F0ABFB78B10546D8F88E
:1010500000003188042708442C2108600420F8F798
:1010600007FC08B306460020FF230CE0FF2460B213
:1010700004B0BDE8F08100BF3846F8F7F9FB06463A
:10108000A0B1A07AE37A0621CDE9000128462146E5
:101090003A460296F8F732F804462846FCF728FB51
:1010A00060B204B0BDE8F081FC24F6E7FC24F4E76C
:1010B0007463705F6B656570616C6976653A206911
:1010C0006E76616C6964207063620000F0B583B075
:1010D00040F2B047C2F2000739784A0704D4054607
:1010E000C80603D4880719D403B0F0BDF868D7E95F
:1010F0000521FB884788068840F62C10C2F20000C4
:101100001A4400F11003CDE9003700F1140328461A
:10111000029602F0D7F803B0F0BD00BF687DFDF77E
:1011200087FF002856D0044640F62C10C2F200007B
:10113000D0E90401264646F8040FF8682160E98AE0
:101140000088E1827969208303202075481C606251
:10115000E062204600F0A4F8796960640139C4E9CE
:101160001401A065E065687A296900F00C006072DE
:1011700040F25C50C2F200002161297A0268E56702
:101180002172E260046002F0D7FE40F25050C2F2D9
:10119000000001210170204600F05CFBF868658EBC
:1011A000C089A4F86000A4F862003046F8F760FB3C
:1011B000014628463246FFF7F3F8608620461221A2
:1011C000FFF726F990B12046002103B0BDE8F040BA
:1011D000FDF718BEAB69002B86D0286900214FF0BF
:1011E000FF3203B0BDE8F040184700BF204603B00F
:1011F000BDE8F04000F0C4B8F0B581B088B3044653
:10120000006870B340F25056C2F20006F0680D4616
:1012100068BBB068B8BB25B3286810B3706800B36A
:1012200001682268914204BF29680160C068C0B1AA
:1012300001682268914204BF29680160C06880B1DA
:1012400001682268914204BF29680160C06840B10A
:1012500001682268914204BF29680160C0680028C3
:10126000DED101B0F0BD00BF002F3846D1D02168DB
:101270000268C7688A42F7D10121FDF7C3FDF3E791
:10128000002F3846C7D021680268C7688A42F7D164
:101290000121FDF7B7FDF3E74020FDF7C9BE0000CF
:1012A00080B560B948F6333048F61173C0F60100D6
:1012B00009A1C0F6010340F6AF02EFF7A3F840F230
:1012C000505040F21401C2F20000C2F20001406925
:1012D0004A681044486080BD7463705F6E657874BE
:1012E0005F6973733A20696E76616C69642070631C
:1012F00062000000F0B581B00446C0680D468089E8
:10130000F8F718FDC00723D155B340F2B047C2F239
:10131000000705E02E68284602F096F83546FEB133
:10132000EA687869238951682E8903440E449E1B1C
:101330001AD49089F8F7FEFCC007EBD0E0688689E4
:101340000120F8F7F7FCE16830438881E2E700BF4D
:10135000284602F089F80025256001B0F0BD00BFE5
:101360000025256001B0F0BD5A1A012AF4DB091AE4
:101370006068218189B2FCF73DFB256001B0F0BDBA
:101380002DE9F04F85B00446002851D0207D01287A
:101390000DD148F6333049F22633C0F601000FF282
:1013A000AC31C0F6010340F2E442EFF72BF840F213
:1013B000D040C2F200000068A0424BD0B4F86000F8
:1013C000B4F84880E66E404538BF804636B3207A90
:1013D000271D002844D0FBF765F90546002845D0B5
:1013E000206808B968682060F0684068F8F7A0FCD9
:1013F000616C3289401A104440453DD9B4F8600010
:1014000080450BD1206F48B994F8990030B94FF45A
:101410008070A4F89800002084F89A00608B800700
:1014200040F17781204605B0BDE8F04F02F030B8BA
:1014300048F6333049F22633C0F60100BDA1C0F6AC
:10144000010340F2E142EEF7DDFF207D0128A0D04C
:10145000ADE700BF002040B205B0BDE8F08F00BF8F
:101460003846F8F705FA05460028B9D1FC2040B205
:1014700005B0BDE8F08F00BFA2465AF8700F0021FA
:1014800004958AF8291068B101688346A9B10868F3
:101490008B4690B10168834679B108688B46002875
:1014A000F2D10AE04FF0000B07E000BF304601F038
:1014B000CBFFE66E002E00F02981F0684068F8F757
:1014C00037FC616C3289401A1044404500F21C819F
:1014D000F0688089F8F72EFC40070CD548F63330C9
:1014E00049F22633C0F60100A2A140F23752C0F6FD
:1014F0000103EEF787FFDAF8000020B1608B10F0EF
:10150000440F00F0BD80207D022807D0F068858957
:101510001020F8F70FFCF168284388817068807B01
:10152000012867D1606AF8F703FCF268618D90606A
:101530000846F8F7FFFBF568618DE881606AB27ACA
:101540000844D107E06201D114350BE004994FF44F
:1015500006703A46FEF724FF00F10170F8F7E8FB49
:1015600068611835B4F93000B946B0F1FF3FDCBF0F
:1015700000202086606B50B9F06840F26451C2F2DE
:101580000001096840686163F8F7D2FBA0637068E6
:10159000F1684268438907898A1A9B1ABA1A02813C
:1015A000B27A438102F0010201EB820214329542C9
:1015B0004FF0000241600A820DD048F6333049F204
:1015C0002633C0F6010071A140F21C62C0F601038F
:1015D000EEF718FF7068A17AE37A00910621019175
:1015E000049D21464A464F460295F7F787FD00289D
:1015F00040F09880207D31680228E16603D0608B3E
:1016000020F003006083F0684068F8F791FBF16810
:101610003589898981460846F8F78CFB8007206D5B
:1016200009EB050118BF0131401AB0F1FF3FD8BFE7
:101630002165F06835898089F8F77CFB10F003009C
:1016400018BF4FF0FF3085423FF430AFDAF80000AA
:1016500000284FF0000030602CD0F0684068F8F7A8
:1016600067FBDBF80C10054649680846F8F760FB95
:10167000281AB0F1FF3F21DDCBF80060B34618E730
:10168000E16E41B10A68002A7FF43DAF0989628E9C
:101690009142BFF438AFB4F8641000293FF433AF7F
:1016A000B4F8661008293FF62EAF10F0A0007FF4C2
:1016B0002AAF29E0CAF80060B346FAE6DAF800106B
:1016C000C1B1B946574600BFC8684068F8F730FB5B
:1016D000F168054649680846F8F72AFB291A386870
:1016E000B1F1FF3F0ADC016807460029ECD1002177
:1016F00006E000BF0021504603E000BF0146384627
:101700004F4631600660D4E6E06E10B90020A4F8C0
:101710006800608B20F080006083002040B205B03C
:10172000BDE8F08F618B41F08001618340B205B06C
:10173000BDE8F08F7463705F6F75747075743A20D4
:10174000696E76616C69642070636200646F6E27F5
:10175000742063616C6C207463705F6F7574707556
:101760007420666F72206C697374656E2D7063628D
:1017700073000000525354206E6F742065787065BA
:101780006374656420686572652100006F70746918
:101790006F6E73206E6F742066696C6C65640000F8
:1017A0002DE9F04F81B0834601F11400164681B255
:1017B00022204FF420721F46FBF718FC044660B34A
:1017C0006089DDE90BA8DDF8289013280CD848F6CD
:1017D000333049F22633C0F6010012A1C0F60103EE
:1017E00040F22472EEF70EFE65683846F8F7A2FA6A
:1017F00028804846F8F79EFA688058466E60F8F7E9
:1018000097FAA8600AF5A040F8F794FAA881404634
:10181000F8F790FAE88100202861204601B0BDE881
:10182000F08F00BF636865636B2074686174206625
:101830006972737420706275662063616E20686FD0
:101840006C6420737472756374207463705F686471
:1018500072000000F0B540F2B041C2F20001B1F8F0
:1018600002C0BCF1000F71D0D1E903628B8806F190
:10187000140E0021022403E029468DB2654565D28D
:101880008DB21EFA81F69D423546A1EB030728BFB3
:1018900052FA87F5002A08BF35462E784D1C012ED6
:1018A000EAD0022E14D0002E50D0AEB21EFA85F728
:1018B0009E423E46A5EB030528BF52FA85F6002A54
:1018C00008BF3E463578022D40D32944D5E700BFF6
:1018D000AEB21EFA85F79E423E46A5EB030528BF31
:1018E00052FA85F6002A08BF3E463578042D2DD1E0
:1018F0008D1C14FA85F6664588BFF0BDAEB201F1C5
:1019000003058AB1F71A52FA87F738BF0EEB0607BC
:101910003E780431AFB236029F4226BFED1A52FA2A
:1019200085F51EFA85F505E01EF8066004313602DD
:101930001EFA85F52D783543A5F2192616F5067F92
:1019400038BF4FF40675458697E700BFF0BD00002D
:10195000F0B581B01C4617460D46064623B1BD4280
:10196000294610D326E000BF48F6333049F226332B
:10197000C0F6010020A1C0F60103E822EEF742FD07
:10198000BD42294616D2079880070BD40698418B92
:10199000490629460ED4089921B1C16E11B9006FCC
:1019A000294638B105F21B2020F00300B84238BFA9
:1019B0000746394689B230464FF42072FBF716FBD2
:1019C0000646B0B1306878B148F6333049F2D731C5
:1019D00049F22633C0F60100C0F60101C0F601034A
:1019E00040F20B12EEF70EFD7089401B208035810E
:1019F0007581304601B0F0BD7463705F70627566CA
:101A00005F707265616C6C6F633A20696E76616CB1
:101A10006964206F76657273697A650000284DD01D
:101A200070B50446007D0A2807D8012101FA00F0AC
:101A300040F20341084218BF70BDA06F18B1FBF718
:101A400057FE0020A067656F7DB100BFD5E900603B
:101A5000002818BFFBF74CFE03202946F8F7E0FDED
:101A6000002E3546F2D100206067E56E4FF6FF701C
:101A7000208665B1D5E90060002818BFFBF738FE65
:101A800003202946F8F7CCFD002E3546F2D1256F0C
:101A90006DB100BFD5E90060002818BFFBF728FE34
:101AA00003202946F8F7BCFD002E3546F2D1002070
:101AB000C4E91B00A4F8680070BD00BF48F63330CD
:101AC00048F61173C0F6010003A1C0F6010340F609
:101AD0005102EEF797BC00BF7463705F7063625F82
:101AE00070757267653A20696E76616C6964207002
:101AF00063620000B0B50C46054629B19DB1286867
:101B0000A04221D136E000BF48F6333048F61173C9
:101B1000C0F601003CA1C0F6010340F68302EEF7D7
:101B200071FC002DEBD148F6333048F61173C0F646
:101B300001003CA1C0F6010340F68402EEF762FC0E
:101B40002868A04216D000BFB0B1C2680146A242C8
:101B50000ED08AB1D0681146A04209D060B1C268E7
:101B60000146A24204D03AB1D0681146A042EBD15E
:101B700001F10C05E06828600020E0602046FFF7D6
:101B80004DFF207D01280BD00A2809D0608BC107AA
:101B900008D040F0020060832046FFF7F1FB207D73
:101BA00001282CD0E06E60B148F6333048F611734E
:101BB000C0F6010023A1C0F6010340F69302EEF740
:101BC00021FC206F60B148F6333048F61173C0F63F
:101BD000010022A1C0F6010340F69402EEF712FCC8
:101BE000606F60B148F6333048F61173C0F60100FB
:101BF00021A1C0F6010340F69602EEF703FC002097
:101C00002075E082B0BD00BF7463705F7063625F77
:101C100072656D6F76653A20696E76616C696420D5
:101C2000706362007463705F7063625F72656D6F92
:101C300076653A20696E76616C6964207063626CC7
:101C400069737400756E73656E74207365676D6576
:101C50006E7473206C65616B696E6700756E61638D
:101C60006B6564207365676D656E7473206C656168
:101C70006B696E67000000006F6F7365712073659C
:101C8000676D656E7473206C65616B696E670000CB
:101C9000C0B170B50546007D14460E4601280CD132
:101CA00048F6333048F61173C0F601000CA1C0F6B7
:101CB000010340F63E02EEF7A5FBC5F88C606C7799
:101CC00070BD00BF48F6333048F61173C0F601000E
:101CD0000BA1C0F6010340F63D02EEF793BB00BF37
:101CE000696E76616C696420736F636B65742073D1
:101CF0007461746520666F7220706F6C6C000000F8
:101D00007463705F706F6C6C3A20696E76616C6999
:101D100064207063620000002DE9F04184B040F25D
:101D2000B048C2F2000898F800700446790733D42E
:101D300017F0020504D0207D00F0FE00022866D1D5
:101D4000608BC00605D440F26450C2F20000006807
:101D5000206200262046A4F89A60FFF77BFD207DD4
:101D60000238072813D8DFE810F07B00EB000900E9
:101D70005B001D0109005F01FF0000BF204600F06D
:101D80001FFB98F80100800600F12882002670B23F
:101D900004B0BDE8F08100BF217D02290AD1D8F846
:101DA0001800216D884219D0002670B204B0BDE839
:101DB000F08100BFD8F81400626A90421ED169B960
:101DC00048F6333049F2C113C0F601000FF2B841B2
:101DD000C0F601034FF44E72EEF714FB98F80100C1
:101DE000618B40F0080088F8010021F00100608359
:101DF000F22670B204B0BDE8F08100BF811A00F194
:101E00004981218D1144401A002800F34381608BE1
:101E1000002640F00200608370B204B0BDE8F0819B
:101E2000204600F0CDFA98F8010098F800108006DE
:101E300001F0100000F13481002800F02B81D8F867
:101E40001800216D884240F02581E06E00260028B0
:101E500004BF0620207570B204B0BDE8F08100BF59
:101E600007F01200122840F01381616CD8F81800B6
:101E70000131884240F00C81D8F81410D8F80C20B9
:101E80006064481ED28960650420261D4B1C2075A5
:101E9000658E30466362E362A4F86020A4F8622095
:101EA000F7F7E6FC014628463246FEF779FA40F697
:101EB0008E0141F21C126086884288BF4200B4F84D
:101EC0006610B2EB800F88BF8200A4F8482079B971
:101ED00048F6333049F2C113C0F601000FF2E83181
:101EE000C0F601034FF45B72EEF78CFAB4F866109B
:101EF000254655F8700F013925F80A1C294628B9DE
:101F0000214651F86C0F002800F0B08102680A6089
:101F100001F09AFA286800281ABF002084F84200CD
:101F20004FF6FF70D4F888302086002B3FF46FAF57
:101F300020692146002298470D307FF468AF59E1AF
:101F4000F80600F1C380002D00F0A480606AD8F884
:101F500014100138814204BF204600F0DFFF002644
:101F600070B204B0BDE8F081204600F029FA98F87C
:101F70000000C00640F18E80D8F81800216D88421C
:101F800040F08880E06E002840F0848098F80100DE
:101F9000002640F0100088F8010070B204B0BDE8DF
:101FA000F08100BF204600F00BFA98F8010080068F
:101FB00070D5608B40F0020060832046FFF72EFD55
:101FC00040F25C51C2F200010868A04214D0A8B1EE
:101FD000C2680146A2420ED082B1D0681146A0422A
:101FE00009D058B1C2680146A24204D032B1D068CB
:101FF0001146A042EBD10C31E068086040F250502D
:10200000C2F200000121017040F26051C2F20001F1
:102010000A680A202075E2600C6001F08DFF00263E
:1020200070B204B0BDE8F081204600F0C9F998F81C
:102030000000C0062ED5D8F81800216D884229D19D
:10204000E06E38BB2046FFF7E9FC40F25C51C2F27B
:1020500000010868A04218D00028CFD0C26801460D
:10206000A24211D0002AC9D0D0681146A0420BD09C
:102070000028C3D0C2680146A24205D0002ABDD0C4
:10208000D0681146A042E7D10C31E0680860B5E79E
:10209000F80641D4002670B204B0BDE8F08100BF5C
:1020A00040B1D8F81800216D884203D1E06E0028B5
:1020B00000F0AE80608B002640F0020060830820B4
:1020C000207570B204B0BDE8F08100BF606CD8F834
:1020D0001810C043401803D4206D081A002841DDB1
:1020E000D8F80C00D8F81420B8F8063047880688CD
:1020F00040F62C10C2F200001A4400F11003CDE9A2
:10210000003700F114032046029601F0DBF80026A8
:1021100070B204B0BDE8F081D8F80C00D8E9052110
:10212000B8F806304788068840F62C10C2F2000046
:102130001A4400F11003CDE9003700F114032046E2
:10214000029601F0BFF894F84200002605283FF6F9
:102150001EAE2046268600F08FFF70B204B0BDE8A8
:10216000F08100BFE06F04210028217548D0836909
:102170007BB948F6333049F2C113C0F601004AA1D9
:10218000C0F601034FF46A72EEF73CF9E06F836921
:10219000B3B3206921460022984710F10D0129D0E0
:1021A00070BB204600F00CF9B8F8080040F68E012C
:1021B00000281CBF0138A8F80800608E41F21C12EC
:1021C000884288BF420098F80110B2EB800F88BFA8
:1021D00082008806A4F848207FF55CAF608B00265B
:1021E00040F0020060830720207570B204B0BDE8A3
:1021F000F08100BFF32670B204B0BDE8F08100BFEB
:102200002046FCF711FFF32670B204B0BDE8F08160
:10221000608B40F0020060832046FFF7FFFB40F236
:102220005C51C2F200010868A0421CD000283FF4B3
:10223000E5AEC2680146A24214D0002A3FF4DEAEE9
:10224000D0681146A0420DD000283FF4D7AEC26836
:102250000146A24206D0002A3FF4D0AED068114613
:10226000A042E3D10C31E0680860C7E648F633309D
:1022700049F2C113C0F6010019A1C0F601034FF4E1
:102280005D72EEF7BFF800BF7463705F696E7075C2
:10229000743A207063622D3E737461746520213D31
:1022A00020434C4F534544007063622D3E6C69736C
:1022B00074656E65722D3E61636365707420213DA7
:1022C000204E554C4C0000007063622D3E736E64CE
:1022D0005F71756575656C656E203E20300000008D
:1022E0006E6F207365676D656E7420746F20667203
:1022F00065650000F0B581B0B0B1856FD0F884603D
:102300006F7B04460020A06706B3206921462A4659
:102310000023B04710F10D013AD0C0B2E8B1A56773
:10232000FB2460B201B0F0BD48F6333048F61173BB
:10233000C0F6010018A1C0F6010340F20962EEF7F1
:1023400061F8F02460B201B0F0BD00BF29892046D9
:1023500000F058FD2846FBF7CBF9B80614D5208DC0
:10236000B0F5066F1CBF01302085D4F884705FB1D2
:1023700020692146002200230024B8470D3008BF01
:10238000F32460B201B0F0BD002460B201B0F0BD32
:10239000F32460B201B0F0BD7463705F70726F635C
:1023A0006573735F726566757365645F646174619C
:1023B0003A20696E76616C69642070636200000087
:1023C0002DE9F04F81B00446007D03280DD848F672
:1023D000333049F2C113C0F601000FF6C401C0F654
:1023E000010340F27C42EEF70DF840F2B04AC2F22F
:1023F000000A9AF80000C0066ED5606DDAF8143055
:10240000B4F86070A66DC11A0FD4DAF8182098429B
:1024100001D1B01A09D4964228D1DAF80C00394615
:10242000C0893246B84230460FD9DAF80C00C1896B
:10243000B4F86200A4F86010884238BFA4F86210B3
:10244000DAF818000246C4E91530656C531B002BFE
:1024500012DDE843801804D4206D101A002840F3E0
:102460008B80204601F014F82DE000BF394630463D
:10247000656C531B002BECDCBAF8063003BBF31978
:10248000084498421CD1B4F93000002818D4AA425C
:1024900016D194F84300FF2805D0411C032884F886
:1024A0004310C0F08F83B4F93200B4F9481091FAA8
:1024B00050F0A4F84800204600F090FD03E000BF73
:1024C000002084F84300606B30B1A16BDAF818206B
:1024D000891AB1F1FF3F1BDDBAF80610D1B3207D98
:1024E000062837D8DAF81400626AC3439B1804D46C
:1024F0000144511A013100296EDD811AB1F1FF3F0B
:1025000000F3DB80608B40F002006083DBE000BF03
:1025100040F26451C2F200010968B4F93C2000277E
:10252000A7EBD206081A10FA86F0B4F93E3011185B
:102530000AB2A187010448BF4042A0EB93001844AF
:10254000E08700EBD200A4F840006763BAF80610F9
:102550000029C4D1DAF81400616A421A05D4228D28
:102560001144401A0130012803DB608B40F0020067
:10257000608301B0BDE8F08F618B480709D5B4F8DE
:102580004A0021F00401A4F8480000206183A4F867
:102590006A00B4F93C00E78F002507EBD000277DE7
:1025A000A4F84250042FA4F840006264C0F0A9824D
:1025B000B4F84800B4F84A20904280F091820905AE
:1025C0009AB24FF00101638E58BF0221594389B27C
:1025D0008A4238BF114690E2DAF82850171A6DB9CE
:1025E00048F6333049F2C113C0F601000FF2CC6156
:1025F000C0F6010340F29452EDF704FF4FF6FF706E
:1026000087420DD348F6333049F2C113C0F60100BA
:102610000FF2B861C0F6010340F29552EDF7F2FEF9
:10262000DAF82800BEB20089864210D948F6333065
:1026300049F2C113C0F601000FF2A061C0F6010318
:1026400040F29752EDF7DEFEDAF828000089BAF87A
:102650002C106A89C91B9642AAF82C1022D9C01BDB
:10266000002100BF288169812D68B21A6B8996B25A
:102670009E4217D9288169812D68D21A6B8996B23A
:102680009E420FD9288169812D68D21A6B8996B232
:102690009E4207D9288169812D68D31A6A899EB222
:1026A0009642DFD828463146FBF752FA626ADAF8DA
:1026B0003000CAF8142042601046238D411C134498
:1026C000CB1A002B06DD204601B0BDE8F04F00F02C
:1026D000DFBE00BF904240F05581DAF83000BAF812
:1026E0002C508089F7F726FB800718BF0135208D15
:1026F000A9B28142AAF806504DD9DAF83000808993
:10270000F7F718FBDAF8302001469089C9070BD09B
:1027100020F47C55F7F70EFB00F03E00F7F70AFBBC
:10272000DAF8301028438881218DAAF82C10F7F7A9
:1027300001FBBAF82C10800744BF0139AAF82C100D
:10274000DAF8280089B2FBF755F9DAF83000BAF860
:102750002C508089F7F7EEFA616A228D800701EB31
:102760000200DAF8141018BF013511FA85F1814220
:10277000AAF806500FD048F6333049F2750149F2F5
:10278000C113C0F60100C0F60101C0F6010340F21A
:10279000CC52EDF737FE606F68B1DAF8300080890F
:1027A000F7F7C8FA656FC00740F0AC80002D40F025
:1027B000BB8000256567DAF81420BAF80600218D81
:1027C00002448142626212D248F6333049F231014A
:1027D00049F2C113C0F60100C0F60101C0F60103C1
:1027E00040F20762EDF70EFEBAF80600218D081AD6
:1027F0002085204601F070FCDAF8280001890029C4
:102800001EBFCAF81C000020CAF82800DAF8300001
:102810008089F7F78FFAC00705D09AF8010040F0D9
:1028200020008AF80100656F002D00F04B8149F20D
:10283000500949F2C11BC0F60109C0F6010B002680
:1028400009E000BF28686067284600F0FDFD656F5D
:10285000002D00F03781E868626A4168914240F0DB
:10286000318180892F89CAF81410F7F763FA616AF9
:102870008007394418BF0131E868278D8089B5F891
:1028800008806162F7F756FA800718BF08F101085F
:10289000B84509D948F63330C0F60100494640F240
:1028A0002C625B46EDF7AEFDE8682F898089F7F76B
:1028B00041FA218D8007A1EB0701204618BF01399D
:1028C000218501F009FC6968088940B1DAF81C002B
:1028D00000280CBFCAF81C10FAF780FC6E60E8688C
:1028E0008089F7F727FAC007ACD09AF80100217D5C
:1028F00040F0200004298AF8010004BF0720207559
:10290000A0E700BF002D3FF456AF28686067284657
:1029100000F09AFD656FF5E72E68284600F094FDFB
:10292000002E35463FF445AFEA68DAF81400BAF8ED
:10293000063051682F8903440F44DF1B00F14681A4
:102940009089F7F7F7F9C007E6D0DAF83000808908
:10295000F7F7F0F98007DFD4DAF830008689012034
:10296000F7F7E8F9DAF8301030438881BAF82C60CC
:1029700080B2F7F7DFF9800718BF0136AAF80660C2
:10298000CAE700BFA04658F8746F002E00F0EC8034
:10299000002500BF002E3FF496AEF268374653681C
:1029A000984200F0FD804DB1EE687668F643361827
:1029B00009D4CE1A002E06DC44E100BFC61AB6F1D7
:1029C000FF3F40F35B813E683D46002EE2D1C31AD3
:1029D000012B3D46DEDB9089F7F7ACF9C0077FF4A9
:1029E00072AE0AF1240000F0FFFC002838603FF4CA
:1029F0006AAEF8683A894168DAF814000A44121A93
:102A0000012A07DB411A7868398189B2FAF7F2FFA7
:102A1000DAF81400BAF80610626A238D0844D11857
:102A2000401A0128FFF64FAE3868C0688089F7F772
:102A300081F93968C0070DD0C868808920F47C55B9
:102A4000F7F778F900F03E00F7F774F93968284392
:102A5000CA689081606A228DDAF814301044C21A74
:102A600048680A8191B2FAF7C5FF3868C1680589DC
:102A70008889F7F75FF9616A228D800701EB020010
:102A8000DAF8141018BF013511FA85F18142AAF85D
:102A900006503FF418AE48F6333049F2750149F25A
:102AA000C113C0F60100C0F60101C0F6010340F2F7
:102AB000F962EDF7A7FC204601B0BDE8F04F00F049
:102AC000E7BC00BF608BC1070EBF40F0010040F0C3
:102AD000020020F00100608301B0BDE8F08F00BF6C
:102AE000B4F96A1091FA53F18AB28242A4F86A10DA
:102AF00007D30A1A618EA4F86A2090FA51F0A4F85C
:102B00004800D4E91B212046FDF766FEE16E02462F
:102B100020672046FDF760FE216F0022E066002955
:102B200008BF4FF0FF3222860028257704BF00221D
:102B3000A4F86820B4F86430BAF80870628B3B449B
:102B40001705A4F864307FF5BEACC9B1C868E56C60
:102B50004068F7F7EDF8281A00283FF7B4AC608B0F
:102B600020F400606083AEE40AF1240000F03CFC35
:102B7000C8F80000204601B0BDE8F04F00F088BC66
:102B800048B1C068E56C4068F7F7D2F8281A002809
:102B90003FF799AC628B22F40060608393E400BF3E
:102BA000BAF82C00398988427FF68DAD0AF12400ED
:102BB00000F01AFC00283FF486AD002D18BFA8468F
:102BC00063E000BF02283FF476AC7CE45A1A012A85
:102BD000FFF6F0ADDAF83020091A9089AAF82C1027
:102BE000F7F7A8F8BAF82C10800744BF0139AAF803
:102BF0002C10DAF8280089B2FAF7FCFEDAF8300077
:102C0000BAF82C608089F7F795F8800718BF01366D
:102C1000E868DAF81410406811FA86F18142AAF8DF
:102C200006603FF4C7AD48F6333049F2C113C0F631
:102C300001002EA1C0F6010340F2FD52EDF7E2FBC8
:102C4000B8E500BF0AF1240000F0CEFB00283FF4F5
:102C50003AAD8046E8682A894068DAF814100244E0
:102C6000521A012A05DB091A6868298189B2FAF724
:102C7000C1FEC5F80080404609E000BF0AF124000B
:102C800000F0B2FB00283FF41EADC8F80000394642
:102C9000FEF730FB204601B0BDE8F04F00F0F8BB76
:102CA0007463705F726563656976653A2077726FE9
:102CB0006E6720737461746500000000696E73654F
:102CC000672E7020213D204E554C4C00696E73617B
:102CD0006E65206F666673657421000070627566AC
:102CE00020746F6F2073686F727421007463705F5B
:102CF000726563656976653A207365676D656E74A4
:102D0000206E6F74207472696D6D656420636F72DC
:102D1000726563746C7920746F206F6F73657120B6
:102D200071756575650A0000002808BF7047B0B569
:102D30000446007D0D4601280CD148F6333048F694
:102D40001173C0F6010006A1C0F6010340F2DF7264
:102D5000EDF758FBC4F88450BDE8B040704700BFA1
:102D6000696E76616C696420736F636B6574207340
:102D70007461746520666F7220726563762063618A
:102D80006C6C6261636B000010B559B11446CAB136
:102D900022890846114600F035F82046FAF7A8FCCB
:102DA00011E000BF48F6333048F61173C0F6010059
:102DB0000DA1C0F601034FF4D362EDF723FBF02021
:102DC00040B210BD13B1002040B210BD087D0128F3
:102DD00003D0488B40F01000488308460121BDE82D
:102DE0001040FCF797BD00BF7463705F7265637637
:102DF0005F6E756C6C3A20696E76616C69642070E8
:102E000063620000B0B5E8B30446007D0D460128BA
:102E10000CD148F6333048F61173C0F601002FA1EB
:102E2000C0F6010340F2D332EDF7ECFA208D2844CE
:102E300081B28142084618BF4FF40660B1F5066FB3
:102E400088BF4FF40660658E626AE16AB5F5866FE9
:102E500028BF4FF4866513180D445D1BB5F1FF3F85
:102E600020851FDD591AB1F5067F608538BFB0BDDA
:102E7000608B40F0020120466183BDE8B040FEF760
:102E80007FBA00BF48F6333048F61173C0F6010030
:102E90001CA1C0F6010340F2CF32BDE8B040EDF70F
:102EA000B1BA00BF501A012802DB00206085B0BD16
:102EB0008D1AB5F5803F0FD348F6333048F6407190
:102EC00048F61173C0F60100C0F60101C0F6010317
:102ED00040F2B632EDF796FA6585B0BD646F6E27A5
:102EE000742063616C6C207463705F7265637665D7
:102EF0006420666F72206C697374656E2D706362F6
:102F0000730000007463705F7265637665643A20D5
:102F1000696E76616C69642070636200F0B581B09F
:102F2000044618B1266F86B930E000BF48F633304A
:102F300049F22633C0F6010022A1C0F6010340F297
:102F4000C162EDF75FFA266F06B37068807B0128D7
:102F50001CD1274657F86C0F31687960D0B100BF9B
:102F6000C0684068F6F7E4FEF1680546496808461F
:102F7000F6F7DEFE281A3968B0F1FF3F0CDC08686E
:102F80000F460028ECD100200F4606E0FA2040B2A0
:102F900001B0F0BD002000E0084630603E603068BF
:102FA000002804BF0020A4F8680094F84200FF281D
:102FB0001CBF013084F842000020606340B201B0C1
:102FC000F0BD00BF7463705F7265786D69743A20FC
:102FD000696E76616C6964207063620010B50446A6
:102FE00010B1206F80B910BD48F6333049F2263356
:102FF000C0F6010018A1C0F6010340F2F962EDF736
:1030000001FA206F0028EED0608B400748BF10BD4A
:103010002046FFF783FF0028E5D1B4F84800B4F854
:103020006030984238BF0346608E59084200B2EBC8
:10303000530FA4F84A1084BFA4F84A20114600EBAD
:1030400040000844618BA4F8480041F0040060830C
:103050000020208610BD00BF7463705F7265786DBC
:1030600069745F666173743A20696E76616C696435
:103070002070636200000000F0B581B0044618B310
:10308000206F002875D001680546002941D005460B
:103090006A68927B012A6CD10D68CDB34968897B3F
:1030A000012966D12968A1B36A68927B012A60D19F
:1030B0000D68002D58D04968897B012959D12968AC
:1030C0000029E5D125E000BF48F6333049F2263328
:1030D000C0F6010028A1C0F6010340F2AD62EDF791
:1030E00091F9002000F076F8002842D148F63330FC
:1030F00049F2033149F22633C0F60100C0F601015E
:10310000C0F601034FF4D362EDF77CF91FE000BF76
:103110000D466968897B01292BD1E16EE066296043
:10312000618B002641F400606083E8682667406890
:10313000F6F7FEFDE9682F89898905460846F6F706
:10314000F9FDE919800718BF0131E164666394F85D
:103150004200FF281CBF013084F84200204601B025
:10316000BDE8F040FEF70CB90D466968897B01297E
:10317000D3D001B0F0BD00BF7463705F7265786D2D
:1031800069745F72746F3A20696E76616C6964204D
:103190007063620010B5044678B948F6333049F2DE
:1031A000033149F22633C0F60100C0F60101C0F632
:1031B00001034FF4D362EDF725F994F84200FF289C
:1031C0001CBF013084F842002046BDE81040FEF7E5
:1031D000D7B80000F0B581B0044618B1206F88B9A7
:1031E00059E000BF48F6333049F22633C0F60100FB
:1031F0002BA1C0F6010340F26362EDF703F9206FE3
:10320000002848D001680546C9B105466A68927B26
:10321000012A40D10D689DB34968897B01293AD1C3
:10322000296861B16A68927B012A34D10D686DB357
:103230004968897B01292ED129680029E6D169686E
:10324000897B012927D1E16EE0662960618B002628
:1032500041F400606083E86826674068F6F768FD1F
:10326000E9682F89898905460846F6F763FDE9195B
:10327000800718BF0131E164666370B201B0F0BD30
:103280000D466968897B012905D1DCE70D4669682F
:10329000897B0129D7D0FA2670B201B0F0BD00BFFA
:1032A0007463705F7265786D69745F72746F5F705C
:1032B0007265706172653A20696E76616C6964202E
:1032C000706362002DE9F04784B00E9EDDE90C9436
:1032D000984617460D46824683B3B9F1000F0CD1CC
:1032E00048F6333049F22633C0F6010037A1C0F664
:1032F000010340F2C572EDF785F82846F6F718FD90
:10330000024646F208001421CDE90110384600219A
:1033100023460096FEF744FA10B30746BAF1000FB1
:1033200022D09AF8080048B3F9F7BCF9044658BB14
:10333000384604B0BDE8F047FAF7DAB948F633305A
:1033400049F22633C0F6010019A1C0F6010340F28C
:10335000C472EDF757F8B9F1000FCED1C0E700BF46
:1033600004B0BDE8F08700BF4846F6F781FA0028B0
:10337000DED004460020FF230AE000BF4846F6F7EF
:1033800077FA04460028D3D09AF80A009AF80B304E
:103390000621CDE90001384641464A460294F5F738
:1033A000ADFE384604B0BDE8F047FAF7A1B900BF5A
:1033B0007463705F7273743A20696E76616C6964CD
:1033C000206C6F63616C5F69700000007463705FF4
:1033D0007273743A20696E76616C69642072656DEF
:1033E0006F74655F69700000B0B5044660B948F657
:1033F000333048F61173C0F601000CA1C0F601038A
:1034000040F28262ECF7FEFF0320F7F7ADFB0546C2
:1034100048B121686068E268A368EA60AB6029602F
:103420006860FAF773FB2846B0BD00BF7463705F35
:103430007365675F636F70793A20696E76616C6956
:103440006420736567000000002808BF704710B54E
:1034500004464068002818BFFAF74AF903202146BD
:10346000BDE81040F7F7DCB8B0B5002808BFB0BD24
:10347000044600BFD4E90050002818BFFAF738F915
:1034800003202146F7F7CCF8002D2C46F2D1B0BD31
:103490002DE9F04184B0044600B3206DF6F748FCF6
:1034A000616A278BE38A668D02461020CDE90070A1
:1034B000084600210296FEF773F9002850D0054611
:1034C000606A618D271D0144207AE16200284BD09B
:1034D000F9F7E8F8064600284BD163E048F63335A3
:1034E00049F22636C0F60105C0F6010633A128468A
:1034F00040F2EA723346ECF785FF50200068F6F799
:1035000017FC49F2DE210746C0F60101284640F2C9
:1035100042723346ECF776FF16210B8818214FF0E4
:10352000240809882A26D8F8000035881022CDE919
:10353000001200213A460295FEF732F980B10546A5
:10354000D8F800003188042708442C2108600420A2
:10355000F6F78EF930B306460020FF230BE000BFDC
:10356000608BFE2623E000BF3846F6F781F9064659
:10357000C0B1A07AE37A0621CDE9000128462146B0
:103580003A460296F5F7BAFD06462846FAF7B0F82D
:1035900066B9608B002620F00300608370B204B02F
:1035A000BDE8F0812846FAF7A3F8FC26608B40F0CE
:1035B0000300608370B204B0BDE8F0817463705F93
:1035C00073656E645F656D7074795F61636B3A20DB
:1035D000696E76616C6964207063620070B5044640
:1035E00010B1E06E80B922E048F6333049F226335C
:1035F000C0F6010018A1C0F6010340F2EB32ECF76F
:1036000001FFE06E98B100BF0168054649B1086846
:103610000D4630B10168054619B108680D4600280D
:10362000F2D1E8688089F6F785FB400706D020468E
:103630000121BDE87040FCF7EBBE00BFE868868959
:103640000120F6F777FBE968628B3043888142F00E
:1036500020010020618370BD7463705F73656E64C8
:103660005F66696E3A20696E76616C69642070638A
:1036700062000000002808BF7047B0B50446007D16
:103680000D4601280CD148F6333048F61173C0F6C8
:10369000010006A1C0F6010340F2F372ECF7B2FE9E
:1036A000C4F88050BDE8B040704700BF696E7661D5
:1036B0006C696420736F636B6574207374617465E7
:1036C00020666F722073656E742063616C6C62613A
:1036D000636B00002DE9F04F85B040F25058C2F204
:1036E0000008D8F81400D8F80CB00130C8F814005D
:1036F00098F80100BBF1000F00F1010088F801000B
:1037000000F0408248F6333548F6117944F6D35636
:103710000020C0F60105C0F60109C1F2620604905E
:1037200008E000BFDBF80C40CDF810B0002CA34639
:1037300000F028829BF81400A0B101281ED1284671
:103740000FF2505140F2BF424B46ECF75BFE9BF844
:1037500014000A2814D09BF81E1098F8010081422A
:10376000E0D01BE028460FF2005140F2BE424B462B
:10377000ECF748FE9BF814000128E0D00A28EAD1B3
:1037800028460FF23C514FF498624B46ECF73AFE54
:103790009BF81E1098F801008142C3D09BF81420BA
:1037A0009BF84210022A8BF81E0003D1052903D989
:1037B0001AE000BF0B2917D89BF89900E0B1DBF89D
:1037C000700048B148F6C6612846C0F6010140F2D3
:1037D000D4424B46ECF716FEDBF86C0000285FD0B5
:1037E0009BF89A000B2869D901279BF8140006283A
:1037F00000F0A080AAE000BFBBF8300047F6FE71E1
:1038000088429CBF0130ABF83000BBF9401000B2D9
:10381000884265DB5846FFF7DDFC38B1DBF8700005
:1038200000285DD1DBF86C00002859D09BF814000B
:10383000022818D09BF8420049F689330C2828BF8B
:103840000C20BBF93C10BBF93E20C0F60103185C0C
:1038500002EBE10101FA00F047F6FF718842A8BFD0
:103860000846ABF84000BBF84800BBF86010BBF856
:1038700032200027ABF83070884238BF0146500034
:1038800080B2B0EB510F38BF4808ABF84A00584639
:10389000ABF84820ABF86A70FFF77CFC46E000BF4D
:1038A00048F65A712846C0F6010140F2D5424B460F
:1038B000ECF7A8FD9BF89A000B2895D89BF8991077
:1038C00049F69632C0F6010211449BF8980011F8AF
:1038D000011C88423CBF01308BF89800884205D219
:1038E00000279BF81400062824D02FE0BBF86010B6
:1038F000584639B100F0FCF940B95846FDF740FD93
:1039000020B9EDE700F0FEFF0028E9D19BF899000F
:10391000002706288BF8987008D801308BF899009A
:1039200000279BF81400062810D103E09BF8140030
:1039300006280BD1BBF81A10C90607D5D8F8141001
:10394000DBF82020891A282988BF01379BF8091045
:10395000090733D5072801D004282FD1DBF89400BC
:1039600044F6B843D8F81410DBF82020C0F20A035C
:103970000344A3FB0635891AB1EB551F08D901375B
:103980004FF0000ADBF87490B9F1000F1DD139E057
:103990009BF89B2042F29F435A4300EBC200A0FBDE
:1039A0000602B1EB521F09D95846FDF7F5FA28B9BE
:1039B0009BF89B0001308BF89B0000BF4FF0010A81
:1039C000DBF87490B9F1000F1CD0D8F81400DBF8C4
:1039D0002010BBF94020401A02EB4201B0EB410F2E
:1039E00010D300BFD9E90040002818BFF9F780FEC6
:1039F00003204946F6F714FE002CA146F2D1002020
:103A0000CBF874009BF81400032803D0092869D16F
:103A1000F02000E02820D8F81410DBF8202048F629
:103A2000333548F61179C0F60105C0F60109891A47
:103A3000814288BF0137002F5ED04446B046DBF894
:103A4000906058465746FDF7E9FF0499E068A246A2
:103A5000002977D0834509D148F68F712846C0F6F2
:103A6000010140F26D524B46ECF7CCFCDBF80C0048
:103A70000499C86087B9BBF81600DBF82420DBF88E
:103A80005010BBF818700BF10403CDE90030584614
:103A90005B460297FFF716FC9BF81400DBF80C401E
:103AA000DBF81070012808D148F686612846C0F678
:103AB0000101D4224B46ECF7A5FC01205946F6F74C
:103AC000AFFD002E4FF000008AF800004ED03846BF
:103AD0006FF00C01B0479AF800004646D04638BB5C
:103AE00024E600BF48F6333548F61179C0F60105E3
:103AF000C0F60109002FA0D19BF81C009BF81D10F7
:103B00000130DBF80C40C2B28A428BF81C00FFF493
:103B10000BAEDBF88C2000208BF81C0088F800002E
:103B20005AB3DBF810005946904798F8001009B3D3
:103B3000D8F80CB00020BBF1000F04907FF4FAAD70
:103B400020E000BF584509D048F6BA712846C0F6B3
:103B5000010140F271524B46ECF754FCDBF80C00CB
:103B6000CAF80C00002F3FF486AF95E74646D046D2
:103B7000DCE500BF00287FF4D7AD5846FDF700FC18
:103B8000D2E500BFD8F81050002D69D048F6333484
:103B900048F6117648F6866A48F697674FF0000BAC
:103BA000C0F60104C0F60106C0F6010AC0F601071E
:103BB00007E000BFD5F80C90AB46B9F1000F4D46B9
:103BC0004ED0287D0A2806D02046394640F2A15220
:103BD0003346ECF717FCD8F81400296A401AF1288C
:103BE000E8D32846FDF71AFFD8F81000BBF1000F04
:103BF00022D0854209D148F6E4712046C0F6010181
:103C000040F2AF523346ECF7FDFBE868CBF80C000E
:103C1000D5F80C90287D012805D120465146D422A4
:103C20003346ECF7EFFB01202946F6F7F9FCB9F132
:103C3000000F4D46C5D113E0A84209D049F20B014F
:103C40002046C0F6010140F2B3523346ECF7DAFBEE
:103C5000D5F80C90C8F81090287D0128DDD0E2E757
:103C600005B0BDE8F08F00BF7463705F736C6F7751
:103C7000746D723A20616374697665207063622D99
:103C80003E737461746520213D20434C4F5345447D
:103C90000A0000007463705F736C6F77746D723A22
:103CA00020616374697665207063622D3E73746170
:103CB000746520213D204C495354454E0A000000B4
:103CC0007463705F736C6F77746D723A20616374A4
:103CD000697665207063622D3E737461746520217E
:103CE0003D2054494D452D574149540A00000000DC
:103CF0002DE9F04F83B0044600280D4600F0B28055
:103D0000E66E002E00F0BF80002D00F0C1803089EB
:103D1000A84240F2CF80618EA9421CD248F63330CF
:103D200049F22633C0F6010072A1C0F6010340F249
:103D30005B32ECF767FB308968B948F6333049F2FB
:103D40002633C0F601006FA1C0F601034FF457728D
:103D5000ECF758FB308996F80AB0042101EA8B078A
:103D6000A0EB050A0AEB070081B236204FF420725F
:103D7000F9F73CF9002800F0A68081467068328986
:103D80000189D9F8043029448A1AD9191FFA8AF707
:103D900093B23A46F9F730FCB84240F09180F068AF
:103DA0008089F5F7C7FF074600F00802F06807F0C2
:103DB00001014068CDE9012101EB0208F5F7B8FFE8
:103DC0004319204649464246CDF800B0FCF73AFA7E
:103DD000002875D0019905463720002908BF3F20EB
:103DE000074002980028706818BF07F03E07F9F7EF
:103DF000E7FAB4F866107268081A1189A4F8660028
:103E0000A1EB0A0081B21046F9F7F4FD3089F168A0
:103E1000A0EB0A00B1F80C8030813846F5F78AFF34
:103E200040EA0801F26870689181F9F7C9FAB4F8BC
:103E3000661001446868A4F86610F9F7C1FA3268A0
:103E4000B4F866102A60356008442968A4F8660052
:103E500000294FF0000008BFA4F8680040B203B08A
:103E6000BDE8F08F48F6333049F22633C0F6010042
:103E700017A1C0F6010340F24B32ECF7C3FAE66E2D
:103E8000002E7FF441AFFF2040B203B0BDE8F08FB9
:103E900048F6333049F22633C0F601001DA1C0F6C2
:103EA000010340F25332ECF7ADFAFA2040B203B00E
:103EB000BDE8F08F002040B203B0BDE8F08F00BF36
:103EC0004846F9F715FCFF2040B203B0BDE8F08F7B
:103ED0007463705F73706C69745F756E73656E7414
:103EE0005F7365673A20696E76616C696420706300
:103EF0006200000073706C6974203C3D206D737328
:103F000000000000757365672D3E6C656E203E20D5
:103F10003000000043616E27742073706C69742058
:103F20007365676D656E7420696E746F206C656E65
:103F30006774682030000000B0B540F2E445C2F27A
:103F40000005287800B1B0BD40F25C5040F26051ED
:103F5000C2F20000C2F2000100680968084308BF0D
:103F6000B0BD01202870FAF77DFC04460A20F6F760
:103F7000FBFD38B3002344F6FD31C0F601010360B8
:103F80008160696804F1FA024260C36061B34B6802
:103F9000D31A2BD40B686BB35D68551B30D41968EA
:103FA000A1B34D68551B32D40B681BB35D68551B1C
:103FB00026D4196851B34D68551BB5F1FF3F1D4616
:103FC000E8DC19E048F6333049F2E54149F2B14303
:103FD000C0F60100C0F60101C0F60103BE22BDE833
:103FE000B040ECF70FBA00BF6860B0BD0160686018
:103FF000B0BD00BF0D46002101602860B0BD00BF0C
:104000000D46194601602860B0BD00BF00211D4665
:1040100001602860B0BD000010B584B040F2B0422D
:10402000C2F2000211784B0722D48B0708D4C907CB
:1040300012D040F26451C2F20001096801620BE043
:10404000D2F814C0416ABCEB010305D4038D1944B6
:10405000ACEB010100290DDDD18849B1418B41F064
:104060000201418304B0BDE81040FDF789B900BFEB
:1040700004B010BDD3689169D288B3F802E06244FD
:1040800040F62C1CC2F2000C1C880CF11003CDE988
:10409000003E0CF114030294FFF714F904B010BDB4
:1040A00080B5FCF7EFFA4BF26710C2F2000001781E
:1040B0000131CA07017008BF80BDBDE88040FFF72D
:1040C00009BB000040F2B040C2F20000417841F06C
:1040D0001001417070470000B0B5044660B948F661
:1040E000333048F61173C0F601001AA1C0F601037F
:1040F00040F2A632ECF786F9658E616AE06A228D9D
:10410000B5F5866F28BF4FF486658B1805445D1B97
:1041100002D4181A6285B0BD0A1A012A02DB0020F7
:104120006085B0BD451AB5F5803F0FD348F63330F2
:1041300048F6407148F61173C0F60100C0F601015F
:10414000C0F6010340F2B632ECF75CF90020658559
:10415000B0BD00BF7463705F7570646174655F7239
:1041600063765F616E6E5F776E643A20696E76612A
:104170006C696420706362002DE9F04F91B00446D1
:104180000020ADF842004CB30D46608EB4F86210CA
:104190000646B0EB510F28BF4E08002E08BF06465A
:1041A00065B3217DF520072913D89246012202FA32
:1041B00001F111F09C0F0CD09946BAF1000F60D0BC
:1041C000B4F8640050452FD2608B40F080006083CB
:1041D000FF2040B211B0BDE8F08F00BF48F6333089
:1041E00049F2C72149F22633C0F60100C0F60101A9
:1041F000C0F601034FF4CF720EE000BF48F6333033
:1042000049F2F31149F22633C0F60100C0F601016C
:10421000C0F601034FF4D772ECF7F4F8F02040B287
:1042200011B0BDE8F08F00BFB4F86610092905D3BE
:10423000608B40F080006083B4E200BF206F79B1F2
:10424000F8B9E06EE8B948F6333049F22633C0F6E3
:1042500001000FF22861C0F601034FF4AB720EE0CB
:1042600008B9E06E68B148F6333049F22633C0F63B
:1042700001000FF24461C0F6010340F25912ECF75D
:10428000C1F8214651F86C0FCDE90C65069131F863
:10429000061C00280F9169D00168834649B108685F
:1042A0008B4630B10168834619B108688B460028F7
:1042B000F2D19BF80A100422BBF8080002EA81053B
:1042C0002918B1420FD948F6333049F22633C0F6E7
:1042D00001000FF21861C0F601034FF4F372ECF71E
:1042E00091F8BBF808002844B4F86850A6EB000821
:1042F000002DADF8425055D01FFA88F6B5420FD9BF
:1043000048F6333049F2823149F22633C0F60100D3
:10431000C0F60101C0F601034FF4FC72ECF772F82D
:104320005545514638BF29468E4238BF3146681A36
:10433000A8EB0108ADF842003AD00D4651450FD028
:1043400048F6333049F25B4149F22633C0F60100AA
:10435000C0F60101C0F601034FF40072ECF752F809
:104360005F4629465145099126D361E0B4F86800BB
:1043700078B148F6333049F2792149F22633C0F654
:104380000100C0F60101C0F6010340F24B22ECF738
:1043900039F8002009900020002600274FF0000B7C
:1043A00048E000BF002700215145099104D33FE0B8
:1043B0005F46514509913BD25FEA084038D0BBF8CF
:1043C0000800A8B309981FFA88F2AAEB00069642E3
:1043D000A8BF16465FEAC97040F0B281DBF804104E
:1043E0000A6808464AB11168104631B10A680846A1
:1043F0001AB1116810460029F2D1017B3F2906D875
:104400004168408908440D99884200F01F82B1B28A
:1044100000200122F8F7EAFD002800F0BB810146E8
:104420000D98DDF8248008914044486008469FE1DB
:104430000020099E049000200890B0B250450E94D0
:10444000CDF81C9080F0C88009F001000B9009F0B5
:104450000200002400250590CDF828A009E000BF47
:10446000A84627604E44B0B250453C46454680F0D1
:10447000B5800C99AAEB060080B28946884238BF05
:1044800081460B9A1FFA86FA72BBBDF8420078B1DA
:1044900048F6333049F2A82149F22633C0F601002C
:1044A000C0F6010140F27122C0F60103EBF7AAFF4A
:1044B000362049460122F8F799FD002800F01281C4
:1044C00080460D9800215044C8F8040036204FF46F
:1044D0002072F8F78BFD002800F001814146074665
:1044E000F8F77CFE45E000BF8142484616D90598A2
:1044F00068B90E98408B400648460FD43DB90698DF
:10450000006820B90E98006F0028484606D009F2CE
:104510001B2020F00300884228BF084681B23620C5
:104520004FF42072F8F762FD002800F0DB800746A8
:10453000006878B148F6333049F2D73149F2263372
:10454000C0F60100C0F6010140F20B12C0F60103F3
:10455000EBF758FF78890D99A0EB0900ADF8420000
:10456000786851444A46A7F80890A7F80A90ECF7F3
:1045700000F93846F8F724FF0F99014488B209285A
:104580000F9100F2AB800E980022C16D01EB0A037F
:10459000394600270097FBF755FE002800F0A2805F
:1045A000DDF828A00746002D80463FF45BAF002CC5
:1045B0007FF456AF48F6333049F2B62149F226333C
:1045C000C0F60100C0F6010140F2AB22C0F60103C3
:1045D000EBF718FF44E700BF4FF00008099DDDF836
:1045E000389045B1DBF804400D9E44BBBBF8080091
:1045F0002844ABF80800089CBDF84200A9F8680000
:1046000084B3BBF1000F0FD148F6333049F2794142
:1046100049F22633C0F60100C0F60101C0F60103DD
:1046200040F2E122EBF7EEFEDBF804002146F8F75A
:10463000D5FD2589079CC4E000280446D6D02189F1
:104640002068294400282181F6D1606861892A46C2
:1046500008443146ECF78DF8608941192068618182
:10466000EAE700BF049D280400F08C80079CBBF1A2
:10467000000F02D0DBF8040088B948F6333049F265
:10468000A23149F22633C0F60100C0F60101C0F69E
:10469000010340F2E722EBF7B5FEDBF80400016806
:1046A000002900F0888002892A44028108680028D5
:1046B00000F07E800B8902682B44002A0B817AD09F
:1046C0000189294401811068002873D01389016889
:1046D0002B4400291381E6D16DE000BFB846404667
:1046E000F9F706F80E9C608B40F080010898618312
:1046F000002818BFF8F7FCFF15B12846FEF7B4FEF6
:10470000B4F8660000284DD0206F00284AD10698E2
:104710000068002846D148F6333049F2EB3149F2BF
:104720002633C0F60100C0F60101C0F601034FF4C4
:104730004A72EBF767FEFF2040B211B0BDE8F08F80
:104740000120B5B202900DF14203002029460094E9
:10475000CDF80490FDF7FCF8E0B10D99DDF8248068
:104760000746406841442A46ECF703F83846089764
:10477000F8F726FE0F99014400200F91049046445B
:104780005F465AE6DDE90604BBF1000F18BF584644
:104790001DE000BF608B40F080006083B4F86600CD
:1047A0000028B1D1FF2040B211B0BDE8F08F00BFAA
:1047B000084600E0104601894289294401815119C7
:1047C0004181BBF808002844ABF808005846D9F8E6
:1047D0005C10C0F8008001EB0A00B9F86410C9F859
:1047E0005C00A1EB0A000F99A9F864000804A9F87D
:1047F000661015D0D9F8700090B90698006878B99D
:1048000048F6333049F2EB3149F22633C0F6010065
:10481000C0F60101C0F6010340F21332EBF7F2FDDE
:104820007FB1A0074FF000003FF5D3ACF968002935
:104830003FF4CFAC8C890820F5F77CFAF968204367
:104840008881002040B211B0BDE8F08F099878B19E
:1048500048F6333049F2593149F22633C0F60100A7
:10486000C0F60101C0F6010340F23122EBF7CAFDA8
:104870000020DDF824800890049680E77463705F60
:1048800077726974653A207062756673206F6E2066
:104890007175657565203D3E206174206C6561739E
:1048A00074206F6E65207175657565206E6F6E2D55
:1048B000656D7074790000007463705F777269745D
:1048C000653A206E6F207062756673206F6E20717E
:1048D00075657565203D3E20626F74682071756551
:1048E00075657320656D7074790000006D73735F7A
:1048F0006C6F63616C20697320746F6F20736D61DE
:104900006C6C00002DE9F04383B0044690B1E66E74
:1049100006B394F89A00FF281CBF013084F89A006F
:10492000F0688089F5F706FAC00719D14FF0000941
:104930001BE000BF48F6333049F22633C0F60100D1
:104940003AA1C0F6010340F64F02EBF75BFDE66EBD
:10495000002EDED1002460B203B0BDE8F08300BFBA
:104960003089B0FA80F04FEA5019F068E38A426863
:10497000606A258B678D89F001014FF0100CCDE93D
:10498000005C0297FCF70CFF90B18046606A618D75
:10499000D8F804500844B9F1000FE0620ED0A8899D
:1049A00020F47C571120F5F7C5F93843A8810FE0B2
:1049B000FF2460B203B0BDE8F08300BF70683389A4
:1049C000028905F11401D21A93B20122F8F714FEFC
:1049D000F0684068F5F7ACF9216D0130091AB1F1C2
:1049E000FF3FD8BF2065207A271D28B1F7F75AFE70
:1049F000064630B9FC2410E03846F4F739FF064685
:104A000090B1A07AE37A0621CDE900014046214623
:104A10003A460296F4F772FB04464046F8F768FE01
:104A200060B203B0BDE8F083FC24F6E77463705F06
:104A30007A65726F5F77696E646F775F70726F62AD
:104A4000653A20696E76616C69642070636200006B
:104A500070B582B00D460646F5F76EF940F2504447
:104A6000C2F2000420460621C4E90265F9F7BCFE43
:104A700060B148F6333048F65B33C0F6010013A14D
:104A8000C0F6010340F26122EBF7BCFC201DF9F7F0
:104A9000D7FE60B148F6333048F65B33C0F601000C
:104AA00013A1C0F6010340F26522EBF7ABFC44F61C
:104AB000E541182617A0C0F6010100224FF48063DB
:104AC0000096F9F7D1FE02B070BD00BF6661696C57
:104AD000656420746F20637265617465207463700F
:104AE00069705F746872656164206D626F78000040
:104AF0006661696C656420746F20637265617465BA
:104B0000206C6F636B5F74637069705F636F726555
:104B10000000000074637069705F7468726561649E
:104B200000000000F0B581B0054640F2504091F819
:104B30003160C2F200000C46F9F776FE16F0180F4D
:104B40000CD058B30920F6F70FF8D8B30027064663
:104B5000077048F2DD40C0F600000CE0B0B3092059
:104B6000F6F702F8002845D000270646077048F6F9
:104B70001D70C0F600007560B460F06040F25040F7
:104B8000C2F200003146F9F73FFE20B1092031465C
:104B9000F5F746FDFF2778B201B0F0BD48F6333097
:104BA00048F6A93148F65B33C0F60100C0F60101B2
:104BB000C0F60103FC22EBF725FC0920F5F7D4FF32
:104BC0000028C3D1FF2778B201B0F0BD48F63330DA
:104BD00048F6A93148F65B33C0F60100C0F6010182
:104BE000C0F60103FC22EBF70DFC0920F5F7BCFF32
:104BF0000028B9D1FF2778B201B0F0BD10B5FFF79A
:104C00004FFA40F25C5040F26051C2F20000C2F232
:104C1000000100680968084332D0F9F723FE044612
:104C20000A20F5F7A1FF98B3002144F6FD3240F2C7
:104C3000E443C0F601020160C2F20003C0E90221B0
:104C4000596804F1FA024260A1B34C68141B33D4D2
:104C50000B68ABB35C68141B38D41968E1B34C68BB
:104C6000141B3AD40B685BB35C68141B2ED4196810
:104C700091B34C68141BB4F1FF3F1C46E8DC21E003
:104C800040F2E440C2F200000021017010BD00BFFC
:104C900048F6333049F2E54149F2B143C0F601002C
:104CA000C0F60101C0F60103BE22BDE81040EBF7DB
:104CB000A9BB00BF586010BD0160586010BD00BFA7
:104CC0000C4600210160206010BD00BF0C46194653
:104CD0000160206010BD00BF00211C460160206003
:104CE00010BD000082B040F25044C2F20004251D05
:104CF0002846F9F79FFDA16809B1E068884748F6A2
:104D0000333848F68B3948F65B3A01AEC0F60108F5
:104D1000C0F60109C0F6010A02E000BFF9F73AFD4A
:104D2000F9F76AFE0028F9D0074601300CD1284671
:104D3000F9F794FD204631460022F9F7F5FC2846A4
:104D4000F9F778FD0EE000BF2846F9F787FD204609
:104D500031463A46F9F7E8FC07462846F9F76AFD76
:104D6000781CDBD0019F7FB13878022810D0012851
:104D700012D0C8B93A1D07CA904710B17868F8F741
:104D8000B7FC09200CE000BF4046494691220EE0E6
:104D9000D7E901108847C3E7D7E901108847082001
:104DA0003946F5F73DFCBBE740464946CF2253461E
:104DB000EBF728FBB4E7000070B5054640F2504021
:104DC000C2F200000C46F9F72FFD38B10820F5F7C4
:104DD000CBFEC0B9FF2040B270BD00BF48F63330F3
:104DE00048F6A93148F65B33C0F60100C0F6010170
:104DF000C0F6010340F25D12EBF704FB0820F5F763
:104E0000B3FE0028E6D006460120307040F2504044
:104E1000C2F200003146C6E90154F9F7F5FC38B199
:104E200008203146F5F7FCFBFF2040B270BD00BF03
:104E3000002040B270BD00002DE9F04748F6CC13C9
:104E4000C0F60103002918BF0B46002844D041F2E8
:104E5000784CC2F2010C67463F68B7FA87F1002F21
:104E60004FEA511118BF87421BD0FF68B7FA87F18C
:104E7000002F4FEA511118BF874212D0FF68B7FACE
:104E800087F1002F4FEA511118BF874209D0FF6800
:104E9000B7FA87F14FEA51111FB1874207F10C07AA
:104EA000DAD1DCF800E04AB3BEF1000F70D07546ED
:104EB00003E000BFED68002D6CD08542FAD06C8A0B
:104EC0009442F7D12E68F824002E6CD01F68BE42A1
:104ED00069D0002FEED166E048F6333049F24153F5
:104EE000C0F6010033A1C0F6010340F2B732EBF780
:104EF00089FAF02460B2BDE8F08700BF40F2340ABE
:104F0000C2F2000ABAF80020BEF1000F34D000252A
:104F10004FF6FF7943F6FF7896B201324E4504BF53
:104F20004CF20002CFF6FF727646748A97B2BC420A
:104F300012D0F668C6B1748ABC420DD0F6689EB134
:104F4000748ABC4208D0F66876B1748ABC4203D039
:104F5000F668002EE9D107E0454505F10105DBD3F0
:104F6000AAF8002004E000BF1404AAF8002011D120
:104F7000F82460B2BDE8F0874FF6FF77BA4202F13D
:104F8000010204BF4CF20002CFF6FF72AAF8002023
:104F90004FF0000E1B680360428239B10024C0F854
:104FA0000CE0CCF8000060B2BDE8F087002460B2ED
:104FB000BDE8F0877564705F62696E643A20696E5F
:104FC00076616C6964207063620000002DE9F04F27
:104FD00081B048B1A1B1438A41F2784EC2F2010ECC
:104FE00003B3DEF800C0A6E048F6333049F241537F
:104FF000C0F6010069A1C0F6010340F235420AE0A3
:1050000048F6333049F24153C0F601005CA1C0F6C6
:10501000010340F23642EBF7F5F9F02040B201B05F
:10502000BDE8F08F41F27846C2F2010633461B68B4
:10503000B3FA83F4002B4FEA541418BF83421BD0F9
:10504000DB68B3FA83F4002B4FEA541418BF834291
:1050500012D0DB68B3FA83F4002B4FEA541418BF64
:10506000834209D0DB68B3FA83F44FEA54141BB1CE
:10507000834203F10C03DAD140F2340AD6F800C0BF
:10508000C2F2000ABAF80050BCF1000F40D04FF055
:10509000000B4FF6FF78ABB20135434504BF4CF22D
:1050A0000005CFF6FF7563465F8AAEB2B74213D0F4
:1050B000DB68FBB1B3F81290B1450DD0DB68CBB122
:1050C0005F8AB74208D0DB68A3B15F8AB74203D0DA
:1050D000DB68002BE8D10DE043F6FF739B450BF135
:1050E000010BD8D3AAF80050F82040B201B0BDE8B7
:1050F000F08F00BF41F278462B04C2F20106AAF8F5
:10510000005011D1F82040B201B0BDE8F08F00BFCF
:105110004FF6FF739D4205F1010504BF4CF20005F7
:10512000CFF6FF75AAF80050002C45821EBFC0F8CC
:105130000CC0306084460968BCF1000F4160017CFE
:10514000828241F00401017411D06146814212D083
:10515000C96861B181420ED0C96841B181420AD0AB
:10516000C96821B1814206D0C9680029EED1C0F8D2
:105170000CC0CEF80000002040B201B0BDE8F08FB6
:105180007564705F636F6E6E6563743A20696E76E6
:10519000616C696420697061646472007564705F39
:1051A000636F6E6E6563743A20696E76616C6964D4
:1051B000207063620000000080B5EBF769F840F2F0
:1051C000340140F44040C2F20001088080BD00007C
:1051D0002DE9F04F83B081460D4658B1C5B1B9F8FD
:1051E0000A00072824D8484603B0BDE8F04FF8F776
:1051F0007FBA00BF48F6333049F24153C0F6010090
:105200007AA1C0F60103CF22EBF7FCF8002DE6D11E
:1052100048F6333049F24153C0F6010079A1C0F697
:105220000103D022EBF7EEF8B9F80A000728DAD923
:1052300040F62C1BC2F2000BDBF80010DBF8140068
:10524000D9F80440F3F722FD218807460846F4F711
:1052500071FD618802900846F4F76CFD41F27841D7
:10526000C2F201010968002900F086800646002488
:105270004FF0000A05E000BF924600BFE168002938
:1052800060D0488AA0460C46B042F7D115B1207ACA
:1052900070B915E048F6333049F24153C0F60100C9
:1052A0005FA18822C0F60103EBF7ACF8207A38B191
:1052B000DBF8041091F834100131C9B28842DDD115
:1052C0002068DBF814105FB1002818BF11F101024B
:1052D0000AD0AA6881EA00031A42CFD104E000BFD5
:1052E000002818BF8842C9D1227C52070ED4BAF1D7
:1052F000000F22460BD04FB1013107D1DAF8002060
:1053000069688A4202D0884208BFA2465246A08AF3
:1053100002998842B0D1606820B1DBF81010924643
:105320008842ABD1B8F1000F09D041F27842C2F205
:105330000102E0681168C8F80C00E1601460A24640
:1053400003E000BFBAF1000F16D048460821F8F775
:10535000FFFBE0B9DAF81870002F3FF444AFDAF839
:105360001C00029E0BF1100351464A460096B847B6
:1053700003B0BDE8F08F00BF6868DBF81410884206
:105380007FF431AF48460821F8F7E2FB90B148F6C8
:10539000333049F24153C0F601002BA1C0F601039E
:1053A0004FF4B872EBF72EF8484603B0BDE8F04F63
:1053B000F8F79EB9002F7FF416AFDBF8140000F069
:1053C000F000E0283FF40FAFBBF80C00083001B24A
:1053D0004846F8F793FA48460321F3F707FB484697
:1053E00003B0BDE8F04FF8F783B900BF7564705F94
:1053F000696E7075743A20696E76616C69642070AC
:10540000627566007564705F696E7075743A2069C4
:105410006E76616C6964206E6574696600000000D8
:105420007564705F696E7075745F6C6F63616C5FDB
:105430006D617463683A20696E76616C6964206E90
:105440006574696600000000706275665F72656D64
:105450006F76655F686561646572206661696C6519
:10546000640A0000002818BF002901D1704700BF5E
:10547000D0F800C0BCF1000FF8D00B68002BF5D0BD
:1054800041F27843C2F201031B6800E0DB68002BA5
:10549000ECD01A68624503D10A681A60D0F800C0DF
:1054A000DB68002BE2D01A68624503D10A681A60F3
:1054B000D0F800C0DB68002BD8D01A68624503D151
:1054C0000A681A60D0F800C0DB68002B08BF70477C
:1054D0001A686245DAD10A681A60D0F800C0D5E7C8
:1054E00010B500200024F5F73FFB002808BF10BDD1
:1054F000FF21C0E90044C0E90244C0E90444C0E916
:105500000644C17210BD000000281CBFC0E906128D
:10551000704748F6333049F24153C0F6010003A109
:10552000C0F6010340F28A42EAF76CBF7564705F0F
:10553000726563763A20696E76616C696420706387
:105540006200000040B341F27842C2F2010201461B
:10555000106888421AD0D8B1C26812B18A42034694
:1055600012D0AAB1D06810B1884213460CD078B1DD
:10557000C26812B18A42034606D04AB1D0680028F8
:10558000E9D088421346E6D103F10C02C8681060E6
:105590000020F5F745B800BF48F6333049F24153D3
:1055A000C0F6010003A1C0F6010340F2A142EAF7F0
:1055B00029BF00BF7564705F72656D6F76653A20B4
:1055C000696E76616C69642070636200B0B582B008
:1055D000D0B129B382B3DDF818C0BCF1000F37D0C9
:1055E00004680CF1040E44B104F0F005E02D04D081
:1055F000DEF800508646AC423CD1CDE900CE00F04A
:1056000079F802B0B0BD00BF48F6333049F24153DB
:10561000C0F6010030A1C0F601034FF4207222E071
:1056200048F6333049F24153C0F6010023A1C0F6D9
:10563000010340F2812216E048F6333049F241532B
:10564000C0F6010015A1C0F6010340F282220AE073
:1056500048F6333049F24153C0F6010007A1C0F6C5
:10566000010340F28322EAF7CDFEF02040B202B0FF
:10567000B0BD00BFFC2040B202B0B0BD7564705F29
:1056800073656E64746F5F69663A20696E76616CEB
:105690006964206E65746966000000007564705F5F
:1056A00073656E64746F5F69663A20696E76616CCB
:1056B0006964206473745F69700000007564705FD2
:1056C00073656E64746F5F69663A20696E76616CAB
:1056D00069642070627566007564705F73656E64DE
:1056E000746F5F69663A20696E76616C69642070D8
:1056F000636200002DE9F04F83B0002800F088803D
:105700000C46002900F09A801546002A00F0A68079
:10571000DDF83480B8F1000F00F0B080DDF830B073
:10572000BBF1000F00F0B6800646408A1F460028F5
:105730004FF6FF7940F0E18041F27843C2F2010375
:1057400018460068B0FA80F100284FEA511218BFDD
:10575000B0421BD0C068B0FA80F100284FEA511265
:1057600018BFB04212D0C068B0FA80F100284FEAEA
:10577000511218BFB04209D0C068B0FA80F14FEAA8
:10578000511218B1B04200F10C00DAD140F23400ED
:10579000D3F800C0C2F200000188BCF1000F00F095
:1057A0009D804FF0000A8BB201314B4504BF4CF293
:1057B0000001CFF6FF716346588A1FFA81FB5845F6
:1057C00016D0DB68002B77D0B3F812E0DE450FD09F
:1057D000DB68002B70D0588A584509D0DB68002B55
:1057E0006AD0588A584503D0DB68002BE4D163E0C7
:1057F00043F6FF7082450AF1010AD4D340F2340027
:10580000C2F200000180F82460B203B0BDE8F08F5E
:1058100048F6333049F2225149F24153C0F60100B3
:10582000C0F60101C0F6010340F2D122EAF7EAFD19
:10583000F02460B203B0BDE8F08F00BF48F633300B
:1058400049F2705149F24153C0F60100C0F601011E
:10585000C0F6010340F2D22227E000BF48F6333001
:1058600049F2905149F24153C0F60100C0F60101DE
:10587000C0F6010340F2D32217E000BF48F63330F0
:1058800049F24153C0F601005FA1C0F601034FF495
:1058900035720AE048F6333049F24153C0F6010050
:1058A00050A1C0F6010340F2D522EAF7ABFDF02487
:1058B00060B203B0BDE8F08F080440F23400DDF8B8
:1058C00030B041F27843C2F20000C2F2010301801D
:1058D0000DD1F82460B203B0BDE8F08F494501F165
:1058E000010104BF4CF20001CFF6FF710180002AD4
:1058F00071821CBFC6F80CC01E602089A9F1080186
:1059000089B2884204D9FF2460B203B0BDE8F08FA9
:1059100020460821F7F734FBA14670B12220082168
:105920004FF42072F7F762FB0028ECD08146208903
:1059300018B148462146F7F7BBFCB9F80A0007281A
:105940000CD848F6333049F24153C0F6010019A192
:10595000C0F6010340F20E32EAF754FD708AD9F81E
:1059600004A0F4F7E7F9AAF800003846F4F7E2F9E2
:10597000AAF80200B9F808000021AAF80610F4F706
:10598000D9F9B17AF37AAAF804001120CDE9001010
:10599000484641462A46CDF808B0F3F7C7FBA14573
:1059A00004463FF446AF4846F7F7A2FE60B203B0A4
:1059B000BDE8F08F636865636B207468617420666E
:1059C0006972737420706275662063616E20686FFF
:1059D0006C6420737472756374207564705F68649E
:1059E000720000007564705F73656E64746F5F6948
:1059F000665F7372633A20696E76616C6964206ECB
:105A000065746966000000007564705F73656E649C
:105A1000746F5F69665F7372633A20696E76616C5A
:105A20006964207372635F6970000000D0E901321D
:105A300001699A60D1F804C082688445536008BF48
:105A40004A600022026108680138086008687047EF
:105A500041F28063C2F20103036041F28040C2F26E
:105A600001000860802010607047000041F6DC23D0
:105A7000C2F20103036041F2DC60C2F2010008607F
:105A80004FF48070106070474FF0FF31024642F8CB
:105A9000081F00214260C0E9032201607047000036
:105AA000002101617047000010B5D1F800E01EF13F
:105AB000010213D000F1080462681368734511D81D
:105AC00053681C68744511D85A68146874450FD817
:105AD00054682368A4467345EED90BE00269D2F8F6
:105AE00004C007E09446224604E000BF9C4601E063
:105AF00094461A46C1F804C0CCF808108A60516078
:105B0000086101680131016010BD0000D0F800C0DB
:105B1000436808619A684B608A609A68996051602E
:105B20000CF1010101607047DFF80C00016841F4DD
:105B3000700101607047000088ED00E04FF05000F8
:105B400080F31188BFF36F8FBFF34F8F40F238009F
:105B5000C2F2000001684A1C026009B1704700BF30
:105B60004EF60450CEF200000068000608BF7047F1
:105B70004FF0500080F31188BFF36F8FBFF34F8F4A
:105B8000FEE7000040F23800C2F20000016839B1BF
:105B90000139016018BF7047002080F311887047F9
:105BA0004FF0500080F31188BFF36F8FBFF34F8F1A
:105BB000FEE7000070B5002808BF70BD40F2284520
:105BC000C2F200050446287854F8041C002818BFC7
:105BD0004FF0004008420DD0A4F1080632689AB197
:105BE0004FF0500080F31188BFF36F8FBFF34F8FDA
:105BF000FEE700BF4FF0500080F31188BFF36F8FB6
:105C0000BFF34F8FFEE700BF21EA000044F8040C09
:105C100000F0EEFA54F8041CA8680844A86005F1E6
:105C2000180000BF0368B3420AD21868B04225D2F8
:105C30000368B34204D218681A46B042F2D301E0B6
:105C4000024618465368D418B44202D11944164685
:105C500051607318834206D16B68984203D0D0E933
:105C6000000319447160B242306018BF1660686961
:105C700001306861BDE8704001F08ABC1A46536883
:105C8000D418B442E5D1E1E74EF21000CEF20000A4
:105C900000210160816040F23001C2F20001096818
:105CA00044F6D352C1F26202A1FB02124FF0FF315F
:105CB00001EB9211416007210160704740F24840BA
:105CC000EFF305811029C2F2000011D34EF2F03239
:105CD000CEF20002895C0278914209D24FF0500066
:105CE00080F31188BFF36F8FBFF34F8FFEE700BFC4
:105CF0004EF60C51CEF200010968406801F4E061F3
:105D0000814298BF70474FF0500080F31188BFF375
:105D10006F8FBFF34F8F00BFFEE7000041F6383CA6
:105D2000C2F2010CDCF8002022B3634653F8082FBE
:105D300042B3634653F8102F52B3634653F8182FFB
:105D400062B3634653F8202F72B3634653F8282F8B
:105D500082B3634653F8302F92B3634653F8382F1B
:105D6000002A18BF7047072219600CEBC201486077
:105D7000704700BF0022634619600CEBC201486007
:105D8000704700BF012219600CEBC20148607047E8
:105D9000022219600CEBC2014860704703221960AF
:105DA0000CEBC20148607047042219600CEBC20181
:105DB00048607047052219600CEBC20148607047CB
:105DC000062219600CEBC2014860704780B341F6AF
:105DD0003831C2F201010B4653F8042F4FF0000C8A
:105DE00082422FD00B4653F80C2F82422CD00B4608
:105DF00053F8142F824229D00B4653F81C2F8242AD
:105E000026D00B4653F8242F824223D00B4653F85A
:105E10002C2F824220D00B4653F8342F82421DD0C3
:105E20000B4653F83C2F82421DD1072217E000BFDA
:105E30004FF0500080F31188BFF36F8FBFF34F8F87
:105E4000FEE700BF00220AE0012208E0022206E08D
:105E5000032204E0042202E0052200E0062241F8C9
:105E600032C0C3F800C090F84610002918BF704730
:105E7000FFF7A0BE70B515460E460446FFF75EFE5E
:105E800094F84400FF2804BF002084F8440094F8EC
:105E90004500FF2804BF002084F84500FFF772FE8C
:105EA000A06B28B12046BDE87040F8F7A5BA00BF46
:105EB00004F1240031462A4600F092F82046BDE85D
:105EC0007040F8F799BA000070B588B340F27435A5
:105ED000C2F200050446686950B14FF0500080F3EB
:105EE0001188BFF36F8FBFF34F8F00BFFEE700BF76
:105EF000686901306861AE6928680430FFF796FD73
:105F00002868A419446005D3286A29680431FFF77A
:105F1000CBFD08E0E86929680431FFF7C5FDE86AB0
:105F2000844238BFEC6201F033FB002818BF70BD1B
:105F30004EF60450CEF200004FF080510160BFF3E6
:105F40004F8FBFF36F8F70BD40F27431C2F200010A
:105F50008A6B0260896941607047000040F27430CA
:105F6000C2F20000012101637047000070B5D8B192
:105F700040F27434C2F200040D4621681831FFF774
:105F800093FDA66920680430FFF750FD681C15D00A
:105F90002068AD19456019D3206A21680431BDE835
:105FA0007040FFF781BD00BF4FF0500080F31188B3
:105FB000BFF36F8FBFF34F8FFEE700BF54F8500B56
:105FC000011D2046BDE87040FFF7A0BDE0692168D3
:105FD0000431FFF769FDE06A854238BFE56270BDB4
:105FE000F0B581B0C0B140F27434C2F200040D4685
:105FF000216816461831FFF789FDA769206804302B
:10600000FFF714FD96B154F8500B011D204601B066
:10601000BDE8F040FFF77ABD4FF0500080F31188E3
:10602000BFF36F8FBFF34F8FFEE700BF2068ED19FE
:10603000456007D3206A2168043101B0BDE8F04013
:10604000FFF732BDE06921680431FFF72DFDE06AFA
:10605000854238BFE56201B0F0BD0000F0B581B007
:1060600020B3026D04461AB3E36CE06A8B4288BF2A
:10607000194688421AD0012A18D140F27436C2F269
:1060800000063268A2421DD0A269E162002A5CBF0C
:10609000C1F13801A16148F2F447616900EB800069
:1060A000C2F2000707EB8000814215D001B0F0BDBD
:1060B0004FF0500080F31188BFF36F8FBFF34F8F05
:1060C000FEE700BF4FF0500080F31188BFF36F8FE1
:1060D000BFF34F8FFEE700BF251D2846FFF7A6FC44
:1060E000E06A716A884288BF706200EB800007EB4B
:1060F0008000294601B0BDE8F040FFF707BD000071
:1061000010B588B00020CDE9050006A805A904AAAD
:10611000FFF79EFC059800283ED0069C002C45D039
:106120005C21049A079107995C2949D1079920635A
:10613000022084F8590007A80021CDE900104DF68F
:106140005560C0F6000028A100230294F7F7C6FEB0
:106150002046F7F739FD079840F27434C2F2000484
:10616000A062B0B101F08CFA411C33D0012810D1EB
:106170004FF0500080F31188BFF36F8FBFF34F8F44
:106180004FF0FF30E062012020610020A06100F0AC
:1061900095F808B010BD00BF4FF0500080F3118893
:1061A000BFF36F8FBFF34F8FFEE700BF4FF050007C
:1061B00080F31188BFF36F8FBFF34F8FFEE700BFEF
:1061C0004FF0500080F31188BFF36F8FBFF34F8FF4
:1061D000FEE700BF4FF0500080F31188BFF36F8FD0
:1061E000BFF34F8FFEE700BF49444C45000000005D
:1061F00040F27430C2F200004169013141617047E0
:1062000080B540F2743EC2F2000EDEF8141019B1EF
:106210000121CEF8301080BD0021CEF83010DEF81C
:10622000241048F2F44C01EB8103C2F2000C5CF83C
:1062300023208AB101EB81020CEB820353F8042F77
:106240005268181D82421A6020D0D068CEF8000033
:10625000CEF8241080BD00BF0CEB8302A2F128030E
:10626000E1B15A6922BB012918D01A6812BB022970
:1062700014D053F8142CFAB903290FD053F8282C52
:106280000439002AA3F15003EAD0D3E752681A6018
:10629000D068CEF80000CEF8241080BD4FF050003A
:1062A00080F31188BFF36F8FBFF34F8FFEE700BFFE
:1062B0000139BFE70239BDE70339BBE7B0B584B0A8
:1062C0004EF2004CCEF2000C4CF27021C4F20F11D1
:1062D000DCF800294B1C9A420AD14FF0500080F3A1
:1062E0001188BFF36F8FBFF34F8F00BFFEE700BF72
:1062F000DCF800298A4209D14FF0500080F3118860
:10630000BFF36F8FBFF34F8FFEE700BF9CF8001005
:106310000291FF218CF800109CF800108DF80710F6
:106320009DF8071001F0500240F24841C2F200010E
:106330000A7007224A609DF90720B2F1FF3F69DC2D
:10634000032200BFD31C4B609DF8070040008DF86E
:1063500007009DF90700B0F1FF3F23DC931C4B6061
:106360009DF8070040008DF807009DF90700B0F187
:10637000FF3F17DC531C4B609DF8070040008DF871
:1063800007009DF90700B0F1FF3F0BDC4A609DF864
:106390000700043A40008DF807009DF90700002827
:1063A000D0D4131D032B35D14FF4407048600298B0
:1063B0008CF80000DCF8200940F47000CCF82009CB
:1063C000DCF8200940F07040CCF82009FFF75CFCB5
:1063D00040F23804C2F2000400252560FFF7A4FB58
:1063E0004EF63470CEF20000016841F04041016089
:1063F000F7F708FEFFF704FF039520684FF0500100
:1064000081F31188BFF36F8FBFF34F8F013011D02D
:10641000FEE700BF4FF0500080F31188BFF36F8F8D
:10642000BFF34F8FFEE700BF039830B9039820B940
:10643000039810B903980028F6D0002004B0B0BD2E
:1064400080B54FF0500080F31188BFF36F8FBFF31A
:106450004F8F00F051FF30B14EF60450CEF20000E5
:106460004FF080510160002080F3118880BD000052
:1064700010B568B10C46814214D94FF0500080F33A
:106480001188BFF36F8FBFF34F8F00BFFEE700BFD0
:106490004FF0500080F31188BFF36F8FBFF34F8F21
:1064A000FEE700BF0021022200F0F0F8002818BF2C
:1064B000846310BD70B582B060B10D46814213D9BE
:1064C0004FF0500080F31188BFF36F8FBFF34F8FF1
:1064D000FEE700BF4FF0500080F31188BFF36F8FCD
:1064E000BFF34F8FFEE700BF14468AB350210191DE
:1064F0000199502936D101990121002684F84610CE
:106500002460C4E90F06FFF719FB2068D4E90F12D5
:10651000A66302FB0103013901FB0201C4E9010387
:10652000FF20E16084F8440084F8450004F1100085
:10653000FFF7AAFA04F12400FFF7A6FAFFF722FBFF
:10654000022084F84C002046A56302B070BD00BF55
:106550004FF0500080F31188BFF36F8FBFF34F8F60
:10656000FEE700BF4FF0500080F31188BFF36F8F3C
:10657000BFF34F8FFEE7000070B505465020F7F7D8
:10658000AFFF044670B30026012084F84660246003
:10659000C4E90F06FFF7D2FA2068D4E90F12A66308
:1065A00002FB0103013901FB0201C4E90103FF20E1
:1065B000E16084F8440084F8450004F11000FFF71E
:1065C00063FA04F12400FFF75FFAFFF7DBFA2046D5
:1065D00000210022002384F84C502660C4E90266A2
:1065E00000F008F9204670BD70B582B0D1B3054601
:1065F00050200190019850283ED10198012000269A
:106600000C4681F846000960C1E90F06FFF796FACB
:106610002068D4E90F12A66302FB0103013901FBD4
:106620000201C4E90103FF20E16084F8440084F81A
:10663000450004F11000FFF727FA04F12400FFF7EA
:1066400023FAFFF79FFA204600210022002384F856
:106650004C502660C4E9026600F0CCF8204602B037
:1066600070BD00BF4FF0500080F31188BFF36F8FF3
:10667000BFF34F8FFEE700BF4FF0500080F311884B
:10668000BFF36F8FBFF34F8FFEE700002DE9F0419E
:10669000B0B306464843503014460F46F7F720FF84
:1066A000054650B34FF00008284685F84680002F75
:1066B00018BF50302860C5E90F67FFF73FFA286818
:1066C000D5E90F12C5F8388002FB0103013901FB3F
:1066D0000201C5E90103FF20E96085F8440085F85F
:1066E000450005F11000FFF7CFF905F12400FFF791
:1066F000CBF9FFF747FA85F84C402846BDE8F08112
:106700004FF0500080F31188BFF36F8FBFF34F8FAE
:10671000FEE7000070B582B070B11C46B3B1F9B9A4
:10672000F2B14FF0500080F31188BFF36F8FBFF3C9
:106730004F8F00BFFEE700BF4FF0500080F311887D
:10674000BFF36F8FBFF34F8FFEE700BF4FF05000D6
:1067500080F31188BFF36F8FBFF34F8FFEE700BF49
:1067600051B14AB94FF0500080F31188BFF36F8FD9
:10677000BFF34F8FFEE700BF50230193019B502BC7
:106780002ED1019B069E012384F84630002908BFC4
:1067900022462260C4E90F01FFF7D0F92068D4E94E
:1067A0000F12002502FB0103013901FB0201A56361
:1067B000C4E90103FF20E16084F8440084F8450047
:1067C00004F11000FFF760F904F12400FFF75CF911
:1067D000FFF7D8F9204684F84C6002B070BD00BFC6
:1067E0004FF0500080F31188BFF36F8FBFF34F8FCE
:1067F000FEE700002DE9F04F83B00292C0B11D46C4
:1068000017460E460446E9B1022D03D1E06B01287C
:1068100040F0888000F050FD10BB0FB34FF05000E7
:1068200080F31188BFF36F8FBFF34F8FFEE700BF78
:106830004FF0500080F31188BFF36F8FBFF34F8F7D
:10684000FEE700BF206C0028DED04FF0500080F340
:106850001188BFF36F8FBFF34F8F00BFFEE700BFFC
:10686000FFF76CF9A06B022D66D0E16B884263D311
:1068700004F1100801206F460DF108090DE000BF7A
:106880002046F7F7B9FD00F083FEFFF757F9A06B3C
:10689000E16B88424FF000004ED30299002973D07B
:1068A000C00702D03846FFF74FFBFFF76BF9FFF741
:1068B0009FFCFFF743F994F84400FF2804BF002031
:1068C00084F8440094F84500FF2804BF002084F8B1
:1068D0004500FFF757F93846494600F029FC0028E3
:1068E00058D1FFF72BF9D4F838A0D4F83CB0FFF713
:1068F00049F9DA45C4D102994046FFF737FB2046F3
:10690000F7F77AFD00F044FE0028BED14EF60450A1
:10691000CEF200004FF080510160BFF34F8FBFF304
:106920006F8FB2E74FF0500080F31188BFF36F8F85
:10693000BFF34F8FFEE700BFA76B226CD2B19DB3B0
:10694000E0683146E9F715FFE168206C2268091A12
:106950009142E16003D2A16840420844E060A81E71
:10696000B0FA80F040093946002F18BF01210840D5
:106970003F1A26E02068002520BBA06800F03EFDFD
:10698000A56005461EE000BFFFF7FCF8002003B03D
:10699000BDE8F08F2046F7F72FFD00F0F9FD00204D
:1069A00003B0BDE8F08F00BF60683146E9F7E1FE53
:1069B000216CD4E9010208449042606001D3206850
:1069C00060600025781CA06354F8240FA0B1204615
:1069D00000F0A4FD50B14EF60450CEF200004FF08E
:1069E00080510160BFF34F8FBFF36F8FFFF7CAF87D
:1069F000012003B0BDE8F08F002DF7D04EF6045013
:106A0000CEF200004FF080510160BFF34F8FBFF313
:106A10006F8FFFF7B7F8012003B0BDE8F08F0000DB
:106A20002DE9F04700B31E46144605460F4629B32C
:106A3000022E02D1E86B012852D1FFF73FF9EFF3A4
:106A400011884FF0500080F31188BFF36F8FBFF3B0
:106A50004F8FA86B022E1FD0E96B88421CD30020F9
:106A600088F31188BDE8F0874FF0500080F311885B
:106A7000BFF36F8FBFF34F8FFEE700BF286C002876
:106A8000D6D04FF0500080F31188BFF36F8FBFF363
:106A90004F8F00BFFEE700BF95F84590A86BD5F873
:106AA00038A02A6C32B36EB3E8683946E9F761FE64
:106AB000E968286C2A68091A9142E96003D2A9683A
:106AC00040420844E860B01EB0FA80F040095146E8
:106AD000BAF1000F18BF01210840AAEB000A1EE01E
:106AE0004FF0500080F31188BFF36F8FBFF34F8FCB
:106AF000FEE700BF286890B9A86800F07FFC00207E
:106B0000A8600CE068683946E9F733FE296CD5E9DE
:106B1000010208449042686001D3286868600AF165
:106B20000100B9F1FF0FA86310D155F8240FB8B1D7
:106B3000284600F0F3FC0146002C4FF0010018BF7E
:106B4000002913D188F31188BDE8F08709F101000D
:106B500085F84500012088F31188BDE8F08700BF63
:106B6000012088F31188BDE8F08700BF0120206074
:106B700088F31188BDE8F08770B568B10546006CF0
:106B8000A0B14FF0500080F31188BFF36F8FBFF3B7
:106B90004F8F00BFFEE700BF4FF0500080F3118819
:106BA000BFF36F8FBFF34F8FFEE700BF28680C461F
:106BB00060B3FFF783F8EFF311864FF0500080F3D6
:106BC0001188BFF36F8FBFF34F8FA96BE86B8142C2
:106BD00018D295F845000131FF28A96324D155F852
:106BE000240F48B3284600F099FC0146002C4FF0D2
:106BF000010018BF00291BD00120206086F31188F6
:106C000070BD00BF002086F3118870BDA868002801
:106C1000CFD04FF0500080F31188BFF36F8FBFF3D8
:106C20004F8F00BFFEE700BF013085F8450001200F
:106C300086F3118870BD00BF012086F3118870BDF6
:106C4000B0B5A8B18568044600F030FB85421CBF92
:106C50000020B0BDE0680138E0601CBF0120B0BD7D
:106C60002046002100220023FFF7C4FD0120B0BD13
:106C70004FF0500080F31188BFF36F8FBFF34F8F39
:106C8000FEE700002DE9F04F83B0029290B1164666
:106C90000D460446002947D000F00EFBA0B99EB176
:106CA0004FF0500080F31188BFF36F8FBFF34F8F09
:106CB000FEE700BF4FF0500080F31188BFF36F8FE5
:106CC000BFF34F8FFEE700BFFEF738FFD4F838A0C0
:106CD000BAF1000F36D0226C52B1D4E902308118DB
:106CE000E160994224BF2168E1602846E9F741FD4F
:106CF000AAF10100A06354F8100F70B1204600F013
:106D00000DFC50B14EF60450CEF200004FF0805111
:106D10000160BFF34F8FBFF36F8F0124FEF732FF87
:106D2000204603B0BDE8F08F206C0028B4D04FF0AF
:106D3000500080F31188BFF36F8FBFF34F8F00BFF8
:106D4000FEE700BF04F1240801206F464FF0000960
:106D50000DF1080B2EE000BFFEF714FFFFF748FA15
:106D6000FEF7ECFE94F84400FF2808BF84F8449036
:106D700094F84500FF2808BF84F84590FEF702FF0D
:106D80003846594600F0D4F9E0B12046F7F734FB15
:106D900000F0FEFBFEF7D2FEA66BFEF7F3FE002E20
:106DA0003CD0FEF7CBFED4F838A00020BAF1000F9B
:106DB0007FF491AF029949B3C007CDD03846FFF7B1
:106DC000C3F8C9E7FEF7BAFEA66BFEF7DBFE2EB1ED
:106DD0002046F7F711FB00F0DBFBE2E702994046A3
:106DE000FFF7C4F82046F7F707FB00F0D1FB0028B7
:106DF000D7D14EF60450CEF200004FF08051016022
:106E0000BFF34F8FBFF36F8FCBE700BF0024FEF7B8
:106E1000B9FE204603B0BDE8F08F00BF0024204635
:106E200003B0BDE8F08F00002DE9F04381B00028E9
:106E30003ED0914605460E46002943D0FEF73EFF60
:106E4000EFF311884FF0500080F31188BFF36F8F7C
:106E5000BFF34F8FAC6B002C42D095F844702A6C76
:106E600052B1D5E902308118E960994224BF2968FE
:106E7000E9603046E9F77DFC601EFF2FA86335D13D
:106E800055F8100F00283BD0284600F047FB01467C
:106E9000B9F1000F4FF0010004D000291CBF012000
:106EA000C9F8000088F3118801B0BDE8F08300BF85
:106EB0004FF0500080F31188BFF36F8FBFF34F8FF7
:106EC000FEE700BF286C0028B8D04FF0500080F3D8
:106ED0001188BFF36F8FBFF34F8F00BFFEE700BF76
:106EE000002088F3118801B0BDE8F083781C85F894
:106EF0004400012088F3118801B0BDE8F08300BF91
:106F0000012088F3118801B0BDE8F0832DE9F04F2E
:106F100083B0029160B10446006C98B14FF050000C
:106F200080F31188BFF36F8FBFF34F8FFEE700BF71
:106F30004FF0500080F31188BFF36F8FBFF34F8F76
:106F4000FEE700BF0D4600F0B7F958B955B14FF054
:106F5000500080F31188BFF36F8FBFF34F8F00BFD6
:106F6000FEE700BFFEF7EAFDA16BF9B1481EA06382
:106F7000206810B9F7F7B8FBA06054F8100F70B193
:106F8000204600F0CBFA50B14EF60450CEF200008D
:106F90004FF080510160BFF34F8FBFF36F8F01241B
:106FA000FEF7F0FD204603B0BDE8F08F04F12409A0
:106FB0004FF0000B01206E4602AF4FF000082AE0B0
:106FC000FEF7E0FDFFF714F9FEF7B8FD94F8440072
:106FD000FF2808BF84F844B094F84500FF2808BF94
:106FE00084F845B0FEF7CEFD3046394600F0A0F8F3
:106FF000D0B12046F7F700FA00F0CAFAFEF79EFD7E
:10700000A56BFEF7BFFD002D4ED0FEF797FDA16BDF
:1070100000200029AAD10299C1B3C007D0D03046C0
:10702000FEF792FFCCE700BFFEF788FDD4F838A04A
:10703000FEF7A8FDBAF1000F06D02046F7F7DCF9FD
:1070400000F0A6FAE1E700BF206838B9FEF776FD48
:10705000A06800F019FA8046FEF794FD02994846B0
:10706000FEF784FF2046F7F7C7F900F091FA0028F1
:10707000CBD14EF60450CEF200004FF080510160AB
:10708000BFF34F8FBFF36F8FBFE700BFB8F1000FA3
:1070900022D04FF0500080F31188BFF36F8FBFF301
:1070A0004F8F00BFFEE700BFB8F1000F0AD0FEF718
:1070B00045FDD9F8000058B1206B0068C0F13801D7
:1070C00007E000BF0024204603B0BDE8F08F00BFFA
:1070D0000021A068FEF7C2FF0024FEF753FD204602
:1070E00003B0BDE8F08F000070B578B18668044643
:1070F0000D4600F0DBF8864212D020462946FFF705
:1071000005FF98B1E1680131E16070BD4FF05000BA
:1071100080F31188BFF36F8FBFF34F8FFEE700BF7F
:107120000120E1680131E16070BD00BF002070BD49
:10713000B0B5D8B10D4619B30446FEF7FFFC40F2D6
:10714000743CC2F2000CDCF8182029684B1C21D0DA
:10715000D4E9000EDCF83830834221D072451FD3C9
:107160000124FEF70FFD2046B0BD00BF4FF05000D8
:1071700080F31188BFF36F8FBFF34F8FFEE700BF1F
:107180004FF0500080F31188BFF36F8FBFF34F8F24
:10719000FEE700BF0024FEF7F5FC2046B0BD00BFAF
:1071A000A2EB0E0291420DD9881A2860DCF8380053
:1071B0002060DCF8180060600024FEF7E3FC204645
:1071C000B0BD00BF002001242860FEF7DBFC204694
:1071D000B0BD00002DE9F04383B00746900098460B
:1071E00015468946F7F77CF9F8B106465C20F7F7B3
:1071F00077F9B8B10446DDE90A100022266384F865
:107200005920CDE90010384649462A4643460294A3
:10721000F6F764FE2046F6F7D7FC012003B0BDE880
:10722000F08300BF3046FEF7C5FC4FF0FF3003B0DF
:10723000BDE8F08370B586B00B9CCCB10C9E0EB34C
:107240005C250495049D5C2D26D1049DDDF828C0A5
:10725000022586F8595005AD3463CDE900C5029684
:10726000F6F73CFE3046F6F7AFFC059806B070BD69
:107270004FF0500080F31188BFF36F8FBFF34F8F33
:10728000FEE700BF4FF0500080F31188BFF36F8F0F
:10729000BFF34F8FFEE700BF4FF0500080F311881F
:1072A000BFF36F8FBFF34F8FFEE7000040F27430E3
:1072B000C2F200000068704740F27430C2F2000071
:1072C000016900290FBF01204069B0FA80F0400930
:1072D00018BF40007047000040F27430C2F2000056
:1072E0008069704780B5FEF7E9FC40F27430C2F265
:1072F0000000806980BD00002DE9F04381B040F2BC
:107300007436C2F20006706940B1706B002401301F
:107310007063204601B0BDE8F08300BFB06910F192
:107320000109C6F8189020D3F069006850B14FF0F9
:10733000500080F31188BFF36F8FBFF34F8F00BFF2
:10734000FEE700BFF069316AF1613062B06B013075
:10735000B063F069006828B1F069C068C06840682F
:1073600002E000BF4FF0FF30F062F06A48F2F448EC
:107370008145C2F2000801D200242EE0F069002409
:10738000006813E0F86A716A884288BF706200EB97
:10739000800008EB80002946FEF7B8FBF86A3168E8
:1073A000C96AF269884228BF0124106890B1F06967
:1073B000C068C7683D4655F8040F81450CD3284680
:1073C000FEF734FBB86A0028DCD007F11800FEF79E
:1073D0002DFBD7E74FF0FF30F0623068C06A00EB5A
:1073E000800058F82000012888BF0124306B002855
:1073F00018BF0124204601B0BDE8F08370B588B104
:1074000040F27436C2F2000604463068A0420BD047
:107410004FF0500080F31188BFF36F8FBFF34F8F91
:10742000FEE700BF002070BD206D18B3411EE06A6A
:10743000E26C216590424FF0000008BF70BDC1B9F9
:10744000251D2846FEF7F2FAE06CC0F13801E06233
:10745000A161716A884248F2F44188BF706200EB12
:107460008000C2F2000101EB80002946FEF74EFBCE
:10747000012070BD4FF0500080F31188BFF36F8F73
:10748000BFF34F8FFEE70000F0B581B010B340F2BC
:107490007436C2F200060446C06A3168C96A88427E
:1074A0001CD2A169002904D43168C96AC1F138012C
:1074B000A16148F2F447616900EB8000C2F2000765
:1074C00007EB8000814213D03068C06AE06201207F
:1074D00001B0F0BD002001B0F0BD00BFE16C30682C
:1074E000C26A0020914238BF012001B0F0BD00BF48
:1074F000251D2846FEF79AFA3068C06AE062716A74
:10750000884288BF706200EB800007EB800029464C
:10751000FEF7FCFA012001B0F0BD000070B5C068B4
:10752000C5686DB105F118042046FEF77FFA40F2F8
:107530007436C2F20006706960B106F164001AE0A8
:107540004FF0500080F31188BFF36F8FBFF34F8F60
:10755000FEE700BF2C1D2046FEF768FAE86A716A54
:10756000884248F2F44188BF706200EB8000C2F2AA
:10757000000101EB80002146FEF7C8FAE86A316895
:10758000C96A884292BF00200120306370BD0000AC
:107590002DE9F04140F27435C2F20005686968B126
:1075A000FEF7CCFA686901386861686980B1002427
:1075B000FEF7E8FA2046BDE8F08100BF4FF050002A
:1075C00080F31188BFF36F8FBFF34F8FFEE700BFCB
:1075D000E8680028EBD0686E88B348F2F446C2F23F
:1075E00000064FF0010800BF286FC76807F11800B8
:1075F000FEF71CFA3C1D2046FEF718FAF86A696A85
:10760000884288BF686200EB800006EB800021465C
:10761000FEF77CFAF86A2968C96A884228BFC5F86B
:107620003080686E0028DFD1E869006820B1E86921
:10763000C068C068406801E04FF0FF30E8626C6BE2
:107640004CB10126FFF758FE002818BF2E63013CFD
:10765000F8D100206863286B0028A8D04EF60450AB
:10766000CEF200004FF080510160BFF34F8F012434
:10767000BFF36F8FFEF786FA2046BDE8F081000069
:1076800070B586B0FEF75AFA40F2EC36C2F2000648
:10769000306808BB06F114042046FEF7F5F906F140
:1076A00028052846FEF7F0F948F2014248F2A443C3
:1076B000C6E902450025C2F20002C2F200030A2018
:1076C00010210095FFF726F8306028B148F62E31DA
:1076D000C0F60101FEF722FBFEF754FA3068D8B17C
:1076E0000020CDE9040005A804A903AAFEF7BEF90D
:1076F000DDE903200221059DCDE900104EF26D0069
:10770000C0F6000009A100230295FFF793FD706009
:1077100010B1012006B070BD4FF0500080F3118809
:10772000BFF36F8FBFF34F8FFEE700BF546D722022
:10773000537663005FEA400C08BF91F0000F4FEAF8
:107740008C234FEAC12243EA51514FEA1C5018BF23
:1077500000F5F0404FEA300018BF41F000415FEA09
:107760006C5C00F02980BCF1FF3F08BF40F0804016
:107770007047130C06BF12044FF0100C4FF0000CB2
:10778000130E04BF12020CF1080C130F04BF1201F8
:107790000CF1040C930F04BF92000CF1020CD30FF8
:1077A00004BF52000CF1010C11464FF00002A0F191
:1077B0001F00A0EB0C00704711F0004F08BF70478E
:1077C00031F000413FF4D5AF0B0C06BF09044FF078
:1077D000100C4FF0000C0B0E04BF09020CF1080C4A
:1077E0000B0F04BF09010CF1040C8B0F04BF8900BF
:1077F0000CF1020CCB0F04BF49000CF1010CCCF1D1
:10780000200322FA03F341EA030102FA0CF2A0EB8F
:107810000C0000F10100704723F07F4720F07F4CFF
:1078200080EA030000F00040ACEB070303F57C5353
:1078300003F1FF032DE9804909B44FEA144324EA18
:1078400003484FEA154B25EA0B4E0FF2042606EBD0
:1078500013273E7803FB0667C7F5000707FB06F60C
:107860004FEAD64606F102064FEA543707FB066C8C
:10787000CCF1005C4FEA1C472CEA074C0CFB06F5E8
:1078800007FB06F404EB15464FEA961649085FEA33
:10789000320234BF00204FF000404FEAD13706FBE0
:1078A00007FC4FEA1C4C0CFB0BF7D21B03FB0CF73D
:1078B00061EB07010CFB0EF7B0EB074072EB1742D0
:1078C0000CFB08F734BFA2EB0742B2EB074261EBB7
:1078D00017414FEA0C444FEA910706FB07FC4FEAB9
:1078E0001C4C0CFB0BF7B0EBC74072EB573203FBA1
:1078F0000CF734BFA2EBC742B2EBC74261EB573182
:107900000CFB0EF7B0EBC70072EB57720CFB08F7DD
:1079100034BFA2EBC702B2EBC70261EB57714FEA6B
:10792000816141EA92114FEA826242EA90124FEA83
:10793000806004EBCC04039F4FEAD13706FB07FCC1
:107940004FEA1C4C0CFB0BF7D21B03FB0CF761EB53
:1079500007010CFB0EF7B0EB074072EB17420CFB74
:1079600008F734BFA2EB0742B2EB074261EB1741C5
:107970004FEA8C5504EB9C244FEA910706FB07FC69
:107980004FEA1C4C0CFB0BF7B0EBC74072EB5732C5
:1079900003FB0CF734BFA2EBC742B2EBC74261EB6B
:1079A00057310CFB0EF7B0EBC70072EB57720CFBB4
:1079B00008F734BFA2EBC702B2EBC70261EB577105
:1079C0004FEA816141EA92114FEA826242EA9012E3
:1079D0004FEA806015EB4C2544F100044FEAD137A3
:1079E00006FB07FC4FEA1C4C0CFB0BF7D21B03FBFE
:1079F0000CF761EB07010CFB0EF7B0EB074072EBE5
:107A000017420CFB08F734BFA2EB0742B2EB074268
:107A100061EB17414FEA813141EA92414FEA8232EC
:107A200042EA90424FEA80304FEA0C7615EB1C1583
:107A300044F1000448EA03434EEA0B484FF0000EBD
:107A4000B2EB080C71EB030724BF624639464EEBDC
:107A50000E0E4FF0000B0018524149414BEB0B0B3F
:107A6000B2EB080C71EB03077BF1000B24BF6246FD
:107A700039464EEB0E0E4FF0000B001852414941B3
:107A80004BEB0B0BB2EB080C71EB03077BF1000B1C
:107A900024BF624639464EEB0E0E51EA020718BF6C
:107AA00046F0010616EB0E7655F1000254F1000186
:107AB00003D5BDE88901BDE80088BDE88901BDE8BE
:107AC0000048B619524141EB0101A3F1010370478F
:107AD00080807F7E7D7C7B7A79787776767574730B
:107AE000727171706F6E6E6D6C6C6B6A6A696868CA
:107AF000676666656464636362616160605F5F5E60
:107B00005E5D5D5C5C5B5B5A5A59595858575756D5
:107B1000565555555454535352525251515050503A
:107B20004F4F4F4E4E4D4D4D4C4C4C4B4B4B4A4A8C
:107B30004A494949484848474747474646464545D0
:107B40004544444444434343434242424241414109
:107B500010B546EA06464FEA164646EA42564FEA4E
:107B6000D22242EA41524FEAD121A3F57053A3F148
:107B7000010300F02FF820F0004000F0004700F172
:107B8000020CBCF5006F01EB0050114640EA070003
:107B900000D210BDBAF1000F0AD01CB503B44FF0EB
:107BA00004004FF004014FF000000FBCBDE810408E
:107BB0004FF00001BBF1010FB9BF04484FF0FF3196
:107BC0000348002140EA070010BD00BFFFFFEF7F20
:107BD0000000F07F9C46002B30D477002BD04FEA7A
:107BE00037071CB503B44FF010004FF01001BAF185
:107BF000000F06D0BCF1000FDCBF40F0080040F0E1
:107C000008014FF000000FBCBDE810400BF1010B64
:107C1000BBF1010F08BF5FEA170722BF12F1010293
:107C200011F101014FF0004143F1000300F0004069
:107C300043EA00007047F9D35708D0E746EA064602
:107C40004FEA164613F1400F1FDD13F1200FDFBF7F
:107C500016430A46002120335B42BED0C3F1200701
:107C600046EA06464FEA164602FA07F746EA0706CC
:107C700022FA03F2C3F1200701FA07F742EA0702EA
:107C800021FA03F14FF00003A7E746EA020646EAAD
:107C900006464FEA164646EA0106BCBF46EA0646D5
:107CA000360C4FF000034FF000024FF0000194E754
:107CB0002DE9804C70B49A46934691E8380007C885
:107CC00031EA400C48BF34EA430C03D5FFF7A4FD6A
:107CD000FFF780FFF0BCBDE8008C2DE9804C70B44C
:107CE0009A46934691E8380007C831EA400C48BFED
:107CF00034EA430C03D5FFF78FFDFFF729FFF0BCF3
:107D0000BDE8008C2DE9804C70B49A46934691E80A
:107D1000380007C810F0804F08BF13F0804F03D120
:107D200000F01AF8FFF756FFF0BCBDE8008C2DE913
:107D3000804C70B49A46934691E8380007C810F01A
:107D4000804F08BF13F0804F03D100F005F8FFF714
:107D5000FFFEF0BCBDE8008C20F07F4723F07F4C95
:107D600080EA030000F0004007EB0C03A3F57C530E
:107D7000A3F1FE0392F0000F00F0B38095F0000F26
:107D800000F077802DE901494FEA114021EA0048CF
:107D90004FEA144624EA064700FB06FC08FB06F6F9
:107DA00007FB08F818EB06484CEB164C00FB07F7EE
:107DB00018EB07484CEB17404FEA124B22EA0B4EE8
:107DC0004FEA154625EA06470BFB06FC0EFB06F6B6
:107DD00007FB0EFE1EEB064E4CEB164C0BFB07F79B
:107DE0001EEB074E4CEB174B18EB0B0840F1000055
:107DF00018EB0E0B58EB000840F100008F1A4FF003
:107E000000014FF000063CBFC943661B14BFB5EB31
:107E1000040C00213CBFC943F61B4FEA174427EA74
:107E200004454FEA1C472CEA074C04FB076205FB9C
:107E300007F70CFB05F616EB074642EB174204FB6F
:107E40000CFC16EB0C4642EB1C421BEB060658EBF7
:107E5000020241414EEA8E0E46EA9E0601D5BDE879
:107E60000189B619524141EB0101A3F10103BDE8BB
:107E700001894FEA144524EA05464FEA114721EAF1
:107E8000074C05FB07F406FB07F70CFB06F111EBAB
:107E9000074144EB174405FB0CFC11EB0C4144EB90
:107EA0001C444FEA124722EA074C05FB07F206FB87
:107EB00007F70CFB06F616EB074642EB174205FBED
:107EC0000CFC16EB0C4642EB1C456A1854F1000101
:107ED00048BF7047B619524141EB0101A3F10103BC
:107EE000704795F0000F37D04FEA114221EA024661
:107EF0004FEA144724EA074C02FB07F106FB07F799
:107F00000CFB06F414EB074441EB174102FB0CFC9D
:107F100014EB0C4441EB1C414FEA154725EA074C92
:107F200002FB07F506FB07F70CFB06F616EB074608
:107F300045EB174502FB0CFC16EB0C4645EB1C42CF
:107F4000121951F1000148BF7047B619524141EB77
:107F50000101A3F1010370474FEA144524EA0546E5
:107F60004FEA114721EA074C05FB07F106FB07F72B
:107F70000CFB06F212EB074241EB174105FB0CFC30
:107F800012EB0C4251EB1C414FF0000648BF70470A
:107F9000921841EB0101A3F10103704703B401986A
:107FA0004100009850EAC12018BF04204A0D18BFB4
:107FB00040F0010040F2FF72B2EB515F08BF40F0A9
:107FC0000200012808BF052002B070470000000031
:107FD00030B52DED048B81B0B0EE408AF0EE608AB2
:107FE0006A4651EC180B00F013F900989FED329B94
:107FF0007E300090002821DC53EC192B51EC180B3B
:1080000000F0BEF91AD0002140F608004FF0000041
:10801000044651EC180B00F06DF908EE100A40F61A
:10802000080004EA00014FF00000B5EEC08AF1EE4E
:1080300010FA04BF0220E9F7D2FD2DE00098FF28D6
:1080400030DB002108464FF0000000F4400553ECFF
:10805000192B51EC180B00F009FB8CBF00240124F4
:108060000220E9F7BCFD9FED168A4DB1002C0CBF34
:108070004FF400004FF48000A84218BF9FED118A12
:10808000042108464FF00000002C01BFB1EE480A61
:1080900001B0BDEC048B30BDB0EE480A01B0BDECC0
:1080A000048B30BD51EC180B00F024F901B000EE48
:1080B000100ABDEC048B30BD000000000000000081
:1080C0000000807FFFFF7F7F30B540F2FF742DED11
:1080D000048BF0EE608A18EE901A85B0B0EE408AFC
:1080E0009FED2B9B05468DED008B34EA115147D057
:1080F00053EC192B51EC180B00F042F940D02A46F2
:1081000051EC180B00F0A2FB41EC180B18EE900A92
:108110008DED008B34EA10501CD053EC192B51EC30
:10812000180B00F02DF92BD10220E9F758FD00F0D3
:1081300043F810EE901A18EE900A8DED020B8DEDBB
:10814000008B61F31E0003909DED020B05B0BDECAA
:10815000048B30BD0220E9F742FD00F01DF810EE5F
:10816000901A18EE900A8DED020B8DED008B61F3E5
:108170001E0003909DED020B05B0BDEC048B30BDDD
:1081800005B0B0EE480AF0EE680ABDEC048B30BDD5
:1081900000000000000000009FED050B10B553EC3F
:1081A000102B51EC100B00F063F941EC100B10BDDB
:1081B00000000000000000709FED050B10B553ECAF
:1081C000102B51EC100B00F053F941EC100B10BDCB
:1081D000000000000000001010B5044691ED000BF7
:1081E000FFF7F6FE84ED000A10BD10B5044690EDD1
:1081F000000B0846FFF768FF84ED000B10BD303818
:108200000A2801D2012070470020704700000000BA
:1082100010B582B01446CDE900010023009A236016
:10822000194B21F0004098422ADA024328D0B0F5D9
:10823000801FA8BF226810DA9FED150B53EC102B9E
:108240009DED000B51EC100B00F012F9CDE900018F
:108250006FF0350221F0004022600F4B6FF31E518A
:1082600003EB20501044206041F0FF5040F00050DC
:1082700001909DED000B00BF02B051EC100B10BD42
:108280009DED000BF8E700000000F07F000000000B
:10829000000000000000504302FCFFFF10B5002961
:1082A0000AD00878002807D005487844E9F708FC88
:1082B000002801D0002010BD0248784410BD000005
:1082C000261900001E19000010B500290AD00878F0
:1082D000002807D005487844E9F7F2FB002801D0D0
:1082E000002010BD0248784410BD00000A1A0000AA
:1082F000021A000021F0004201F00043A2F1605296
:10830000B2F5801F28BFD2F17F6C0BD95FEA001C49
:1083100043EAC20242EB507018BF704728BF20F0FA
:1083200001007047B2F5801FBCBF184670474FEA86
:10833000410C1CF5001F02D2084600F04BBA70B584
:1083400000F040F900000089FFF7F6BF4FF0004051
:10835000A0F580007047000002494FF0000000F0D7
:1083600043BA00BF0000F87F491058BFC1F1404137
:108370005B1058BFC3F140438B42EFF3008070475E
:1083800051EA030C17D41CF5801F58BFBCF5801FA1
:1083900000F10680994218BF704708BF90427047AD
:1083A00007D711F5801F58BF13F5801F19D49942C4
:1083B0007047894270471CF5801F08D5BCF5801FA7
:1083C000F7D58B4218BF704708BF824270474FF401
:1083D000001C1CEB410F38BF1CEB430F01D28B423A
:1083E000704770B500F0EEF8922449004FF000514C
:1083F0004FF08053FFF7B8BF51EA030C17D41CF5B8
:10840000801F58BFBCF5801F00F10680994218BF3D
:10841000704708BF9042704707D711F5801F58BFBB
:1084200013F5801F19D499427047894270471CF593
:10843000801F08D5BCF5801FF7D58B4218BF704749
:1084400008BF824270474FF4001C1CEB410F38BF3D
:108450001CEB430F01D28B42704770B500F0B2F8AD
:10846000922449004FF000514FF08053FFF77CBF3A
:1084700070B5DFF848C11CEA111E1EBF1CEA1315B7
:108480009EEA0C0F95EA0C0F00F06F8081EA03045E
:108490004EEAD47EAE4421EA4C1123EA4C1341F457
:1084A000801143F48013AEF17F7EA1FB024CA0FB50
:1084B0000365361955EB0C05A1FB034C4CF1000389
:1084C000A0FB021C16EB0C06654153F100030942A8
:1084D00018BF46F0010613F4007F0BD14FEA0331B9
:1084E0004FEA053041EA155140EA165034036FF067
:1084F00003020AE04FEAC3214FEAC52041EA555181
:1085000040EA5650F4026FF0020202EB2E4201EBF9
:10851000025585EACE710AD05FEA440C18BF24F0F8
:10852000004450F1000041F1000120EAD47040F213
:10853000FE7C624500D270BDA84214BF4FF080445B
:108540004FF04044002E08BF0024BEF1806FA8BF4A
:10855000A1F1C041BDE8704080F2828001F1C041CC
:1085600001F000414FF0000070470CEA13159EEA3D
:108570000C0F18BF95EA0C0F06D081EA030E4FF0DE
:1085800000000EF0004170BD00F01CF88900013EB3
:1085900000F007B800F009B84FEA430C5FEA5C5CF2
:1085A00008D081EA030100F05BB84FEA410C5FEAB2
:1085B0005C5CF6D102494FF0000070470000FF07F5
:1085C0000000F87F0EF1020E2EF0030E5EF8046B31
:1085D000364205D4012A43EB030515F5001F12D8D6
:1085E000012841EB010C1CF5001F0CD80ED14FEAFD
:1085F000D17C0CEB4C0C0CF1020C15F5001F08BFE4
:108600004CEBD37C04E04FF0080C01E04FEAD37C44
:108610000CEB4C0526FA05F606F00706B6F1040C3D
:1086200006D20EEB860CBDE870404CF0010C6047A2
:10863000DFE80CF0090B02024FF00041A1F5002128
:108640004FF0000070BD19461046012851EB01049F
:1086500018BFD4F5001484BF002001F0004170BDA4
:108660000808A0F500114FEA3101704753EA010CE8
:1086700017D41CF5801F58BFBCF5801F00F1068081
:108680008B4218BF704708BF8242704707D713F567
:10869000801F58BF11F5801F19D48B4270479B4231
:1086A00070471CF5801F08D5BCF5801FF7D599428F
:1086B00018BF704708BF904270474FF4001C1CEB76
:1086C000430F38BF1CEB410F01D2994270470FB4E2
:1086D0000CBC03BCFFF7C1BE43004FEAD30C4FEA0A
:1086E0003C0C43401FBF40070CF1605113F0FE4F9C
:1086F00070471CF0006F03D10CF000410020704760
:108700000CF0004343EA507040EACC0010B500F092
:108710000EF800BF000000924FEA0001FFF7A0BF73
:108720004FF00041A1F500214FF0000070470EF11D
:10873000020E2EF0030E5EF8044B244204D44FEADE
:108740004102B2F17F4F11D84FEA4003B3F17F4F9E
:108750000CD80ED14FEAD07C0CEB4C0C0CF1020C77
:10876000B2F17F4F08BF4CEBD17C04E04FF0080C16
:1087700001E04FEAD17C0CEB4C0324FA03F404F043
:108780000704B4F1040C06D20EEB840CBDE81040D3
:108790004CF0010C6047DFE80CF0070802024FF0D4
:1087A0000040A0F5800010BD0846420018BFD2F17D
:1087B000807288BF00F0004010BDF1EE100A4FF645
:1087C000FF71C0F2C03120EA010040F04070E1EEDC
:1087D000100A7047FF2141EAD050C00570474FF0A2
:1087E00000007047E8F797B90CF00F03092B08BF9A
:1087F000082000F05F800A2B0BD0082B18BF7047B1
:1088000008BF1CF0400F0AD04FF000004FF00001ED
:1088100070471CF0400F18BF4FF0004070471CF02D
:10882000100F08D000F07F4220F0704342EAD301DD
:108830004FEA4370704700F0604021F07F4242EA07
:10884000000201F07F4040EA727070474FF0FF0C69
:108850004CF4E06C1CEA11531CBF9CEA030C9445D9
:10886000C2BFDA4201EB02517047002B0DD0BCF1C0
:10887000000F0FD001F00041002AA4BF41F0E041F9
:1088800041F07F614FF00000704701F000414FF070
:108890000000704750EA01334FF09B0C18BF4CF0BA
:1088A000806C7FF459AD7047E8F7DABBE9F7ACB9F3
:1088B000E9F73ABB1CF4801F11D01CF4E02F03D061
:1088C0006FEACC31490070474FF04050EFF300821F
:1088D00022F0704242EA000282F3008870474FF0B3
:1088E0000000704702400000000000A000000000EF
:1088F00005400000000000C8000000000C4000001F
:108900000000409C00000000194000000020BCBE98
:108910000000000034400000BFC91B8E00000004AE
:10892000B5400000504BCFD06607E2CF01000000F9
:108930006C4100003E8251AADFEEA7340100000026
:10894000D9420000DCB5A0E23A301F97FFFFFFFFDD
:10895000B4450000FD25A0C8E9A3C14FFFFFFFFFFC
:10896000FF3F00000000008000000000FF3F00000B
:1089700000000080000000003A7474003A74740033
:108980003A747400000000000000000001020304BB
:10899000060708090000000001020304228B0108F9
:1089A00000000000000000000000000000000000C7
:1089B000000200001800000000000000000000009D
:1089C000FFFFFFFFFFFF00000000000000000000AD
:1089D000FFFFFFFFFA000000A1400108E8030000CC
:1089E000919A0008E80300002984000860EA00006A
:1089F00021560008F4010000115D000818000F0066
:108A00004C0900208404002010000200B70A002056
:108A10008804002028000400DA0A00208C040020CA
:108A200010001000803100209C0400206002100023
:108A30007D0B0020A00400202000050083320020D0
:108A40008004002020060C0026330020FC83002038
:108A500010000D00A97C00209804002010000800E0
:108A60007C7D00209004002010000800FF7D002085
:108A7000940400209C000500657F00207404002001
:108A80001C000800827E00207804002010001000E6
:108A9000748200207C0400202000040077830020E2
:108AA00070040020988A0108748A0108808A0108ED
:108AB0008C8A0108388A0108FC890108088A0108A3
:108AC000148A01085C8A0108688A0108508A010832
:108AD000208A01082C8A0108476F6F64627965203B
:108AE000636C69656E745F412100353438373837FF
:108AF000004D31313331373034355F41004C6162E4
:108B0000372F4C454400252E3266004C6162372FCA
:108B10004C6173745F77696C6C007261796D696127
:108B20006F0064656661756C745461736B00546D9D
:108B3000725100417373657274696F6E20222573E0
:108B400022206661696C6564206174206C696E65C1
:108B500020256420696E2025730A002E2E2F4D6972
:108B600064646C6577617265732F54686972645FC1
:108B700050617274792F4C7749502F7372632F6153
:108B800070692F74637069702E630074637069700C
:108B90005F7468726561643A20696E76616C6964BD
:108BA000206D65737361676500496E76616C6964F9
:108BB000206D626F78006D656D5F6D616C6C6F63C9
:108BC0003A20616C6C6F6361746564206D656D6FD4
:108BD00072792070726F7065726C7920616C696750
:108BE0006E65642E00706C75675F686F6C65733AB4
:108BF000206D656D2D3E6E657874203C3D204D45A1
:108C00004D5F53495A455F414C49474E4544002EFC
:108C10002E2F4D6964646C6577617265732F54689B
:108C20006972645F50617274792F4C7749502F7369
:108C300072632F636F72652F6D656D2E63006D65B6
:108C40006D5F667265653A20696C6C6567616C2062
:108C50006D656D6F72793A206E6F6E2D6C696E6BFB
:108C600065643A20646F75626C65206672656500A4
:108C70006D656D5F667265653A20696C6C656761EC
:108C80006C206D656D6F72793A20646F75626C65EA
:108C9000206672656500696E76616C6964206E6538
:108CA000787420707472002E2E2F4D6964646C6588
:108CB00077617265732F54686972645F5061727472
:108CC000792F4C7749502F7372632F636F72652F22
:108CD0006D656D702E6300696E76616C69642070DD
:108CE0006F6F6C2064657363006D656D705F667295
:108CF00065653A206D656D2070726F7065726C7974
:108D000020616C69676E6564006D656D705F6D6193
:108D10006C6C6F633A206D656D702070726F70655A
:108D2000726C7920616C69676E6564002E2E2F4D20
:108D30006964646C6577617265732F5468697264E5
:108D40005F50617274792F4C7749502F7372632F83
:108D5000636F72652F6E657469662E63007062754D
:108D6000665F636F7079282920646F6573206E6F6A
:108D70007420616C6C6F77207061636B6574207117
:108D800075657565732100286820213D204E554C7E
:108D90004C2920262620287420213D204E554C4C5D
:108DA00029202870726F6772616D6D657220766917
:108DB0006F6C61746573204150492900702D3E74B9
:108DC0006F745F6C656E203D3D20702D3E6C656E4E
:108DD00020286F66206C617374207062756620694C
:108DE0006E20636861696E29007020213D204E5518
:108DF0004C4C00702D3E6E657874203D3D204E55E4
:108E00004C4C002E2E2F4D6964646C657761726541
:108E1000732F54686972645F50617274792F4C7754
:108E200049502F7372632F636F72652F706275667E
:108E30002E6300706275665F636F7079206661698A
:108E40006C656400696E76616C6964207062756639
:108E50005F7479706500696E6372656D656E745FCD
:108E60006D61676E6974756465203C3D20702D3EB0
:108E70006C656E007062756620726566206F76653F
:108E800072666C6F77007463705F667265653A2016
:108E90004C495354454E007463705F736C6F777424
:108EA0006D723A2054494D452D5741495420706305
:108EB000622D3E7374617465203D3D2054494D45DB
:108EC0002D57414954007463705F736C6F777469F8
:108ED0006D723A2070657273697374207469636B84
:108EE000696E67207769746820696E2D666C6967A2
:108EF00068742064617461007463705F6162616EA4
:108F0000646F6E3A20696E76616C6964207063628A
:108F1000002E2E2F4D6964646C6577617265732F26
:108F200054686972645F50617274792F4C7749504C
:108F30002F7372632F636F72652F7463702E6300DB
:108F40006E65775F7263765F616E6E5F776E6420C9
:108F50003C3D20307866666666007463705F736CB3
:108F60006F7774696D723A207065727369737420DB
:108F70007469636B696E67207769746820656D70CA
:108F800074792073656E642062756666657200741C
:108F900063705F736C6F77746D723A206D6964648F
:108FA0006C652074637020213D207463705F616381
:108FB000746976655F70636273007463705F736C6D
:108FC0006F77746D723A2066697273742070636291
:108FD000203D3D207463705F6163746976655F70E6
:108FE000636273007463705F736C6F77746D723A51
:108FF000206D6964646C652074637020213D207469
:1090000063705F74775F70636273007463705F7323
:109010006C6F77746D723A20666972737420706336
:1090200062203D3D207463705F74775F706362738C
:10903000007463705F726563656976653A20746376
:10904000706C656E203E207263765F776E640A00F6
:109050007463705F726563656976653A206F6F73DC
:109060006571207463706C656E203E207263765F5C
:10907000776E640A007463705F7265636569766514
:109080003A207365676D656E74206E6F742074721C
:10909000696D6D656420636F72726563746C7920AD
:1090A000746F207263765F776E640A007463705F1A
:1090B000696E7075743A207063622D3E6E657874C7
:1090C00020213D2070636220286265666F726520F2
:1090D000636163686529007463705F696E7075749D
:1090E0003A207063622D3E6E65787420213D2070B9
:1090F0006362202861667465722063616368652914
:10910000007063622D3E736E645F71756575656C8A
:10911000656E203E3D20706275665F636C656E28EB
:109120006E6578742D3E7029007063622D3E726505
:1091300066757365645F64617461203D3D204E55C2
:109140004C4C007463705F696E7075743A20616393
:1091500074697665207063622D3E73746174652056
:10916000213D204C495354454E007463705F696E35
:109170007075743A20616374697665207063622D3E
:109180003E737461746520213D2054494D452D572F
:10919000414954007463705F696E7075743A20546D
:1091A000494D452D57414954207063622D3E7374DB
:1091B000617465203D3D2054494D452D574149542A
:1091C000002E2E2F4D6964646C6577617265732F74
:1091D00054686972645F50617274792F4C7749509A
:1091E0002F7372632F636F72652F7463705F696E84
:1091F0002E63007463705F77726974653A206172E0
:1092000067203D3D204E554C4C202870726F677290
:10921000616D6D65722076696F6C61746573204154
:10922000504929007463705F656E71756575655F7F
:10923000666C6167733A206E656564206569746861
:109240006572205443505F53594E206F722054432F
:10925000505F46494E20696E20666C616773202816
:1092600070726F6772616D6D65722076696F6C6187
:10927000746573204150492900756E73656E745F83
:109280006F76657273697A65206D69736D61746359
:109290006820287063622D3E756E73656E74206958
:1092A00073204E554C4C29006F76657273697A6550
:1092B000203D3D203000707265765F736567202128
:1092C0003D204E554C4C007463705F777269746535
:1092D0003A20696E76616C69642070636200746321
:1092E000705F6F75747075745F616C6C6F635F68CD
:1092F00065616465723A20696E76616C696420709C
:109300006362007463705F7265786D69745F727414
:109310006F5F636F6D6D69743A20696E76616C6919
:109320006420706362002E2E2F4D6964646C657733
:10933000617265732F54686972645F5061727479E9
:109340002F4C7749502F7372632F636F72652F74A0
:1093500063705F6F75742E63007463705F777269FA
:1093600074653A20524F4D207062756673206361B8
:109370006E6E6F74206265206F76657273697A65B0
:109380006400696E636F6E73697374656E74206FC9
:1093900076657273697A652076732E2073706163C7
:1093A00065007463705F77726974653A20657874DC
:1093B000656E73696F6E206F662072656665726593
:1093C0006E6365207265717569726573207265667A
:1093D0006572656E6365006E65656420756E6368B1
:1093E00061696E65642070627566007463705F7792
:1093F000726974653A2076616C696420717565756F
:1094000065206C656E677468007463705F656E716B
:10941000756575655F666C6167733A20696E766124
:109420006C6964207175657565206C656E6774681C
:10943000007463705F656E71756575655F666C61FC
:1094400067733A20696E76616C6964207365676D35
:10945000656E74206C656E67746800696E636F6E0C
:1094600073697374656E74206F76657273697A655B
:109470002076732E206C656E007463705F7772695E
:1094800074653A2063616E6E6F7420636F6E636102
:1094900074656E617465207768656E207063622DF7
:1094A0003E756E73656E7420697320656D70747996
:1094B000002E2E2F4D6964646C6577617265732F81
:1094C00054686972645F50617274792F4C774950A7
:1094D0002F7372632F636F72652F74696D656F757B
:1094E00074732E63007379735F74696D656F75743F
:1094F0003A2074696D656F757420213D204E554C7E
:109500004C2C20706F6F6C204D454D505F5359535C
:109510005F54494D454F555420697320656D7074F3
:1095200079007564705F73656E64746F5F69665F00
:109530007372633A20696E76616C6964207063624D
:10954000002E2E2F4D6964646C6577617265732FF0
:1095500054686972645F50617274792F4C77495016
:109560002F7372632F636F72652F7564702E6300A3
:109570007564705F73656E64746F5F69665F737244
:10958000633A20696E76616C69642070627566006A
:109590007564705F73656E64746F5F69665F737224
:1095A000633A20696E76616C6964206473745F69E4
:1095B00070006C656E203D3D2031006C656E203D75
:1095C0003D2034006E6574696620213D204E554C67
:1095D0004C00646863705F6F7074696F6E5F62796E
:1095E00074653A206F7074696F6E735F6F75745F26
:1095F0006C656E203C20444843505F4F5054494FA7
:109600004E535F4C454E00646863705F6F707469C1
:109610006F6E5F73686F72743A206F7074696F6EEB
:10962000735F6F75745F6C656E202B2032203C3D3C
:1096300020444843505F4F5054494F4E535F4C4570
:109640004E00646863705F6F7074696F6E5F6C6FFB
:109650006E673A206F7074696F6E735F6F75745FB9
:109660006C656E202B2034203C3D20444843505FE5
:109670004F5054494F4E535F4C454E0064686370E1
:109680005F6F7074696F6E3A206F7074696F6E737C
:109690005F6F75745F6C656E202B2032202B206FFE
:1096A0007074696F6E5F6C656E203C3D204448436A
:1096B000505F4F5054494F4E535F4C454E002E2E35
:1096C0002F4D6964646C6577617265732F546869A6
:1096D00072645F50617274792F4C7749502F7372A6
:1096E000632F636F72652F697076342F64686370BF
:1096F0002E6300646863705F7063625F72656663A7
:109700006F756E7428293A20726566636F756E7482
:10971000206572726F72006E657469662D3E68779F
:10972000616464725F6C656E206D75737420626530
:10973000207468652073616D65206173204554480D
:109740005F4857414444525F4C454E20666F72203B
:1097500065746861727021006970616464722021AF
:109760003D204E554C4C002E2E2F4D6964646C6587
:1097700077617265732F54686972645F50617274A7
:10978000792F4C7749502F7372632F636F72652F57
:10979000697076342F6574686172702E63002E2EA6
:1097A0002F4D6964646C6577617265732F546869C5
:1097B00072645F50617274792F4C7749502F7372C5
:1097C000632F636F72652F697076342F69636D70D4
:1097D0002E6300702D3E726566203D3D2031002EC7
:1097E0002E2F4D6964646C6577617265732F5468C0
:1097F0006972645F50617274792F4C7749502F738E
:1098000072632F636F72652F697076342F697034BD
:109810002E63002E2E2F4D6964646C65776172652E
:10982000732F54686972645F50617274792F4C773A
:1098300049502F7372632F636F72652F697076348E
:109840002F6970345F667261672E630073616E69A1
:10985000747920636865636B206C696E6B65642046
:109860006C697374006D7174745F636C69656E7498
:109870005F636F6E6E6563743A20636C69656E74C6
:109880005F696E666F2D3E77696C6C5F746F70698F
:1098900063206C656E677468206D757374206265F3
:1098A000203E2030006D7174745F636C69656E7466
:1098B0005F636F6E6E6563743A20636C69656E7486
:1098C0005F696E666F2D3E636C69656E745F75735C
:1098D0006572206C656E677468206D7573742062A4
:1098E00065203E2030006D7174745F636C69656E35
:1098F000745F636F6E6E6563743A20636C69656E46
:10990000745F696E666F2D3E636C69656E745F701F
:10991000617373206C656E677468206D7573742055
:109920006265203E2030006D7174745F72696E67ED
:109930006275665F616476616E63655F6765745FBB
:109940006964783A206C656E203C204D5154545F18
:109950004F55545055545F52494E474255465F53F8
:10996000495A45006D7174745F636C69656E745F0C
:10997000636F6E6E6563743A20636C69656E745FC5
:10998000696E666F2D3E636C69656E745F696420F5
:10999000213D204E554C4C006D7174745F617070A8
:1099A000656E645F726571756573743A2074696D74
:1099B000655F6265666F7265203C3D204D51545471
:1099C0005F5245515F54494D454F5554002E2E2F3F
:1099D0004D6964646C6577617265732F5468697250
:1099E000645F50617274792F4C7749502F737263A2
:1099F0002F617070732F6D7174742F6D7174742E6C
:109A000063006D7174745F7075626C6973683A207D
:109A100054435020646973636F6E6E65637465644C
:109A2000006D7174745F636C69656E745F636F6EF3
:109A30006E6563743A20636C69656E745F696E6607
:109A40006F2D3E77696C6C5F746F706963206C6515
:109A50006E677468206F766572666C6F77006D71E3
:109A600074745F636C69656E745F636F6E6E65635B
:109A7000743A20636C69656E745F696E666F2D3E23
:109A8000636C69656E745F6964206C656E67746889
:109A9000206F766572666C6F77006D7174745F63AA
:109AA0006C69656E745F636F6E6E6563743A206394
:109AB0006C69656E745F696E666F2D3E77696C6C5C
:109AC0005F6D7367206C656E677468206F76657272
:109AD000666C6F77006D7174745F636C69656E742A
:109AE0005F636F6E6E6563743A20636C69656E7454
:109AF0005F696E666F2D3E636C69656E745F75732A
:109B00006572206C656E677468206F766572666C2E
:109B10006F77006D7174745F636C69656E745F63F9
:109B20006F6E6E6563743A20636C69656E745F690D
:109B30006E666F2D3E636C69656E745F70617373E2
:109B4000206C656E677468206F766572666C6F77DF
:109B5000006D7174745F636C69656E745F636F6EC2
:109B60006E6563743A2072656D61696E696E675FD8
:109B70006C656E677468206F766572666C6F7700CF
:109B800025642E25640025660001020304050607EE
:109B900007070707070703060C1830607800000066
:109BA000009D01080000002040000000E8010008BE
:109BB000409D0108400000203821010004020008F7
:109BC000000000000000F07FFFFFFFFFFFFFEF7FBE
:109BD0001001000043000000F8FFFFFF004040407C
:109BE0004040404040404141414141404040404070
:109BF000404040404040404040404040400502021C
:109C000002020202020202020202020202202020DA
:109C10002020202020202002020202020202909036
:109C20009090909010101010101010101010101034
:109C30001010101010101010020202020202888888
:109C40008888888808080808080808080808080894
:109C5000080808080808080802020202400000007C
:109C600000000000000000000000000000000000F4
:109C700000000000000000000000000000000000E4
:109C800000000000000000000000000000000000D4
:109C900000000000000000000000000000000000C4
:109CA00000000000000000000000000000000000B4
:109CB00000000000000000000000000000000000A4
:109CC0000000000000000000000000000000000094
:109CD0000000000000000000000000000000000084
:109CE0001C00000043000000F8FFFFFF0C00000014
:109CF0000E0000000F0000002E0000000000000019
:109D00000000000000000000000000000100000052
:109D10001000000000C000006E190000712A000849
:109D2000692A0008A52A0008852A00086D2A00086B
:109D30000024F40000C00000AAAAAAAA00000000A3
:04000005080001AD41
:00000001FF
