:020000040800F2
:10000000E0550020C1010008513C000841390008BA
:100010004D3C0008B10F000831410008000000000D
:10002000000000000000000000000000D13C0008BB
:100030005113000800000000613C0008FD3C00086E
:10004000DB010008DB010008DB010008DB01000820
:10005000DB010008DB010008DB010008DB01000810
:10006000DB010008551300085D130008DB010008E0
:10007000DB010008DB010008DB010008DB010008F0
:100080003913000845130008DB010008DB010008F4
:10009000DB010008DB010008DB010008DB010008D0
:1000A000DB010008E13D0008DB010008DB0100087E
:1000B000DB010008DB010008DB010008DB010008B0
:1000C000DB010008DB010008DB010008DB010008A0
:1000D000DB010008DB01000825410008DB01000806
:1000E000DB010008DB010008DB010008DB01000880
:1000F000DB010008DB010008DB010008DB01000870
:10010000DB010008DB010008DB010008DB0100085F
:10011000DB010008DB010008DB010008DB0100084F
:10012000DB010008DB010008DB010008DB0100083F
:10013000DB010008DB010008DB010008DB0100082F
:10014000DB010008DB010008DB010008DB0100081F
:10015000DB010008DB010008DB010008DB0100080F
:10016000DB010008DB010008DB010008DB010008FF
:10017000DB010008DB010008DB01000800000000D3
:10018000DB010008DB010008DB010008DB010008DF
:10019000DB010008DB010008DB010008DB010008CF
:1001A000DB010008DB010008DB010008DFF80CD0F0
:1001B00000F096FC004800475D430008E055002031
:1001C0000648804706480047FEE7FEE7FEE7FEE7F1
:1001D000FEE7FEE7FEE7FEE7FEE7FEE7CD3D0008AF
:1001E000AD0100082DE9F05F0546002092469B46D0
:1001F00088460646814640241BE02846414647463D
:10020000224600F049FA53465A46C01A914110D38B
:1002100011461846224600F030FA2D1A67EB010805
:100220004F4622460120002100F027FA17EB000973
:100230004E41201EA4F10104DFDC484631462A4627
:100240004346BDE8F09F40EA01039B0703D009E065
:1002500008C9121F08C0042AFAD203E011F8013BB2
:1002600000F8013B521EF9D27047D2B201E000F80B
:10027000012B491EFBD270470022F6E710B513464A
:100280000A4604461946FFF7F0FF204610BD00005D
:100290000FB400B58DB010A909900B9000914FF0EC
:1002A000FF300A9000200C90054806900548079002
:1002B0006A4609A80F9900F005FA0DB05DF814FB25
:1002C000E1060008FF0600082DE9FF4F087883B01B
:1002D0009946FF2805D0491C2D2804D00024002071
:1002E00008E000200BE00124F9E700EB800003EBBD
:1002F0004000491C0B78FF2BF7D104B1404200238A
:100300000293147819461D462D2C01D02B2C04D1B4
:10031000521C2D2C13D000240294AA461478FF2CD2
:100320000FD00A25A3FB057801FB05814FF0000CD7
:1003300003FB0C11521CE3194AEB0101EEE7012407
:10034000EAE7814453EA010002D019F5C87F06DAD2
:1003500003980021C0E9001107B0BDE8F08F002527
:10036000AE4E2F46DFF8B882184600F061FBCDE9AB
:100370000001B9F1000002DAC9F1000400E004460E
:100380000023A74A1AEB030B42EB045A12E0E007E2
:1003900007D02A4633463846414600F068FA0746F9
:1003A00088462A4633461046194600F060FA05464C
:1003B0000E466410002CEAD1DDE90001B9F1000F0E
:1003C0005A46534606DA00F0C4FA3A46434600F06D
:1003D000C0FA05E000F04BFA3A46434600F047FA0F
:1003E000029A0AB181F00041039AC2E90001B3E721
:1003F0002DE9FF4F1F468DB0D7E901464FF0FF387A
:100400002E2045464FF000090B90B9696D1C0E98DF
:100410008847396A824688470028F6D1BAF1FF3FFB
:100420000AD024F4D064002E11DDBAF12B0F08D0CD
:10043000BAF12D0F0BD102E0404611B08DE744F424
:100440008064B9696D1C0E9888478246761E69469D
:10045000600501D52D2000E02B208DF8000001F172
:10046000010B0DF1200809E0B9696D1C0E98884751
:1004700082460F9844F40074761E0560002E02DD5B
:10048000BAF1300FF0D00B998A453ED144F0800488
:1004900006E00F99681CA9F1010944F40074086092
:1004A000B9696D1C761E0E98884782463028F0D0B8
:1004B0002BE00B998A4505D1200603D444F0800433
:1004C000761E18E0504607F035FE08B30DF1130212
:1004D000761EAAF1300044F40074934506D20BF85E
:1004E000010B200607D5A9F1010003E0200602D484
:1004F00009F101008146A00502D50F99681C08602A
:10050000B9696D1C0E9888478246002ED1DC53E0F5
:10051000002E51DDBAF1650F02D0BAF1450F4BD173
:10052000A00549D5B9696D1C24F44074761E0E9857
:1005300088478246002E0CDD2B2804D0BAF12D0FFF
:1005400007D144F48074B9696D1C0E9888478246BF
:10055000761EE00501D52D2100E02B2108F8011BB6
:10056000CDF82C8021E00DF12901761E44F40074B1
:1005700088450CD2AAF1300010F0FF0088F8000086
:1005800002D10B99884509D908F1010806E0E00578
:1005900001D5244801E042F20F708146B9696D1C13
:1005A0000E98884782460F980560002E04DD50465D
:1005B00007F0C0FD0028D6D1F9690E988847FF20C2
:1005C0008BF8000088F800000020069007904B464A
:1005D0006A4608A906A8FFF777FEA00502D46FF0C7
:1005E00001002AE714F0240F0AD0E00714D1DDE956
:1005F00006123868031D3B600068C0E900120BE07A
:10060000DDE9060100F050FA0146E00704D1386840
:10061000021D3A600068016028460EE700001440A1
:100620000000F03FF1D8FFFF00F0004230F0004042
:100630000AD0C10D01F56071C0F3160042EA015104
:10064000C20840071143704700200146704730B58B
:100650000B46014600202022012409E021FA02F580
:100660009D4205D303FA02F5491B04FA02F528441A
:10067000151EA2F10102F1DC30BD202A04DB203A74
:1006800000FA02F1002070479140C2F1200320FAE5
:1006900003F3194390407047202A04DB203A21FAE3
:1006A00002F00021704721FA02F3D040C2F120028B
:1006B000914008431946704702681144137801605D
:1006C00018467047D1600449516104491162002104
:1006D0001161114600F02EBAB9060008290B000876
:1006E000426842B1016811F8013B23B1521EC0E9D2
:1006F0000012184670470121C160881E7047426889
:100700005AB1C368016843B983688B4205D0491E5A
:10071000521CC0E90012002070474FF0FF307047B4
:100720002DE9FE4F804681EA0300C00F0C46009081
:1007300021F0004123F00045B8EB0200A94105D2A9
:100740004046214690461C460B46024623F0004098
:10075000104347D0270DC7F30A00C3F30A51029094
:10076000401A019040286BDAC3F3130040F4801B59
:100770000098924620B10023D2EB030A63EB0B0BE7
:1007800001985946C0F140025046FFF776FF0646F1
:100790000D4650465946019A00F0B4F910EB080096
:1007A0006141002487EA115284EAE7731A4340D07A
:1007B000009A62B3019A012A4FEA075215DC001B26
:1007C00061EB02014FF0004202EA0752CDE900421C
:1007D000001C41F5801132462B4600F087FB03B028
:1007E000BDE8F08F40462146F9E7001B61EB0201AE
:1007F000001C41F5801300185B412018A2F500177A
:1008000047EB030140EAD570B6196D4111E06D0860
:100810004FEA360645EAC0754FEA0752001B61EB06
:100820000201001C41F5801149084FEA300000190F
:10083000514132462B4603B0BDE8F04F00F047BBB4
:100840000098012240000023D0EB020263EBE0732A
:10085000009821464FEAE074B8EB000061EB040118
:10086000E9E783F000435BE781F0004158E72DE9B9
:10087000FE4F81EA030404F0004421F0004100949B
:100880004FF0000B23F0004350EA01045ED052EA1F
:1008900003045BD0C3F30A54C1F30A552C44A4F2F9
:1008A000F3340194A0FB0254C1F3130141F480110D
:1008B000C3F3130343F4801301FB024400FB034E14
:1008C000840A970A44EA815447EA8357A4FB0768DD
:1008D00002958D0A05FB07854FEA932C04FB0C5407
:1008E0002705029D4FEA065847EA1637B5EB08057B
:1008F0006EEB070C870E920E47EA811742EA8312CD
:10090000A7FB0201B6EB0B0164EB00042B0D43EADD
:100910000C335E1844EB1C50DA465146E7FB0201EB
:10092000C5F313044FEA0B3343EA14534FEA04327E
:10093000019C43EA0603A4F10C040294009CCDE957
:1009400000B400F0D3FA03B0BDE8F08F00200146F8
:10095000F9E72DE9F04D81EA030404F0004B21F0A2
:10096000004514464FF0000A23F0004150EA05020A
:1009700020D054EA01021DD0C5F30A570246C5F340
:100980001303C1F31300C1F30A5640F4801543F476
:100990008013A7EB0608101BD64608F2FD3873EB50
:1009A000050002D308F1010801E092185B41B8F19B
:1009B000000F03DA00200146BDE8F08D00204FF45F
:1009C0008011064684460EE0171B73EB050705D31E
:1009D000121B63EB050306434CEA010C49084FEA7E
:1009E000300092185B4150EA0107EDD152EA030052
:1009F00012D082EA040083EA0501084305D0101BE7
:100A0000AB4106D20122002306E000224FF0004352
:100A100002E06FF0010253101AEB06004CEB085194
:100A200010EB0A0041EB0B01BDE8F04D00F04FBAAE
:100A30000EB540F2334202920022CDE90022134665
:100A400000F054FA03B000BDC1F30A52C1F3130120
:100A500040F2FF3341F480119A4202DA002001464D
:100A6000704740F233439A42A2F2334202DC5242D0
:100A7000FFF712BEFFF701BE30B5041E71F100048E
:100A800004DB4FF00044404264EB0101141E73F19B
:100A9000000405DB1C464FF00043524263EB0403A5
:100AA000994208BF904230BD01F0004330B421F0BC
:100AB000004150EA010206D00A0DA2F56072C1F3AE
:100AC0001301002A02DC30BC00207047440F44EAC6
:100AD000C104C100E01830BC00EBC25000F0C0B946
:100AE000064C074D06E0E06840F0010394E807007B
:100AF00098471034AC42F6D3FFF75CFB64AA0008B9
:100B000084AA0008202A06DBCB17203A41FA02F01B
:100B100043EAE07306E041FA02F3D040C2F120025A
:100B20009140084319467047C0B24FF4F05100F0AD
:100B30002BBA00002DE9F34F8BB04FF0000801F104
:100B40000C000C464FF0010B46460DF1080A0190CF
:100B50006269012101989047051E2DD0252D2CD0CA
:100B6000216A8847C0B16269012101989047216AD2
:100B700088470028F7D1411E62690198904700E03C
:100B8000761CA1690B988847216A88470028F7D10D
:100B9000E1690B988847DBE7A1690B98884707460E
:100BA000A84201D1761CD3E7E1690B9888477F1CE6
:100BB00002D1B8F1000F6FD046E1002762693D46CF
:100BC0003946019890472A2804D162690121019889
:100BD00090470125DFF884926269012101989047CE
:100BE000A0F130010A290AD24F45E5DC07EB870165
:100BF00000EB4107303FDFD445F01005ECE7E90694
:100C000001D46FF000476C280AD04C2814D0682813
:100C100015D06A280DD074281CD07A281AD01DE06F
:100C200062690121019890476C2802D045F00405C3
:100C300014E045F002050DE045F020050AE0626988
:100C4000012101989047682802D045F0080505E089
:100C500045F400656269012101989047C4E9015794
:100C600065283DD019DC58287AD00CDC452837D0CF
:100C700004DC252826D0412831D131E046282FD068
:100C800047282CD12CE05B2877D0612828D0632816
:100C90007CD0642823D15AE0D0E06F2848D008DC0B
:100CA00066281DD067281BD0692821D06E2816D150
:100CB00027E0702845D0732868D0752847D0782859
:100CC0000DD14DE0A1690B988847054625283FF4D2
:100CD00069AFE1690B9888476D1C3FF46AAFB3E0D8
:100CE00023466A466FF001000B99FFF781FB9EE0F7
:100CF00045F040006060A80723464FF0000236D45C
:100D00003EE0E8077FF447AF2068011D21600068DE
:100D1000290501D506701BE7290701D5068017E7CD
:100D2000A90703D5F117C0E9006111E706600FE7D5
:100D300045F040006060A80723464FF0080216D433
:100D40001EE040F60E0125EA0100606016E045F065
:100D500040006060A80723464FF00A0207D40FE066
:100D600045F040006060A80708D5234610226FF0C8
:100D700001000B99AFF3008059E007E023461022F1
:100D80006FF001000B99AFF3008050E04FF00009C5
:100D90004F464B46632802D05B2806D040E0E80669
:100DA00001D40120A06001273AE062690121019885
:100DB00090475E2805D14FF00109626949460198C4
:100DC0009047216939B900210A46534643F821204A
:100DD000491C0829FADBB0B3216969B9C11700EBD6
:100DE000D16253110AEB830122F01F02821A012003
:100DF0000B68904003430B606269012101989047A2
:100E00005D28E8D1B9F1000F09D00020514651F812
:100E10002020D24341F82020401C0828F7DB02ABF9
:100E2000224600976FF001000B99AFF30080002875
:100E30000CDA401C08D1BBF1000F05D04FF0FF3099
:100E40000DB0BDE8F08FFFE74046F9E7E90701D1B3
:100E500008F1010806444FF0000B79E6CCCCCC0C2D
:100E60000029A8BF7047401C490008BF20F00100BE
:100E7000704710B4B0FA80FC00FA0CF050EA01049C
:100E800004BF10BC704749B1CCF1200421FA04F42E
:100E900011FA0CF118BF012121430843A3EB0C0107
:100EA000CB1D4FEA00614FEA102042BF002010BC6A
:100EB000704700EBC35010440029A4BF10BC70471A
:100EC000401C490008BF20F0010010BC704710B55D
:100ED000141E73F1000408DA401C41F1000192185D
:100EE0005B411A4301D120F0010010BD2DE9F04D06
:100EF00092469B4611B1B1FA81F202E0B0FA80F25B
:100F000020329046FFF7B9FB04460F4640EA0A003C
:100F100041EA0B0153465A46084313D0114653EA9F
:100F2000010019D0C8F140025046FFF7B5FB054655
:100F30000E46504659464246FFF79FFB084305D0F0
:100F4000012004E020463946BDE8F08D002005432D
:100F500046EAE0762C4337430A986305E40AA0EB9F
:100F600008000022FD0A44EA47540A3002D5002056
:100F70000146E9E7010510196941DDE90845001955
:100F80006941BDE8F04DA2E77F2801D9002208E0C1
:100F9000064A02EB5002C007127800D1120902F093
:100FA0000F0201209040084070470000AC88000804
:100FB000FEE700002DE9F04F87B00C46054603F030
:100FC000B9F8002800F0AE8141F2004640F2AC3A98
:100FD000CDE901540024C4F20206C2F2000A41F233
:100FE000111540F24448002712E000BF016A29426F
:100FF00032D030464FF4805100F0DEFC002807F17B
:10100000010718BF0120082F40EA4B0B2ED000BF6C
:1010100030464FF4805100F0CFFC0028F8D100BFDB
:1010200030464FF4805100F0C7FC0028F8D0DAF8C1
:1010300000004462016841F001010160416A272912
:10104000D4D8416A2729D1D8416A2729CED8416A04
:101050002829F3D3CAE700BF016A11EA080FC8D1F3
:10106000016821F001010160C3E700BF4FF00009F2
:1010700041F2111540F24448002411E0016A29426E
:1010800034D030464FF4805100F096FC002804F133
:10109000010418BF0120082C40EA470730D000BFE8
:1010A00030464FF4805100F087FC0028F8D100BF93
:1010B00030464FF4805100F07FFC0028F8D0DAF879
:1010C0000000C0F82490016841F00101016000BFF8
:1010D000416A2729D2D8416A2729CFD8416A2729CE
:1010E000CCD8416A2829F3D3C8E700BF016A11EAC6
:1010F000080FC6D1016821F001010160C1E700BFFE
:101100004FF0000841F211144FF0000912E000BF47
:10111000016A214234D030464FF4805100F04CFC3B
:10112000002809F1010918BF0120B9F1080F40EAB0
:1011300045052FD030464FF4805100F03DFC00288B
:10114000F8D100BF30464FF4805100F035FC002844
:10115000F8D0DAF80000C0F82480016841F00101FD
:10116000016000BF416A2729D2D8416A2729CFD818
:10117000416A2729CCD8416A2829F3D3C8E700BFA0
:10118000016A40F244421142C5D1016821F00101D7
:101190000160C0E741F211194FF0000814E000BFF0
:1011A000016A11EA090F35D030464FF4805100F042
:1011B00003FC002808F1010818BF0120B8F1080F4E
:1011C00040EA440430D000BF30464FF4805100F074
:1011D000F3FB0028F8D100BF30464FF4805100F0F7
:1011E000EBFB0028F8D0DAF800000021416201682A
:1011F00041F00101016000BF416A2729D0D8416A4E
:101200002729CDD8416A2729CAD8416A2829F3D38A
:10121000C6E700BF016A40F244421142C4D10168EE
:1012200021F001010160BFE74FF0000814E000BFAA
:10123000016A41F21112114234D030464FF480510C
:1012400000F0BAFB002808F1010818BF0120B8F12E
:10125000080F40EA49092FD030464FF4805100F082
:10126000ABFB0028F8D100BF30464FF4805100F0AE
:10127000A3FB0028F8D0DAF80000002141620168E1
:1012800041F00101016000BF416A2729D0D8416ABD
:101290002729CDD8416A2729CAD8416A2829F3D3FA
:1012A000C6E700BF016A40F244421142C5D101685D
:1012B00021F001010160C0E7FFB257FA8BF050FA4C
:1012C00085F050FA84F05FFA89F1884225D148F61A
:1012D0004119C0F600090DF114085FFA8BF340467E
:1012E00008214A46EEB2E4B2009706F037FE03AD9D
:1012F000284608214A463346009406F02FFE48F659
:101300004716C0F60006019A40463146FEF7C0FF78
:10131000029A28463146FEF7BBFF002007B0BDE821
:10132000F08F00BF0020C4F2C62028602060FF209C
:1013300007B0BDE8F08F000040F25020C2F200007C
:1013400000F070B840F2B020C2F2000000F06AB8BD
:1013500070470000082000F04FBA0000102000F095
:101360004BBA0000EFF3108072B600BFFEE700003A
:1013700070B5866D044600F033FB94F835100229F1
:1013800028D105462068216C026822F0160202600E
:10139000426922F08002426109B9A16C19B1016869
:1013A00021F008010160016821F00101016000BF26
:1013B00020680068C00715D000F012FB401B06280B
:1013C000F6D320206065032084F83500002184F8DE
:1013D000341070BD802060650120002184F8341035
:1013E00070BD00BFE06D3F2101FA00F0B060012048
:1013F00084F835000020002184F8341070BD00000E
:1014000090F83510022909D1052180F835100068BF
:10141000016821F0010101600020704780214165D1
:1014200001207047F0B581B004460020009040F2E2
:101430000C00C2F200000268D4E9166048F2B5134D
:1014400037680821C1F64E3381403942A2FB03259B
:101450000CD0226813685B0708D5136823F00403D7
:101460001360B160616D41F001016165012181404E
:10147000394208D022685269120604D5B160616D04
:1014800041F00201616504218140394208D022689F
:101490001268920704D5B160616D41F00401616585
:1014A00010218140394217D020680268120713D5F5
:1014B000B16002680168520308D4C90508D4016804
:1014C00021F008010160216C21B905E008033FD437
:1014D000216C09B120468847E16D202000FA01F215
:1014E0003A4241D020680368DB063DD5B26094F8EB
:1014F00035300268052B1BD122F0160202604269CA
:1015000022F080024261226C0AB9A26C1AB1026810
:1015100022F0080202603F208840B060012084F879
:101520003500216D0020002984F8340052D157E0A5
:101530000168520310D4C90512D4016821F01001CA
:101540000160012084F83500002084F8340007E0B1
:10155000A16C0029BED1BFE7080301D4616C00E093
:10156000E16B09B120468847606DC8B3606DC00764
:101570002ED0052084F835002068A90A026822F0E0
:1015800001020260009A01328A4200921AD802686F
:10159000D20717D0009A01328A42009212D802680C
:1015A000D2070FD0009A01328A4200920AD802680C
:1015B000D20707D0009A01328A42009202D802680C
:1015C000D207DFD1012084F83500002084F83400F0
:1015D000E16C29B1204601B0BDE8F040084700BFEA
:1015E00001B0F0BD2DE9F041044600F0F9F9ECB18D
:1015F0000546022084F835000020216884F8340074
:10160000086820F00100086021680868C00711D050
:1016100000F0E6F9401B0528F6D903252023032016
:10162000636584F83550BDE8F08100BF0120BDE856
:10163000F08100BF086848F23F02CFF21002D4E9FF
:10164000013500EA020C04F10C0898E8C10143EAF4
:101650000C032B431843D4E9072E3043384310437F
:10166000626A40EA0E00042A40EA08031CD1206B9B
:10167000D4E90A2E40EA0E00184308604869BEF11A
:10168000000F20F0030040EA020040F0040C11D0EB
:10169000B8F5005F36D0B8F1000F45D1022A46D028
:1016A000012A3BD032B942E00B60486920F00700C4
:1016B00040EA020C01F0F8004AF6AB221038CAF6F4
:1016C000AA22A0FB02231A0948F60413C0F600035D
:1016D0009A5C40F2FF335F284FF03F00C1F814C01E
:1016E00021EA030100FA02F088BF0431C4E91612AE
:1016F0008860002301250020636584F83550BDE82B
:10170000F08100BF032AD5D8012540230120DFE85E
:1017100002F0030E030500BF82E700BFAEF1C07008
:10172000B0FA80F0400904E0032A04D3C2D1CEF31A
:1017300000600028BED0012540230120636584F8A5
:101740003550BDE8F081000010B5102810D00828F1
:101750000CD141F20000C4F20200082100F02CF983
:10176000012803D11AA001210EE000BF10BD00BF67
:1017700041F20000C4F20200102100F01DF901281E
:1017800018BF10BD08A0022140F21804C2F20004E4
:10179000217007F079F86068214600220023BDE837
:1017A000104005F0A5BF00BF646973706C617920BB
:1017B0006D6F64653A4C6F526157414E20446F77AC
:1017C0006E4C696E6B2044617461200D0000000056
:1017D000646973706C6179206D6F64653A54656DEE
:1017E000706572617475726520616E642048756DF4
:1017F0006964697479200D0043F61441C4F2010153
:101800000A68024214BF08607047FFF79DBF0000DE
:101810002DE9F04F82B000F13E4242F2004502F164
:10182000FF77C4F202050A2243F6004E4FEAB726BC
:10183000A84208BF0922C4F2010E092E38BF4FEAA0
:10184000B7220125002600274FF00008009208E08B
:1018500008F101080437B8F1100F06F1020600F094
:10186000A7800C6805FA08F914EA090FF0D0D1F83E
:1018700004B003220BF0030CACF10104B240012CC4
:101880006FEA020A10D88268CC6802EA0A02B44001
:10189000224382604268CBF3001422EA090204FA70
:1018A00008F42243426005E0BCF1030F02D14FF07F
:1018B000030C20E0C2688C6802EA0A02B4402243AA
:1018C000BCF1020FC26016D16FF0030202EA5802A7
:1018D0000244D2F820C007F01C050F230C69AB406E
:1018E0002CEA030304FA05F52B431362D1F804B084
:1018F00001250BF0030C02680CFA06F302EA0A0257
:101900001A431BF4403F0260A2D0002243F6440376
:101910000192C4F202031A684FF6084C42F4804266
:101920001A601A68CFF6FF7C02F480420192019A95
:1019300028F00302724452F80C3007F00C050F2413
:10194000AC40A343009C04FA05F52B4342F80C304D
:10195000DEF808204B6842EA090543F60C4CDC022D
:1019600058BF22EA0905CEF80850C4F2010CDCF891
:1019700000209C0242EA090558BF22EA0905CCF87A
:101980000050DEF804209C0342EA090558BF22EA11
:101990000905CEF80450DEF80020DB0342EA090511
:1019A00058BF22EA0905CEF80050012550E700BFD4
:1019B00002B0BDE8F08F00000069084018BF0120A8
:1019C00070470000426902EA0103914341EA034182
:1019D00081617047002A08BF0904816170470000D7
:1019E00044F6E420C2F200000068704790F83D2001
:1019F000202A1CBF02207047242280F83D20026864
:101A0000136823F001031360536A23F01003536239
:101A1000536A19435162116841F00101116020219C
:101A200080F83D100020704790F83D20202A1CBF10
:101A300002207047242280F83D20026889B2136892
:101A400023F001031360D2F824C04FF6F07303EAC9
:101A50000C0319435162116841F00101116020210A
:101A600080F83D100020704770B5B8B3044690F878
:101A70003D0028B9002084F83C00204600F0ECFA34
:101A8000242084F83D002068016821F001010160F4
:101A9000016841F400410160016821F400410160E6
:101AA00000F0D6FC48F28041C0F21E0140F600135F
:101AB000D4F804E088424FF00001C0F23D0348F240
:101AC000A16C4FF0000238BF01219842C0F2010C16
:101AD00038BF0122E64538BF0A460AB1012070BD71
:101AE0004DF68361C4F21B31A0FB01122168950CF5
:101AF0004B684FF4967623F03F0343EA92437543D5
:101B000044F6D3564B60C1F262060B6AA5FB06563B
:101B1000B50923F03F03E64538BF950C6A1C1A430C
:101B20000A62CA6948F2A0664CF6FF73C0F2010669
:101B3000B64522EA03020BD801384FEA4E03B0FB48
:101B4000F3F001306FF31F30042898BF04201EE02B
:101B5000A368013863B119230EFB03F3B0FBF3F064
:101B600001306FF31F3078B100F5804008E000BF0E
:101B70000EEB4E03B0FBF3F001306FF31F3028B1D2
:101B800000F5004003E000BF012000E00120104309
:101B9000C8610868D4E9072320F0C0001043184347
:101BA0000860886848F2FF3204F10C0690434CCE7E
:101BB00018431043A5698860C86820F0FF003043CF
:101BC0002843C860086840F0010008600020202118
:101BD000206484F83D10206384F83E0070BD00004E
:101BE0002DE9F04381B01F46164688460446FFF7AC
:101BF000F7FE94F83D10202920D105462068816920
:101C0000890717D5FFF7ECFE401B1928F6D90020ED
:101C10002021206384F83D1084F83E00216C0226C8
:101C200041F02001216484F83C00304601B0BDE859
:101C3000F08300BF94F83C10012905D102263046FC
:101C400001B0BDE8F08300BF012184F83C100168B9
:101C5000C90703D1016841F001010160016821F465
:101C600000610160212184F83D10102184F83E10AC
:101C70000021216466626785618D21850021CFF690
:101C8000FF71E162E16A11F5803F18BF012919D1A6
:101C9000016841F4807101604169DDF82090C90755
:101CA00023D119F1010116D0B9F1000F46D000BFC0
:101CB000FFF796FE401B484542D820684169C90796
:101CC000F6D012E00829E3D0216B1229E0D0E3E737
:101CD0004169C90709D14169C90706D14169C907E5
:101CE00004BF41695FEAC171F2D02169B1F5804F4B
:101CF00002D1FE2161E000BF062101EAD811F031D6
:101D000001614169090757D4416919F1010201F4E0
:101D100080612FD0002946D1B9F1000F00F0428137
:101D2000FFF75EFE401B484500F23E812068416996
:101D3000090741D441694905F2D534E0FFF750FE67
:101D400000202021206384F83D1084F83E00216C9F
:101D5000012641F020012164216884F83C000868D4
:101D6000C00544BF4FF400702064304601B0BDE8A8
:101D7000F08300BFB9B9416909071DD4416949051C
:101D800011D44169090717D4416949050BD4416948
:101D9000090711D44169490505D4416909070BD4E4
:101DA00041694905E7D5016841F4007101606FF4AC
:101DB000806141610420F8E0FF2101EA080101612E
:101DC000416989073AD4416919F1010201F480613E
:101DD00012D051BBB9F1000F00F0E080FFF700FE18
:101DE000401B484500F2DC8020684169890725D402
:101DF00041694905F2D518E0B9B9416989071DD48F
:101E00004169490511D44169890717D441694905D8
:101E10000BD44169890711D44169490505D4416949
:101E200089070BD441694905E7D5016841F4007180
:101E300001606FF4806141610420B6E000260096E5
:101E400041690091816900910099218D002900F07C
:101E5000958009F10108014651F8142F120635D476
:101E6000B8F1000F16D0B9F1000F00F0AF8000BF3D
:101E70000868400500F1B280FFF7B2FD401B4845FD
:101E800000F2A9802068014651F8142F1206EFD500
:101E90001CE000BF0A68520500F1A0800A68120623
:101EA00014D40A68520500F199800A6812060DD40C
:101EB0000A68520500F192800A68120606D40A6880
:101EC000520500F18B800A681206E3D5636A194651
:101ED00011F8012B02616162618D01396185278DE5
:101EE0000146A7F1010CA4F828C051F8142F52079D
:101EF0000DD55FEA0C420AD05A78A7F1020C0261B4
:101F00009A1C6262628D013A6285A4F828C00A6850
:101F100052072FD4B8F1000F14D0B9F1000F7BD0C5
:101F20000868400500F18080FFF75AFD401B4845D6
:101F300077D82068014651F8142F5207F0D5B4F82D
:101F400028C017E00A6852056ED40A68520711D4F7
:101F50000A68520568D40A6852070BD40A68520509
:101F600062D40A68520705D40A6852055CD40A682C
:101F70005207E7D55FEA0C417FF46DAF016841F489
:101F800000710160202084F83D0084F83E6084F8F0
:101F90003C60304601B0BDE8F08300BFFFF720FD94
:101FA000202002E0FFF71CFD2020002120222163D9
:101FB00084F83D2084F83E10226C012610432064F2
:101FC00084F83C10304601B0BDE8F0830868400555
:101FD00004D4FFF705FD202004E000BF6FF480600B
:101FE0000860042000212022216384F83D2084F829
:101FF0003E10226C1043206484F83C10206C0428AE
:1020000025D120680126016841F400710160304645
:1020100001B0BDE8F08300BF0868400504D4FFF7B5
:10202000DFFC202004E000BF6FF480600860042023
:1020300000212022216384F83D2084F83E10226C88
:102040001043206484F83C10206C0428D9D0012669
:10205000304601B0BDE8F083B0B586B0016845F206
:102060000040C4F20000814202D006B0B0BD00BF03
:10207000002443F630050194C4F20205296800F5F6
:10208000D83041F002012960296801F00201019174
:1020900001994FF4407101911221CDE902140321FD
:1020A00004910421059101A9FFF7B2FB009428696E
:1020B00040F400102861286900F400100090009896
:1020C00006B0B0BD40F2040044F6E421C2F20000C4
:1020D000C2F2000100780A681044086070470000EE
:1020E00080B543F60040C4F20200016841F400717B
:1020F0000160016841F480610160016841F4807110
:102100000160032000F0C4F80F2000F005F800F093
:102110005DF8002080BD0000B0B586B0002543F614
:1021200044010195C4F202010A68044642F001022A
:102130000A60096801A801F001010191019969464D
:1021400000F066F900F098F94DF683614000C4F2A2
:102150001B31A0FB01014FF0FF3000EB914140F239
:1021600064300022C2F20000C4F2010240F2E73300
:10217000C0E90021C0E902530561856100F0E0FB80
:10218000054618B1284606B0B0BD00BF40F2643025
:10219000C2F2000000F01CFC05460028F2D1192014
:1021A00000F036F80F2C0DD819202146002200250A
:1021B00000F042F840F20800C2F200000460284635
:1021C00006B0B0BD0125284606B0B0BD82B00020E3
:1021D00043F640010190C4F202014A6842F4804291
:1021E0004A604A6802F480420192019A00900868AD
:1021F000002240F08050086008680F2100F08050F5
:10220000009000986FF0010002B000F015B80000D7
:10221000002848BF7047C1B200F01F00012202FA37
:1022200000F04EF20012CEF2000242EAD10121F09B
:10223000030108607047000010B54EF60C5CCEF24A
:10224000000CDCF80030C3F3022E8EF00704042CDF
:1022500028BF0424BEF103034FF0FF3E0EFA04F43E
:1022600038BF0023A14399400EFA03F39A43114368
:1022700000F00F0200F160430901043A03F56443E2
:102280006244002848BF02F10C03197010BD000021
:102290004EF60C51CEF200010A684FF6FF031A40C9
:1022A00060F30A2242F0806040F0FD7008607047E1
:1022B0002DE9F041002800F08B8043F60808C4F2B5
:1022C00002080446D8F8F8030D4600F00F008842D3
:1022D00007D288F8F853D8F8F80300F00F00A842A6
:1022E00076D12068810717D5410705D5D8F80010A9
:1022F00041F4E051C8F80010010705D5D8F80010E6
:1023000041F46041C8F80010D8F80010A26821F02C
:10231000F0011143C8F80010C0073FD1D8F8F80306
:1023200000F00F00A84207D988F8F853D8F8F8034E
:1023300000F00F00A8424BD12068410707D5D8F81C
:102340000010E26821F4E0511143C8F800100007C2
:1023500008D5D8F80000216920F4604040EAC100A7
:10236000C8F8000000F09CF8D8F8001048F6EC021D
:10237000C1F30311C0F60002515C40F20C0220FAD6
:1023800001F140F20800C2F200000068C2F200024F
:102390001160FFF7C1FE0020BDE8F0816068811E7A
:1023A000022907D258F8081C89015CBF0120BDE84A
:1023B000F08111E0012807D158F8081C89035CBF9F
:1023C0000120BDE8F08107E058F8081C890703D414
:1023D0000120BDE8F08100BFD8F8001021F0030112
:1023E0000843C8F80000FFF7FBFA064641F28837B9
:1023F000D8F80000616800F00C00B0EB810F8DD0C0
:10240000FFF7EEFA801BB842F2D90320BDE8F08155
:102410000F22026043F60802C4F20202136803F0BE
:1024200003034360136803F0F0038360136803F44D
:10243000E053C360D2F800C04FF4E05303EADC037A
:102440000361D2F8F80300F00F0008607047000045
:1024500040F20C0043F60801C2F20000C4F202018F
:102460000068096848F6FC02C1F38221C0F6000248
:10247000515CC8407047000040F20C0043F6080170
:10248000C2F20000C4F202010068096848F6FC02CA
:10249000C1F34231C0F60002515CC84070470000F1
:1024A00010B543F60404C4F20204606800F00C01A5
:1024B00042F200400829C0F2F40007D0042918BFF6
:1024C00010BD41F20020C0F27A0010BD216801F079
:1024D0003F02216823684902C3F3881106D4A1FB97
:1024E00000010023FDF77EFE07E000BF41F200205F
:1024F000C0F27A004843B0FBF2F021680222C1F337
:10250000014102EB4101B0FBF1F010BD2DE9F041BA
:1025100082B0002868D00446007843F60006C00761
:10252000C4F202060BD0B06800F00C00042840F0A2
:102530009F803068800302D56068002854D02078DE
:1025400080071AD5B06810F00C0F09D0B06800F001
:102550000C00082840F0A6807068400200F1A280BC
:102560003068800702D5E06801283DD130682169D4
:1025700020F0F80040EAC10030602078000737D42E
:10258000207840074CD4A56955B3B06800F00C0022
:10259000082840F0BB80012D26D07068E16900F466
:1025A00080028A4220D1216A00F03F028A421BD178
:1025B00047F6C071626A0140B1EB821F14D1A16A73
:1025C0004FF6FF73C903994300F44032A1F58031FF
:1025D0008A4209D1E16A00F07060B0EB016F03D16B
:1025E000002002B0BDE8F081012002B0BDE8F0811A
:1025F0006069002840F20000C4F2472076D0012133
:10260000C0F8801EFFF7ECF9054600BF706F800729
:10261000B6D4FFF7E5F9401B0228F7D9DDE000BF8B
:10262000306C10F080580AD100200190306C40F0DE
:1026300080503064306C00F080500190019847F277
:102640000007C4F200073868C00541D4386840F478
:1026500080703860FFF7C4F9054600BF3868C005D0
:1026600036D4FFF7BDF9401B0228F7D9B5E000BF0B
:10267000B06800F00C00082803D1706840023FF5F4
:1026800058AF6068B0F5803F07D0B0F5A02F40F09C
:102690008D80306840F480203060306840F48030B5
:1026A00030608DE0E068002852D00020C4F247205E
:1026B00001210160FFF794F9054600BF30688007EB
:1026C0003FF554AFFFF78CF9401B0228F6D984E0A0
:1026D000A068012805D005284ED1306F40F00400D5
:1026E0003067306F40F0010030674FE00021C0F8E4
:1026F000801EFFF775F90546706F80077FF540AFC4
:10270000FFF76EF9401B0228F6D966E00027C4F2F5
:10271000472700203866FFF763F9022D05460BD1E5
:10272000306880015ED5FFF75BF9401B02284FF04F
:102730000300F5D955E700BF306880017FF550AF41
:10274000FFF74EF9401B02284FF00300F4D948E789
:102750000020C4F2472000210160FFF741F905463F
:10276000306880077FF509AFFFF73AF9401B022870
:102770004FF00300F4D934E7316F002821F0010154
:102780003167316F21F0040131674DD0FFF728F92F
:10279000054641F2883700BF306F800756D4FFF7F7
:1027A0001FF9401BB842F7D917E000BF3168002875
:1027B00021F480313160316821F4802131604FD0C3
:1027C000FFF70EF9054600BF306880033FF5B7AE4E
:1027D000FFF706F9401B6428F6D9032002B0BDE8D4
:1027E000F08100BF04F11C052FCD084340EA8210A0
:1027F000D9034FF6FF729143A1F5803140EA05609D
:102800000843706001203866FFF7EAF8044600BF0D
:10281000306880013FF5E4AEFFF7E2F8001B0228C4
:102820004FF00300F4D9DCE6FFF7DAF8054641F291
:10283000883700BF306F800708D5FFF7D1F8401BFD
:10284000B8424FF00300F5D9CBE600BFB8F1000F56
:102850007FF499AE306C20F08050306493E600BF76
:10286000FFF7BEF8054600BF306880037FF567AE0E
:10287000FFF7B6F8401B64284FF00300F4D9B0E628
:10288000704700007047000010B590F83C20012A06
:102890004FF0020251D080F83D200268D2F804E0E7
:1028A000D2F808C00C682EF07003234341F2FF7485
:1028B000C4F20004A24253600EDC40F2FF73C4F283
:1028C00000039A4216DCB2F1804F2BD040F2004355
:1028D000C4F2000324E000BF40F2FF33C4F201035E
:1028E0009A4213DC41F60003C4F200039A4219D065
:1028F000002313E040F60003C4F200039A4211D013
:1029000040F60043C4F200030AE000BF44F20003B3
:10291000C4F201039A4205D040F20043C4F201031D
:102920009A4204D149682CF0800319439160012137
:10293000002280F83D1080F83C20104610BD0000B9
:10294000002804BF0120704710B5044690F83D00F0
:1029500028B9002084F83C00204600F01FF802202F
:1029600084F83D002068211D01F040FA012084F820
:10297000460084F83E0084F83F0084F8400084F864
:10298000410084F8420084F8430084F8440084F84D
:10299000450084F83D00002010BD000081B00068B3
:1029A000B0F1804F02D001B0704700BF002000900E
:1029B00043F64000C4F20200016841F001010160E9
:1029C000006800F001000090009801B0704700001E
:1029D00090F83D1001291CBF01207047022180F8AA
:1029E0003D10006841F2FF72C168C4F200029042DB
:1029F00041F00101C1600DDC40F2FF71C4F2000141
:102A0000884215DCB0F1804F2AD040F20041C4F278
:102A1000000123E040F2FF31C4F20101884213DCDF
:102A200041F60001C4F20001884219D0002113E0F0
:102A300040F60001C4F20001884211D040F6004186
:102A4000C4F200010AE000BF44F20001C4F2010137
:102A5000884205D040F20041C4F20101884206D10B
:102A6000816801F00701062904BF00207047016852
:102A700041F00101016000207047000080B590F82E
:102A80003C20012A4FF0020200F0C28080F83D2075
:102A9000D0F800C04FF67772DCF8083023EA020263
:102AA000CCF808200B684F2B28DC1F2B44DD202B93
:102AB00045D0302B43D0402B40F0AC80D1F804E01F
:102AC000C968DCF82030DCF8202022F00102CCF8C4
:102AD0002020DCF8182022F0F00242EA011123F055
:102AE0000A0242EA0E02CCF81810CCF82020DCF8DA
:102AF000081041F0470121F0300180E06F2B27DD05
:102B0000B3F5005F48D0B3F5805F7AD0702B40F00A
:102B10008180D1E901E3C968DCF8082043EA0E03AB
:102B200022F47F4243EA01211143CCF80810DCF87B
:102B3000081041F0770162E00BB1102B6AD1DCF88C
:102B4000081021F07001194341F0070157E000BF60
:102B5000502B35D0602B5DD1D1F804E0C968DCF88A
:102B6000203023F01003CCF82030DCF81830DCF8EB
:102B7000202023F4704322F0A00243EA013142EA0C
:102B80000E12CCF81810CCF82020DCF8081041F018
:102B9000670121F0100132E0D1E901E3C968DCF8F6
:102BA000082043EA0E0322F47F4243EA0121114345
:102BB000CCF80810DCF8081041F480411FE000BF99
:102BC000D1F804E0C968DCF82030DCF8202022F0DD
:102BD0000102CCF82020DCF8182022F0F00242EAB2
:102BE000011123F00A0242EA0E02CCF81810CCF8C8
:102BF0002020DCF8081041F0570121F02001CCF82A
:102C000008100022012180F83D10002180F83C10BE
:102C1000104680BD0122F5E77047000010B501683D
:102C200004460869800744BFC8685FEA807039D4E9
:102C30000869400744BFC8685FEA40703ED408692D
:102C4000000744BFC8685FEA007045D40869C00641
:102C500044BFC8685FEAC0604AD40869C0071CBFA7
:102C6000C8685FEAC07051D10869000644BFC868EF
:102C70005FEA006052D40869400644BFC8685FEA52
:102C8000406053D40869800646BFC8685FEA806028
:102C900010BD6FF0200220460A61BDE81040FFF72A
:102CA000F1BD00BF6FF00200086101202077886944
:102CB000800743D02046FFF7AFFF45E06FF00400E8
:102CC000086102202077886910F4407F40D02046B8
:102CD000FFF7A2FF42E000BF6FF008000861042088
:102CE0002077C86980073DD02046FFF795FF3FE079
:102CF0006FF01000086108202077C86910F4407F49
:102D00003AD02046FFF788FF3CE000BF6FF001009B
:102D10000861204600F03EF82168A5E76FF08000CA
:102D200008612046FFF7ACFD2168A4E76FF0400082
:102D30000861204600F038F82168A3E7204600F03B
:102D400025F8204600F024F82168002020776FE75E
:102D5000204600F01BF8204600F01AF821680020F9
:102D600020776CE7204600F011F8204600F010F8BC
:102D700021680020207769E7204600F007F8204608
:102D800000F006F821680020207766E77047000011
:102D90007047000000680021C4F20101884218BF9A
:102DA0007047FFF78FB90000704700002DE9F0432E
:102DB00081B0044690F83E0020280DD10E4600292F
:102DC0004FF0010000F0D6801746002A00F0D280B4
:102DD00094F83C00012803D1022001B0BDE8F08343
:102DE0000120002184F83C00216422211D4684F842
:102DF0003E102063FEF7F4FDA785E785A1688046B5
:102E0000B1F5805F03D12069002800F09D8037462E
:102E10000026002084F83C002880E08D00283FD068
:102E2000DDF82090B9F1000F74D019F101004CD0F9
:102E300021680868C0060AD5002000900A68009240
:102E40004A680092009A2A88002A40F09080086818
:102E500080061CD557B1A068B0F5805F0ED008B9C8
:102E6000206958B1486800F07F0008E048680027F2
:102E70006FF35F2026F8020B03E000BF486807F8F5
:102E8000010B288801302880E08D0138E085FEF7AD
:102E9000A7FDA0EB0800484568D8E08D0028C7D101
:102EA000A08DE18D401A2880002060E0486800274E
:102EB0006FF35F2026F8020B288801302880E08D10
:102EC0000138E085E08D0028EAD021680868C00656
:102ED00009D5002000900A6800924A680092009A82
:102EE0002A88002A43D108688006EBD5002FDDD060
:102EF000A068B0F5805F09D008B9206930B1486892
:102F000000F07F0007F8010BD6E700BF486807F81C
:102F1000010BD1E720680268D20606D50022009294
:102F20000268009242680092009A026892061BD5DD
:102F300067B1B1F5805F0FD009B9216961B140680F
:102F400000F07F0009E000BF002762E740686FF3F0
:102F50005F20308002E000BF406838702888013070
:102F60002880E08D0138E085FEF73AFD032020211E
:102F700084F83E1001B0BDE8F08300007047000007
:102F800070470000B0B582B0044600680168C368AD
:102F9000426901F02F05202D03F0200506D12DB147
:102FA000204602B0BDE8B04000F0C4BF5FEA017C3B
:102FB0001EBF02F0010E03F4907212EB0E0253D109
:102FC000226B012A05D111F0100218BF13F0100274
:102FD00036D10A0622D513F080021FD094F83D1096
:102FE00021293FD1A168B1F5805F03D12169002972
:102FF00000F07282216A4A1C226209784160E18CE9
:1030000001390A04E1842DD1C16821F08001C16039
:10301000C16841F04001C16002B0B0BD490621D590
:1030200013F040011ED0C16821F04001C160202191
:10303000204684F83D1002B0BDE8B04000F07EBCF0
:103040000021019101680191416801910199406954
:10305000400613D4A08DE18DE28D002A18BF88426E
:1030600040F0BE8102B0B0BDCA0718BF13F4807231
:1030700040F0BA804A0700F1BD80C2E0A16B086849
:10308000426893B2002BEDD0A08D8342EAD2E28554
:10309000C969B1F5807F00F09D80206850E8030F7A
:1030A000216820F4807041E80302DAB1206850E81A
:1030B000030F216820F4807041E8030292B1206878
:1030C00050E8030F216820F4807041E803024AB100
:1030D000206850E8030F216820F4807041E8030263
:1030E000002ADAD1206850E8050F216820F001009D
:1030F00041E80502DAB1206850E8050F216820F0A8
:10310000010041E8050292B1206850E8050F2168EE
:1031100020F0010041E805024AB1206850E8050F9F
:10312000216820F0010041E80502002ADAD1206878
:1031300050E8050F216820F0400041E80502DAB1AF
:10314000206850E8050F216820F0400041E80502A2
:1031500092B1206850E8050F216820F0400041E856
:1031600005024AB1206850E8050F216820F04000B0
:1031700041E80502002ADAD1202084F83E00002030
:103180002063206850E8030F216820F0100041E818
:103190000302DAB1206850E8030F216820F0100024
:1031A00041E8030292B1206850E8030F216820F043
:1031B000100041E803024AB1206850E8030F21687B
:1031C00020F0100041E80302002ADAD1A06BFEF7DC
:1031D000CFF8A08DE18D401A81B2204602B0BDE843
:1031E000B040FFF7CBBE00BF226C42F00102226468
:1031F0004A0706D5BEF1000F03D0226C42F002024E
:1032000022648A0706D5BEF1000F03D0226C42F07B
:1032100004022264BCF1000F09D545EA0E02B2FA9D
:1032200082F2520903D1226C42F008022264226C1D
:10323000002A3FF417AF11F0200118BF002D03D072
:10324000204600F077FE20684069216C00F04000C5
:1032500001F00801401800F0B58000BF206850E878
:10326000030F216820F4907041E80302BAB320688C
:1032700050E8030F216820F4907041E8030272B314
:10328000206850E8030F216820F4907041E80302A1
:103290002AB3206850E8030F216820F4907041E8B9
:1032A0000302002ADAD11AE0206850E8050F2168ED
:1032B00020F0010041E80502DAB1206850E8050F6E
:1032C000216820F0010041E8050292B1206850E831
:1032D000050F216820F0010041E805024AB120688D
:1032E00050E8050F216820F0010041E80502002A9E
:1032F000DAD1206B012824D1206850E8030F21681F
:1033000020F0100041E80302DAB1206850E8030F12
:10331000216820F0100041E8030292B1206850E8D3
:10332000030F216820F0100041E803024AB1206831
:1033300050E8030F216820F0100041E80302002A42
:10334000DAD1202084F83E00002020632068406904
:1033500040063FD5206850E8050F216820F0400066
:1033600041E80502DAB1206850E8050F216820F035
:10337000400041E8050292B1206850E8050F21683D
:1033800020F0400041E805024AB1206850E8050FEE
:10339000216820F0400041E80502002ADAD1A06B44
:1033A000C0B143F62971C0F600010165FEF728F8A7
:1033B00000283FF457AEA06B016D02B0BDE8B040ED
:1033C000084700BF2046FFF7DBFD0020206402B065
:1033D000B0BD00BF204602B0BDE8B040FFF7D0BD91
:1033E000401A216851E8031F226821F4907142E8D5
:1033F0000313DBB1216851E8031F226821F49071A7
:1034000042E8031393B1216851E8031F226821F4B5
:10341000907142E803134BB1216851E8031F226801
:1034200021F4907142E80313002BDAD1216851E8AE
:10343000051F226821F0010142E80513DBB1216874
:1034400051E8051F226821F0010142E8051393B1FC
:10345000216851E8051F226821F0010142E80513A7
:103460004BB1216851E8051F226821F0010142E8B3
:103470000513002BDAD1202184F83E1000212163AE
:10348000216851E8031F226821F0100142E803136C
:10349000002B3FF4A1AE216851E8031F226821F000
:1034A000100142E80313002B3FF496AE216851E867
:1034B000031F226821F0100142E80313002B3FF4A0
:1034C0008BAE216851E8031F226821F0100142E809
:1034D0000313002BD4D17FE6216A31F8022B6FF35E
:1034E0005F22426021628AE5002804BF0120704704
:1034F00010B5044690F83D0028B9002084F83C003F
:10350000204600F021F8242084F83D002068C1689E
:1035100021F40051C160204600F08CFD2068016953
:1035200021F490410161416921F02A014161C168A2
:1035300041F40051C16000202021206484F83D1036
:1035400084F83E1010BD00002DE9F04387B004461A
:10355000216844F60002C4F2000200209142CDE945
:103560000500CDE90300029076D044F20040C4F299
:103570000000814240F09980002643F63000019619
:10358000C4F20200016946F2880841F40031016189
:103590000169C4F2020801F4003101910199019618
:1035A000016841F008010160006802A900F008000C
:1035B00001900198602002900220CDE903060320CB
:1035C00005900720069040F60040C4F20200FEF786
:1035D0001FF940F25025C2F200054FF480704FF001
:1035E00000674FF48069C5E906602846C5E9008791
:1035F000C5E90266C5E90496C5E90866FDF7F2FF6C
:10360000002818BFFDF7AEFEA563AC6340F2B025FD
:1036100008F11800C2F200054021C5E9000705F1D4
:10362000080080E842022846C5E90566C5E9076644
:103630006E62FDF7D7FF002818BFFDF793FE262026
:10364000052100226563AC63FEF7F6FD2620FEF738
:10365000DFFD07B0BDE8F08343F630010190C4F20E
:1036600002010A6942F480220A610A6902F4802296
:103670000192019A01900A6842F008020A60096802
:1036800001F00801019101994FF44071029102216A
:10369000CDE90310032005900720069040F6004076
:1036A000C4F2020002A9FEF7B3F807B0BDE8F08348
:1036B000704700002DE9F04381B0044690F83D00CA
:1036C00020280DD10F4600294FF0010000F0DD80C9
:1036D0001646002A00F0D98094F83C00012803D156
:1036E000022001B0BDE8F083012084F83C000020F6
:1036F000206421201D4684F83D00FEF771F9A68460
:10370000E684A1680646B1F5805F03D120690028F0
:1037100000F01081B8460027002084F83C00E18CBE
:103720002068002900F0908005F101090DE000BF3C
:10373000B8F1000F28D018F8011B4160E18C013965
:10374000E184E18C002900F07F8001680906EFD454
:10375000B9F1000F0AD0FDB1FEF742F9801BA84273
:103760001AD8206801680906F6D5E1E7016809065C
:10377000DED4016809065CBF01685FEA0161D7D445
:1037800001680906F2D5D3E737F8021B4FF00008AD
:103790006FF35F21D1E700BF206850E8030F216875
:1037A00020F4D07041E80302BAB3206850E8030F58
:1037B000216820F4D07041E8030272B3206850E819
:1037C000030F216820F4D07041E803022AB3206877
:1037D00050E8030F216820F4D07041E80302002A6A
:1037E000DAD11AE0206850E8050F216820F00100C6
:1037F00041E80502DAB1206850E8050F216820F0A1
:10380000010041E8050292B1206850E8050F2168E7
:1038100020F0010041E805024AB1206850E8050F98
:10382000216820F0010041E80502002ADAD12020B9
:1038300084F83D0084F83E00002084F83C0003201A
:1038400001B0BDE8F08300BF0168490619D4FDB19D
:10385000691C0DD10168490613D4016849065CBF93
:1038600001685FEA41610CD401684906F2D508E0BD
:10387000FEF7B6F8801BA8420AD820680068400608
:10388000F6D5202084F83D00002001B0BDE8F0838B
:10389000206850E8030F216820F4D07041E803024B
:1038A000E2B3206850E8030F216820F4D07041E8AB
:1038B00003029AB3206850E8030F216820F4D07007
:1038C00041E8030252B3206850E8030F216820F456
:1038D000D07041E80302002ADAD11FE0206850E8E6
:1038E000050F216820F0010041E80502002A9ED062
:1038F000206850E8050F216820F0010041E805022A
:10390000002A3FF494AF206850E8050F216820F0AA
:10391000010041E80502002A3FF489AF206850E821
:10392000050F216820F0010041E80502002AD5D1E9
:103930007DE700BF4FF00008EEE600007047000092
:10394000FEE7000080B582B00020019043F6300011
:10395000C4F202000168002241F400110160006815
:10396000052100F40010019001981020FEF764FC7E
:103970001020FEF74DFC112005210022FEF75CFC13
:10398000112002B0BDE88040FEF742BC80B543F68E
:10399000F54048F60C12C0F60000C0F60002002107
:1039A00000F0B4FD40F24C21C2F20001086080BD7D
:1039B0002DE9F04387B0002743F63000CDE90577C5
:1039C0000197C4F20200016840F2004541F0100185
:1039D00001600168C4F2020501F010010191019932
:1039E00001970168002241F08001016001684FF4F5
:1039F000814901F08001019101990197016841F02D
:103A000020010160016801F02001019101990197F5
:103A1000016841F002010160016801F002010191B9
:103A200001990197016841F008010160016801F006
:103A30000801019101990197016841F004010160B9
:103A4000016801F00401019101990197016841F0B9
:103A50000101016000684FF4814100F00100019014
:103A600001982846FDF7B6FF05F5806420464FF41F
:103A7000407100224FF44078FDF7ACFF182002900F
:103A80004FF4881002AECDE9030705F540603146DA
:103A9000FDF7BEFE4FF48050CDE9020705F58050DA
:103AA00031460497FDF7B4FECDF808904FF00109B8
:103AB00028463146CDE903970597FDF7A9FE204634
:103AC0003146CDE90289CDE90477FDF7A1FE092051
:103AD00005210022FEF7B0FB0920FEF799FB0A2022
:103AE00005210022FEF7A8FB0A20FEF791FB07B094
:103AF000BDE8F08380B540F2103045F20041C2F2DB
:103B00000000C4F2000141F6802200234FF4804CF3
:103B1000C0F2060280E80E00C0E9033CC0E90533AC
:103B2000C0E90733FDF7A0FF002818BFFDF71AFC16
:103B300040F21030C2F200000021FDF757FF0028CC
:103B400018BFFDF70FFC40F21030C2F20000002158
:103B5000FDF76AFF002808BF80BDBDE88040FDF783
:103B600001BC000080B586B040F2AC300021C2F24A
:103B700000004FF0804253234FF0FF3C0591CDE908
:103B80000311CDE90011C0E90023C0E9021C016165
:103B90008161FEF7D5FE002818BFFDF7E3FB4FF467
:103BA0008050029040F2AC30C2F2000002A9FEF751
:103BB00065FF002818BFFDF7D5FB40F2AC30C2F21C
:103BC00000006946FEF760FE002818BFFDF7CAFB3B
:103BD00006B080BD80B540F2F43044F20041C2F23C
:103BE0000000C4F2000100234FF00C0C4FF4E1324E
:103BF00080E80E00C0E90333C0E905C3C361FFF7E5
:103C000073FC002808BF80BDBDE88040FDF7AABB5B
:103C100080B540F2384044F60001C2F20000C4F220
:103C2000000100234FF00C0C4FF4E13280E80E004D
:103C3000C0E90333C0E905C3C361FFF755FC0028A1
:103C400008BF80BDBDE88040FDF78CBBFEE70000EB
:103C5000FEE700000000000000000000000000007F
:103C6000EFF30980BFF36F8F154B1A681EF0100F2A
:103C700008BF20ED108A20E9F04F10602DE90900FF
:103C80004FF0500080F31188BFF34F8FBFF36F8F59
:103C900003F02CFA4FF0000080F31188BDE8090012
:103CA00019680868B0E8F04F1EF0100F08BFB0ECBC
:103CB000108A80F30988BFF36F8F704700BF00BF81
:103CC0004400002000000000000000000000000090
:103CD000074B19680868B0E8F04F80F30988BFF314
:103CE0006F8F4FF0000080F31188704700BF00BF56
:103CF00044000020012000F0C7FBFBE780B54EF236
:103D00001000CEF20000006803F02EFF012808BF6B
:103D100080BDBDE8804003F009BB0000B0B592B0A3
:103D2000002443F64000CDE90A44CDE90844059457
:103D3000CDE90344CDE901440094C4F202000168D6
:103D4000022541F080510160006800F08050009031
:103D5000009847F200000094C4F20000016841F4AA
:103D600040410160006800F440400090009801204C
:103D700006904FF4803007904FF480000D9004209F
:103D80000E90A820CDE90F050720119006A80C95EC
:103D9000FEF7BCFB20B1EFF3108072B6FEE700BF68
:103DA0000F20CDE901054FF4A05004904FF480504E
:103DB000059001A805210394FEF77AFA20B1EFF3EC
:103DC000108072B6FEE700BF12B0B0BD4EF688504C
:103DD000CEF20000016841F47001016070470000FC
:103DE00040F26430C2F20000FEF718BF10B540F692
:103DF000FF3E0368C4F2000E40F2004C7045C4F26E
:103E0000010C27DCB0F1804F31D040F20042C4F207
:103E1000000290422BD040F60002C4F20002904211
:103E200025D041F6FF72C4F20002904229DC7045B1
:103E30003CDCB0F1804F5FD040F20042C4F200029F
:103E4000904259D040F60002C4F20002904253D092
:103E500056E000BF40F60042C4F20002904206D095
:103E6000604504D00022C4F201029042D9D14A68D0
:103E700023F07003134341F6FF72C4F20002904234
:103E8000D5DD43F6FF72C4F20102904222DC42F219
:103E90000002C4F2000290422ED00022C4F20102BD
:103EA000904229D0604527D02AE000BF40F600426A
:103EB000C4F2000290421FD041F60002C4F2000298
:103EC000904219D041F60042C4F20002904213D051
:103ED00016E000BF44F20002C4F2010290420BD08F
:103EE00044F60002C4F20102904205D044F20042BE
:103EF000C4F20102904203D1CA6823F44073134311
:103F000023F080024B69D1F800E08C681A4302600C
:103F1000C46240F48062C0F828E0624504BF0969C9
:103F200001630121416110BD806B0021C185C18405
:103F3000FFF726B881B090F83E10222921D183687E
:103F40000246B3F5805F09D152F8281F52F8183C99
:103F5000002B63D003685B680AE000BF52F8281F9B
:103F600013B90369002BF5D003685B6803F07F0386
:103F70000B70116801311160C18D01390A04C185CE
:103F800002D001B0704700BF0168CA6822F0200269
:103F9000CA60CA6822F48072CA604A6922F00102CB
:103FA0004A61202180F83E10016B01293ED1002199
:103FB000016300BF016851E8031F026821F010018E
:103FC00042E80313DBB1016851E8031F026821F0E6
:103FD000100142E8031393B1016851E8031F02681E
:103FE00021F0100142E803134BB1016851E8031FAF
:103FF000026821F0100142E80313002BDAD10168B6
:104000000A68D20606D5002200920A680092496822
:1040100000910099818D01B0FEF7B0BF026852682F
:104020006FF35F2221F8022B8162A5E701B0FFF751
:104030003FBB000010B504460068D4E902C2236902
:10404000016921F4405111430161626943EA0C01A5
:10405000E3691143C268194349F20C639A4311435F
:10406000C1604169A26921F4407141F200431143EA
:1040700040F48062C4F201039A42416102D1FEF72A
:10408000FBF901E0FEF7E4F9E16963681922B1F593
:10409000004FA0FB020123D15A00DB0FFCF7A2F86E
:1040A00048F21F51C5F2EB11A0FB01235A094FF64C
:1040B0009C73C0F6FF7303F1805302FB03003223AD
:1040C00003EBC000A0FB01014FF4F87000EA1110EF
:1040D00000EB0210C1F3421108442168886010BD52
:1040E0009A009B0FFCF77EF848F21F51C5F2EB11C6
:1040F000A0FB01235A094FF69C73C0F6FF7302FB25
:104100000300322303EB0010A0FB0101F02000EAC2
:10411000511000EB0210C1F343110844216888607C
:1041200010BD000040F2F430C2F20000FEF72ABFDA
:10413000FEE700002DE9F04786B04FF4805041F2D1
:10414000004A01901120C4F2020A02900220049059
:1041500001A95046FDF75CFB50464FF48051002208
:104160000024FDF737FC40F2AC39C2F20009D9F85F
:10417000000044F620624462016841F001010160E0
:1041800044F61F61436A8B4208D8436A8B4205D8C4
:10419000436A8B4202D8436A9342F3D3016A41F2E5
:1041A0001112114208D1016A40F24442114203D176
:1041B000016821F00101016050464FF48051012255
:1041C000FDF708FCD9F8000000214162016841F0C8
:1041D00001010160416A1D2908D8416A1D2905D8DD
:1041E000416A1D2902D8416A1E29F3D3016A41F2AE
:1041F0001112114208D1016A40F24442114203D126
:10420000016821F0010101604FF48050019001200C
:104210000025039001A950460295FDF7F9FA504692
:104220004FF48051FDF7C8FB20B1284606B0BDE829
:10423000F08700BF41F2111740F24448002609E020
:10424000016A39421CD050464FF48051661CFDF77C
:10425000B3FBF8B9D9F8000034464562016841F073
:1042600001010160416A0029EAD1416A0029E7D1D0
:10427000416A0029E4D1416A0029F3D0E0E700BF98
:10428000016A11EA080FDED1016821F00101016025
:10429000D9E700BFA4F16400C0B2AF2804D2002562
:1042A000284606B0BDE8F08750464FF48051FDF730
:1042B00083FB00284FF00005B7D041F2111740F200
:1042C000444800240AE000BF016A39421CD050462D
:1042D0004FF48051741CFDF76FFBF8B1D9F8000062
:1042E00026464562016841F001010160416A0029EA
:1042F000EAD1416A0029E7D1416A0029E4D1416A43
:104300000029F3D0E0E700BF016A11EA080FDED10F
:10431000016821F001010160D9E700BFA6F1130097
:10432000C0B20025512838BF0125284606B0BDE897
:10433000F087000044F60001C4F200010A6852064A
:1043400009D40A6852065CBF0A685FEA426202D476
:104350000A685206F2D5C2B24A60704782B0FDF7D1
:10436000BFFEFFF7DBFCFFF723FBFFF7EBFAFFF7DE
:10437000F9FBFFF74DFCFFF7BDFBFFF72BFC03201C
:104380000821002202F0EAFF40F21804C2F2000401
:10439000A06003200821002202F0E0FF206101203C
:1043A0004FF480710022012702F0D8FFE060022064
:1043B00001210022022602F0D1FF606045F2950043
:1043C00004F11405C0F600001FA14FF48072002311
:1043D0000096019503F05CFB04F11800019045F292
:1043E0003920C0F600001AA14FF480720023009714
:1043F00003F04EFB04F11C00019045F23D10C0F6A5
:10440000000017A14FF400720023009703F040FB57
:1044100045F2D52004F12006C0F6000013A14FF4A8
:10442000007200230097019603F032FB11A004F004
:104430002BFA02F0DBFD00F037F8FFF7A7FA00F0E7
:1044400047F800BFFEE700BF444854313100000088
:10445000446174615472616E736D69740000000090
:104460004461746152656365697665004F4C4544EB
:104470000000000053746172745363686564756C66
:104480006572200D00000000EFF3058100291CBFBC
:104490006FF005007047002804BF0020704780B50A
:1044A00002F0DAFC002080BDEFF3058000281CBF7D
:1044B0006FF00500704740F24820C2F2000001682A
:1044C000002911BF4FF0FF3001210160002070472B
:1044D00010B5EFF3058000281CBF6FF0050010BD7C
:1044E00040F24820C2F20000016801291CBF4FF0D1
:1044F000FF3010BD4EF61F51CEF2000100240C70AB
:104500000221016002F072FD204610BD2DE9F0414C
:1045100084B08E4600240394EFF3058150B149B96D
:104520004FF0000452B19369002B08BF1823382BB9
:1045300016D90024204604B0BDE8F0818025182358
:10454000002103AF0093AAB27346019703F0A0FACB
:104550000399012808BF0C46204604B0BDE8F0814D
:104560001179C90724D15769D2E902864FEA970C1D
:104570001168002F654608BF8025B8F1000F13D0E1
:104580005C2E15D312690024002A18BF002FD1D049
:10459000CDE9003262467346CDF8088003F0A8FAF0
:1045A00004B0BDE8F08100BF16B91269002AC8D076
:1045B0000024204604B0BDE8F08100002DE9F04160
:1045C000044602F0D7FA40F24406C2F20006F06850
:1045D00040F26C550130F0603068C2F2000558B10D
:1045E0003069002840F007813068E16AC06A88427B
:1045F00098BF3460FFE000BF3460F068012840F0ED
:10460000FA80284602F05CFA05F1140002F058FA2C
:1046100005F1280002F054FA05F13C0002F050FACE
:1046200005F1500002F04CFA05F1640002F048FA7E
:1046300005F1780002F044FA05F18C0002F040FA2E
:1046400005F1A00002F03CFA05F1B40002F038FADE
:1046500005F1C80002F034FA05F1DC0002F030FA8E
:1046600005F1F00002F02CFA05F5827002F028FA4C
:1046700005F58C7002F024FA05F5967002F020FA28
:1046800005F5A07002F01CFA05F5AA7002F018FA00
:1046900005F5B47002F014FA05F5BE7002F010FAD8
:1046A00005F5C87002F00CFA05F5D27002F008FAB0
:1046B00005F5DC7002F004FA05F5E67002F000FA88
:1046C00005F5F07002F0FCF905F5FA7002F0F8F962
:1046D00005F5027002F0F4F905F5077002F0F0F943
:1046E00005F50C7002F0ECF905F5117002F0E8F92F
:1046F00005F5167002F0E4F905F51B7002F0E0F91B
:1047000005F5207002F0DCF905F5257002F0D8F906
:1047100005F52A7002F0D4F905F52F7002F0D0F9F2
:1047200005F5347002F0CCF905F5397002F0C8F9DE
:1047300005F53E7002F0C4F905F5437002F0C0F9CA
:1047400005F5487002F0BCF905F54D7002F0B8F9B6
:1047500005F5527002F0B4F905F5577002F0B0F9A2
:1047600005F55C7002F0ACF905F5617002F0A8F98E
:1047700005F5667002F0A4F905F56B7002F0A0F97A
:1047800005F5707002F09CF905F5757002F098F966
:1047900005F57A7002F094F905F57F7002F090F952
:1047A00005F5826002F08CF905F2244002F088F9E8
:1047B00005F5876002F084F905F24C4002F080F9BB
:1047C00040F22018C2F20008404602F079F908F1E0
:1047D0001407384602F074F906F1640002F070F92B
:1047E00006F13C0002F06CF906F1500002F068F9A5
:1047F000C6F81C8037627068716A421CE06A726099
:104800008842626488BF706200EB800005EB800024
:10481000211D02F097F902F0D1F9306988B13068B2
:10482000E16AC06A884228BFBDE8F0814EF60450B4
:10483000CEF200004FF080510160BFF34F8FBFF305
:104840006F8FBDE8F081000040F2440540F26C56E5
:104850004EF60458C2F20005C2F20006CEF200087D
:104860004FF0805703E000BF204602F0BFF9A86870
:10487000D0B102F07FF9A86CC468201D02F0F2F8F4
:10488000E8680138E860A8680138A86002F096F985
:1048900094F859000228EAD00128E5D070B9206BBD
:1048A00002F0A4F9E0E700BF30680228DFD3C8F8BF
:1048B0000070BFF34F8FBFF36F8FD8E74FF05000FA
:1048C00080F31188BFF36F8FBFF34F8FFEE70000B7
:1048D0002DE9F0470A9C8246206B16460F46DDE91B
:1048E00008599100A5229846FBF7BFFC206B002FCA
:1048F00000EB8600A0F1040020F0070656D03878BF
:1049000084F83400387800284BD0787884F8350063
:104910007878002845D0B87884F83600B878002830
:104920003FD0F87884F83700F878D0B3387984F835
:1049300038003879A8B3787984F83900787980B369
:10494000B87984F83A00B87958B3F87984F83B001C
:10495000F87930B3387A84F83C00387A08B3787A3A
:1049600084F83D00787AE0B1B87A84F83E00B87AED
:10497000B8B1F87A84F83F00F87A90B1387B84F8BF
:104980004000387B68B1787B84F84100787B40B187
:10499000B87B84F84200B87B00281CBFF87B84F801
:1049A0004300002084F8430003E000BF002084F8A7
:1049B00034000027201D372D28BF3725E562C4E9C4
:1049C000135702F089F804F1180002F085F8C5F1D8
:1049D0003800A061304651464246246164626765F2
:1049E00084F8587000F042FBB9F1000F206018BF46
:1049F000C9F80040BDE8F08708480068006880F307
:104A000008884FF0000080F3148862B661B6BFF3E7
:104A10004F8FBFF36F8F00DF00BF000008ED00E095
:104A200081B00020009040F21000C2F20000006847
:104A30004FF0500181F31188BFF36F8FBFF34F8F99
:104A4000013007D0FEE700BF009830B9009820B9C8
:104A5000009810B900980028F6D001B07047000007
:104A600088B040F2BC0AC2F2000A0DF11009EB4610
:104A7000DAF8080005681DB1C068046801E000BFED
:104A8000002402F02BFB03F07FF8DAF81010064642
:104A9000884220D3002DCAF8106051D0A6424FD3CF
:104AA00003F07AF9DAF80800C068C7683D1D2846A7
:104AB00001F0D8FF97F82800410745D400F0FE0028
:104AC00087F8280084E000BF6860DAF808003946FB
:104AD0002D6102F005F8DAF80800016831B3C0680A
:104AE000C56804682F1D384601F0BCFF296A2846B6
:104AF000884795F828004007EDD5A8692044A042D2
:104B0000E2D8DAF80000002800F04881002004A96B
:104B100031C103F029F8DAF80000494600220023E9
:104B200002F0D0FC0028D6D138E100BFDAF80C1032
:104B3000CAF81060CAE9021003F02EF91AE100BFAA
:104B400065B1002210E000BFB8693F610119B142B0
:104B500079601FD90AF1080021E000BFDAF80C00E3
:104B60000068B0FA80F04209DAF80000A11B02F0F8
:104B700049F903F011F9002840F0FC804EF604508A
:104B8000CEF200004FF080510160BFF34F8FBFF3B2
:104B90006F8FEFE0311B814206D20AF10C000068F2
:104BA000294601F09DFF13E0DAF80000002800F02C
:104BB0001381002004A991C102F0D6FFDAF80000A9
:104BC00049460022002302F07DFC002800F0048109
:104BD000396A38468847CDE00098B0F1FF3F07DCDE
:104BE000DDE90120039990470098002800F1C28078
:104BF000029E706910B1301D01F034FF02F0C4FF55
:104C0000DAF81010074688420DD30098CAF81070E1
:104C100009283FD9AEE000BF6860DAF808002146F5
:104C20002D6101F05DFFDAF80800016841B3C0684A
:104C3000C568D0F800802C1D204601F013FF296ABA
:104C40002846884795F828004007ECD5A8694044D5
:104C50004045E1D8DAF80000002800F095800020F7
:104C6000CDE90408069502F07FFFDAF80000494616
:104C70000022002302F026FC0028D4D184E000BFEB
:104C8000DAF80C10CAE902100098CAF81070092866
:104C900000F27080DFE800F006060644486206066F
:104CA000444800BF96F82800019A40F00101B0691D
:104CB00086F828108318314641F8043FBB4236611C
:104CC00006D997420AF1080007D293420AD204E0BB
:104CD000BA1A824206D20AF10C00006801F000FF05
:104CE00048E000BF316A3046884796F82800400700
:104CF00040D5DAF8000000285AD00198B16906962C
:104D000008440021CDE9041002F02EFFDAF800007B
:104D100049460022002302F0D5FB58BB48E000BF03
:104D200096F8280022E000BF96F8280040F0010124
:104D3000019886F828100028B06143D038443146E5
:104D40000AF10C0241F8040F3661B84288BF0AF13B
:104D50000802106801F0C4FE0CE000BF96F82800BD
:104D6000810703D4304601F041FF03E000F0FE006C
:104D700086F82800DAF800005946002202F064FDA7
:104D800000287FF429AF73E64FF0500080F31188BC
:104D9000BFF36F8FBFF34F8FFEE700BF4FF05000A0
:104DA00080F31188BFF36F8FBFF34F8FFEE700BF13
:104DB0004FF0500080F31188BFF36F8FBFF34F8F18
:104DC000FEE700BF4FF0500080F31188BFF36F8FF4
:104DD000BFF34F8FFEE700BF4FF0500080F3118804
:104DE000BFF36F8FBFF34F8FFEE70000F0B581B0C8
:104DF000044601F0BFFE94F94560012E0FDB04F17B
:104E0000240500BF286850B1284602F08BFF002817
:104E100018BF02F06BF8F0B2013E0128F2D8FF266D
:104E200084F8456001F0CAFE01F0A4FE94F94470D4
:104E3000012F0EDB04F11005286850B1284602F05E
:104E400071FF002818BF02F051F8F8B2013F0128A5
:104E5000F2D884F8446001B0BDE8F04001F0AEBE85
:104E600070B5044602F03AF940F2F80CC2F2000CB8
:104E7000DCF8040050B19CF80000002818BF4FF087
:104E800000404FF0000574BB8DE000BF40F6E260CB
:104E9000C2F20000C21D22F0070210F00701A0EBD1
:104EA000020318BF104600224FF47055CCE90602E9
:104EB000002918BF03F57055411921F00701A1F130
:104EC0000803CCF8043041E90222191AC0E9003184
:104ED00001208CF800004FF00040CCE90211002CBA
:104EE0004FF000055FD020405DD124F0070000F1B5
:104EF0001002600708BF04F10802002A4FF0000505
:104F000051D0DCF8080082424DD8604650F818EFC6
:104F1000DEF8045095422CD2DEF80010C1B1744680
:104F20004D68954218D20B68B3B15D68954217D2AF
:104F30001868A8B14568954216D20468A4B165689E
:104F4000954215D22168A6460029E9D111E000BF9B
:104F50000CF118000DE000BF8E46204609E000BFAE
:104F60009E46084605E000BF8646184601E000BFA1
:104F7000A646DCF804108E4514D00168DEF8004027
:104F8000AB1A112B04604DD30EEB0205680719D044
:104F90004FF0500080F31188BFF36F8FBFF34F8F36
:104FA000FEE700BF002502F0F7FE68075BD04FF078
:104FB000500080F31188BFF36F8FBFF34F8F00BF96
:104FC000FEE700BF0CF118006B60CEF8042000BFB4
:104FD0000368AB420AD21868A8420BD20368AB42FE
:104FE00004D218681A46A842F2D304E002461846D2
:104FF00001E000BF1A4653686C68D618AE4202D171
:105000001C44154654602B19834207D1DCF8043048
:10501000984203D0D0E9000323446B60AA42286081
:1050200018BF156001F10805DEF80400DCE9021282
:10503000091A9142CCF8081038BFCCF80C109CF833
:105040000010002918BF40F00040CEF80400DCF842
:10505000100000210130CEF80010CCF8100002F052
:105060009BFE6807A3D1284670BD0000034644F6A6
:105070002120C0F600004FF0807C21F0010103E9FF
:1050800003106FF0020043F8240CA3F1440043F82E
:10509000202C704782B040F2180B40F20049C2F257
:1050A000000BC4F202090BF1280A0BF124060FF2DF
:1050B000740809E048464FF480410022FCF78AFC5E
:1050C00040F6B83001F0C8FE48464FF48041012256
:1050D000FCF780FC50463146FBF76CFF0028E9D115
:1050E000DBF8080031460022002302F0EBF9DBF880
:1050F000100031460022002302F0E4F9DBE9090741
:10510000FBF792FA044638460D46FBF78DFA41EC60
:10511000100B404622462B468DED000B02F00EFF91
:10512000C8E700BF54656D703A252E3166204320D4
:1051300048756D693A252E31660D0A00C2B002AC81
:1051400020464FF48071FBF797F840F2F43B40F2B1
:10515000481740F2180A00204FF4FA76C2F2000B0A
:105160000DF10609C2F200072DA5C2F2000AADF842
:10517000060019E04EF60450CEF200004FF08051C8
:105180000160BFF34F8FBFF36F8FDAF80C00394621
:105190000022002302F096F920464FF48071FBF7BD
:1051A0006BF8642001F058FE584621464FF4807297
:1051B0004B460096FDF7FAFD0028DBD1BDF806004E
:1051C0000028D7D012A002F0B9FEBDF8060050B1F9
:1051D000002600BFA15D284602F0B0FEBDF8060023
:1051E00001368642F6D310A003F04EFBBDF80680D0
:1051F000384621464246FBF726F8002007F808000B
:105200000AA0394602F09AFE4FF4FA76BDE700BFD5
:10521000526563656976656420446174613A200073
:1052200030782530325820000D00000041534349AA
:10523000493A2025730D0A0082B040F21806C2F2E6
:10524000000640F2F43840F6000706F12404C2F2EA
:1052500000080DF10609C4F2020719A510E000BF0D
:1052600038464FF48071FCF7ADFB9DF806109DF8B1
:105270000720284602F062FE42F2107001F0ECFDB9
:1052800030692146002202F0DFFA0128E8D196EDCC
:10529000090A96ED0A1ABDEEC00A10EE100ABDEE1C
:1052A000C10A8DF8060010EE100A8DF8070040467E
:1052B000494602224FF0FF33FEF7FCF9D0E700BF6A
:1052C00053656E6420446174613A2025642C256422
:1052D0000D0A00008CB040F6CC15C2F2000528463D
:1052E00000F0CAF8284600F0E3F8284600F0ECF891
:1052F00048F65811C0F60001284600F007FA40F2BF
:10530000180BC2F2000B40F248179FED578A0BF1C1
:105310002406C2F2000707AC0DF108080FF24C1981
:105320000FE000BF284600F0C3F8284600211422F1
:105330004B4600F05FF9284600F0D0F9642001F0F8
:105340008BFDDBF808003146002202F07DFADBF825
:105350000C10824608463946002202F075FA9BF886
:105360000010022942D00129DCD1BAF1010F4DD140
:10537000DBF82400FBF758F941EC100B2046142110
:1053800031A28DED000B02F0E9FDDBF82800FBF700
:105390004BF941EC100B404614212FA28DED000B70
:1053A00002F0DCFD284600F083F828460021142294
:1053B000234600F01FF9284600212822434600F02A
:1053C00019F9284600F08AF99BED0A0A40F20040DC
:1053D000B4EE480AC4F202008021F1EE10FAB4BF24
:1053E00000220122FCF7F6FAA8E700BF012819D134
:1053F000284600F05DF82846002114220FA300F093
:10540000F9F82846002128223B4692E74EF6045040
:10541000CEF200004FF080510160BFF34F8FBFF319
:105420006F8F8BE74EF60450CEF200004FF08051A4
:105430000160BFF34F8FBFF36F8F7FE75541525429
:1054400020446174613A000054656D703A20252E45
:10545000316620430000000048756D693A20252E12
:105460003166202525000000000070424F4C454465
:10547000204F70656E00000010B548F64C1146F2E2
:10548000DD3246F63513C0F60001C0F60002C0F664
:105490000003044600F0DEF9204600F047FF2046F6
:1054A000002100F04FFF2046BDE81040AFF3008020
:1054B00080B5016890F83820097C406B5143C900E1
:1054C000FAF7DAFE80BD000010B5044600F09AF845
:1054D000204600F0DFF80028FAD120460021BDE880
:1054E000104000F005B9000070B582B0002B00F04C
:1054F0007F8090F88CC0BCF1000F79D0DDF818C027
:10550000022B09D3BCF1030F3AD0BCF1020F03D137
:10551000C91A013103E000BF5FEACC7C32D1B0F898
:105520004CC0944564D8B0F84EC0944560D9B0F8EA
:1055300048C0B0F84AE013FA81F48BB2A5B27345C3
:10554000664638BF0E46A54208BF0E467345234641
:10555000B1B238BFAEF10103A54208BF2B46714579
:1055600046D29BB2634543D9614588BF8C4673459B
:1055700038BF9E46AEEB0C034FF0000E614631E0A3
:10558000D21A0132B0F848608E4231D8B0F84A6081
:105590008E422DD9B0F84CC0B0F84EE013FA82F428
:1055A00093B2A5B27345664638BF1646A54208BFFA
:1055B000164673452346B2B238BFAEF10103A54289
:1055C00008BF2B46724513D29BB2634510D9624582
:1055D00088BF9446734538BF9E46AEEB0C034FF030
:1055E000010E6246066B9BB2B668CDF800E0B0478C
:1055F00002B070BD46F28D3CC0F6000CC0F804C08D
:1056000000F08AB910B5044690F8930040B12068C4
:1056100094F83820017C606B5143C900FAF72CFEE6
:1056200020460021BDE8104000F062B810B5B0F887
:105630004E40DDF808C0B0F84CE0944206D962450F
:105640000AD8E64524BF002010BD05E062454FF0B2
:1056500000021DD9E6451BD2B0F84A20B0F8480038
:105660008A420BD9002299424FF0000188BF0121E4
:10567000984238BF012241EA020010BD002299423F
:105680004FF0000188BF0121984238BF01220A4033
:10569000104610BDB0B5044600F0A6FD94F83920C0
:1056A00094F83800216802444B7CD5B29D420FD259
:1056B00094F893202AB1097C4143606BC900FAF742
:1056C000DBFD2046294600F013F80120B0BD00BFE5
:1056D000204600F031FE0020B0BD000010B50446A9
:1056E00000F082FD2046BDE8104000F025BE00001D
:1056F00010B50446006B84F83910026820469047C4
:10570000206B41682046BDE8104008472DE9F04F66
:1057100081B00446806D88425DD0A16508780D4651
:1057200084F87400487884F87500887884F87600E6
:10573000C87884F87700087984F87800487984F884
:105740007900887984F87A00C87984F87B00087A2F
:1057500084F87C00487A84F87D0091F90A9084F8F6
:105760007E90C87A84F87F0091F90C80084684F80E
:10577000808091F90D7084F8817091F90E6084F841
:10578000826091F90FB084F883B091F910A01121D3
:1057900084F884A000F0E0FBA4F8860028461321DA
:1057A00000F0DAFBA4F888002846152100F0D4FBAD
:1057B000A4F88A0094F88D0084F88E7084F88F60C5
:1057C00048B101280AD15F45B8BF84F88EB056456C
:1057D00001DD84F88FA001B0BDE8F08F08EB09006F
:1057E000B842C8BF84F88E004645C246C8BF84F898
:1057F0008FA001B0BDE8F08F45F60921C0F6000189
:10580000C1657047B0B50446049884F8382040F26A
:105810000112A4F8922002680025C4E90B3020464A
:10582000A56584F8395084F86D5084F8915084F857
:105830008D50616390470020CFF6FF70216B20658B
:1058400060654968204688472046FFF7D5FF84F801
:105850007050B0BDB0B582B09C4613460C4646F2BF
:10586000E97146F2B152C0F60001C0F600020546E9
:10587000CDF800C000F06CFD0DF1070000F0ACFCAD
:105880009DF8072045F661730146C0F600032846DF
:105890000094FFF7B7FF02B0B0BD0000022B07D0A5
:1058A000012B09D0002B14BF1044084480B270476C
:1058B000401A80B2704700BF801A80B27047000063
:1058C000022B07D0012B09D0002B14BF401A104423
:1058D00080B27047801A80B2704700BF084480B21F
:1058E0007047000010B582B0B0F83EE0DDF810C09F
:1058F000C46AA2EB0E0292B2CDF800C0A04702B07B
:1059000010BD000080B582B0DDF810C0CDF800C039
:10591000FFF7E8FF02B080BD2DE9F04F81B01F46D0
:1059200092460D4606464FF6FF7801F097F87268EA
:1059300039783046904740455ED0A8F101017C1C83
:105940004FF000091FFA81FB08E000BF8144726834
:1059500014F8011B3046904740454FD087B25F4551
:10596000F5D096F870205046032A29461DD8DFE866
:1059700002F003090F1700BFF16D3046884750440D
:10598000294612E0F16D30468847291A0CE000BF25
:10599000F16D30468847AAEB0000294605E000BFBC
:1059A000F16D3046884741195046A6F86410A6F8B4
:1059B00066003046394600F069FA48B10146304683
:1059C00000F024F896F87010032906D9BEE700BF4E
:1059D000002096F870100329B8D8DFE801F0070915
:1059E0000B0300BFAAEB000AB0E700BF0544ADE718
:1059F0008244ABE72D1AA9E74FF000091FFA89F09E
:105A000001B0BDE8F08F0000002070472DE9F04F95
:105A10008BB08346016600208BF86C009BF8780001
:105A20000B784FF0FF32082831BF05460131CBF823
:105A30006010A0F1080502FA00F023EA00009BF8CC
:105A400079308BF86C508BF86A005F190E78FCB2D5
:105A5000082CECB226FA04F60AD34C1CCBF86040B2
:105A6000C5F108054978EDB2A9400E43083F21462B
:105A70009A409BF8923026EA020203928BF86B2040
:105A80009BF87A208BF86E30B3FA83F35B098BF8BE
:105A90006C708BF86F30BC180B78E6B2082EFEB233
:105AA00023FA06FC0BD34E1CCBF86060C7F1080745
:105AB0004978FFB2B9404CEA010C083C31469BF8EA
:105AC0007B708BF86C403D190E78EBB2082BE3B27B
:105AD00026FA03F60AD3C4F108034C1CCBF8604045
:105AE0004978DBB299400E43083D21469BF87CA0E3
:105AF0004FFA80F98BF86C500AEB05000B78C4B2B2
:105B0000082CECB223FA04F312D31C46C5F10803A7
:105B10004D1CCBF860504978DBB299400C430838F3
:105B20000294B9F1010F8BF86C0008DA9EE100BF16
:105B30000293B9F1010F8BF86C00C0F29781511EEE
:105B40004FF0FF30C9B27B1E00FA02F200FA01F1F9
:105B5000B840DBB201272CEA020207FA03F3039FE5
:105B6000114426EA00023A449A1A9BF87060BBF886
:105B7000640057B24DB229463A463346FFF78EFECF
:105B80008046BBF8660029463A463346ABF8648047
:105B9000FFF796FE032EABF8660009D8DFE806F0A3
:105BA000020C1620039958FA89F340FA81F11EE09D
:105BB000434601461BE000BF039908F1010349B2C7
:105BC000A3EB010850FA89F111E000BF5FFA89F1F7
:105BD00008F10103A3EB010803994AB205E000BFF5
:105BE00003995FFA89F248FA81F3411C881A8FB24F
:105BF0001FFA88F182B29BB258460097FFF716FD54
:105C0000002800F033819BF86C30DBF86060CDF841
:105C100004A04FF0000E4FF0000AABF868E004E07B
:105C2000039840B2854280F21B819BF876C032789F
:105C300003EB0C07D8B2FDB2082D22FA00F20AD30A
:105C4000751CCBF86050C3F108037078DBB2984044
:105C50000243083F2E469BF877308BF86C70D919B9
:105C60003578CCB2082CFCB225FA04F509D3741CA3
:105C7000CBF86040C7F108077078FFB2B840054321
:105C800008394FF0FF3404FA0CF022EA00000590C6
:105C900004FA03F025EA000004908BF86C1003E08E
:105CA000C8078BF86C30BBD09BF86D0010B39BF825
:105CB0006A00059CA0EB0A01E2B2CBB2934269D81C
:105CC000641AE1B281420EF1010E61D3241AE1B2ED
:105CD000814253D3241AE1B2814253D3241AE1B250
:105CE000814253D3241AE1B281420EF1040EEDD267
:105CF0004EE000BF059C00209BF86A10A1EB0A054E
:105D000050BB00BF9BF87090BBF866004FFA8AF654
:105D10004FFA8EF731463A464B46CDF828E0FFF76A
:105D2000CFFDBBF864108046084631463A464B46E4
:105D3000FFF7B4FD9BF86F200146E0B2EBB298424A
:105D400038BF03468BF8922058464246CDF8009063
:105D5000FFF7CAFBDDF828E0E8B2E1B2814219D3CF
:105D60009BF86D00641B0EF1010E4FF0000A9BF8CA
:105D70006A100028A1EB0A05EED1C3E70EF1010E6F
:105D800006E000BF0EF1020E02E000BF0EF1030EAE
:105D90004FF0000A049A04EB0A018BF868108BF8A4
:105DA00069E000BF9BF86A009BF87060A0EB010AF5
:105DB0000A925FFA82F8BBF866205FFA8AF7BBF8AE
:105DC00064004CB24FFA8EF50997B845079238BF78
:105DD0004746069121462A463346F146FFF75EFDC7
:105DE0000890079821462A463346FFF769FD9BF83D
:105DF0006E1002468BF89210089958463B465C4656
:105E00000096FFF771FB0998804507D30A9A09F1BC
:105E1000010EA2EB0A020021A346C3E706980A99E5
:105E2000266E01EB000A94F86C2084F868A084F8D0
:105E300069903178531CDFB2A346082F21FA02F192
:105E4000CE46FFF42DAF701CCBF86000C2F1080302
:105E50007778DBB207FA03F31943D31F06461FE72F
:105E60009BF86E00DDF804A08BF892004FF0FF3035
:105E7000029A00FA0AF122EA0101AAF10102D2B261
:105E80009040084440B20BB0BDE8F08F70B50C46AE
:105E9000816DFF2C01F1170104D8612C36D3B0F8C5
:105EA000880037E0B0F88A000E18354628460021F1
:105EB00000F052F806442846022100F04DF8A042B6
:105EC00005F10405F2D3308840BA00283ED0A04244
:105ED0003ED0B078315A49BAC1B3A142064437D056
:105EE000B078315A49BA89B3A142064430D0B0786B
:105EF000315A49BA51B3A142064429D0B178705AF7
:105F00000E4440BA0028E2D120E000BF412C02D369
:105F1000B0F8860001444878C0B10A78A24219D08E
:105F20000144487890B10A78A24213D001444878DD
:105F300060B10A78A2420DD00144487830B10A78A5
:105F4000A24207D0014448780028E6D1002070BD65
:105F5000F01C70BD881C70BD405A00BA000C704720
:105F60002DE9F04102F00704012690F89250A64076
:105F7000022DB44628BF4FF0000CB5F1010E18BF3A
:105F8000B646056822F007062D7C476BDDF81880C1
:105F9000754317FA85F5B8F1000F294418D013F0AE
:105FA0000306A3F1010500F0A9800C7844EA0C0473
:105FB00084EA0E07541C14F007040F701CD04FEA3B
:105FC0004C0C4FEA4E0E012E23D12B4696E000BF1B
:105FD00013F00302A3F1010038D00C78012A44EA3F
:105FE0000C0484EA0E0401F8014B25D1034680B26B
:105FF0000328C0F0EF802DE0478F4FF001083944AF
:1060000090F89270012F98BFC44618BFC646012E63
:10601000DBD00C7844EA0C0484EA0E07941C14F0DC
:1060200007040F7036D04FEA4C0C4FEA4E0E022E8A
:106030003DD1023B62E000BF0C78022A44EA0C0426
:1060400084EA0E0401F8014B42D1023B80B20328DE
:10605000C0F0C080081F00BF10F8041F043B41EAD5
:106060000C0181EA0E0101704178827841EA0C014D
:1060700081EA0E01C478417042EA0C0181EA0E0106
:10608000817044EA0C0181EA0E011A04C170E3D167
:10609000A0E000BF478F4FF00108394490F892709C
:1060A000012F98BFC44618BFC646022EC1D00C7837
:1060B000033244EA0C0484EA0E040C7012F0070464
:1060C000A3F1030310D04FEA4C0C4FEA4E0E15E03B
:1060D0000A78033B42EA0C0282EA0E0201F8012B25
:1060E00080B2032876D3B5E7428F0126114490F899
:1060F0009220012A98BFB44618BFB646AAB2032A16
:1061000038BFBDE8F08101220CE000BF458F90F858
:1061100092602944012E98BF944618BF9646043BCE
:106120001D0457D00D78661C45EA0C0585EA0E055E
:1061300076070D7004D04FEA4C0C4FEA4E0E08E083
:10614000458F90F892602944012E98BF944618BF5D
:1061500096460D78A61C45EA0C0585EA0E057607DD
:106160000D7005D04FEA4C0C4FEA4E0E09E000BF0F
:10617000458F90F892602944012E98BF944618BF2D
:1061800096460D78E61C45EA0C0585EA0E0576076D
:106190000D7005D04FEA4C0C4FEA4E0E09E000BFDF
:1061A000458F90F892602944012E98BF944618BFFD
:1061B00096460D78043445EA0C0585EA0E0514F080
:1061C00007040D70A2D04FEA4C0C4FEA4E0E043B70
:1061D0001D04A7D1BDE8F081014640F660200822E9
:1061E000C2F200000A7070472DE9F04F81B083467B
:1061F00090F8388000689BF8396090F8119000257D
:1062000001274FF6F87A00BFDBF80000F2B2037CFA
:10621000DBF8340005FB03F101EA0A014418584693
:106220000021009400F06EF8474506D20136F0B226
:106230000835484507F10107E6D301B0BDE8F08F06
:10624000B0B590F838100568CB00838795F810C07A
:1062500090F8393095F811E04FEACC0CDA005C1870
:10626000A0F83AC0C287744588BFAEEB0301194459
:10627000C900A0F84020A0F8421069694164B0BD8F
:1062800070B582B00446216CB0F84400E164B4F803
:106290005010B4F85420B4F85230B4F856500026D8
:1062A000A4F84A002046A4F848600095FFF7BEF91C
:1062B00020B3B4F84810B4F850000122814284F8A9
:1062C0008C2038BFA4F84800B4F84A10B4F8520043
:1062D000814288BFA4F84A00B4F84C10B4F85400C6
:1062E000814238BFA4F84C00B4F84E10B4F8560000
:1062F000814288BFA4F84E0002B070BD84F88C6063
:1063000002B070BD80B582B0DDF810C0D0F808E0F2
:106310008DF805108DF806208DF804306B460F219E
:106320000122CDF800C0F04702B080BDD0F808C00F
:106330000A21002200236047D0F808C01021002263
:1063400000236047D0F808C00A460B2100236047AD
:1063500010B54FF47F44DDF808C0A0F82340FF24B7
:106360004FF0000E80F8284000F10804C0F800E06B
:1063700080F826E084E80E50BDE81040AFF30080BE
:10638000D0F808C0092100220023604700294FF6F9
:10639000FF7008BF70470A2918BF08467047000001
:1063A000D0F810C0192100220023604780B582B0C8
:1063B0008DF807100DF10702012100F003F802B07B
:1063C00080BD0000D0F810C013460A461721604770
:1063D000D0F810C01821002200236047F0B581B02A
:1063E00014390C294FF000004AD8DFE801F00749C2
:1063F000490D29334949494949490900FDF77AFBC3
:10640000012001B0F0BD00BF002AF9D040F6606C59
:10641000C2F2000C9CF8004012F00305A2F1010E3C
:1064200030D0184610F8017B40F66166611CC2F25C
:106430000006012D375527D10346724636E000BFCE
:1064400040F66060C2F2000000210170012001B03E
:10645000F0BD00BF40F66060C2F20000037840F279
:10646000103040F661624FF47A77C2F20000C2F257
:10647000000278210097FBF7B3FB0028C0D0002072
:1064800001B0F0BD13E000BF5F78A01CC9B2022DBF
:10649000775405D10233023A0146044607E000BFB3
:1064A0009D78E11CC0B20333033A35540C465FFAC1
:1064B0008EF003281AD340F66160043BC2F200005C
:1064C000214600BF13F8047FCDB247554E1C5F78BC
:1064D000F6B287558D1C9F78EDB24755CE1CDF78FC
:1064E000043A0431F6B215068755EBD18CF800104A
:1064F000012001B0F0BD0000D0F80CC0192100222D
:1065000000236047D0F80CC00A46162100236047DC
:10651000D0F80CC00A46152100236047D0F80CC003
:1065200013460A4617216047F0B581B00E4604466F
:106530000DF103050AE000BFA1F11800022817D2EF
:10654000E668204600220023B0473E46374617F84B
:10655000011B1729F0DCA1F11500022814D2727872
:10656000E768204600238DF80320B8470236EDE7A0
:10657000FE2915D17278204629218DF8032000F0DC
:1065800051FA0236E2E700BF172909D170780121DC
:106590008DF8030020462A46FFF7C0FF0236D5E7F4
:1065A00001B0F0BDD0F80CC01821002200236047D4
:1065B000F0B581B0143905292CD804461E4615467D
:1065C000DFE801F0042C16461EBE00BF94F824003C
:1065D0001421FF2804BF782084F82400D4F810C0C8
:1065E00020462A46334601B0BDE8F040604700BF70
:1065F00020462946FFF7DAFE012001B0F0BD00BFBA
:1066000040F6E160C2F2000000210170012001B0FB
:10661000F0BD00BF002001B0F0BD00BF40F6E16654
:10662000C2F200063078012802D12046FFF7B8FEFA
:106630002046FFF7CDFE20460021FFF7B7FE20469B
:106640002946FFF7B3FE0120307001B0F0BD00BF56
:1066500040F6E167C2F200073878012802D12046EF
:10666000FFF79EFE192D7DD320461821324600F0FB
:10667000DDF9A5F11800C1B2192906F118026FD38E
:106680002046182100F0D2F9A5F13000C1B2192935
:1066900006F1300264D32046182100F0C7F9A5F1B5
:1066A0004800C1B2192906F1480259D320461821E1
:1066B00000F0BCF9A5F16000C1B2192906F1600231
:1066C0004ED32046182100F0B1F9A5F17800C1B2EF
:1066D000192906F1780243D32046182100F0A6F9C3
:1066E00005F17000C1B2192906F1900238D3204695
:1066F000182100F09BF905F15800C1B2192906F1E3
:10670000A8022DD32046182100F090F905F1400091
:10671000C1B2192906F1C00222D32046182100F087
:1067200085F905F12800C1B2192906F1D80217D35D
:106730002046182100F07AF91035F03612E000BF3B
:1067400040F6E165C2F200052878012802D1204612
:10675000FFF726FE00202870012001B0F0BD00BF29
:1067600005461646E9B22046324600F05FF90020A1
:106770003870012001B0F0BD10B5D0F814C0282148
:10678000002200230446E047D4F80CC02046142120
:1067900000220023E04720464B21012200F042F96D
:1067A000206829210279204600F03CF920464B213F
:1067B000002200F037F9206829210279204600F0F4
:1067C00031F920464B21012200F02CF920682921C3
:1067D00042792046BDE8104000F024B98A7C01606F
:1067E00080F8222070470000B0B50D46044600F046
:1067F0001FF808B10120B0BD092D0DD00A2D15D10B
:106800002046FFF7B9FF4AF60A21C0F600012046EC
:10681000FFF78AFE0120B0BD4AF64C21C0F6000108
:106820002046FFF7DBFF0120B0BD00BF0020B0BD58
:106830002DE9F0410B39044604294FF0000088BFD0
:10684000BDE8F0811546DFE801F00365132335004C
:106850002046002D07BF4AF63F21C0F600014AF648
:106860004421C0F60001FFF75FFE0120BDE8F08182
:10687000002D51D04AF60321C0F600012046FFF753
:1068800053FE2068C07C84F822000120BDE8F0811E
:106890002046FFF787FE20468121FFF739FE20467C
:1068A0002946FFF72FFE2046FFF726FE0120BDE810
:1068B000F08100BF20461E46FFF774FE707994F801
:1068C000221001EBC007204640215FFA87F8FFF74E
:1068D0001FFE4FEA181000F110012046FFF718FEC6
:1068E00007F00F012046FFF70DFEB07940F0B00130
:1068F0002046FFF707FE00BF30793268C000C1B202
:106900002046FFF70BFE013D2806F5D12046FFF794
:10691000F3FD0120BDE8F0814AF6FC11C0F600014C
:106920002046FFF701FE2068807C84F822000120C9
:10693000BDE8F08129392A2900F26E80DFE801F0F4
:10694000651C686C656C6C6C6C6C6C6C6C6C6C6CE9
:106950006C6C6C6C6C6C6C6C6C6C6C6C6C6C6C6C77
:106960006C6C6C65656C6C1616161600002180F850
:1069700027100120704700BF002000BF00BF00BFEC
:1069800000BF00BF00BF00BF00BF00BF00BF00BF0F
:1069900000BF00BF00BF00BF00BF00BF00BF00BFFF
:1069A00000BF00BF00BF00BF00BF00BF00BF00BFEF
:1069B00000BF00BF00BF00BF00BF00BF00BF00BFDF
:1069C00000BF00BF00BF00BF00BF00BF00BF00BFCF
:1069D00000BF00BF00BF00BF00BF00BF00BF00BFBF
:1069E00000BF00BF00BF00BF00BF00BF00BF00BFAF
:1069F00000BF00BF00BF00BF40F03F0100BFB1F5C6
:106A00009F7F00F1400000BFB8D90120704700BF50
:106A1000012000BF704700BF012180F8271001202E
:106A200070470000D0F814C000236047F0B581B073
:106A300017460D460646FFF7CBFC30464021FFF7D0
:106A4000B5FC3469304617212A463B46A0473046FC
:106A500001B0BDE8F040FFF7A3BC0000002180F8C2
:106A600026107047D0E9013201699A60D1F804C05C
:106A700082688445536008BF4A600022026108684A
:106A8000013808600868704744F6E843C2F2000322
:106A9000036044F6E820C2F2000008608020106025
:106AA0007047000045F24413C2F20003036044F64D
:106AB0004450C2F2000008604FF4807010607047CC
:106AC0004FF0FF31024642F8081F00214260C0E942
:106AD000032201607047000000210161704700003F
:106AE00010B5D1F800E01EF1010213D000F1080446
:106AF00062681368734511D853681C68744511D8CF
:106B00005A68146874450FD854682368A4467345BE
:106B1000EED90BE00269D2F804C007E094462246A1
:106B200004E000BF9C4601E094461A46C1F804C048
:106B3000CCF808108A605160086101680131016079
:106B400010BD0000D0F800C0436808619A684B602F
:106B50008A609A68996051600CF101010160704788
:106B6000DFF80C00016841F470010160704700001B
:106B700088ED00E04FF0500080F31188BFF36F8F75
:106B8000BFF34F8F40F21000C2F2000001684A1CB0
:106B9000026009B1704700BF4EF60450CEF200000B
:106BA0000068000608BF70474FF0500080F311885E
:106BB000BFF36F8FBFF34F8FFEE7000040F210006E
:106BC000C2F20000016839B10139016018BF704795
:106BD000002080F3118870474FF0500080F3118837
:106BE000BFF36F8FBFF34F8FFEE7000070B5002833
:106BF00008BF70BD40F2F805C2F2000504462878CF
:106C000054F8041C002818BF4FF0004008420DD073
:106C1000A4F1080632689AB14FF0500080F3118851
:106C2000BFF36F8FBFF34F8FFEE700BF4FF05000F1
:106C300080F31188BFF36F8FBFF34F8FFEE700BF64
:106C400021EA000044F8040C00F048FA54F8041C4F
:106C5000A8680844A86005F1180000BF0368B342A3
:106C60000AD21868B04225D20368B34204D2186829
:106C70001A46B042F2D301E0024618465368D418CF
:106C8000B44202D11944164651607318834206D1AA
:106C90006B68984203D0D0E9000319447160B24296
:106CA000306018BF1660686901306861BDE87040E7
:106CB00001F072B81A465368D418B442E5D1E1E73E
:106CC0004EF21000CEF2000000210160816040F21F
:106CD0000C01C2F20001096844F6D352C1F262020B
:106CE000A1FB02124FF0FF3101EB9211416007212D
:106CF0000160704740F21810EFF305811029C2F2CD
:106D0000000011D34EF2F032CEF20002895C02781C
:106D1000914209D24FF0500080F31188BFF36F8F7A
:106D2000BFF34F8FFEE700BF4EF60C51CEF20001CD
:106D30000968406801F4E061814298BF70474FF0F4
:106D4000500080F31188BFF36F8FBFF34F8F00BFE8
:106D5000FEE7000045F2A01CC2F2000CDCF80020A7
:106D600022B3634653F8082F42B3634653F8102FFB
:106D700052B3634653F8182F62B3634653F8202F7B
:106D800072B3634653F8282F82B3634653F8302F0B
:106D900092B3634653F8382F002A18BF7047072272
:106DA00019600CEBC2014860704700BF00226346C7
:106DB00019600CEBC2014860704700BF01221960E6
:106DC0000CEBC20148607047022219600CEBC20153
:106DD00048607047032219600CEBC201486070479D
:106DE000042219600CEBC20148607047052219604B
:106DF0000CEBC20148607047062219600CEBC2011F
:106E00004860704770B515460E460446FFF7B2FE5F
:106E100094F84400FF2804BF002084F8440094F84C
:106E20004500FF2804BF002084F84500FFF7C6FE98
:106E3000A06B28B12046BDE87040FDF7D7BF00BF6A
:106E400004F1240031462A4600F092F82046BDE8BD
:106E50007040FDF7CBBF000070B588B340F2440529
:106E6000C2F200050446686950B14FF0500080F34B
:106E70001188BFF36F8FBFF34F8F00BFFEE700BFD6
:106E8000686901306861AE6928680430FFF7EAFD7F
:106E90002868A419446005D3286A29680431FFF7DB
:106EA0001FFE08E0E86929680431FFF719FEE86A67
:106EB000844238BFEC6200F06FFF002818BF70BD3D
:106EC0004EF60450CEF200004FF080510160BFF347
:106ED0004F8FBFF36F8F70BD40F24401C2F20001CB
:106EE0008A6B0260896941607047000040F244008B
:106EF000C2F20000012101637047000070B5D8B1F3
:106F000040F24404C2F200040D4621681831FFF734
:106F1000E7FDA66920680430FFF7A4FD681C15D0C2
:106F20002068AD19456019D3206A21680431BDE895
:106F30007040FFF7D5BD00BF4FF0500080F31188BF
:106F4000BFF36F8FBFF34F8FFEE700BF54F8500BB6
:106F5000011D2046BDE87040FFF7F4BDE0692168DF
:106F60000431FFF7BDFDE06A854238BFE56270BDC0
:106F7000F0B581B0C0B140F24404C2F200040D4645
:106F8000216816461831FFF7DDFDA7692068043037
:106F9000FFF768FD96B154F8500B011D204601B073
:106FA000BDE8F040FFF7CEBD4FF0500080F31188F0
:106FB000BFF36F8FBFF34F8FFEE700BF2068ED195F
:106FC000456007D3206A2168043101B0BDE8F04074
:106FD000FFF786BDE06921680431FFF781FDE06AB3
:106FE000854238BFE56201B0F0BD000010B588B041
:106FF0000020CDE9050006A805A904AAFFF744FD75
:10700000059800283ED0069C002C45D05C21049AAF
:10701000079107995C2949D107992063022084F8D8
:10702000590007A80021CDE9001044F64900C0F638
:10703000000028A100230294FDF74AFC2046FDF73A
:10704000BDFA079840F24404C2F20004A062B0B155
:1070500000F01AFF411C33D0012810D14FF050002E
:1070600080F31188BFF36F8FBFF34F8F4FF0FF3066
:10707000E062012020610020A06100F095F808B0D6
:1070800010BD00BF4FF0500080F31188BFF36F8F29
:10709000BFF34F8FFEE700BF4FF0500080F3118821
:1070A000BFF36F8FBFF34F8FFEE700BF4FF050006D
:1070B00080F31188BFF36F8FBFF34F8FFEE700BFE0
:1070C0004FF0500080F31188BFF36F8FBFF34F8FE5
:1070D000FEE700BF49444C450000000040F2440078
:1070E000C2F20000416901314161704780B540F250
:1070F000440EC2F2000EDEF8141019B10121CEF8D0
:10710000301080BD0021CEF83010DEF8241040F29F
:107110006C5C01EB8103C2F2000C5CF823208AB1A5
:1071200001EB81020CEB820353F8042F5268181D07
:1071300082421A6020D0D068CEF80000CEF8241029
:1071400080BD00BF0CEB8302A2F12803E1B15A69B4
:1071500022BB012918D01A6812BB022914D053F897
:10716000142CFAB903290FD053F8282C0439002A1B
:10717000A3F15003EAD0D3E752681A60D068CEF882
:107180000000CEF8241080BD4FF0500080F311882D
:10719000BFF36F8FBFF34F8FFEE700BF0139BFE72B
:1071A0000239BDE70339BBE7B0B584B04EF2004CFD
:1071B000CEF2000C4CF27021C4F20F11DCF8002961
:1071C0004B1C9A420AD14FF0500080F31188BFF354
:1071D0006F8FBFF34F8F00BFFEE700BFDCF80029C1
:1071E0008A4209D14FF0500080F31188BFF36F8FAE
:1071F000BFF34F8FFEE700BF9CF800100291FF2104
:107200008CF800109CF800108DF807109DF80710FE
:1072100001F0500240F21811C2F200010A70072278
:107220004A609DF90720B2F1FF3F69DC032200BFED
:10723000D31C4B609DF8070040008DF807009DF9B6
:107240000700B0F1FF3F23DC931C4B609DF8070063
:1072500040008DF807009DF90700B0F1FF3F17DCF3
:10726000531C4B609DF8070040008DF807009DF906
:107270000700B0F1FF3F0BDC4A609DF80700043ABD
:1072800040008DF807009DF907000028D0D4131D99
:10729000032B35D14FF44070486002988CF8000001
:1072A000DCF8200940F47000CCF82009DCF8200953
:1072B00040F07040CCF82009FFF702FD40F21004C6
:1072C000C2F2000400252560FFF74AFC4EF6347038
:1072D000CEF20000016841F040410160FDF78CFBF7
:1072E000FFF704FF039520684FF0500181F31188E8
:1072F000BFF36F8FBFF34F8F013011D0FEE700BF98
:107300004FF0500080F31188BFF36F8FBFF34F8FA2
:10731000FEE700BF039830B9039820B9039810B96D
:1073200003980028F6D0002004B0B0BD80B54FF01F
:10733000500080F31188BFF36F8FBFF34F8F00F0C1
:1073400029FC30B14EF60450CEF200004FF08051CF
:107350000160002080F3118880BD00002DE9F0411C
:10736000B0B306464843503014460F46FDF778FD4B
:10737000054650B34FF00008284685F84680002F98
:1073800018BF50302860C5E90F67FFF7F3FB286886
:10739000D5E90F12C5F8388002FB0103013901FB62
:1073A0000201C5E90103FF20E96085F8440085F882
:1073B000450005F11000FFF783FB05F12400FFF7FE
:1073C0007FFBFFF7FBFB85F84C402846BDE8F081CA
:1073D0004FF0500080F31188BFF36F8FBFF34F8FD2
:1073E000FEE7000070B582B070B11C46B3B1F9B9C8
:1073F000F2B14FF0500080F31188BFF36F8FBFF3ED
:107400004F8F00BFFEE700BF4FF0500080F31188A0
:10741000BFF36F8FBFF34F8FFEE700BF4FF05000F9
:1074200080F31188BFF36F8FBFF34F8FFEE700BF6C
:1074300051B14AB94FF0500080F31188BFF36F8FFC
:10744000BFF34F8FFEE700BF50230193019B502BEA
:107450002ED1019B069E012384F84630002908BFE7
:1074600022462260C4E90F01FFF784FB2068D4E9BB
:107470000F12002502FB0103013901FB0201A56384
:10748000C4E90103FF20E16084F8440084F845006A
:1074900004F11000FFF714FB04F12400FFF710FBC8
:1074A000FFF78CFB204684F84C6002B070BD00BF33
:1074B0004FF0500080F31188BFF36F8FBFF34F8FF1
:1074C000FEE700002DE9F04F83B00292C0B11D46E7
:1074D00017460E460446E9B1022D03D1E06B0128A0
:1074E00040F0888000F040FB10BB0FB34FF050001D
:1074F00080F31188BFF36F8FBFF34F8FFEE700BF9C
:107500004FF0500080F31188BFF36F8FBFF34F8FA0
:10751000FEE700BF206C0028DED04FF0500080F363
:107520001188BFF36F8FBFF34F8F00BFFEE700BF1F
:10753000FFF720FBA06B022D66D0E16B884263D37E
:1075400004F1100801206F460DF108090DE000BF9D
:107550002046FDF74BFC00F01FFCFFF70BFBA06B78
:10756000E16B88424FF000004ED30299002973D09E
:10757000C00702D03846FFF7AFFCFFF71FFBFFF74D
:10758000ADFDFFF7F7FA94F84400FF2804BF002090
:1075900084F8440094F84500FF2804BF002084F8D4
:1075A0004500FFF70BFB3846494600F01FFA00285C
:1075B00058D1FFF7DFFAD4F838A0D4F83CB0FFF781
:1075C000FDFADA45C4D102994046FFF797FC204600
:1075D000FDF70CFC00F0E0FB0028BED14EF6045095
:1075E000CEF200004FF080510160BFF34F8FBFF328
:1075F0006F8FB2E74FF0500080F31188BFF36F8FA9
:10760000BFF34F8FFEE700BFA76B226CD2B19DB3D3
:10761000E0683146F8F717FEE168206C2268091A25
:107620009142E16003D2A16840420844E060A81E94
:10763000B0FA80F040093946002F18BF01210840F8
:107640003F1A26E02068002520BBA06800F024FB3C
:10765000A56005461EE000BFFFF7B0FA002003B0AA
:10766000BDE8F08F2046FDF7C1FB00F095FB002040
:1076700003B0BDE8F08F00BF60683146F8F7E3FD66
:10768000216CD4E9010208449042606001D3206873
:1076900060600025781CA06354F8240FA0B1204638
:1076A00000F040FB50B14EF60450CEF200004FF017
:1076B00080510160BFF34F8FBFF36F8FFFF77EFAEA
:1076C000012003B0BDE8F08F002DF7D04EF6045036
:1076D000CEF200004FF080510160BFF34F8FBFF337
:1076E0006F8FFFF76BFA012003B0BDE8F08F000049
:1076F0002DE9F04700B31E46144605460F4629B350
:10770000022E02D1E86B012852D1FFF7F3FAEFF312
:1077100011884FF0500080F31188BFF36F8FBFF3D3
:107720004F8FA86B022E1FD0E96B88421CD300201C
:1077300088F31188BDE8F0874FF0500080F311887E
:10774000BFF36F8FBFF34F8FFEE700BF286C002899
:10775000D6D04FF0500080F31188BFF36F8FBFF386
:107760004F8F00BFFEE700BF95F84590A86BD5F896
:1077700038A02A6C32B36EB3E8683946F8F763FD77
:10778000E968286C2A68091A9142E96003D2A9685D
:1077900040420844E860B01EB0FA80F0400951460B
:1077A000BAF1000F18BF01210840AAEB000A1EE041
:1077B0004FF0500080F31188BFF36F8FBFF34F8FEE
:1077C000FEE700BF286890B9A86800F065FA0020BD
:1077D000A8600CE068683946F8F735FD296CD5E9F2
:1077E000010208449042686001D3286868600AF189
:1077F0000100B9F1FF0FA86310D155F8240FB8B1FB
:10780000284600F08FFA0146002C4FF0010018BF07
:10781000002913D188F31188BDE8F08709F1010030
:1078200085F84500012088F31188BDE8F08700BF86
:10783000012088F31188BDE8F08700BF0120206097
:1078400088F31188BDE8F0872DE9F04F83B00292EC
:1078500090B116460D460446002947D000F084F941
:10786000A0B99EB14FF0500080F31188BFF36F8F25
:10787000BFF34F8FFEE700BF4FF0500080F3118839
:10788000BFF36F8FBFF34F8FFEE700BFFFF772F9B3
:10789000D4F838A0BAF1000F36D0226C52B1D4E936
:1078A00002308118E160994224BF2168E1602846D6
:1078B000F8F7C9FCAAF10100A06354F8100F70B1E9
:1078C000204600F02FFA50B14EF60450CEF20000E0
:1078D0004FF080510160BFF34F8FBFF36F8F0124D2
:1078E000FFF76CF9204603B0BDE8F08F206C00284C
:1078F000B4D04FF0500080F31188BFF36F8FBFF307
:107900004F8F00BFFEE700BF04F1240801206F463F
:107910004FF000090DF1080B2EE000BFFFF74EF904
:10792000FFF7DCFBFFF726F994F84400FF2808BFB7
:1079300084F8449094F84500FF2808BF84F84590E7
:10794000FFF73CF93846594600F050F8E0B12046C0
:10795000FDF74CFA00F020FAFFF70CF9A66BFFF7E1
:107960002DF9002E3CD0FFF705F9D4F838A00020FF
:10797000BAF1000F7FF491AF029949B3C007CDD09F
:107980003846FFF7A9FAC9E7FFF7F4F8A66BFFF747
:1079900015F92EB12046FDF729FA00F0FDF9E2E7CE
:1079A00002994046FFF7AAFA2046FDF71FFA00F0B9
:1079B000F3F90028D7D14EF60450CEF200004FF074
:1079C00080510160BFF34F8FBFF36F8FCBE700BFD4
:1079D0000024FFF7F3F8204603B0BDE8F08F00BFA6
:1079E0000024204603B0BDE8F08F0000B0B5D8B148
:1079F0000D4619B30446FFF7BDF840F2440CC2F23D
:107A0000000CDCF8182029684B1C21D0D4E9000EAA
:107A1000DCF83830834221D072451FD30124FFF7B0
:107A2000CDF82046B0BD00BF4FF0500080F3118864
:107A3000BFF36F8FBFF34F8FFEE700BF4FF05000D3
:107A400080F31188BFF36F8FBFF34F8FFEE700BF46
:107A50000024FFF7B3F82046B0BD00BFA2EB0E0232
:107A600091420DD9881A2860DCF838002060DCF8D3
:107A7000180060600024FFF7A1F82046B0BD00BFE9
:107A8000002001242860FFF799F82046B0BD0000CF
:107A90002DE9F04383B00746900098461546894685
:107AA000FDF7DEF9F8B106465C20FDF7D9F9B8B16B
:107AB0000446DDE90A100022266384F85920CDE946
:107AC0000010384649462A4643460294FCF700FF18
:107AD0002046FCF773FD012003B0BDE8F08300BF32
:107AE0003046FFF783F84FF0FF3003B0BDE8F08376
:107AF00070B586B00B9CCCB10C9E0EB35C25049582
:107B0000049D5C2D26D1049DDDF828C0022586F851
:107B1000595005AD3463CDE900C50296FCF7D8FE97
:107B20003046FCF74BFD059806B070BD4FF0500095
:107B300080F31188BFF36F8FBFF34F8FFEE700BF55
:107B40004FF0500080F31188BFF36F8FBFF34F8F5A
:107B5000FEE700BF4FF0500080F31188BFF36F8F36
:107B6000BFF34F8FFEE7000040F24400C2F2000076
:107B7000016900290FBF01204069B0FA80F0400977
:107B800018BF40007047000040F24400C2F20000FD
:107B9000806970472DE9F04381B040F24406C2F29B
:107BA0000006706940B1706B00240130706320469C
:107BB00001B0BDE8F08300BFB06910F10109C6F85B
:107BC000189020D3F069006850B14FF0500080F356
:107BD0001188BFF36F8FBFF34F8F00BFFEE700BF69
:107BE000F069316AF1613062B06B0130B063F06905
:107BF000006828B1F069C068C068406802E000BF52
:107C00004FF0FF30F062F06A40F26C588145C2F2EA
:107C1000000801D200242EE0F0690024006813E07F
:107C2000F86A716A884288BF706200EB800008EBD6
:107C300080002946FEF786FFF86A3168C96AF26952
:107C4000884228BF0124106890B1F069C068C768F5
:107C50003D4655F8040F81450CD32846FEF702FF38
:107C6000B86A0028DCD007F11800FEF7FBFED7E762
:107C70004FF0FF30F0623068C06A00EB800058F8C7
:107C80002000012888BF0124306B002818BF012480
:107C9000204601B0BDE8F08370B588B140F24406DB
:107CA000C2F2000604463068A0420BD04FF05000EC
:107CB00080F31188BFF36F8FBFF34F8FFEE700BFD4
:107CC000002070BD206D18B3411EE06AE26C216592
:107CD00090424FF0000008BF70BDC1B9251D284675
:107CE000FEF7C0FEE06CC0F13801E062A161716A8C
:107CF000884240F26C5188BF706200EB8000C2F293
:107D0000000101EB80002946FEF71CFF012070BD39
:107D10004FF0500080F31188BFF36F8FBFF34F8F88
:107D2000FEE7000070B5C068C5686DB105F11804C4
:107D30002046FEF797FE40F24406C2F20006706944
:107D400060B106F164001AE04FF0500080F3118832
:107D5000BFF36F8FBFF34F8FFEE700BF2C1D204690
:107D6000FEF780FEE86A716A884240F26C5188BF73
:107D7000706200EB8000C2F2000101EB800021463E
:107D8000FEF7E0FEE86A3168C96A884292BF0020C7
:107D90000120306370BD00002DE9F04140F2440540
:107DA000C2F20005686968B1FEF7E4FE686901384F
:107DB0006861686980B10024FEF700FF2046BDE8D5
:107DC000F08100BF4FF0500080F31188BFF36F8F38
:107DD000BFF34F8FFEE700BFE8680028EBD0686E66
:107DE00088B340F26C56C2F200064FF0010800BFA3
:107DF000286FC76807F11800FEF734FE3C1D2046C7
:107E0000FEF730FEF86A696A884288BF686200EB54
:107E1000800006EB80002146FEF794FEF86A296890
:107E2000C96A884228BFC5F83080686E0028DFD153
:107E3000E869006820B1E869C068C068406801E08E
:107E40004FF0FF30E8626C6B4CB10126FFF7A2FEE9
:107E5000002818BF2E63013CF8D100206863286B0E
:107E60000028A8D04EF60450CEF200004FF080510A
:107E70000160BFF34F8F0124BFF36F8FFEF79EFEAB
:107E80002046BDE8F081000070B586B0FEF772FEB6
:107E900040F2BC06C2F20006306808BB06F11404CA
:107EA0002046FEF70DFE06F128052846FEF708FEDF
:107EB00040F27C4240F21C53C6E902450025C2F262
:107EC0000002C2F200030A2010210095FFF78AFA8F
:107ED000306028B148F63C11C0F60001FEF73AFFC9
:107EE000FEF76CFE3068D8B10020CDE9040005A88B
:107EF00004A903AAFEF7D6FDDDE903200221059DB2
:107F0000CDE9001044F66120C0F6000009A100236D
:107F10000295FFF7EDFD706010B1012006B070BD55
:107F20004FF0500080F31188BFF36F8FBFF34F8F76
:107F3000FEE700BF546D7220537663000FB4054B0B
:107F400010B503A9044A029800F0FCF810BC5DF8D3
:107F500014FB000035430008000000200FB47CB57E
:107F60000C0009AD01D0611E00E00021CDE9000147
:107F7000064B6A462946089800F0E4F8002C02D027
:107F8000009A002111707CBC5DF814FB7388000816
:107F900002E008C8121F08C1002AFAD170477047D2
:107FA000002001E001C1121F002AFBD17047000030
:107FB0002DE9FF5F82B00021DDE90430020DDDF81C
:107FC00040B0034318D044F61050A2F2FF324243AF
:107FD0001514119801281FD0A5EB0B00401C5FEA77
:107FE000000A4FF000064E4FDFF83891B046504679
:107FF00015D5CAF1000413E0119801244AA3012801
:1080000001D16FEA0B010298119AC0E90031C0E971
:10801000024206B0BDE8F09FCBF10000DFE7044666
:108020000021404A491842EB0450CDE9001012E00B
:10803000E00707D032463B4640464946F8F717FC72
:108040008046894632463B4610461946F8F70FFCF3
:1080500006460F466410002CEAD1DDE90401DDE993
:108060000023BAF1000F06DAF8F701FC42464B464E
:10807000F8F7FDFB05E0F8F76CFC42464B46F8F7D5
:1080800068FC04460E460022284BF8F7F5FC03D89E
:108090004FF0FF30014607E00022254B20463146D5
:1080A000F8F73EFBF8F7D0FC102409E0002C0ADBBF
:1080B0000A220023F8F796F8039B30321A55641E03
:1080C00050EA0102F2D1641C039AC4F11103144472
:1080D000119A012A03D0012208430DD10AE0084376
:1080E00004D000204FF0110B119072E7A3EB0B05A9
:1080F0006D1E0DE05B4504DD4FF0000205F101054A
:1081000004E003DA4FF00002A5F10105002AECD0EB
:1081100002981199C0E90231C0E9004579E70000F1
:10812000000014400000F03F300000000000F04369
:108130000000E03F30380A2801D2012070470020BB
:10814000704700002DE9FF4F95B09B4689460646D3
:1081500000250FE2252877D100242746F84A01217F
:10816000059400E0044316F8013F203B01FA03F0B8
:108170001042F7D130782A2811D06FF02F033078D1
:10818000A0F13002092A16D8059A44F0020402EB45
:10819000820203EB42021044761C0590EFE759F887
:1081A000042B0592002A03DA504244F4005405904F
:1081B00044F00204761C30782E2816D116F8010FF0
:1081C00044F004042A280DD06FF02F023078A0F17B
:1081D0003003092B09D807EB870302EB4303C718C9
:1081E000761CF3E759F8047B761C30786C280FD0A6
:1081F00006DC4C2817D068280DD06A2814D104E07A
:10820000742810D07A280FD10DE044F400140AE04D
:1082100044F4801401E044F440147278824202D1A4
:1082200004F58014761C761C307866280BD013DC9D
:10823000582877D009DC002875D04528F6D0462884
:10824000F4D047281AD19DE118E0632835D064287E
:1082500079D0652812D195E1702873D008DC6728A1
:10826000F1D069286FD06E280DD06F2806D1B5E007
:1082700073282CD0752875D0782874D05A46179951
:1082800090476D1C75E1C4F30250022809D0032801
:108290000DD0D9F8001004280DD00D6009F10409A3
:1082A00067E1D9F80010EA17C1E90052F6E7D9F8FA
:1082B00000100D80F2E70D70F0E719F8041B8DF83F
:1082C000001000208DF80100EA46012003E059F873
:1082D00004AB4FF0FF3061074FF0000102D40DE016
:1082E00008F101018846B9420FDA8045F8DB1AF837
:1082F00008100029F4D108E008F101018846814204
:10830000FADB1AF808100029F6D105985B46A0EBB5
:10831000080721463846179A00F094FA284400EBE3
:10832000080507E04DE029E10DE01AF8010B5A4677
:1083300017999047B8F10108F7D25B4621463846B5
:10834000179A13E142E00A220092C4F302524FF05E
:10835000000A022A08D059F804CB032A4FEAEC712C
:108360000AD00DE029E02AE009F1070121F0070217
:10837000F2E802C1914609E00FFA8CFC4FEAEC7179
:10838000042A03D14FFA8CFC4FEAEC71002907DA7A
:108390000A460021DCF1000C61EB02012D2202E013
:1083A000220504D52B228DF80420012203E0E207E8
:1083B00001D02022F7E7904659E00A2102E010227E
:1083C0000DE010214FF0000A00910BE010224FF059
:1083D000000A44F004040827009203E008224FF04A
:1083E000000A0092C4F30252022A05D059F804CBC5
:1083F0000021032A08D009E009F1070121F0070252
:10840000F2E802C1914605E01FFA8CFC042A01D172
:108410000CF0FF0C4FF00008220728D5702806D07A
:10842000009B83F0100353EA0A0305D00EE04022BC
:108430008DF80420012208E05CEA010206D0302217
:108440008DF804208DF8050002229046009B83F0F1
:10845000080353EA0A030AD15CEA010201D1620768
:1084600005D530228DF804204FF001087F1E5828D2
:1084700004D034A003900EA802900DE036A0F9E7D6
:1084800053466046009AF7F7ADFE84460398825C37
:108490000298401E029002705CEA0100F0D102983E
:1084A00006A9081A00F1200A600702D524F48034D6
:1084B00000E00127574502DDA7EB0A0000E000209D
:1084C00000EB0A01009005984144401A0590E00332
:1084D00006D45B462146179A059800F0B3F9054487
:1084E000002706E001A85A46C05D179990476D1C09
:1084F0007F1C4745F6DBE0030CD55B462146179A07
:10850000059800F09FF9054404E030205A46179979
:1085100090476D1C0099481E00900029F5DC08E08A
:10852000029802995A460078491C0291179990477F
:108530006D1CBAF10001AAF1010AF1DC65E100004D
:108540000928010030313233343536373839616229
:1085500063646566000000003031323334353637ED
:1085600038394142434445460000000000F058F9C4
:108570000544761C307800287FF4ECAD19B028460D
:10858000BDE8F08F620700D4062709F1070222F048
:10859000070CFCE80223E14603F000485FEA080C00
:1085A00002D00FF2702C0DE05FEA045C02D50FF2EE
:1085B000682C07E05FEAC47C02D00FF2602C01E077
:1085C000AFF2700C4FF0FF3823F00043CDF850C0ED
:1085D00065280CD006DC452809D046281DD0472840
:1085E0003DD13DE0662818D067287ED138E00021D3
:1085F000112F01DB112000E0781CCDE9000106A954
:108600000EA8FFF7D5FCDDE90F010E9A03910021BA
:10861000009207F1010A04914DE04FF000400097ED
:10862000CDE9011006A90EA8FFF7C2FCDDE90F0293
:1086300003920E9B11990022DDF80CA00093049286
:1086400011B9791C00EB010AB7EB0A0004D4C0F1A0
:10865000FF3007F1010A0490AAEB0700019044E003
:10866000012F00DA01270021112F01DD112000E088
:108670003846CDE9000106A90EA8FFF799FCDDE90F
:108680000F010E9A0391002104910092BA4621072E
:108690000CD40399514500DA8A46BAF1010F05DD81
:1086A000009AAAF10101515C302908D0B84202DADF
:1086B00010F1040F06DA0121CDE9011015E0AAF14D
:1086C0000101E9E7002805DC049901440491AAEBC3
:1086D000000102E0411C514500DD8A460499401A20
:1086E000401C01904FF000400290200704D40198F4
:1086F000504501DBCDF8048000208DF84F00029832
:108700000DF14F07B0F1004F25D02B200E900298AD
:108710004FF0020800280CDA404202902D200E9003
:1087200007E00A210298F7F792FF3031029007F82C
:10873000011DB8F10001A8F10108F2DC029800283F
:10874000EFD1791E0E980870307800F0200040F0CC
:10875000450007F8020D12A8C01B00F10708149885
:10876000007800B1012000EB0A01019801EBE071F3
:1087700005984144401A401E0590E00306D45B462C
:108780002146179A059800F05DF805441498007882
:1087900018B15A46179990476D1CE00324D55B46E3
:1087A0002146179A059800F04DF805441CE00498FE
:1087B000002807DBDDE90301884203DD0098405C07
:1087C000179901E0179930205A469047049805F10F
:1087D0000105401C04900198401E019004D12E20F8
:1087E0005A46179990476D1CBAF10001AAF1010A87
:1087F000DDDC05E017F8010B5A46179990476D1C10
:10880000B8F10001A8F10108F4DC5B462146179A93
:108810000598ABE62D0000002B00000020000000B2
:108820002DE9F041044600251E461746880404D46D
:1088300005E039462020B0476D1C641EF9D5284656
:10884000BDE8F0812DE9F041044600251E46904622
:10885000C80301D5302700E02027880404D505E0AF
:1088600041463846B0476D1C641EF9D52846BDE820
:10887000F0814A68002A06D00A68531C0B60107009
:108880004868401E4860704710B5044601E0FBF799
:1088900051FD14F8010B04490028F8D1BDE810403F
:1088A0000A20FBF747BD000000000020DDDDDDDD14
:1088B000DCBBBBDDDDDDDDDDDDDDDDDD9888888871
:1088C0008888888877777777778888888555555618
:1088D000666666666666666666688888833333326F
:1088E00022222222222222222228888D0000000019
:1088F0000000000001020304060708090000000050
:108900000102030400061016000610163089000844
:108910000000000000000000000000000000000057
:10892000000200001800000000000000000000002D
:1089300064656661756C745461736B00546D72513B
:108940000025642E256400256600000041620008B1
:108950008162000805590008E600030205050405C8
:10896000061E18F8F90CFC0CFD01EB040E07942010
:1089700006002024012109822524D33F0D0122086D
:1089800084243611390523188A256419C5512AA56E
:108990005936DCA238CA865B358AA3380A01241806
:1089A000C7A54B1767C3206551A684433A265A943E
:1089B00025C320C61900251C8B256CA3468956CAE1
:1089C0004AC5A898289132258918D54A59A99848A6
:1089D000A902261A8A255C352B6A9646EA90EB890D
:1089E000966452120E492A6943346402270781248F
:1089F000263104280EE3652B95448912F5498AA493
:108A000000290FE4612B936999A4F5246551240191
:108A10002A0FE7644D176751340CD298648A022BF1
:108A20000C08A55497178741CB1B012C0882A4235F
:108A3000B154002D0724243531042E07422424315B
:108A4000042F0F86213429A6611A8A6928A6A10855
:108A5000300E87254CB555B4D5D74DC9B209310A6A
:108A600084294CA50C4AD63F320E88254C33489AAF
:108A7000DE1CAB9E8741331087254C33289A5C95CA
:108A800076B92C268304341488254C2BAB49186501
:108A900052560A1331190639AF00351087254C712B
:108AA00051D5381EE4B9AC298304361287254C35DC
:108AB00044A21A2743A2ADD64DC9B2093710882562
:108AC0004C7190E558CE6339966339053814872583
:108AD0004C3328DAAA6ED190294AB8AA9B322800D2
:108AE000391387254C33445A12AEEAA60C499CAA86
:108AF000A9B4013A0902252431E4C8103B0A62A155
:108B00001B53071325013C0C08A54CAD8A561DD1FB
:108B1000915D3D0A87244D71C8F161083E0F08A59B
:108B20004C91233AA223F2B6A939003F1086213C8A
:108B30003324995AD48C690EA61900401FACE573F2
:108B400039A8A2A647D1A04C5A24859114465218A0
:108B5000B90CD132E5A08E0E1B0041168A2154A912
:108B6000233A324771944A6271D844298EE2210F28
:108B7000421488295C710A953449935019B450897C
:108B80001D871300430F88255437286212CB79774D
:108B900063340C4411892964710B97388977CF733A
:108BA000124AC306450D86294C71485B8721ED3A70
:108BB0000C460C8629447148BB0E43DA15471589CB
:108BC000255C372C9B92EB399223E1A0EB73A266D4
:108BD000C300480C882964117B1E0EB1CF014907E0
:108BE00081292CF1014A0AE45D2BD7FFD3A0004B69
:108BF000178829549126A19249919688EB10465ADC
:108C0000268551A8A4024C0A86294491F65F870163
:108C10004D1C8B297CA10FF9A0264A9A28A1226518
:108C200091944516494B322DC98C62014E15892904
:108C30006C211F5245944249338991A8A8893AC4AE
:108C4000024F178A256435881639C977444774441A
:108C500047F4218E4471C800500F8729543148D9F8
:108C6000903A0E43147706511BEA6563358816392E
:108C7000C9774447744447F4218E4471C8211DD2FA
:108C8000A10452168829543168A19226699226A11E
:108C900032686D5218854A2A531087254C33286A4A
:108CA0001CCB673916872102541789255CF198235C
:108CB000399223399223399223399223391202555A
:108CC0000D88296411FBAF4AA60D110056158921A4
:108CD00054212771922A62166699298DD244DD6D3E
:108CE0000057218E217C21AA49A826611226619273
:108CF0002992929522298BB2288BB2441BB224F57B
:108D00001300581589214C932A625654D424CFE776
:108D10002495C24C4A1355591689214CA12A69A49D
:108D20006945454DE23D477224477224045A108834
:108D300025547190553996CB72ACCAC3205B0AC3D7
:108D4000A9333144FD4F035C0D862134A156D5AAC9
:108D50005A4E53015D0BC4A12B3164FD6F83005E3D
:108D60000F07254D97AA9B92458A96846B005F0753
:108D700027A03B7108600863AC4E21650161122792
:108D8000254C3348999C0C83A88A43B40C49006253
:108D90001187295411B74C5A12AE8E4396241300F2
:108DA000630C26253C356C6A572D19046410872501
:108DB0004CDD3224DBB83A0E99322401650E2725AA
:108DC0004CB555C27538E7613408660C86213437D6
:108DD000A5D9A0A5FD066717A82553352C921446E2
:108DE00061641BB23C4706459CB7659000680D87DF
:108DF000295411B70C8936AEBE066908812924A111
:108E00000C076A0B041E2357CFFA4F83026B11869F
:108E1000294C91B66D4954C9B6A8A46463006C0787
:108E2000812924F1016D132B2974914C8B740CC58D
:108E3000500CC5500CC5502C6E0C272954910C8930
:108E400036AEBE066F1028255435649992CEAE4AD0
:108E5000A60D11007011A72953914C5A12AE8E43E2
:108E6000962453DC0C7110A7254B3324DBB83A0E43
:108E70009932247107720B25293C910C5AD847006E
:108E8000730E26254433ACA9BCAAE1302400740C2F
:108E900065253413668312F6280E750C2729549124
:108EA000FA71C89421097612282144212A611446B6
:108EB000B6288CC22195350077192C2164A18949E7
:108EC0002626D9A4444A1429512D89942CC936D177
:108ED000097810272544110E91251CD52D8AB4241C
:108EE000147914A82143910E611446B6288CC2212E
:108EF00095CDB1B8027A0C26254471148B62511CB1
:108F0000067B0DC5A5332769619B248A1D077C0854
:108F100001324BF143007D0EC5A533218A3D4E5AE7
:108F2000589334007E094864553164D220A006006D
:108F3000202401A10881651BA10C07A20F86294CE2
:108F4000970D43A67655072D8D00A310882554371D
:108F5000645296B70E635E8E8741A40FC7A454A1D6
:108F60002889544CC244528601A5158821441127F2
:108F7000A112669116A5DBB0E6E1B0E61900A608DD
:108F800001324B711C06A712862544338CEAA628B1
:108F9000E1960CE11A0E4302A80724EC561105A92C
:108FA0001C8C257439C4A2A60C8953258AA75CCAD7
:108FB000A57C5195684834511D3600AA0AC4643511
:108FC000310E933408AB0F05253C132D5312255158
:108FD00012259628AC0888A45471D01BAD07242410
:108FE000353104AE1F8C257439C4A2A64C8A94482E
:108FF0004916455BA269A39684534989A22113D5DA
:109000006103AF072860477110B00BA5E43DB3289A
:109010009BA42C00B10E48255497370E8396D7D1C8
:109020006110B20BC56035B38659240D02B30CC56F
:1090300060353384C91A0E0A00B40863AC4E9594A7
:1090400000B50EA7295391FA71C88621919B01B6EC
:1090500021E8655B352C83320CC93024C3900C4366
:10906000920C4A3228D99226699226699226691270
:10907000B70641641D21B80983242B13294302B983
:1090800008C36435B3441DBA0AC56435B3646EC9F8
:1090900002BB100529441125514B94444924255104
:1090A00002BC1C8B256CA346492856B33892A348B2
:1090B0004B24354AC2A8260D521CC90900BD198B84
:1090C000256CA34649986671164779946C499AA90C
:1090D000599AA561E320BE1D8C2164B3469118679F
:1090E000A159CA9192324449394A52254AA3418B27
:1090F000C33801BF0E86653B97E6601A6AC6B43C6A
:10910000080000000C06F3063CFB92068BFFFF02F2
:10911000BC0982201E53510002C60A65A84E952D37
:10912000520002C70B65A84E912589A40002C90808
:1091300025A84E310802D80A45A84E910D0A000212
:10914000D90741A8262102DA0A63AC4E3124430034
:1091500002DB09832423538A0602DC0946A84E2336
:10916000590002DD0A65A84EA354A60402F30A833F
:10917000242BA124CA1003090A8388063125130071
:10918000030F0A65800611259628032307414C0327
:109190002103840962B04E332400060C0AA2242461
:1091A000A324430006150AA4E80693558603061B6C
:1091B0000B022524A324433404061F0E85253C33CB
:1091C0004C62E85847340506210CC42434330C5A49
:1091D000382C0006220BA521247107FB4F00062323
:1091E0000CC36524314463D4BF00062414E5253B39
:1091F0002585530E2DCAA62DCA106692320106256A
:109200000BE3652313F51F8768062619AA6563A774
:10921000E7D0AEC317310BB5504B071D19C2651807
:10922000220006270861651CF1200628164C2573CC
:1092300091633AA6633A968C43340C3A371D4C013D
:1092400006291165253C534A72385B94D2B6280B27
:1092500000062A172C257419E5C89093724CC77420
:109260004CC7927188864102062B194C2574AB833A
:109270003934E44814E6988EE9988E25E3100D837E
:1092800004062C1188E552334AF3B6A9725693F2BC
:10929000FC30062D0F88E552334AF3B6A972DE7E04
:1092A00018062E11E8E55227E7F028CDDBA6CA798B
:1092B000FB61062F0DE66444A51A556918220006C5
:1092C000300F662544A3E634D5A84AC31001063101
:1092D0000D06213B692D8AA13244000632108661B9
:1092E0003BA7E634512D8AA132440006331D512597
:1092F000934FC9E1480FA3598B7665A90FC992E72F
:1093000048AC23A28E0D3B06063423D165930FEAA9
:10931000DC869C94137338D2C368D6A25D59EA43A5
:10932000B2E43912EB88A863C38E0106351F5225BB
:10933000A30F0F392CE99936A48AB84F43920F83B3
:1093400094E750AC43A20E0E3B08063623D225A369
:109350000FE7349DDF861C96F44C1B5245DCA72199
:10936000C98741CA7328D6215107871D0406371AB9
:109370008B2164956339966339966339166E91290A
:1093800011A335D286870806381A8B216495633974
:1093900016A6619A6339166E912911A335D2868774
:1093A00008063914A8E55235645296EB833664AA50
:1093B0009CD7F56108063A1728E65297E72C432612
:1093C00065B93E6843A6CA795D1F8600064007233B
:1093D000201C310641198D257C0FE9A0CED30E2922
:1093E000F54CCFF461C821651CB2E104064217A90F
:1093F000655BA9A8396D55B64CCB2CE3A0CB4328AF
:109400000D130006431A8D257C8FE6682CC6699CD7
:10941000E6A138EAA00EEE90323C0D270006441972
:10942000E9255B8FE4488EE4488EE4488EE4C8ACBE
:109430003B0FA1344C0006451068A54A35689914C5
:1094400046D970C97B0706461029A55B9923A1BAA6
:109450003B0FA1344C0006470DE5243C952D4A698D
:109460005B940506481246253B33294A9664897267
:1094700048434DDA000649152A65633F2F62166A94
:10948000A1960E3A3284CB304400064A19AA65628E
:109490003F2F62166AA1960E3A3284CB30E46C8A72
:1094A0009C8400064B0A846C0E35844304064C0DE4
:1094B000A5AC0E33259521892600064D0A842C0B78
:1094C00035844304064E09442807336400064F0BD5
:1094D000A4AC0EA394A6440206500944AC0B33641A
:1094E0000006510B85EC0EA92443B20806520A630C
:1094F000F00E3124430006530825A4063108065413
:109500000983EC0E539106065509632C0B31440375
:1095100006570A84EC0E33482600065A0A65E84EC0
:109520009125B50806600A84A83CB124D3200661C1
:109530000C63253411492545EA0106620F67254C65
:10954000916E4A160D922AF7080663176925549101
:109550004543142951691822DD8EE4488EE4480CF5
:10956000066410666544B3A5E9904D9A98A6E32079
:1095700006651368255417AF4326296292CED6415B
:109580005A060906660D67254CA11CE69E55B900D2
:10959000066714682554910E61944952268589986E
:1095A000A4B31B00066813682554275BD7244D34E9
:1095B0002993B24C11935406691167654C33449654
:1095C0003009132D1AE46639066A1045294C918535
:1095D0005998855998855900066B0CC3A433952872
:1095E00089124500066C0BA3642B33285112010627
:1095F0006E13CC247491633AA6633A968C43340C70
:109600001200066F1349255BBB2A5BA6659671D0D5
:10961000E52194860906700881F006310406740974
:1096200083242F334503067E1A6CE57291633AA6B4
:10963000633A968C43340C3A35C9113B9483290024
:1096400006861388E552334AF3B6A9723424699228
:1096500049F961069813C6213B998649A4E424512F
:109660002D8AA132440006A1160D257C0FED9052E3
:10967000CFF44C1F861C52C6211B4E0006A91C8E1F
:1096800025840FE7E00EED980EEAB098235A0E49B4
:109690003916E558368BC30D06AF21CE25840FE76A
:1096A000A08E493912EDD08EE9A00E8B39A2E5903B
:1096B0009463518E65BA38DC0006BA0EE9A45BA14A
:1096C000EECE43280D130006C01185653C33A5522C
:1096D0008E658B52D316650106CA15A6253B534BE2
:1096E000726852942CC912E590869AB40106CC1582
:1096F0002A65633F2F62166AA1960E3A3284CB30F8
:10970000440006D50DE5243C952D4A695B94050679
:10971000F00A84A83CB124D32006F10C632534114F
:10972000492545EA0106F20F67254C916E4A160D50
:10973000922AF70806F317692554914543142951D5
:10974000691822DD8EE4488EE4480C06F40F672584
:109750004C112D43A8AAC322F70806F51668255414
:1097600097AB432665992226E99449D262191600DF
:1097700006F611672544B5A9712C494398A66AAA33
:109780000206F714682554910E6194495226858982
:1097900098A4B31B0006F813682554275BD7244D03
:1097A000342993B24C11935406F91167654C334434
:1097B000963009132D1AE466392000070020440171
:1097C000200107002084012002070020440120031B
:1097D000070020840120040700202C012005070039
:1097E00020240120060700201C0120070700204C30
:1097F000012008070020240120090700201C012067
:109800000A0700201401200B0700200401200C0788
:1098100000200401200D0700200401201308272444
:109820004D71082014082F2485F1032015082F24DA
:1098300085F10320170A67203B71C887212018088B
:1098400082201E531920190982201E535100201A0C
:109850000982A423B15400201B0882201EA13420B9
:109860001C0D852036132551920C8900201D0D8575
:109870002036132551924C0900201E0D85A033136C
:109880002551924C090020200D87254C17D78621A1
:109890008BFB0D202112862544258AD930A5A2985C
:1098A0000D532A4A0020220883242DF10120260A84
:1098B00049245C91655A01202F0700200C012030BB
:1098C0002E91259C33E6882D47B22887B22887B28F
:1098D00024C72225D9A4A5A4246A92255118654934
:1098E000144659126599A22492B8290020320881A1
:1098F0002426310420330984243611390520390BFC
:10990000E4642C9545C5CC00203A0BC4A02C1396DA
:10991000224502203C0C85253C91F9B734D3022026
:10992000440F8815141FE7713DCEE358AE03207035
:109930000BC56435B3646EC90220740DC56435254A
:1099400025A564D0C20420750DC5602D3324E11A0D
:109950000E0A0020760CC564357348325BB20020D5
:10996000770DC56035318859A665120020780EC57F
:1099700064353124D9A044DBA00020790DC56435BD
:109980003124D93066C302207F0BA5A43D31249930
:109990005B0020A31187254C354871E7418AC341FC
:1099A0008C430020A4138825543764725E1DC6744E
:1099B00018F3381E060120A7188A256431C499D8E7
:1099C000250A93281B0E52398AA3388AA37820AB24
:1099D0001CC8A5539D0D73342489A6844A9AA449B2
:1099E0009A848A260D490E0D430220AC1488255412
:1099F00037485A22C7C310E5F1B0E5B66C1021050F
:109A00001A8B256CB397E22CD5D274D1A11C8AD6BF
:109A1000242B65919445E1022113148725442746A0
:109A2000599445599425A136D7A2E2022116206DFA
:109A30002984A1A6639A8469A2A551960C929444A4
:109A40005A9444625212272555536508212014CB9D
:109A5000A46DB364A334649245A9258932444914A2
:109A6000212214CBA06531249914992253A4942A5D
:109A70004A54890221261A8B256C3788B658D1930F
:109A80001CA9237524D1A35852432D1BA241212E7A
:109A900011282554274A8A9888C3B31E6643042197
:109AA0005B1E8B256C236649986671164779326C6C
:109AB00049ADA484D190356591120E0900215C1D39
:109AC0008C216CB346593D0BB75CC9A1645086A488
:109AD0009626C66C94B226295D00215D1F8C216CF0
:109AE0003384519EC5DA90E54A0E25833224B55061
:109AF00051D26808B34E52BA00215E1D8A256431E6
:109B00006469144769142771944C49548B1229D401
:109B10004A491825E10222021487254C35C472698E
:109B200049A42154C5244CA46C0322061669214C77
:109B300029CF499C8852988599244669940E07013B
:109B4000220F0BE82963F1ECFF7300221117E925BE
:109B50005371907244477444477244D77359CF6528
:109B60007D3822120828644D7110221A18A9214C40
:109B70008FE448AEE748AE6C611646711227B18E8D
:109B80008400221E10A9E45C73899248CBA4244A65
:109B9000A405222B0C062233A9A5FD1FA50D2248E2
:109BA0000FA8E44C3164D2904343A62D00226010EC
:109BB00008A54C1B4BC3A0C9E13048B10A22641070
:109BC00048254C9F8A567D4774444786412265113B
:109BD00028654CA1233AA223DA31A70C8300240084
:109BE000070020040125CA1587254C178B4918D575
:109BF00012514D3245CA126DCD00FB001B8C215C09
:109C0000370D511887E170D0C2388CC3388CC338F7
:109C10008CC3380C01FB011888214CB74461940EA9
:109C200052310AA3300AA3300AA3300A03FB0218F8
:109C300088214CB74461140E53310AA3300AA33073
:109C40000AA3300A03FB031B8D2174372D51580AD8
:109C5000D3E110154B61292C85A5B01496C252583A
:109C6000FB041B8D2174372D51580AC3E120154B7D
:109C700061292C85A5B01496C25258FB561A6CE582
:109C80007291633AA6633A968C43340C3A35C91103
:109C90003B94832900FB571E70E58A91537230CBA9
:109CA000C12CC70ED1A068C3A0EDE42847951CCFF6
:109CB000711D02FB581166DD2AA7362A438E2591B5
:109CC000A2A51100FB591047E13A1757A765476A4B
:109CD0008A188700FB7A1388E552334AF3B6A972D3
:109CE0003424699249F961FB7B1C8AE55A33A4D27A
:109CF0008EAC433865A29444C99028619666E90EFB
:109D00000D4302FB7C166AE15A35A4D20ECDDBA0CE
:109D10000D3A318A871CC91111FB7D1A6CE162353D
:109D2000E4D20EEEC8389C066DC829518E0C3996C7
:109D3000633200FB8A11C7213B27878A9A53CD558E
:109D40003595860CFB8B14C8214399C749A8E42C90
:109D5000B29EAF71AC0D2100FB8E1C8E25840FE7E7
:109D6000E00EED980EEAB098235A0E493916E558E0
:109D7000368BC30DFB8F1D90258C0FE7F00EEEA8E0
:109D80000EEB143947D41C12734CCBB1B3A20D3770
:109D900001FB90108721441D6EDA98C7AEA234648F
:109DA00000FB911489214C1DAFF61CD1111DD1115E
:109DB0007D55942113FB9221CE25840FE7A08E4977
:109DC0003912EDD08EE9A00E8B39A2E59094635143
:109DD0008E65BA38DC00FB9322D025840FE7B08E65
:109DE0004A3916EDE08EEAB04E917344CDA134C7E6
:109DF000C21C1375251C6E02FB9412C721441D6AF8
:109E00005212DD44D9B92A0D1900FB9518C9214C0D
:109E10001DAB52168DAB9E233AA2233AA2CB8A32B7
:109E20006402FB9E0EE9A45BA1EECE43280D130055
:109E3000FB9F130B255B9FA952AEE4431EC59228DE
:109E40000E2300FBA515A9254C99CF39B293747147
:109E5000D0B46236EC888E0CFBAC140921549723E5
:109E6000F2A04953962891940CD97001FBAD154985
:109E7000214BB72A69944669A20DCA14894AAC8B52
:109E800000FBE80BC51C2C27B60D0B00FBE90AA74D
:109E9000203C1757A765FBFC152A65633F2F621608
:109EA0006AA1960E3A3284CB304400FBFD13EB24BA
:109EB00063A143E9B086E990E4CAA80D4306FBFE1E
:109EC0000E461D2BA7362A434E312600FBFF0E27D8
:109ED000213B1757A765C7153503FDF2343422AC73
:109EE0008FE5D49C9A53939CD24E49E61C91A39C37
:109EF00054C7D2280DD32814D32819C434DAC23455
:109F000012AB51326C69942E4324C5C3210BFDFC66
:109F1000341526C38F44392DCA69514E8B725A9419
:109F2000D3A25007A33407A334CBA334D2234DD2FA
:109F3000B341D37350D6142D09D52493061DD4698B
:109F40001300FE700A84643635844304FE710DA745
:109F5000213467D774FE380C01FE720DA5A4363388
:109F6000259521892600FE7309632424112D02FE04
:109F7000740A84243335844304FE76094424373339
:109F80006400FE770CA71D2C67E73F0E4300FE78A8
:109F90000BA4A4362369522201FE790EE71D2C275B
:109FA000AE63CE7F1B8600FE7A0944A4333364007F
:109FB000FE7B0B875C2B71C8313104FE7C0B85E482
:109FC0003EA92443B208FE7D0FE7213C1B25254511
:109FD000D2F98FC310FE7E0A63E83631244300FEB7
:109FE0007F0EC71D2C3526E1CE7F1A8600FE800C21
:109FF000C42434330C5A382C00FE810BA521247163
:10A0000007FB4F00FE820DC51D2433483912F64769
:10A0100003FE830CC36524314463D4BF00FE840D6A
:10A0200004262C1325B539EB6F06FE8514E5253B78
:10A030002585530E2DCAA62DCA1066923201FE86C2
:10A0400016E7213B35E63A7153A42CCA22291BD4CA
:10A050005494860CFE870BE3652313F51F8768FE77
:10A06000880CE3652311F527DB100DFE8919AA651D
:10A0700063A7E7D0AEC317310BB5504B071D19C20C
:10A0800065182200FE8A1B8BE5629943498EE4D84D
:10A090004ED2A17458C37448722459B361C800FEEB
:10A0A0008B0E651D2C5789C21D11DB8605FE8C1099
:10A0B00047213C972661BCC38D43322402FE8D08A4
:10A0C00061651CF120FE8E0A63652411F52703FEED
:10A0D0008F164C257391633AA6633A968C43340CE1
:10A0E0003A371D4C01FE901A50258B91537230CB9C
:10A0F000C12CC70ED1A068C3A0ED3CE9941C02FEA0
:10A10000910C251D2B27B60D3BAC00FE920E27218E
:10A110003B1757A765A7A82900FE931165253C5357
:10A120004A72385B94D2B6280B00FE941469254C11
:10A13000A5A8494ED2C541D38AD9B0233A32FE955B
:10A14000172C257419E5C89093724CC7744CC792AC
:10A150007188864102FE961910658CA9E8688EE523
:10A16000941CCC7230CBB1433428DA306803FE97AC
:10A170000F461D2C1929628EA98DCA1001FE980D5B
:10A1800007613CA1E8D4B83A2D03FE99194C257417
:10A19000AB833934E44814E6988EE9988E25E310B1
:10A1A0000D8304FE9A1C50258C9DE33A9EE4A8A2E0
:10A1B000E7941CCC7230CBB1433428DA306803FE0C
:10A1C0009B0F665D2C25478A4E511B952102FE9CF4
:10A1D0000E47613C23878A9AC3ADD332FE9D118816
:10A1E000E552334AF3B6A9725693F2FC30FE9E1A3A
:10A1F0008AE55A33A4D28EAC433865A2140F919AE3
:10A20000A539B443C39000FE9F134A215B35A4D205
:10A210000ECDDBA00D3A171D0A01FEA0142C216300
:10A2200035E4D20EEEC8389C066DC8D96500FEA193
:10A230000F88E552334AF3B6A972DE7E18FEA21AE1
:10A240008AE55A33A4D28EAC433865A2140F3994F0
:10A250004339B443C39000FEA310CA205C35A4D296
:10A260000ECDDBA00D2A00FEA411CC206435E4D273
:10A270000EEEC8389C066D08FEA511E8E55227E7EA
:10A28000F028CDDBA6CA79FB61FEA61DEAE55AA738
:10A2900023396D48A51D598770CA44291E72288725
:10A2A000726887862101FEA7134A215C994339F31E
:10A2B000904A3B346F8336A800FEA8154C21649960
:10A2C0008339D72197767047C6E134684300FEA9E9
:10A2D0000DE66444A51A5569182200FEAA12E92465
:10A2E00054A72339A22339226543322C02FEAB0F37
:10A2F000662544A3E634D5A84AC31001FEAC146910
:10A300002554A573D7911CD1911C91B22119160126
:10A31000FEAD0D06213B692D8AA1324400FEAE0E32
:10A3200008214329EBF91AC7DA1002FEAF10866143
:10A330003BA7E634512D8AA1324400FEB01188615A
:10A3400043A7E74CB29EAFB1AA0D2100FEB11D514B
:10A3500025934FC9E1480FA3598B7665A90FC99280
:10A36000E748AC23A28E0D3B06FEB21D3325A38F1A
:10A370006639146651AC9572E5920FC93DC7621DEE
:10A38000137574D85100FEB30FCC206C8F69FDCBD0
:10A39000901C940B00FEB40FAF2074D79C95B3E2D1
:10A3A000909C9607FEB523D165930FEADC869C94BA
:10A3B000137338D2C368D6A25D59EA43B2E43912A6
:10A3C000EB88A863C38E01FEB623D365A30FEADC36
:10A3D000879C98F392E5509845B156CA954B3E2418
:10A3E000F71C8B754CD4D1614701FEB7124C616CE0
:10A3F000ADD3879C51EB5F86E4A05C00FEB8144FA0
:10A400006174AD330F398F59392B67C521392D0F41
:10A41000FEB91F5225A30F0F392CE99936A48AB82B
:10A420004F43920F8394E750AC43A20E0E3B08FEBD
:10A43000BA1F5425A30F0F394592E2CC142BA294D6
:10A440004F43960F0F790EC63A6887871D06FEBBED
:10A4500016CD1C6C0F8D99A4456216A5D1900D43A5
:10A46000320C1100FEBC16CF1C740FCD99A44662AD
:10A470001AA5E1900DD1320CC900FEBD23D225A34F
:10A480000FE7349DDF861C96F44C1B5245DCA72158
:10A49000C98741CA7328D6215107871D04FEBE23F0
:10A4A000D425A30FE7549D3F0D394592E2CC142BE0
:10A4B000A2944F43960F0F790EC63A6887871D0600
:10A4C000FEBF194D1D6C0FE5A0CEDB98495A2466DE
:10A4D000511A0DD93024C31001FEC0194F1D740F3D
:10A4E000E5B0CEA73993D4484CA3341CB2215A8688
:10A4F0002119FEC11A8B21649563399663399663DD
:10A5000039166E912911A335D2868708FEC21C8D9B
:10A51000257495A3399AA3399AA3399A0D69644C85
:10A52000C4700DB5211A2E03FEC31A8B21649563E6
:10A5300039966339966339166E912911A335D286FF
:10A540008708FEC41C8D216C95A3399AA3399AA360
:10A55000399A0D69644CC4700DB5211A2E03FEC5DD
:10A560001A8B216495633916A6619A6339166E9128
:10A570002911A335D2868708FEC61D8D257495A3A3
:10A58000399AE5489623399AA3D99046C6440CD700
:10A59000501BA2E132FEC71A8B216495633956CE57
:10A5A000D41CCBB1708B4C8918AD91363C4400FE65
:10A5B000C81D8D216C95A3399AE548A6E7688E667B
:10A5C000431A1913315C436D8886CB00FEC914A869
:10A5D000E55A35645296EB833664AA9CD7F5610838
:10A5E000FECA1989E54A338899968989BA2A933629
:10A5F000E8488EE4880E0D1200FECB0EC72044B74B
:10A6000029599C27C3A000FECC10C9204C356826D0
:10A610004D1BC4411A9221FECD1728E65297E72C14
:10A62000432665B93E6843A6CA795D1F8600FECE03
:10A630001C09E64A972339DB20665A2626EAAA4CEB
:10A64000DAA0233992233A344800FECF1047614400
:10A65000A7B36E4A16E7C9302800FED01449214C32
:10A66000A72339DBA099346D100769488600FED115
:10A67000198D257C0FE9A0CED30E29F54CCFF461BE
:10A68000C821651CB2E104FED2185061840FEA7C37
:10A690001B7345D2B37A5657B4758887411902FEA9
:10A6A000D31386213C97E6A44951B2244B06351BAF
:10A6B0000605FED41549614CA723396955C42CCC35
:10A6C00042451CB2211902FED517A9655BA9A8391C
:10A6D0006D55B64CCB2CE3A0CB43280D1300FED612
:10A6E0001CAA255B9BC8494E9B1525AB64954C4A1B
:10A6F000B261C8935811B5618800FED71586213C18
:10A70000A3444A4E9914254BB26450B3615000FEE5
:10A71000D81649614C35E4484E5915310BB35011E8
:10A72000876C488600FED91A8D257C8FE6682CC67A
:10A73000699CE6A138EAA00EEE90323C0D2700FE9F
:10A74000DA208F25848FE6788E883992E6489A43FE
:10A7500061148E510E463918E990363C48C349FEC3
:10A76000DB108721441D6EDA98C7AEA2346400FE68
:10A77000DC1489214C1DAFF61CD1111DD1117D5562
:10A78000942113FEDD19E9255B8FE4488EE4488EA1
:10A79000E4488EE4C8AC3B0FA1344C00FEDE1EEC56
:10A7A00065638FE4600EE6600EE6600EE660966715
:10A7B000B9940F7A166BA23CA800FEDF0B645D24EF
:10A7C000D73F0D0A00FEE00C66613497F6B72159B9
:10A7D00004FEE11068A54A3568991446D970C97B12
:10A7E00007FEE21749E54A35848BB44589A444CB7A
:10A7F0008EE4488EE4488E00FEE30EC72044376E98
:10A80000919425876401FEE40FC9204C37AF9198DD
:10A8100065CBA20C03FEE51029A55B9923A1BA3BE9
:10A820000FA1344C00FEE6142B655BA7C3992AE503
:10A830004A3EE4512C89E23002FEE70C255D2CA54E
:10A84000E362DBB000FEE80B07613CA5935BA76504
:10A85000FEE90DE5243C952D4A695B9405FEEA105E
:10A8600009254CA98B83A615B361477464FEEB14CC
:10A870000921549723F2A04953962891940CD9703A
:10A8800001FEEC1549214BB72A69944669A20DCA0D
:10A8900014894AAC8B00FEED1246253B33294A96BB
:10A8A00064897248434DDA00FEEE1347213BB52917
:10A8B00052166591940D6A2A4A4306FEEF152A65E1
:10A8C000633F2F62166AA1960E3A3284CB30440061
:10A8D000FEF013EB2463A143E9B086E990E4CAA833
:10A8E0000D4306FEF119AA65623F2F62166AA19612
:10A8F0000E3A3284CB30E46C8A9C8400FEF2174B13
:10A900006562A143E9B086E990E4CAA80D434E52BE
:10A91000F42405FEF30E461D2BA7362A434E31269E
:10A9200000FEF40E27213B1757A765C7153503FE18
:10A93000F517A8214C31E4709AA48918855118693B
:10A94000BD2996699000FEF61AAB1D5433C4395ADE
:10A950004CC33414D3300D532DCEE2481FB44112F2
:10A96000FEF718E82554A3E6AB9E2669224661143B
:10A97000465A6F8A651A2400FEF81AEA255C93236A
:10A98000F51CDAF12CCDD24CEC354BB35491076960
:10A990009004FEF919E7654B3D266112265A94454D
:10A9A00059294B94641A72688C4700FEFA1AEA65BA
:10A9B0005B93466A9666628F5A9AA5913C4883A437
:10A9C000637B0EED00FEFB1667654C91AA631226B1
:10A9D00061A245599445CA901C2400FEFC18696583
:10A9E00054914669944662166661A6855918A983F2
:10A9F000324802FEFF070020040100001815A115CF
:10AA0000C819FF1815A015C019FF1815AE15D516D1
:10AA10008015A8163F15D316001540158D16141570
:10AA200020160015A115C815DA1612158116CF15B6
:10AA3000D916F115DB1640152E15A415A619FF1809
:10AA400015AF19FF1815AE19FF0000000001140A18
:10AA50006464323200093D000004289610080202A6
:10AA60008000400088AA00080000002018000000B4
:10AA7000907F0008A0AA000818000020C855000018
:10AA8000A07F00080000000000000000010000009E
:10AA9000100000000024F400AAAAAAAA00000000E6
:04000005080001AD41
:00000001FF
