:020000040800F2
:10000000B8220120C1010008F12E0008912A000841
:10001000ED2E0008A5030008B13200080000000022
:10002000000000000000000000000000712F000828
:10003000A903000800000000012F0008952F000808
:10004000DB010008DB010008DB010008DB01000820
:10005000DB010008DB010008DB010008DB01000810
:10006000DB010008DB010008DB010008DB01000800
:10007000DB010008DB010008DB010008DB010008F0
:10008000DB010008DB010008DB010008DB010008E0
:10009000DB010008DB010008DB010008DB010008D0
:1000A000DB01000879300008DB010008DB010008F3
:1000B000DB010008DB010008DB010008DB010008B0
:1000C000DB010008DB010008DB010008DB010008A0
:1000D000DB010008DB010008DB010008DB01000890
:1000E000DB010008DB010008DB010008DB01000880
:1000F000DB010008DB010008DB010008DB01000870
:10010000DB010008DB010008DB010008DB0100085F
:10011000DB010008DB010008DB010008DB0100084F
:10012000DB010008DB010008DB010008DB0100083F
:10013000DB010008AD030008DB010008DB0100085B
:10014000DB010008DB010008DB010008DB0100081F
:10015000DB010008DB010008DB010008DB0100080F
:10016000DB010008DB010008DB010008DB010008FF
:10017000DB010008DB010008DB01000800000000D3
:10018000DB010008DB010008DB010008DB010008DF
:10019000DB010008DB010008DB010008DB010008CF
:1001A000DB010008DB010008DB010008DFF80CD0F0
:1001B00000F0E6F800480047CD7E0008B822012094
:1001C0000648804706480047FEE7FEE7FEE7FEE7F1
:1001D000FEE7FEE7FEE7FEE7FEE7FEE76530000824
:1001E000AD0100082DE9F05F0546002092469B46D0
:1001F00088460646814640241BE02846414647463D
:10020000224600F0ACF853465A46C01A914110D32A
:1002100011461846224600F093F82D1A67EB0108A4
:100220004F4622460120002100F08AF817EB000912
:100230004E41201EA4F10104DFDC484631462A4627
:100240004346BDE8F09F00000649074A086850434E
:1002500043F23902104408604008704701490860C1
:1002600070470000040000206D4EC64110B5431ACF
:10027000934209D28318881803E010F8011D03F88F
:10028000011D521EF9D210BD40EA01039B0703D0A5
:1002900009E008C9121F08C0042AFAD203E011F8C5
:1002A000013B00F8013B521EF9D210BDD2B201E071
:1002B00000F8012B491EFBD270470022F6E710B56B
:1002C00013460A4604461946FFF7F0FF204610BDC4
:1002D000421C10F8011B0029FBD1801A704710B591
:1002E000002200E0521C835C8C5CA34201D1002BF5
:1002F000F8D1D8B2E1B2401A10BD30B504460020A2
:10030000034600E05B1C934203D2E05CCD5C401BE3
:10031000F8D030BD30B50B46014600202022012424
:1003200009E021FA02F59D4205D303FA02F5491BC3
:1003300004FA02F52844151EA2F10102F1DC30BDD9
:10034000202A04DB203A00FA02F100207047914095
:10035000C2F1200320FA03F3194390407047202A8A
:1003600004DB203A21FA02F00021704721FA02F35F
:10037000D040C2F120029140084319467047000066
:10038000064C074D06E0E06840F0010394E80700E2
:1003900098471034AC42F6D3FFF70CFF049D0108D8
:1003A000249D0108FEE700007047000040F26C50F9
:1003B000C2F2000000F0F2B90020704701F016B957
:1003C00080B540F26C50C2F2000000F021FE002027
:1003D00080BD000080B513460A46014640F26C50CD
:1003E000C2F2000000F0E8FC002818BF4FF0FF3018
:1003F00080BD000080B513460A46014640F26C50AD
:10040000C2F2000000F0F4FF002818BF4FF0FF30E8
:1004100080BD00002DE9F041D0F828E000F1180C73
:100420005CF82E308C681D68002D03D400EB8E051F
:10043000ED6A1DB10220BDE8F08100BFD4E900568D
:1004400041F6FF779D605D68BD4335435D600D6893
:10045000EE0740F00581AE0600F10B81690703D578
:10046000196841F080011960196841F080511960E4
:10047000BFF35F8F196841F000411960A468002143
:1004800094B341F6FF787646002A61D01F6835465E
:1004900027F000571F601F6847F080461E606E1CE3
:1004A000032E88BFEE1E5CF826301D6825F08055AF
:1004B0001D601D68002D61D400EB8605ED6A002DDE
:1004C0005CD1D4E9005701319D605D6825EA0805DB
:1004D0003D435D60BFF35F8F1D6845F000451D60C3
:1004E000A468002CD2D1B6461F68002A27F08047A6
:1004F00018BF07F180471F601A6842F000521A6067
:10050000C26B00EB8E03DA62C0F828E0EFF31082D2
:1005100072B6026C114401310164002062B6BDE87C
:10052000F08100BF00EB8605ED6A3DBBD4E90057C2
:1005300001319D605D6825EA08053D435D60BFF3BC
:100540005F8F1D6845F000451D60A468002CCAD06F
:100550001F68354627F000571F601F6827F0804648
:100560001E606E1C032E88BFEE1E5CF826301D68D0
:1005700025F080551D601D68002DD3D5013100295F
:100580003FF458AF481E032801F0030039D321F08F
:10059000030100BF5CF82E20BFF35F8F136823F0C8
:1005A000004313600EF10102032A88BFAEF103027B
:1005B0005CF82230BFF35F8F1F6827F000471F6091
:1005C000531C032B88BFD31E5CF82320BFF35F8F1F
:1005D000176827F0004717605A1C032A88BFDA1EE5
:1005E0005CF82230BFF35F8F1C6802F1010EBEF190
:1005F000030F88BFA2F1030E24F0004204391A60F1
:10060000C8D10CEB8E0100283FF414AF0968BFF38A
:100610005F8F0A68012822F000420A603FF40AAFA7
:100620000EF10101032988BFAEF103015CF821201E
:10063000BFF35F8F1368022823F0004313603FF479
:10064000F9AE481C032888BFC81E5CF82000BFF321
:100650005F8F016821F0004101600220BDE8F08158
:100660001E684F6926F440063E431E60AE067FF5C5
:10067000F5AE1E68096926F04066314319606907C6
:100680003FF5EEAEF0E60000EFF3108072B600BF6B
:10069000FEE70000B0B5044600F0A8FF054640F2B2
:1006A0002800C2F200000078611C18BF044400BF9B
:1006B00000F09CFF401BA042FAD3B0BD80B500F013
:1006C0000DF8000658BF80BD40F25800C2F200008D
:1006D0004068BDE880400AF0E1BC0000D0F88C0022
:1006E00070470000024600294FF0010008BF704724
:1006F00012681368C3F3001381F82830136803F0FD
:1007000060034B62136820EA532381F8203013689A
:10071000C3F30043CB77136820EA53338B77136816
:10072000C3F300330B77136803F400638B61136822
:1007300003F480434B61136820EA93534B741368AE
:1007400020EAD35008741068C0B2C009C87310689A
:1007500000F4602088601068C0F380200871906900
:10076000C0F3400081F854009069C043C0B2C00992
:1007700081F84C00906900F0300008659069000C29
:1007800088649069C0F3800081F856009069C0F3D6
:10079000C00081F85500002070470000B0B5044645
:1007A000006841F21405415949060BD541198A6880
:1007B000520607D54020C0F201000860204600F034
:1007C0007FFB20684159C9070AD041198A68D207BE
:1007D00006D04FF001100860204600F0FDFD2068B3
:1007E00041F214014258120426D501448A681204C9
:1007F00022D5D4F8880040F00800C4F888000A68C0
:100800000868920406D448F280621040C4F88C0054
:100810000A600DE042F20002C0F27E021040C4F80D
:100820008C00886820F4C0308860E020C4F8840020
:100830002046FFF743FF2068816B09070AD5C06A8D
:1008400000F06000C4F89400204600F0DFF90020BA
:10085000C4F8940043F61441C4F20101086800038F
:1008600058BFB0BD4FF4002220460A60BDE8B0403A
:1008700000F0BCBD70B582B0002843D00446D0F86B
:10088000840028B92320C4F88400204600F022F90F
:100890000020019043F64400C4F2020001684FF4C6
:1008A000805641F480410160006800F4804001906E
:1008B000019843F60400C4F20100016821F400012C
:1008C00001602168A26803681A43026000688859C1
:1008D00040F00100885100F089FE054620688159EA
:1008E000C90713D000F082FE401BB0F5FA7FF5D99E
:1008F0000120E0220421C4F88810C4F8842002B04A
:1009000070BD00BF012002B070BD00BF016848F299
:100910000F12CFF62072114001F59C41016005686D
:100920000120FFF7B7FE20684FF64172056081692C
:1009300011408031816185690120FFF7ABFE20689D
:1009400041F218018561425843F62373CFF6DE0366
:100950001A4042F0087242F0040242504558012009
:10096000FFF798FE206800F580518D6142F280010A
:100970004FF48055C0F2C121415146590120FFF783
:1009800089FE2068E2680021465111605160916043
:10099000D160A261136800F5805C43F4801313609A
:1009A00002F12803D36016684FF48C4546F44006E4
:1009B00016609162D16211635163E361936A43F4FB
:1009C0008013936202F150035363966A46F4400623
:1009D0009662116551659165D1652362136D43F48B
:1009E0008013136502F17803D365166D46F4400653
:1009F00016659167D167C2F88010C2F884106362EF
:100A0000936F43F480139367C2F88420936F43F489
:100A100040039367A162CCF8102022694FF0004395
:100A2000116051609160D160C2E908111360556096
:100A3000566826F00046566002F12806A264D66089
:100A40009162D16211635163C2E912119362D5625E
:100A5000D06A20F00040D06202F15000E66450639A
:100A6000116551659165D165C2E91C111365556524
:100A7000566D26F000465665206502F17800D06577
:100A80009167D167C2F88010C2F88410C2E92611BC
:100A90009367D567D36F23F00043D3676065C2F8CF
:100AA00084202166C4E91A11C4E91611CCF80C207F
:100AB000606848F240038288C4F202031A6000684A
:100AC000102258600020C4F88810C4F8842002B0B6
:100AD00070BD00002DE9F04385B0006848F20001C8
:100AE000C4F20201884203D005B0BDE8F08300BF24
:100AF000002643F630000096C4F20200016800248C
:100B000041F0007101600168C4F2020401F000715B
:100B100000910099009601686D4641F08061016086
:100B200001684FF0020801F0806100910099009681
:100B300001684FF0030941F00061016001680B2773
:100B400001F00061009100990096016841F00401F4
:100B50000160016801F004010091009900960168AC
:100B600041F001010160016801F00101009100996B
:100B70000096016841F002010160016801F0020184
:100B8000009100990096016841F040010160006801
:100B9000294600F04000009000983220009004F5B3
:100BA0000060CDE90186CDF80C90049700F044FC7C
:100BB0008620CDE9000820462946CDE90269049740
:100BC00000F03AFC4FF40050CDE9000804F58060D5
:100BD0002946CDE90269049700F02EFC4FF420501D
:100BE000CDE9000804F5C0502946CDE90269049713
:100BF00000F022FC3D200521002201F023F93D20D8
:100C000001F00CF905B0BDE8F0830000704700006A
:100C10002DE9F04F85B00029044671D0D4F8840046
:100C2000232840F0C580D4F85CA004F1480858F8A7
:100C30002A90E26ED9F800000191002868D4C2F130
:100C40000400039004F17C0504F180004FF0000BD8
:100C5000002602902BE000BFD9F80000D9F8001060
:100C6000C0F30D40071F4FF0010B2167D9F8082092
:100C70000299BBB22846C9F8202000F029F9D4E92E
:100C8000180101303944C4E918010020C9F82000D6
:100C90000AF10100032888BFAAF1030058F8209048
:100CA0000136D9F800108246B1F1FF3F39DD0398D3
:100CB000864235D2BBF1000F32D1D9F80000C00511
:100CC00005D5D9F81800A067D9F81C006067D9F8D5
:100CD0000000800501D4286870B1D9F800008005B3
:100CE00044BF0020C4E918006769D9F80000C005B6
:100CF000B2D44FF0000BB9E74FF0000BC8E700BFCC
:100D0000D4F8880040F00100C4F8880050E000BF2B
:100D100000264FF0000BB618E66607D13BE000BF97
:100D20005046E26E8246B618E66634D0A76E0020C2
:100D30000DF11009049016E0A06D00284FF48C40CE
:100D400004BF44F20060C8F200006860BFF35F8F28
:100D5000286840F000402860781C032888BFF81EEF
:100D6000013E07460CD058F82750286A0028E3D1E6
:100D7000484600F07DF8049818B12862A860DBE7C7
:100D80000026E06EB04206D0206841F20801002241
:100D90004250C4E91A76BBF1010FC4F85CA007D138
:100DA000E06F019908600020E06705B0BDE8F08FB2
:100DB000012005B0BDE8F08FF0B581B005460068B0
:100DC0001C4603694FF4F86707EA821203F01C031C
:100DD00061F3CF22D1180131016100F007FC064612
:100DE000002700BF00F002FC801BB7EB104F09D1B9
:100DF00028680169C907F5D1406980B220600020E8
:100E000001B0F0BD012001B0F0BD00002DE9F041BE
:100E10000446006C40B3676C451E4FF0000803E0C9
:100E20000746013D681C1FD004EB8700C16A781C8F
:100E300000F00300002908BF0746F1D0E06807EB87
:100E4000870150F8310000280ED404EB8706F06AC1
:100E500000F0CAFA781C00F00307C6F82C80C4E939
:100E60001057013D681CDFD10020BDE8F081000073
:100E700010B582B0044647F2D010C0F6010007F06A
:100E80006BFF98B10346203020604BF65920C0F626
:100E90000000186120684FF4C06400900020002119
:100EA000412201940AF092FA02B010BD40F25800BB
:100EB000C2F20000012101700020206002B010BDCC
:100EC00040F25800C2F2000040680AF0E7B80000A3
:100ED0004FF0000C42F820CDA2F808C0D0F800C0B6
:100EE0005381BCF1000F844618BFD1F800C0CCF884
:100EF00000200A60006868B917E000BF0289016835
:100F00001A440029028108BF70470A8908681A44F8
:100F10000A8150B1028901681A44028129B10A8903
:100F200008681A4400280A81E8D1704770B5002982
:100F30006CD00446D0F88400102867D120680D4694
:100F4000016848F20F12CFF6207211402A7C6B7CA8
:100F5000002AAA6808BF01F500011143002B6B6944
:100F6000EA7F08BF41F480011943AB7F41EA0241A7
:100F7000AA69002B2B7F08BF41F4005111432A7945
:100F800041EA033195F8203041EA8221002B6B6A57
:100F9000EA7B08BF41F40071194395F8283041EA13
:100FA000C21141EA0311016006680120FFF772FBDC
:100FB00020684FF641720660816995F84C3001EA6D
:100FC000020CAA6C002B4FEA024208BF80322B6D44
:100FD00095F8556043EA0C0395F856101A4395F8B6
:100FE0005450012E08BF42F00802012908BF42F008
:100FF0000402012D08BF42F00202826185690120CE
:10100000FFF748FB20688561002070BD012070BD9E
:10101000B0B504460068006920F01C0501F01EF818
:101020004DF20031CFF6CE614EF2BF120144C0F254
:10103000E402914204D845F0080520680561B0BD7E
:101040004FF24011CFF6E95147F63F020144C0F29A
:101050007D12914204D845F00C0520680561B0BDB1
:1010600047F60011CFF66C4145F600220144C0F26C
:1010700062229142E1D341F60071CFF60A21084481
:101080004FF27F01C0F2FA2188428CBF45F0100573
:1010900045F0040520680561B0BD00002DE9F0436E
:1010A00083B00446D0F884000125102840F0E68083
:1010B0002320C4F884002068A565C16B04F14808AA
:1010C00041F40271C163D0F80C1141F4003141F0D8
:1010D0006001C0F80C11D0F8101141F40311C0F8F0
:1010E00010110420A56EE06658F82570386A0028B3
:1010F0004FF00000019003D04FF48C4012E000BF8D
:1011000001A8FFF7B5FE0198002800F0BB80386207
:10111000B860A16D4FF48C40002904BF44F2006018
:10112000C8F200007860BFF35F8F386840F000407D
:1011300038606F1C032F88BFEF1E58F82750286AAD
:1011400040B901A8FFF794FE0198002800F0A080A4
:101150002862A860A06D4FF48C4600284FF48C40A4
:1011600004BF44F20060C8F200006860BFF35F8F04
:10117000286840F0004028607D1C032D88BFFD1EBC
:1011800058F82570386A40B901A8FFF771FE019838
:10119000002800F07F803862B860A06D44F20069DA
:1011A000C8F20009002808BF4E467E60BFF35F8F7B
:1011B000386840F0004038606F1C032F88BFEF1E76
:1011C00058F82750286A38B901A8FFF751FE01984E
:1011D000002865D02862A860A06D002818BF4FF4D1
:1011E0008C49C5F80490BFF35F8F286840F0004039
:1011F00028607D1C0020032D88BFFD1EE26E216843
:10120000824205D041F2080200238B50C4E91A50F3
:10121000086840F0080008600D680120FFF73AFAFE
:1012200020680560016841F0040101600568012043
:10123000FFF730FA206841F2180605600025029594
:10124000815941F480118151805902900120FFF7AA
:1012500021FA02982168885188598A1940F400506F
:101260008851885940F002008851506840F4D030CD
:1012700040F0C10050602320C4F88400284603B029
:10128000BDE8F0830420E26E21688242BAD1BFE754
:10129000032006E00220E26E21688242B2D1B7E765
:1012A00001203D46E26E21688242B1D0AAE70000EB
:1012B00070B582B00446D0F88400232852D1232090
:1012C000C4F88400206841F2180681194A6845F67E
:1012D0003E73CFF6FE731A404A60815921F40051E3
:1012E0008151815921F002018151016821F00401ED
:1012F000016005680120FFF7CDF920680560002531
:101300000195815941F4801181518059019001204A
:10131000FFF7C0F9019821688851086820F008009B
:1013200008600E680120FFF7B5F920680660A06C20
:10133000416841F000414160E06C416841F000418A
:101340004160206D416841F000414160606D41683D
:1013500041F0004141601020A565C4F88400284692
:1013600002B070BD0125284602B070BD10B504461C
:10137000A1B1D4F8840023281CBF012010BD486B04
:101380000122E0632046FFF745F878B1D4F88800E1
:1013900040F00200C4F88800012010BDD4F8880095
:1013A00040F00100C4F88800012010BDBFF34F8F4A
:1013B000A06A2168421C032A88BFC21E41F20400B1
:1013C000A2620144086940074FF0000042BF0422B6
:1013D0000A61086010BD000040F25800C2F200002F
:1013E000806809F05BBE00000AF09ABA70470000FE
:1013F00070B5044600684FF4F865066905EA821284
:1014000006F01C0661F3CF22911903319AB24261B2
:10141000016100F0EBF80546002600BF00F0E6F899
:10142000401BB6EB104F05D120680069C007F5D10D
:10143000002070BD012070BD2DE9F04F82B000F199
:101440003E4242F2004502F1FF77C4F202050A2251
:1014500043F6004E4FEAB726A84208BF0922C4F25D
:10146000010E092E38BF4FEAB722012500260027BA
:101470004FF00008009208E008F101080437B8F1C5
:10148000100F06F1020600F0A7800C6805FA08F9B3
:1014900014EA090FF0D0D1F804B003220BF0030CCA
:1014A000ACF10104B240012C6FEA020A10D8826844
:1014B000CC6802EA0A02B440224382604268CBF35D
:1014C000001422EA090204FA08F42243426005E00B
:1014D000BCF1030F02D14FF0030C20E0C2688C680E
:1014E00002EA0A02B4402243BCF1020FC26016D1E4
:1014F0006FF0030202EA58020244D2F820C007F05B
:101500001C050F230C69AB402CEA030304FA05F514
:101510002B431362D1F804B001250BF0030C0268D1
:101520000CFA06F302EA0A021A431BF4403F026077
:10153000A2D0002243F644030192C4F202031A68C7
:101540004FF6084C42F480421A601A68CFF6FF7CCE
:1015500002F480420192019A28F00302724452F888
:101560000C3007F00C050F24AC40A343009C04FA98
:1015700005F52B4342F80C30DEF808204B6842EAB0
:10158000090543F60C4CDC0258BF22EA0905CEF8E7
:101590000850C4F2010CDCF800209C0242EA090564
:1015A00058BF22EA0905CCF80050DEF804209C035D
:1015B00042EA090558BF22EA0905CEF80450DEF8D0
:1015C0000020DB0342EA090558BF22EA0905CEF8EC
:1015D0000050012550E700BF02B0BDE8F08F0000C9
:1015E000002A08BF090481617047000041F2BC7005
:1015F000C2F201000068704790F83D20202A1CBF0D
:1016000002207047242280F83D200268136823F0EE
:1016100001031360536A23F010035362536A1943A2
:101620005162116841F001011160202180F83D10E4
:101630000020704790F83D20202A1CBF02207047F0
:10164000242280F83D20026889B2136823F0010348
:101650001360D2F824C04FF6F07303EA0C03194369
:101660005162116841F001011160202180F83D10A4
:101670000020704770B5B8B3044690F83D0028B913
:10168000002084F83C00204600F0ECFA242084F886
:101690003D002068016821F001010160016841F40A
:1016A00000410160016821F40041016000F0DCFCB0
:1016B00048F28041C0F21E0140F60013D4F804E065
:1016C00088424FF00001C0F23D0348F2A16C4FF098
:1016D000000238BF01219842C0F2010C38BF01223C
:1016E000E64538BF0A460AB1012070BD4DF6836158
:1016F000C4F21B31A0FB01122168950C4B684FF41A
:10170000967623F03F0343EA9243754344F6D3565B
:101710004B60C1F262060B6AA5FB0656B50923F0C1
:101720003F03E64538BF950C6A1C1A430A62CA6932
:1017300048F2A0664CF6FF73C0F20106B64522EAF5
:1017400003020BD801384FEA4E03B0FBF3F001302F
:101750006FF31F30042898BF04201EE0A3680138EF
:1017600063B119230EFB03F3B0FBF3F001306FF309
:101770001F3078B100F5804008E000BF0EEB4E034B
:10178000B0FBF3F001306FF31F3028B100F50040DB
:1017900003E000BF012000E001201043C861086899
:1017A000D4E9072320F0C00010431843086088687C
:1017B00048F2FF3204F10C0690434CCE184310431C
:1017C000A5698860C86820F0FF0030432843C860DE
:1017D000086840F00100086000202021206484F89F
:1017E0003D10206384F83E0070BD00002DE9F043F9
:1017F00081B01F46164688460446FFF7F7FE94F868
:101800003D10202920D1054620688169890717D518
:10181000FFF7ECFE401B1928F6D900202021206399
:1018200084F83D1084F83E00216C022641F020012E
:10183000216484F83C00304601B0BDE8F08300BF6D
:1018400094F83C10012905D10226304601B0BDE8CC
:10185000F08300BF012184F83C100168C90703D15F
:10186000016841F001010160016821F4006101603B
:10187000212184F83D10102184F83E1000212164BC
:1018800066626785618D21850021CFF6FF71E16277
:10189000E16A11F5803F18BF012919D1016841F4AF
:1018A000807101604169DDF82090C90723D119F1E9
:1018B000010116D0B9F1000F46D000BFFFF796FE28
:1018C000401B484542D820684169C907F6D012E05C
:1018D0000829E3D0216B1229E0D0E3E74169C90769
:1018E00009D14169C90706D14169C90704BF4169E6
:1018F0005FEAC171F2D02169B1F5804F02D1FE21BA
:1019000061E000BF062101EAD811F03101614169AF
:10191000090757D4416919F1010201F480612FD000
:10192000002946D1B9F1000F00F04281FFF75EFEB9
:10193000401B484500F23E8120684169090741D4B7
:1019400041694905F2D534E0FFF750FE002020211F
:10195000206384F83D1084F83E00216C012641F09C
:1019600020012164216884F83C000868C00544BF58
:101970004FF400702064304601B0BDE8F08300BF32
:10198000B9B9416909071DD44169490511D44169B3
:10199000090717D4416949050BD44169090711D4D6
:1019A0004169490505D4416909070BD441694905D5
:1019B000E7D5016841F4007101606FF48061416115
:1019C0000420F8E0FF2101EA08010161416989076B
:1019D0003AD4416919F1010201F4806112D051BB7E
:1019E000B9F1000F00F0E080FFF700FE401B484512
:1019F00000F2DC8020684169890725D441694905E6
:101A0000F2D518E0B9B9416989071DD44169490582
:101A100011D44169890717D4416949050BD441693B
:101A2000890711D44169490505D4416989070BD457
:101A300041694905E7D5016841F4007101606FF41F
:101A4000806141610420B6E0002600964169009162
:101A5000816900910099218D002900F0958009F19C
:101A60000108014651F8142F120635D4B8F1000FC1
:101A700016D0B9F1000F00F0AF8000BF0868400534
:101A800000F1B280FFF7B2FD401B484500F2A9808B
:101A90002068014651F8142F1206EFD51CE000BF54
:101AA0000A68520500F1A0800A68120614D40A6878
:101AB000520500F199800A6812060DD40A68520591
:101AC00000F192800A68120606D40A68520500F1F5
:101AD0008B800A681206E3D5636A194611F8012B58
:101AE00002616162618D01396185278D0146A7F12F
:101AF000010CA4F828C051F8142F52070DD55FEA45
:101B00000C420AD05A78A7F1020C02619A1C626258
:101B1000628D013A6285A4F828C00A6852072FD462
:101B2000B8F1000F14D0B9F1000F7BD00868400560
:101B300000F18080FFF75AFD401B484577D82068A8
:101B4000014651F8142F5207F0D5B4F828C017E019
:101B50000A6852056ED40A68520711D40A68520501
:101B600068D40A6852070BD40A68520562D40A681E
:101B7000520705D40A6852055CD40A685207E7D5B3
:101B80005FEA0C417FF46DAF016841F400710160C0
:101B9000202084F83D0084F83E6084F83C603046A4
:101BA00001B0BDE8F08300BFFFF720FD202002E078
:101BB000FFF71CFD202000212022216384F83D2016
:101BC00084F83E10226C01261043206484F83C10F7
:101BD000304601B0BDE8F0830868400504D4FFF743
:101BE00005FD202004E000BF6FF480600860042041
:101BF00000212022216384F83D2084F83E10226CCD
:101C00001043206484F83C10206C042825D12068FF
:101C10000126016841F400710160304601B0BDE861
:101C2000F08300BF0868400504D4FFF7DFFC2020E4
:101C300004E000BF6FF480600860042000212022CF
:101C4000216384F83D2084F83E10226C1043206408
:101C500084F83C10206C0428D9D00126304601B00D
:101C6000BDE8F083B0B586B0016845F20040C4F22B
:101C70000000814202D006B0B0BD00BF002443F690
:101C800030050194C4F20205296800F5D83041F00E
:101C900002012960296801F00201019101994FF4C4
:101CA000407101911221CDE9021403210491042114
:101CB000059101A9FFF7C0FB0094286940F40010CA
:101CC0002861286900F400100090009806B0B0BDAB
:101CD00040F2280041F2BC71C2F20000C2F20101E0
:101CE00000780A68104408607047000080B543F629
:101CF0000040C4F20200016841F400710160016813
:101D000041F480610160016841F480710160032049
:101D100000F0C4F80F2000F005F800F05DF8002096
:101D200080BD0000B0B586B0002543F644010195A2
:101D3000C4F202010A68044642F001020A6009681E
:101D400001A801F0010101910199694600F066F9CD
:101D500000F09EF94DF683614000C4F21B31A0FBF8
:101D600001014FF0FF3000EB914140F27060002222
:101D7000C2F20000C4F2010240F2E733C0E90021E0
:101D8000C0E902530561856100F0E6FB054618B124
:101D9000284606B0B0BD00BF40F27060C2F200003D
:101DA00000F022FC05460028F2D1192000F036F898
:101DB0000F2C0DD8192021460022002500F042F8F2
:101DC00040F22C00C2F200000460284606B0B0BD0C
:101DD0000125284606B0B0BD82B0002043F6400180
:101DE0000190C4F202014A6842F480424A604A68A3
:101DF00002F480420192019A00900868002240F0AB
:101E00008050086008680F2100F080500090009812
:101E10006FF0010002B000F015B80000002848BFC4
:101E20007047C1B200F01F00012202FA00F04EF22A
:101E30000012CEF2000242EAD10121F00301086053
:101E40007047000010B54EF60C5CCEF2000CDCF8CA
:101E50000030C3F3022E8EF00704042C28BF0424A4
:101E6000BEF103034FF0FF3E0EFA04F438BF002327
:101E7000A14399400EFA03F39A43114300F00F0275
:101E800000F160430901043A03F564436244002809
:101E900048BF02F10C03197010BD00004EF60C5142
:101EA000CEF200010A684FF6FF031A4060F30A22DF
:101EB00042F0806040F0FD70086070472DE9F0410D
:101EC000002800F08B8043F60808C4F2020804469C
:101ED000D8F8F8030D4600F00F00884207D288F8C2
:101EE000F853D8F8F80300F00F00A84276D1206824
:101EF000810717D5410705D5D8F8001041F4E05106
:101F0000C8F80010010705D5D8F8001041F4604169
:101F1000C8F80010D8F80010A26821F0F0011143B1
:101F2000C8F80010C0073FD1D8F8F80300F00F0040
:101F3000A84207D988F8F853D8F8F80300F00F0042
:101F4000A8424BD12068410707D5D8F80010E268B5
:101F500021F4E0511143C8F80010000708D5D8F863
:101F60000000216920F4604040EAC100C8F8000088
:101F700000F0A2F8D8F8001047F23412C1F30311B0
:101F8000C0F60102515C40F24C0220FA01F140F22D
:101F90002C00C2F200000068C2F200021160FFF7DC
:101FA000C1FE0020BDE8F0816068811E022907D2D1
:101FB00058F8081C89015CBF0120BDE8F08111E0E0
:101FC000012807D158F8081C89035CBF0120BDE82F
:101FD000F08107E058F8081C890703D40120BDE808
:101FE000F08100BFD8F8001021F003010843C8F8C1
:101FF0000000FFF7FBFA064641F28837D8F80000E8
:10200000616800F00C00B0EB810F8DD0FFF7EEFAA5
:10201000801BB842F2D90320BDE8F0810F22026094
:1020200043F60802C4F20202136803F0030343609C
:10203000136803F0F0038360136803F4E053C36094
:10204000D2F800C04FF4E05303EADC030361D2F896
:10205000F80300F00F0008607047000040F24C00E9
:10206000C2F200000068704740F24C0043F60801DD
:10207000C2F20000C4F202010068096847F244128B
:10208000C1F38221C0F60102515CC84070470000D4
:1020900040F24C0043F60801C2F20000C4F2020113
:1020A0000068096847F24412C1F34231C0F60102E8
:1020B000515CC8407047000010B543F60404C4F2F8
:1020C0000204606800F00C0142F200400829C0F2EE
:1020D000F40007D0042918BF10BD41F20020C0F25F
:1020E0007A0010BD216801F03F022168236849028F
:1020F000C3F3881106D4A1FB00010023FEF772F898
:1021000007E000BF41F20020C0F27A004843B0FB74
:10211000F2F021680222C1F3014102EB4101B0FB60
:10212000F1F010BD2DE9F04182B0002868D00446DE
:10213000007843F60006C007C4F202060BD0B06870
:1021400000F00C00042840F09F803068800302D526
:102150006068002854D0207880071AD5B06810F045
:102160000C0F09D0B06800F00C00082840F0A680E1
:102170007068400200F1A2803068800702D5E068F4
:1021800001283DD13068216920F0F80040EAC10003
:1021900030602078000737D4207840074CD4A569F8
:1021A00055B3B06800F00C00082840F0BB80012D4A
:1021B00026D07068E16900F480028A4220D1216A49
:1021C00000F03F028A421BD147F6C071626A0140AB
:1021D000B1EB821F14D1A16A4FF6FF73C903994373
:1021E00000F44032A1F580318A4209D1E16A00F061
:1021F0007060B0EB016F03D1002002B0BDE8F08148
:10220000012002B0BDE8F0816069002840F20000C2
:10221000C4F2472076D00121C0F8801EFFF7E6F90E
:10222000054600BF706F8007B6D4FFF7DFF9401B8B
:102230000228F7D9DDE000BF306C10F080580AD1D9
:1022400000200190306C40F080503064306C00F021
:1022500080500190019847F20007C4F200073868E7
:10226000C00541D4386840F480703860FFF7BEF98B
:10227000054600BF3868C00536D4FFF7B7F9401BE4
:102280000228F7D9B5E000BFB06800F00C000828BC
:1022900003D1706840023FF558AF6068B0F5803FE9
:1022A00007D0B0F5A02F40F08D80306840F480203A
:1022B0003060306840F4803030608DE0E0680028A5
:1022C00052D00020C4F2472001210160FFF78EF9AF
:1022D000054600BF306880073FF554AFFFF786F929
:1022E000401B0228F6D984E0A068012805D0052803
:1022F0004ED1306F40F004003067306F40F0010085
:1023000030674FE00021C0F8801EFFF76FF90546E7
:10231000706F80077FF540AFFFF768F9401B022818
:10232000F6D966E00027C4F2472700203866FFF799
:102330005DF9022D05460BD1306880015ED5FFF7AF
:1023400055F9401B02284FF00300F5D955E700BFAF
:10235000306880017FF550AFFFF748F9401B022835
:102360004FF00300F4D948E70020C4F247200021D1
:102370000160FFF73BF90546306880077FF509AF3C
:10238000FFF734F9401B02284FF00300F4D934E77B
:10239000316F002821F001013167316F21F0040114
:1023A00031674DD0FFF722F9054641F2883700BF6B
:1023B000306F800756D4FFF719F9401BB842F7D9A0
:1023C00017E000BF3168002821F4803131603168A6
:1023D00021F4802131604FD0FFF708F9054600BF96
:1023E000306880033FF5B7AEFFF700F9401B642863
:1023F000F6D9032002B0BDE8F08100BF04F11C054E
:102400002FCD084340EA8210D9034FF6FF72914363
:10241000A1F5803140EA056008437060012038660C
:10242000FFF7E4F8044600BF306880013FF5E4AEF2
:10243000FFF7DCF8001B02284FF00300F4D9DCE6BC
:10244000FFF7D4F8054641F2883700BF306F8007A8
:1024500008D5FFF7CBF8401BB8424FF00300F5D981
:10246000CBE600BFB8F1000F7FF499AE306C20F0DE
:102470008050306493E600BFFFF7B8F8054600BF10
:10248000306880037FF567AEFFF7B0F8401B642823
:102490004FF00300F4D9B0E6704700007047000029
:1024A00010B590F83C20012A4FF0020251D080F87C
:1024B0003D200268D2F804E0D2F808C00C682EF083
:1024C0007003234341F2FF74C4F20004A24253603C
:1024D0000EDC40F2FF73C4F200039A4216DCB2F144
:1024E000804F2BD040F20043C4F2000324E000BF31
:1024F00040F2FF33C4F201039A4213DC41F60003B9
:10250000C4F200039A4219D0002313E040F60003FE
:10251000C4F200039A4211D040F60043C4F2000313
:102520000AE000BF44F20003C4F201039A4205D05E
:1025300040F20043C4F201039A4204D149682CF0EE
:102540008003194391600121002280F83D1080F83A
:102550003C20104610BD0000002804BF0120704739
:1025600010B5044690F83D0028B9002084F83C00DE
:10257000204600F01FF8022084F83D002068211D4D
:1025800000F080FD012084F8460084F83E0084F8C5
:102590003F0084F8400084F8410084F8420084F849
:1025A000430084F8440084F8450084F83D0000208E
:1025B00010BD000081B00068B0F1804F02D001B0C2
:1025C000704700BF0020009043F64000C4F20200B4
:1025D000016841F001010160006800F00100009015
:1025E000009801B07047000090F83D1001291CBF11
:1025F00001207047022180F83D10006841F2FF720F
:10260000C168C4F20002904241F00101C1600DDCDA
:1026100040F2FF71C4F20001884215DCB0F1804F36
:102620002AD040F20041C4F2000123E040F2FF3121
:10263000C4F20101884213DC41F60001C4F200013A
:10264000884219D0002113E040F60001C4F20001D5
:10265000884211D040F60041C4F200010AE000BFF8
:1026600044F20001C4F20101884205D040F2004169
:10267000C4F20101884206D1816801F007010629F0
:1026800004BF00207047016841F001010160002093
:102690007047000080B590F83C20012A4FF00202FC
:1026A00000F0C28080F83D20D0F800C04FF677726D
:1026B000DCF8083023EA0202CCF808200B684F2B24
:1026C00028DC1F2B44DD202B45D0302B43D0402B62
:1026D00040F0AC80D1F804E0C968DCF82030DCF8C8
:1026E000202022F00102CCF82020DCF8182022F073
:1026F000F00242EA011123F00A0242EA0E02CCF88B
:102700001810CCF82020DCF8081041F0470121F027
:10271000300180E06F2B27DDB3F5005F48D0B3F5C3
:10272000805F7AD0702B40F08180D1E901E3C968E5
:10273000DCF8082043EA0E0322F47F4243EA012139
:102740001143CCF80810DCF8081041F0770162E082
:102750000BB1102B6AD1DCF8081021F0700119437D
:1027600041F0070157E000BF502B35D0602B5DD101
:10277000D1F804E0C968DCF8203023F01003CCF86D
:102780002030DCF81830DCF8202023F4704322F0ED
:10279000A00243EA013142EA0E12CCF81810CCF83C
:1027A0002020DCF8081041F0670121F0100132E030
:1027B000D1E901E3C968DCF8082043EA0E0322F4FA
:1027C0007F4243EA01211143CCF80810DCF80810DD
:1027D00041F480411FE000BFD1F804E0C968DCF893
:1027E0002030DCF8202022F00102CCF82020DCF898
:1027F000182022F0F00242EA011123F00A0242EA14
:102800000E02CCF81810CCF82020DCF8081041F0AB
:10281000570121F02001CCF808100022012180F896
:102820003D10002180F83C10104680BD0122F5E7E4
:102830007047000010B5016804460869800744BF6E
:10284000C8685FEA807039D40869400744BFC86827
:102850005FEA40703ED40869000744BFC8685FEA79
:10286000007045D40869C00644BFC8685FEAC0600C
:102870004AD40869C0071CBFC8685FEAC07051D15C
:102880000869000644BFC8685FEA006052D408695E
:10289000400644BFC8685FEA406053D408698006B8
:1028A00046BFC8685FEA806010BD6FF02002204616
:1028B0000A61BDE81040FFF7F1BD00BF6FF00200F4
:1028C0000861012020778869800743D02046FFF700
:1028D000AFFF45E06FF004000861022020778869AF
:1028E00010F4407F40D02046FFF7A2FF42E000BF37
:1028F0006FF00800086104202077C86980073DD088
:102900002046FFF795FF3FE06FF0100008610820B8
:102910002077C86910F4407F3AD02046FFF788FF3F
:102920003CE000BF6FF001000861204600F03EF877
:102930002168A5E76FF0800008612046FFF7ACFD35
:102940002168A4E76FF040000861204600F038F8E5
:102950002168A3E7204600F025F8204600F024F87F
:102960002168002020776FE7204600F01BF8204602
:1029700000F01AF82168002020776CE7204600F06C
:1029800011F8204600F010F821680020207769E750
:10299000204600F007F8204600F006F821680020E5
:1029A000207766E77047000070470000006800214C
:1029B000C4F20101884218BF7047FFF789B90000CF
:1029C00070470000002804BF0120704710B504467E
:1029D00090F83D0028B9002084F83C00204600F023
:1029E00021F8242084F83D002068C16821F40051BA
:1029F000C160204600F0E4FB2068016921F49041A9
:102A00000161416921F02A014161C16841F400512D
:102A1000C16000202021206484F83D1084F83E101D
:102A200010BD000080B586B0016844F60000C4F215
:102A30000000814202D006B080BD00BF002143F6F5
:102A400030020191C4F20202136900F5E23043F44E
:102A500080231361136903F480230193019B019187
:102A6000136843F008031360126802F00802019231
:102A7000019A4FF4407201920222CDE90221032112
:102A800004910721059101A9FEF7D6FC06B080BD8F
:102A9000FEE7000010B582B00446002100686369BB
:102AA000019101AA0121984700282DD4206863696B
:102AB00001AA01219847002826D49DF80400400768
:102AC00002D4012002B010BD2068636901AA002170
:102AD0009847002818D40199C80407D401F4045079
:102AE000B0F5045F14D1022002B010BD2068636904
:102AF00001AA1F219847002806D40198C10411D4C7
:102B0000062002B010BD00BF6FF0040002B010BD7F
:102B1000C8054FF0040058BF0520890448BF0320B2
:102B200002B010BD00F01C001828DCD0142805D01D
:102B3000082814BF0520032002B010BD042002B0F5
:102B400010BD0000F0B581B004464068002100913E
:102B500070B1A06980470546A0698047401BB0F569
:102B6000FA6FF9D9012000256060284601B0F0BD58
:102B7000A068002818BF8047202000256F46002647
:102B8000206004E06FF004050136202E0ED063694A
:102B9000304612213A4698470028F3D4009800F0B6
:102BA0001F008642F0D10025266000E026681F2E17
:102BB00088BF6FF00205002DD7D123693046002170
:102BC0004FF40042984700281ED4206863696A4683
:102BD0000021984700281DD4A069804706466F460B
:102BE0006FF004059DF801000006B2D5A06980478A
:102BF000801BB0F5FA7F13D82068636900213A463C
:102C000098470028EED5B0E76FF00305284601B0DD
:102C1000F0BD00BF6FF00405284601B0F0BD00BF55
:102C20006FF00105284601B0F0BD000080B598B1F5
:102C3000CA688AB18B687BB1D1F810C0BCF1000FB3
:102C40000AD0D1E900E1C0E90432C0E902E1C0F8EC
:102C500018C0002080BD00BF4FF0FF3080BD0000D5
:102C600070B586B0002543F6300005950095C4F296
:102C70000200016840F2004441F004010160016873
:102C8000C4F2020401F0040100910099009501686A
:102C9000002241F08001016001684FF4814601F09B
:102CA0008001009100990095016841F001010160E7
:102CB000016801F00101009100990095016841F05F
:102CC00002010160016801F0020100910099009584
:102CD000016841F008010160016801F008010091FC
:102CE00000990095016841F04001016000684FF4CF
:102CF000814100F04000009000982046FEF770FCF3
:102D00000120CDE9020501A9204601960495FEF7B0
:102D100093FB06B070BD000080B540F21C6045F228
:102D20000041C2F20000C4F2000141F680220023FB
:102D30004FF4804CC0F2060280E80E00C0E9033C6C
:102D4000C0E90533C0E90733FEF794FC002818BF3B
:102D5000FDF79AFC40F21C60C2F200000021FEF771
:102D60004BFC002818BFFDF78FFC40F21C60C2F23C
:102D700000000021FEF75EFC002808BF80BDBDE812
:102D80008040FDF781BC0000B0B584B00020002178
:102D900000250FF033FF40F2BC04C2F2000446F2FB
:102DA000D14022462346C0F60000256042F8045F69
:102DB00043F8085F42F6D14CCDE9005004F13005EC
:102DC000C0F6010C28462146CDF808C007F0C6FC25
:102DD000284607F061FE94F86100400704D42846B5
:102DE00007F060FE03E000BF284607F00BFF46F245
:102DF0001D31C0F60001284607F082FE0EA044F8FF
:102E00000C0F00204FF480611022C4E90100C4E9D6
:102E10000300C4E90512C4E9070046F22130C0F6F8
:102E200000002946224608F06BF9284604B0BDE8A8
:102E3000B04002F091B800BF4574684C696E6B00F9
:102E400080B586B040F2B8600021C2F200004FF0B9
:102E5000804253234FF0FF3C0591CDE90311CDE9AA
:102E60000011C0E90023C0E9021C01618161FFF784
:102E700073FB002818BFFDF707FC4FF48050029049
:102E800040F2B860C2F2000002A9FFF703FC00287C
:102E900018BFFDF7F9FB40F2B860C2F200006946C6
:102EA000FFF7FEFA002818BFFDF7EEFB06B080BD65
:102EB00080B540F2007044F60001C2F20000C4F296
:102EC000000100234FF00C0C4FF4E13280E80E00BB
:102ED000C0E90333C0E905C3C361FFF773FD0028F0
:102EE00008BF80BDBDE88040FDF7CEBBFEE7000017
:102EF000FEE70000000000000000000000000000ED
:102F0000EFF30980BFF36F8F154B1A681EF0100F97
:102F100008BF20ED108A20E9F04F10602DE909006C
:102F20004FF0500080F31188BFF34F8FBFF36F8FC6
:102F300012F032FD4FF0000080F31188BDE8090067
:102F400019680868B0E8F04F1EF0100F08BFB0EC29
:102F5000108A80F30988BFF36F8F704700BF00BFEE
:102F6000240100200000000000000000000000001C
:102F7000074B19680868B0E8F04F80F30988BFF381
:102F80006F8F4FF0000080F31188704700BF00BFC3
:102F90002401002080B54EF21000CEF2000000683F
:102FA00013F056FD012808BF80BDBDE8804012F037
:102FB00013BE0000B0B592B0002443F64000CDE946
:102FC0000A44CDE908440594CDE90344CDE9014420
:102FD0000094C4F202000168022541F080510160B2
:102FE000006800F080500090009847F200000094C4
:102FF000C4F20000016841F440410160006800F43F
:10300000404000900098012006904FF480300790D7
:103010004FF480000D9004200E90A820CDE90F05FC
:103020000720119006A80C95FFF77CF820B1EFF36C
:10303000108072B6FEE700BF0F20CDE901054FF406
:10304000A05004904FF48050059001A805210394EE
:10305000FEF734FF20B1EFF3108072B6FEE700BF39
:1030600012B0B0BD4EF68850CEF20000016841F4B7
:10307000700101607047000040F27060C2F2000011
:10308000FFF7D8BB10B540F6FF3E0368C4F2000E50
:1030900040F2004C7045C4F2010C27DCB0F1804FC7
:1030A00031D040F20042C4F2000290422BD040F6F0
:1030B0000002C4F20002904225D041F6FF72C4F231
:1030C0000002904229DC70453CDCB0F1804F5FD0BB
:1030D00040F20042C4F20002904259D040F6000291
:1030E000C4F20002904253D056E000BF40F60042C6
:1030F000C4F20002904206D0604504D00022C4F21F
:1031000001029042D9D14A6823F07003134341F67B
:10311000FF72C4F200029042D5DD43F6FF72C4F2A2
:103120000102904222DC42F20002C4F2000290420C
:103130002ED00022C4F20102904229D0604527D04F
:103140002AE000BF40F60042C4F2000290421FD0C5
:1031500041F60002C4F20002904219D041F600424A
:10316000C4F20002904213D016E000BF44F2000205
:10317000C4F2010290420BD044F60002C4F20102F4
:10318000904205D044F20042C4F20102904203D1C1
:10319000CA6823F44073134323F080024B69D1F8CB
:1031A00000E08C681A430260C46240F48062C0F898
:1031B00028E0624504BF096901630121416110BD36
:1031C00010B504460068D4E902C22369016921F4FC
:1031D000405111430161626943EA0C01E369114303
:1031E000C268194349F20C639A431143C1604169B3
:1031F000A26921F4407141F20043114340F480621E
:10320000C4F201039A42416102D1FEF741FF01E09D
:10321000FEF72AFFE16963681922B1F5004FA0FBB0
:10322000020123D15A00DB0FFCF7DCFF48F21F51EB
:10323000C5F2EB11A0FB01235A094FF69C73C0F6AF
:10324000FF7303F1805302FB0300322303EBC00042
:10325000A0FB01014FF4F87000EA111000EB02101E
:10326000C1F3421108442168886010BD9A009B0F89
:10327000FCF7B8FF48F21F51C5F2EB11A0FB012388
:103280005A094FF69C73C0F6FF7302FB030032230A
:1032900003EB0010A0FB0101F02000EA511000EB4D
:1032A0000210C1F3431108442168886010BD00007A
:1032B000FEE70000002800F0A7802DE9F04784B069
:1032C000446A0546002C00F09C806079082840F094
:1032D00098800868E169884240F093800C20A4F847
:1032E0000500002020810DF10E032846214604220E
:1032F00000F0E4FA00287DD08046BDF80E604068FA
:103300003F2E00F1F0090FD347F2C52047F60E61BA
:1033100047F65063C0F60100C0F60101C0F6010394
:1033200040F29A5213F0D2FD701C322180B2042276
:1033300009F8061009F80020E069B11C1FFA81FAAB
:10334000ADF80E1004F0ACFDBAF1410F07460FD3F3
:1033500047F2C52047F6D45147F65063C0F6010046
:10336000C0F60101C0F6010340F2B75213F0AEFD02
:10337000380EF11C09F80A00380C89B209F801006E
:10338000711D321D89B2380A92B209F80170F11D1F
:1033900009F80200B01D8BB282B2432B4FF0FF033D
:1033A000ADF80E0009F8023009D819FA81F0C6F11B
:1033B0003C01012212FA81F1FCF77FFF4320F1303A
:1033C00081B2404608F02EFC40F2A020C2F200007C
:1033D000406847F2581747F25C12C0F60107C0F682
:1033E0000102414643230095019711F04FFD4046ED
:1033F00008F096FAA079FF281CBF0130A0711420B4
:10340000208104B0BDE8F08747F2C52047F6565149
:1034100047F65063C0F60100C0F60101C0F6010393
:1034200040F28B3213F052BD80B582B0002841D0FB
:10343000416A00294ED08B6A002248F6890C4A82E4
:103440005A1CC8F6880C0DD01E33A3FB0C324FEA71
:10345000521E4FF6FF739E4538BF5309002B08BF1D
:1034600001238B82CB6A5A1C0FD003F11E02A2FBF0
:103470000C234FEA531E4FF6FF72964538BF5A0988
:10348000002A08BF01224A81CA810B6B5A1C31D025
:1034900003F11E02A2FB0C234FEA531C4FF6FF72EE
:1034A000944538BF5A09002A08BF01228A810A823E
:1034B00021E000BF47F2C52047F65063C0F6010087
:1034C0002DA1C0F6010340F2154202B0BDE88040D4
:1034D00013F0FCBC47F2C52047F65063C0F601006C
:1034E0001FA1C0F6010340F2174202B0BDE88040C0
:1034F00013F0ECBC8A894B89013A92B29A423CBFE4
:1035000000224A81CA790AB10A6A0CE091F91C20AA
:10351000002A01D4FF2206E0D2B2C02A34BF4FF6FF
:10352000FF726FF07F424B6A0192009373B14A7948
:103530000A2A04D00A22A1F8052000220A811C319F
:1035400001AA6B4607F02AFA02B080BDCB691A4087
:1035500042F0807200924A790A2AF0D0EAE700BF6E
:10356000646863705F62696E643A206468637020A7
:10357000213D204E554C4C00646863705F62696E5B
:10358000643A206E6574696620213D204E554C4C8E
:103590000000000010B5446A6179082904D00821B0
:1035A000A4F805100021218104F11C01002202F081
:1035B0005FFCA079FF281CBF0130A0710120208191
:1035C00010BD00002DE9F04F83B040F25820C2F248
:1035D00000000468002C00F06D81012540F22249B2
:1035E00040F232460DF10A0A0AE000BF204601F01F
:1035F000E5F8204601F0B0FC2468002C00F05A8168
:10360000D4F824B0BBF1000FF6D09BF805000028D9
:10361000F2D0BBF8141039B1BBF81220013293B2CA
:103620008B42ABF81220E1D0BBF8101021B1013968
:103630000A04ABF810101FD0BBF80E100029DBD025
:1036400001390A04ABF80E10D6D10A28D4D805FAED
:1036500000F010EA090FCFD0204601F089F9BBF83D
:103660000C00BBF81210401A0228A2BF80B240081A
:10367000ABF80E00C0E700BF0A28BDD805FA00F17C
:103680003142B9D0042805D00420ABF80500002051
:10369000ABF80800204659460322534600F00EF9C5
:1036A000002800F0DA80BDF80A9045688046B9F13C
:1036B000410F0FD347F2C52047F60E6147F650631E
:1036C000C0F60100C0F6010140F29A52C0F60103B3
:1036D00013F0FCFB09F1010005F1F006392180B27D
:1036E000022206F8091009F1020132548FB2258D29
:1036F000432FADF80A100FD347F2C52047F6995172
:1037000047F65063C0F60100C0F6010140F2AE5228
:10371000C0F6010313F0DAFB280A09F10301F055A2
:1037200009F1040089B2755485B2402DADF80A0044
:103730000FD347F2C52047F60E6147F65063C0F637
:103740000100C0F6010140F29A52C0F6010313F0E5
:10375000BDFB3721715509F1060109F105008DB254
:1037600080B20322442D3254ADF80A100FD347F231
:10377000C52047F6645147F65063C0F60100C0F615
:10378000010140F2A652C0F6010313F09FFB09F1BC
:10379000070087B20121442F7155ADF80A000FD3FD
:1037A00047F2C52047F6645147F65063C0F6010062
:1037B000C0F6010140F2A652C0F6010313F086FBE9
:1037C00009F1080085B20321442DF155ADF80A0036
:1037D0000FD347F2C52047F6645147F65063C0F651
:1037E0000100C0F6010140F2A652C0F6010313F039
:1037F0006DFB1C21715509F10A0109F109008AB21A
:10380000432A82B24FF0FF034FF00105ADF80A00E2
:10381000B35408D816FA81F0C9F1390115FA81F1CB
:10382000FCF74BFD4320F13081B2404608F0FAF935
:1038300040F2A020C2F20000406847F25C1241460C
:10384000C0F601024323009411F08CFA404608F0C0
:1038500067F840F2224940F232469BF8060055FADA
:1038600080F1CAB28A4201D0142014E04FF47A7376
:103870005A4340F2F31313FA82F244F6D353C0B220
:10388000C1F2620309284FF01400A2FB03238BF856
:10389000061038BF5809BBF81410BBF81220ABF85B
:1038A0000800891A0229FFF6A7AE88B24008ABF8D3
:1038B0001000A1E603B0BDE8F08F00002DE9F04351
:1038C00081B068B30C46B9B39146074636204FF431
:1038D0009A714FF42072984607F0A0FC00283DD062
:1038E0000546408980084C280CD847F2C52047F689
:1038F0005063C0F6010046A1C0F6010340F27272A7
:1039000013F0E4FAB9F1030F02D16079032833D13F
:10391000A07948B340F26450C2F2000000682AE087
:1039200047F2C52047F65063C0F6010050A1C0F62B
:10393000010340F269720AE047F2C52047F650637E
:10394000C0F6010042A1C0F6010340F26A7213F012
:10395000BDFA0025284601B0BDE8F08300252846C1
:1039600001B0BDE8F08300BFFCF76EFC40F264518B
:10397000C2F20001086020606E684FF49971B01CBB
:10398000FCF79BFC40F20110308097F83010206863
:10399000B17004F085FAA9F10701022970600AD319
:1039A000B9F1040F07D0B9F1030F06D1607900F027
:1039B000FE00042801D17868F06097F82A00B8F179
:1039C000000F307797F82B00707797F82C00B077BE
:1039D00097F82D00F07797F82E0086F8200097F8DA
:1039E0002F0086F8F29086F8210048F26320C6F294
:1039F0005330C6F8EC0040F23510A6F8F0001CBFBA
:103A00000320A8F80000284601B0BDE8F08300BFFD
:103A1000646863705F6372656174655F6D73673A54
:103A200020636865636B20746861742066697273D3
:103A30007420706275662063616E20686F6C64200C
:103A400073747275637420646863705F6D7367006C
:103A5000646863705F6372656174655F6D73673A14
:103A6000206468637020213D204E554C4C000000BE
:103A7000646863705F6372656174655F6D73673AF4
:103A8000206E6574696620213D204E554C4C000027
:103A90002DE9F04F83B0D0F824B081469BF8051093
:103AA00000200629CBF81C001EBF0621ABF805102C
:103AB000ABF808000DF10A034846594601224FF0C1
:103AC0000108FFF7FBFE002800F0D3808246BDF816
:103AD0000A704068412F00F1F0050FD347F2C5206E
:103AE00047F60E6147F65063C0F60100C0F60101CB
:103AF000C0F6010340F29A5213F0E8F9781C39211C
:103B000080B20222E955B91C2A548EB2B9F8284075
:103B1000432EADF80A100FD347F2C52047F699514E
:103B200047F65063C0F60100C0F60101C0F601037C
:103B300040F2AE5213F0CAF9200AF91CA855381DFC
:103B400089B26C5484B2402CADF80A000FD347F20E
:103B5000C52047F60E6147F65063C0F60100C0F677
:103B60000101C0F6010340F29A5213F0AFF9372178
:103B70002955B91D781D8EB280B20322442E2A54D5
:103B8000ADF80A100FD347F2C52047F6645147F647
:103B90005063C0F60100C0F60101C0F6010340F217
:103BA000A65213F093F9F81D84B20121442CA955B3
:103BB000ADF80A000FD347F2C52047F6645147F627
:103BC0005063C0F60100C0F60101C0F6010340F2E7
:103BD000A65213F07BF907F1080086B20321442EA8
:103BE0002955ADF80A000FD347F2C52047F66451B6
:103BF00047F65063C0F60100C0F60101C0F60103AC
:103C000040F2A65213F062F91C21A95507F10A01EE
:103C100007F109008BB282B2432B4FF0FF03ADF8DE
:103C20000A00AB5409D815FA81F0C7F13901012215
:103C300012FA81F1FCF741FB4320F13081B250468A
:103C400007F0F0FF40F2A020C2F20000406847F207
:103C5000581747F25C12C0F60107C0F60102514640
:103C60004323CDF80090019711F010F9504607F06A
:103C700057FE9BF80610782058FA81F2D3B293428F
:103C800013D14FF47A7707FA03F340F2F31717FAD8
:103C900083F344F6D357C1F26207C9B2A3FB0737D7
:103CA0008BF80620052938BF7809ABF8080003B067
:103CB000BDE8F08FF0B581B040F25820C2F20000AC
:103CC0000468002C4ED00025012604E0013838811C
:103CD0002468002C46D0676A002FF9D03889022862
:103CE000F4D20128F4D178793D8101380B28EFD83E
:103CF000DFE800F0080610060618061C060606187F
:103D0000E6E700BFB879052820D8204600F03CFF40
:103D1000DEE700BFB879012804D8204600F016F984
:103D2000D6E700BF2046FFF7B3FED1E7B8790128F8
:103D300014D807F11C012046002202F099F8B87946
:103D4000FF281CBF0130B8713E81C1E7204600F05A
:103D500035FD204601F000F9BAE700BF2046FFF725
:103D600063FBB5E701B0F0BDB0B540F2A025C2F2EB
:103D70000005EA7A04460020C4E90800002A1CBFB6
:103D8000E869A062287B28B1286A6A7BE0623AB1C0
:103D9000686A09E0A06A40086A7BE062002AF7D1FD
:103DA000A06AC0EBC000C0082063A87B0969E1617C
:103DB00030B1A86A04F074F82062012001E000BF6D
:103DC0000020E071E87B002808BFB0BDE86A04F07D
:103DD00067F86062B0BD000010B50446406A4179E2
:103DE0000C2904D00C21A0F805100021018147F214
:103DF0005811C0F6010120460A460B4606F0CEFDDA
:103E00002046BDE81040FFF743BE000070B540F209
:103E1000A022C2F20002937A002B08BF70BD0446B4
:103E2000466A90690D460021318104F039F829690C
:103E3000B0612046F161BDE8704000F0A5BE000011
:103E4000B0B540F2A025C2F20005287858BB6868DA
:103E500058B147F2C52047F65063C0F6010016A1DD
:103E6000C0F60103E52213F031F810F005FF686099
:103E7000F0B1417A47F2581441F02001C0F6010434
:103E800041722146442210F0A3FB68682146432278
:103E900010F068FC686844F2F111C0F600010022DD
:103EA00010F0FEFE287801302870002040B2B0BD2E
:103EB000FF2040B2B0BD00BF646863705F696E638D
:103EC0005F7063625F726566636F756E7428293A0E
:103ED000206D656D6F7279206C65616B000000006C
:103EE000B0B5456A85B104466879C11E032904D37B
:103EF000002808BFB0BD0A2808D100212046A971BA
:103F0000BDE8B04000F022B8B0BD00BF0D280CD312
:103F100047F2C52047F65063C0F6010006A1C0F67F
:103F2000010340F26D3212F0D1FF00212046A97149
:103F3000BDE8B040FFF7ACBD696E76616C69642086
:103F4000646863702D3E7374617465002DE9F047F9
:103F500082B0D0F824A080469AF80500032805D046
:103F60000320AAF805000020AAF808000DF10603B6
:103F7000404651460322FFF7A1FC002800F01681BD
:103F80008146BDF806504068412D00F1F0060FD380
:103F900047F2C52047F60E6147F65063C0F60100B0
:103FA000C0F60101C0F6010340F29A5212F08EFFF2
:103FB00039217155A91C681C8CB280B20227432C90
:103FC0003754ADF806100FD347F2C52047F6995184
:103FD00047F65063C0F60100C0F60101C0F60103C8
:103FE00040F2AE5212F072FF291DE81C37558CB218
:103FF00080B240223F2C3254ADF806100FD347F266
:10400000C52047F60E6147F65063C0F60100C0F6C2
:104010000101C0F6010340F29A5212F057FF681DE9
:10402000322180B2042231553254DAF81C00A91D25
:104030008CB2ADF8061003F033FF412C07460FD3C6
:1040400047F2C52047F6D45147F65063C0F6010049
:10405000C0F60101C0F6010340F2B75212F036FF7C
:10406000380EE91D3055380C05F1080289B270543C
:10407000380A92B2B05405F10A0005F1090184B280
:1040800089B2402C7754ADF806000FD347F2C52013
:1040900047F60E6147F65063C0F60100C0F6010115
:1040A000C0F6010340F29A5212F010FF3721315549
:1040B00005F10C0105F10B008CB280B20322442CF7
:1040C0003254ADF806100FD347F2C52047F66451BD
:1040D00047F65063C0F60100C0F60101C0F60103C7
:1040E00040F2A65212F0F2FE05F10D0087B2012156
:1040F000442F3155ADF806000FD347F2C52047F6DF
:10410000645147F65063C0F60100C0F60101C0F6E5
:10411000010340F2A65212F0D9FE05F10E0084B25E
:104120000321442CF155ADF806000FD347F2C5200A
:1041300047F6645147F65063C0F60100C0F601012E
:10414000C0F6010340F2A65212F0C0FE1C21315508
:1041500005F1100105F10F008BB282B2432B4FF035
:10416000FF03ADF80600B35409D816FA81F0C5F183
:104170003301012212FA81F1FCF79FF84320F1305C
:1041800081B2484607F04EFD40F2A020C2F2000086
:10419000406847F25C12C0F6010249464323CDF85D
:1041A000008010F0DFFD484607F0BAFB9AF80610D1
:1041B000012050FA81F2D3B293424FF0140012D191
:1041C0004FF47A777B4340F2F31717FA83F344F600
:1041D000D357C1F26207C9B2A3FB07378AF806209A
:1041E000092938BF7809AAF8080002B0BDE8F087AD
:1041F0002DE9F04F85B040F25470C2F200004568DE
:1042000014466E6A86B3307970B360892C282BD33C
:1042100060680178022927D195F83010A1B10139E1
:10422000C9B295F82A20037F052928BF05219A42A3
:104230001AD149B195F82B20437F9A4214D101310C
:10424000C9B2022940F06881406803F029FE316854
:10425000884209D140F2A020C2F200000021C0E94A
:10426000021160892C2805D2204607F059FB05B0C1
:10427000BDE8F08FB4F80880F0204FF6FD7A0021F9
:1042800001912746798982B28A4225D33F68002F5F
:10429000EAD0401A7A8983B29342A8EB01081BD373
:1042A0003F68002FE0D0801A798983B28B42A8EB57
:1042B000020811D33F68002FD6D0401A7A8983B202
:1042C0009342A8EB010807D33F68801A002FA8EBA0
:1042D0000208D7D1C8E700BF1FFA88F182B28A422C
:1042E000009280F007817968039105E01FFA88F158
:1042F00082B28A4280F0E08003991FFA80FB11F8B5
:104300000B10FF2900F0D880D345ADD8B7F80AC00C
:104310000BF10103634507D2039A134493F800E0BD
:104320003B290ED936E000BF3B682BB15B6893F8A0
:1043300000E03B2905D92DE04FF0000E3B2900F2AB
:104340002980DFE801F01F21272F2727272727278C
:1043500027272727272727272727272727272727ED
:1043600027272727272727272727272727272727DD
:104370002727272727272727273B414D552727274B
:104380005B6300BF013082E0BEF1040F40F00081AA
:10439000062240E00EEB0B0050453FF665AF0230C1
:1043A00075E000BFBEF1030F40F20281F344D34534
:1043B0003FF65AAF07224FF0040932E0BEF1040F76
:1043C00040F00281032226E0BEF1010F40F00C8193
:1043D0000099F02940F0588100224FF001091CE0BB
:1043E000BEF1010F40F010814FF00109012214E0ED
:1043F000BEF1040F40F0188102220CE0BEF1040F60
:1044000040F022814FF00409042206E0BEF1040FBF
:1044100040F02A8105224FF00409F344D3453FF6CA
:1044200023AF40F2A021C2F2000101EB020A9AF888
:10443000081000294FF00001049124D102300292AB
:1044400083B2384604A94A4607F0EEF948457FF49E
:104450000BAFB9F1010F07D0B9F1040F40F08C8018
:10446000049803F01DFD01E09DF8100001218AF879
:10447000081040F2A021029AC2F20001B7F80AC067
:1044800001EB820108610BF102004FF6FD7A81B267
:104490006145FFF42BAFA0EB0C00A8EB0C0881B238
:1044A0001FFA88F29142BFF4DFAE3F68002F57D069
:1044B000796803911AE700BF40F2A020C2F2000021
:1044C000007AB8B140F2A020C2F2000001690022D7
:1044D00002724FF0EC0801294FF06C003FF4D1AEAE
:1044E000022913D0032905D101204FF0EC080190D7
:1044F0006C20C6E601994FF06C082C2000294FF083
:10450000000101917FF4BDAED2E000BF00204FF06A
:104510006C0801902C20B4E695F82C20837F9A42F9
:104520007FF4A2AE03293FF48FAE95F82D20C37F10
:104530009A427FF499AE04293FF486AE95F82E2076
:1045400090F820309A427FF48FAE05293FF47CAE7C
:1045500095F82F1090F8212091423FF475AE83E634
:1045600047F2C52047F65063C0F601008EA1C0F6A1
:10457000010340F29D6292E047F2C52047F6506386
:10458000C0F6010083A1C0F601034FF4D26286E0B9
:1045900047F2C52047F64D5147F65063C0F601007B
:1045A000C0F60101C0F6010340F22E6277E000BFC1
:1045B00047F2C52047F65063C0F6010070A1C0F66F
:1045C000010340F233626AE047F2C52047F64D51DD
:1045D00047F65063C0F60100C0F60101C0F60103C2
:1045E00040F241625BE000BF47F2C52047F644510C
:1045F00047F65063C0F60100C0F60101C0F60103A2
:1046000040F24F624BE000BF47F2C52047F64451ED
:1046100047F65063C0F60100C0F60101C0F6010381
:1046200040F255623BE000BF47F2C52047F64D51CE
:1046300047F65063C0F60100C0F60101C0F6010361
:1046400040F259622BE000BF47F2C52047F64D51BA
:1046500047F65063C0F60100C0F60101C0F6010341
:1046600040F25D621BE000BF47F2C52047F64D51A6
:1046700047F65063C0F60100C0F60101C0F6010321
:1046800040F261620BE000BF47F2C52047F650637D
:10469000C0F6010034A1C0F6010340F2516212F0ED
:1046A00015FC204607F03CF905B0BDE8F08F00BFCF
:1046B00040F2A020C2F20000407A00283FF4D4ADBE
:1046C00040F2A020C2F20000007D6168022815D0EF
:1046D000062821D005287FF4C7AD7079C21E032AB1
:1046E0002ED2686AFFF740FB2846FEF79DFE204663
:1046F00007F016F905B0BDE8F08F00BF7079062805
:104700007FF4B2AD2846FFF781FB204607F008F999
:1047100005B0BDE8F08F00BF707905283FF6A4AD65
:10472000012101FA00F010F03A0F3FF49DAD284648
:10473000FFF752FB204607F0F3F805B0BDE8F08F15
:1047400001287FF491AD686AFFF70EFB95F8310000
:104750000007C9D52846FEF71DFF204607F0E0F800
:1047600005B0BDE8F08F00BF6F7665726C6F616455
:1047700020696E2066696C652F736E616D6500003F
:104780006C656E203E3D206465636F64655F6C659B
:104790006E000000696E76616C6964206465636F09
:1047A00064655F6C656E00006E657874207062757C
:1047B0006620776173206E756C6C00002DE9F04FF8
:1047C00083B0446A002C00F0B280824660790028F1
:1047D00000F0AD80A16940F2A028029100210A28D2
:1047E000C2F20008C4F81210C4F80E10C4E9061191
:1047F000C4E90811C4E90A1121637CD8012101FA36
:1048000000F010F4866F76D00DF106035046214675
:104810000722FFF753F800286DD08146BDF80660E7
:1048200040683F2E00F1F0050FD347F2C52047F650
:104830000E6147F65063C0F60100C0F60101C0F6F4
:10484000010340F29A5212F041FB701C362180B2F3
:104850000422A9552A540298B11C1FFA81FBADF815
:10486000061003F01DFBBBF1410F07460FD347F2C3
:10487000C52047F6D45147F65063C0F60100C0F694
:104880000101C0F6010340F2B75212F01FFB380ECF
:10489000F11C05F80B00380C89B26854711D321DEB
:1048A00089B2380A92B26F54F11DA854B01D8BB270
:1048B00082B2432B4FF0FF03ADF80600AB5409D88A
:1048C00015FA81F0C6F13C01012212FA81F1FBF7E1
:1048D000F4FC4320F13081B2484607F0A3F9D8F840
:1048E000040002AA49464323CDF800A010F03AFA8A
:1048F000484607F015F847F25811C0F60101504636
:104900000A460B4606F04AF8607900281EBF0020D0
:10491000A4F805002081207948B198F8000048B13A
:104920000138010688F800001AD00020207103B079
:10493000BDE8F08F47F2C52047F6856147F6506322
:10494000C0F60100C0F60101C0F60103FF2212F01B
:10495000BDFA98F800000138010688F80000E4D19B
:10496000D8F8040010F0BAF90020C8F80400DCE719
:104970002DE9F04782B0D0F824A080469AF80500CF
:10498000052805D00520AAF805000020AAF808008F
:104990000DF10603404651460322FEF78FFF002823
:1049A00000F0CE808146BDF806704068412F00F1CE
:1049B000F0050FD347F2C52047F60E6147F6506366
:1049C000C0F60100C0F60101C0F6010340F29A52A0
:1049D00012F07CFA781C392180B20222E955B91C08
:1049E0002A548EB2B8F82840432EADF806100FD3E3
:1049F00047F2C52047F6995147F65063C0F60100CB
:104A0000C0F60101C0F6010340F2AE5212F05EFAA8
:104A1000200AF91CA855381D89B26C5484B2402C68
:104A2000ADF806000FD347F2C52047F60E6147F6F2
:104A30005063C0F60100C0F60101C0F6010340F268
:104A40009A5212F043FA37212955B91D781D8EB2BA
:104A500080B20322442E2A54ADF806100FD347F239
:104A6000C52047F6645147F65063C0F60100C0F612
:104A70000101C0F6010340F2A65212F027FAF81D18
:104A800084B20121442CA955ADF806000FD347F29A
:104A9000C52047F6645147F65063C0F60100C0F6E2
:104AA0000101C0F6010340F2A65212F00FFA07F11D
:104AB000080086B20321442E2955ADF806000FD315
:104AC00047F2C52047F6645147F65063C0F601002F
:104AD000C0F60101C0F6010340F2A65212F0F6F949
:104AE0001C21A95507F10A0107F109008BB282B216
:104AF000432B4FF0FF03ADF80600AB5409D815FA6D
:104B000081F0C7F13901012212FA81F1FBF7D5FBDF
:104B10004320F13081B2484607F084F840F2A020EB
:104B2000C2F2000040680AF1180249464323CDF85A
:104B3000008010F017F90546484606F0F1FE00E047
:104B4000FF259AF80600012151FA80F2D3B2934270
:104B50004FF0280112D14FF4FA677B4340F2F3176C
:104B600017FA83F344F6D357C1F26207C0B2A3FB2E
:104B700007378AF80620092838BF790968B2AAF8E9
:104B8000081002B0BDE8F0872DE9F04784B0002896
:104B900000F0A681D0F824908246B9F1000F00F011
:104BA000AF8199F80500012805D00120A9F805007A
:104BB0000020A9F808000DF10E03504649460322D3
:104BC000FEF77CFE002800F067818046BDF80E608D
:104BD0004068412E00F1F0040FD347F2C52047F69C
:104BE0000E6147F65063C0F60100C0F60101C0F641
:104BF000010340F29A5212F069F9701C392180B217
:104C00000222A155B11C22548DB2BAF82870432D4E
:104C1000ADF80E100FD347F2C52047F6995147F66D
:104C20005063C0F60100C0F60101C0F6010340F276
:104C3000AE5212F04BF9380A6055301DF11C85B2A6
:104C400089B23F2D6754ADF80E000FD347F2C5204F
:104C500047F60E6147F65063C0F60100C0F6010149
:104C6000C0F6010340F29A5212F030F9701D322161
:104C700080B2042261552254D9F81C00B11D8DB2B6
:104C8000ADF80E1003F00CF9412D07460FD347F293
:104C9000C52047F6D45147F65063C0F60100C0F670
:104CA0000101C0F6010340F2B75212F00FF9380EBD
:104CB000F11D6055380C06F1080289B26054380ABB
:104CC00092B2A05406F10A0006F1090185B289B238
:104CD0003F2D6754ADF80E000FD347F2C52047F6BD
:104CE0000E6147F65063C0F60100C0F60101C0F640
:104CF000010340F29A5212F0E9F806F10B00362156
:104D000080B2042261552254D9F8180006F10C0132
:104D10008DB2ADF80E1003F0C3F8412D07460FD346
:104D200047F2C52047F6D45147F65063C0F601005C
:104D3000C0F60101C0F6010340F2B75212F0C6F806
:104D4000380E06F10D016055380C06F10E0289B2DD
:104D50006054380A92B2A05406F1100006F10F0117
:104D600085B289B2402D6754ADF80E000FD347F2DB
:104D7000C52047F60E6147F65063C0F60100C0F645
:104D80000101C0F6010340F29A5212F09FF8372158
:104D9000615506F1120106F111008DB280B20322B5
:104DA000442D2254ADF80E100FD347F2C52047F61C
:104DB000645147F65063C0F60100C0F60101C0F629
:104DC000010340F2A65212F081F806F1130087B2F7
:104DD0000121442F6155ADF80E000FD347F2C520D5
:104DE00047F6645147F65063C0F60100C0F6010172
:104DF000C0F6010340F2A65212F068F806F1140062
:104E000085B20321442DE155ADF80E000FD347F2D2
:104E1000C52047F6645147F65063C0F60100C0F65E
:104E20000101C0F6010340F2A65212F04FF81C2116
:104E3000615506F1160106F115008BB282B2432BC3
:104E40004FF0FF03ADF80E00A35409D814FA81F017
:104E5000C6F12D01012212FA81F1FBF72EFA43204F
:104E6000F13081B2404606F0DDFE40F2A020C2F2F1
:104E70000000406847F2581747F25C12C0F601077D
:104E8000C0F6010241464323CDF800A001970FF080
:104E9000FDFF404606F044FD99F80610012050FA47
:104EA00081F2D3B293424FF0780013D14FF47A7766
:104EB00007FA03F340F2F31717FA83F344F6D357D4
:104EC000C1F26207C9B2A3FB073789F8062005299A
:104ED00038BF7809A9F8080004B0BDE8F08700BF22
:104EE00047F2C52047F65063C0F6010013A1C0F693
:104EF000010340F2771204B0BDE8F04711F0E6BFBD
:104F000047F2C52047F65063C0F6010004A1C0F681
:104F1000010340F2791204B0BDE8F04711F0D6BFAA
:104F2000646863705F73656C6563743A206468637A
:104F30007020213D204E554C4C0000006468637089
:104F40005F73656C6563743A206E657469662021D1
:104F50003D204E554C4C000070B5A8B1044690F869
:104F60003100C00724D147F2C52047F65063C0F690
:104F7000010037A1C0F601034FF43A7211F0A6FF09
:104F8000F02040B270BD00BF47F2C52047F6565131
:104F900047F65063C0F60100C0F60101C0F60103F8
:104FA00040F2E72211F092FFF02040B270BD00BF46
:104FB000208DB0F5107F30D3656A0DB3287928B302
:104FC00040F2A026C2F20006307878B947F2C52038
:104FD00047F6856147F65063C0F60100C0F601014F
:104FE000C0F60103FF2211F071FF3078013801068D
:104FF00030700BD170680FF071FE0020706005E01A
:10500000342003F087F940B1054660622846342118
:10501000FBF753F9FEF714FF10B1FF2040B270BD4B
:1050200094F831000121400729710BD468790228D6
:105030004FF000000AD00221288140B2A5F80510E7
:1050400070BD00BF2046FEF723FD002040B270BDBA
:105050006E65746966206973206E6F742075702C9C
:10506000206F6C64207374796C6520706F72743F6C
:1050700000000000B0B540F27445C2F20005297D81
:10508000044651B1A868A04207D1286818B106F0BB
:1050900047FC002028600020287595F82C0058B1A6
:1050A000286AA04208D1A86918B106F039FC00208E
:1050B000A861002085F82C0095F8440058B1A86B31
:1050C000A04208D1286B18B106F02AFC0020286302
:1050D000002085F8440095F85C0058B1286DA04286
:1050E00008D1A86C18B106F01BFC0020A8640020B1
:1050F00085F85C0095F8740058B1A86EA04208D1FC
:10510000286E18B106F00CFC00202866002085F8F7
:10511000740095F88C0060B1D5F88000A04208D1E9
:10512000A86F18B106F0FCFB0020A867002085F8E6
:105130008C0095F8A40070B1D5F89800A0420AD16F
:10514000D5F8900020B106F0EBFB0020C5F89000E8
:10515000002085F8A40095F8BC0070B1D5F8B00027
:10516000A0420AD1D5F8A80020B106F0D9FB002052
:10517000C5F8A800002085F8BC0095F8D40070B1EF
:10518000D5F8C800A0420AD1D5F8C00020B106F079
:10519000C7FB0020C5F8C000002085F8D40095F8B2
:1051A000EC0078B1D5F8E000A04218BFB0BDD5F84A
:1051B000D80020B106F0B4FB0020C5F8D8000020CC
:1051C00085F8EC00B0BD00002DE9F04F85B0002857
:1051D000CDE90112049000F08B804FF00A0B002AF9
:1051E00000F0B08040F2744C00230122C2F2000CA7
:1051F00000204FF0000E4FF0000A4FF00A084FF069
:105200000A090A21039106E090463033F02B02F19F
:10521000020200F005830CEB0304257D1FFA88F1E0
:105220000A29A2F1010608BF002D19D065B304991F
:1052300067680968B94204D1A168029FB94200F0C9
:105240003D81012D0ED15CF80310658A91B11FFAE2
:105250008AFA554528BFB34688BFAA4614E000BF66
:10526000B04611E0618A80B2814228BFB14688BF52
:10527000084609E01FFA8EFE0399754528BF31469E
:10528000039188BFAE4600BF94F82C501FFA88F1F6
:105290000A2908BF002DB7D0002DB6D00499E669C1
:1052A0000968B14204D1216A029EB14200F0C38272
:1052B000012D0BD1A169648D81B11FFA8AFA544581
:1052C00028BF934688BFA2469FE700BF618D80B28A
:1052D000814228BF914688BF084696E71FFA8EFE96
:1052E0000399744528BF1146039188BFA6468CE7F1
:1052F00040F27446C2F20006337D012B00F09E801E
:10530000002B40F0C58096F82C404FF000080A2092
:10531000002C00F0DB8003904FF00A0900204FF0D2
:105320000A0B00234FF0000C4FF0000E012C00F090
:10533000A380748D744528BF4FF0010988BFA6462D
:10534000DFE000BF40F2744C00200122C2F2000CEA
:1053500000274FF0000E00244FF00A084FF00A0912
:105360000A21039107E000BF90463030F02802F197
:10537000020200F055820CEB00031D7D1FFA88F637
:105380000A2EA2F1010608BF002D15D045B30499DD
:10539000D1F800A059688A4500F09280012D0DD106
:1053A0005CF800105D8A89B1A4B2A54228BFB3465B
:1053B00088BF2C4614E000BFB04611E0598ABFB246
:1053C000B94228BFB14688BF0F4609E01FFA8EFEDA
:1053D0000399754528BF3146039188BFAE4600BF8B
:1053E00093F82C501FFA88F10A2908BF002DBBD072
:1053F000002DBAD00499DE690968B14200F01B8221
:10540000012D09D199695B8D71B1A4B2A34228BF66
:10541000934688BF1C46A8E7598DBFB2B94228BF42
:10542000914688BF0F46A0E71FFA8EFE0399734589
:1054300028BF1146039188BF9E4696E73368B6F8A9
:1054400012C0002B18464FF0000E4FF0000B4FF02B
:105450000A0918BF0A20039008BF4FF00A0B002B5F
:105460001CBF6346F44696F82C40012004B34FF06D
:105470000A08012C7FF45DAFB569748DC5B39BB28A
:105480009C4228BF4FF0010B88BF234639E000BF84
:10549000B6F812E00A204FF0000903904FF00A0B13
:1054A00000234FF0000C96F82C400120002CDED198
:1054B0004FF0010896F84440ACBB14E03246BAE124
:1054C000324610B205B0BDE8F08F00BF03904FF038
:1054D0000A094FF00A0B00234FF0000C4FF0000EAA
:1054E00096F84440FCB996F85C00002845D114E0D9
:1054F0001FFA8CFC039A644528BF0122039288BFDF
:10550000A44696F84440B4FA84F56D09284209D0BF
:105510004FF0020896F85C0078BB96F874000028FB
:105520005FD148E00CB3012C0CD1346BB6F84200CB
:1055300094B19BB2984228BF4FF0020B88BF03463C
:1055400013E000BFB6F84200704528BF4FF00209D3
:1055500088BF864609E000BF1FFA8CFC039A6045AD
:1055600028BF0222039288BF844696F85C00B8F1F7
:105570000A0F08BF002819D058B301280CD1B46C09
:10558000B6F85A00E4B19BB2984228BF4FF0030B23
:1055900088BF03461DE000BFB6F85A00704528BF1B
:1055A0004FF0030988BF864613E000BF4FF00308A1
:1055B00096F87400A8B996F88C00002845D12EE022
:1055C0001FFA8CFC039A604528BF0322039288BF10
:1055D000844696F87400B8F10A0F08BF002819D065
:1055E00058B301280CD1346EB6F87200E4B19BB206
:1055F000984228BF4FF0040B88BF03461DE000BF50
:10560000B6F87200704528BF4FF0040988BF86467F
:1056100013E000BF4FF0040896F88C00A8B996F884
:10562000A400002845D12EE01FFA8CFC039A6045A7
:1056300028BF0422039288BF844696F88C00B8F1F4
:105640000A0F08BF002819D058B301280CD1B46F35
:10565000B6F88A00E4B19BB2984228BF4FF0050B20
:1056600088BF03461DE000BFB6F88A00704528BF1A
:105670004FF0050988BF864613E000BF4FF00508CC
:1056800096F8A400A8B996F8BC00002845D12EE0F1
:105690001FFA8CFC039A604528BF0522039288BF3D
:1056A000844696F8A400B8F10A0F08BF002819D064
:1056B00058B301280CD1D6F89040B6F8A200DCB15E
:1056C0009BB2984228BF4FF0060B88BF03461CE0F0
:1056D000B6F8A200704528BF4FF0060988BF86467D
:1056E00013E000BF4FF0060896F8BC00A8B996F882
:1056F000D400002841D15BE01FFA8CFC039A60457E
:1057000028BF0622039288BF844696F8BC00B8F1F1
:105710000A0F08BF002819D038B301280CD1D6F8D9
:10572000A840B6F8BA00BCB19BB2984228BF4FF06F
:10573000070B88BF034618E0B6F8BA00704528BFCB
:105740004FF0070988BF86460FE000BF4FF00708FB
:1057500096F8D40088B92BE01FFA8CFC039A6045B8
:1057600028BF0722039288BF844696F8D400B8F178
:105770000A0F08BF002819D038B301280CD1D6F879
:10578000C040B6F8D200BCB19BB2984228BF4FF0DF
:10579000080B88BF034618E0B6F8D200704528BF52
:1057A0004FF0080988BF86460FE000BF4FF0080899
:1057B00096F8EC0010E000BF1FFA8CFC039A6045DD
:1057C00028BF0822039288BF844696F8EC00B8F1FF
:1057D0000A0F08BF002821D010B3012812D1D6F833
:1057E000D870B6F8EA00002F00F0A0809AB290427C
:1057F00028BF4FF0090B01994FF6FF7288071AD4A2
:1058000013E000BFB6F8EA00704528BF4FF0090961
:1058100001994FF6FF7288070DD406E04FF0090892
:1058200001994FF6FF72880705D4C80708D11FFAFF
:1058300088F00A2804D110B205B0BDE8F08F00BF8F
:105840000FFA88F40A2C19DA40F2744104EB440090
:10585000C2F2000101EBC000007D002848D047F2F1
:10586000C52047F6F963C0F601003DA1C0F601036B
:1058700040F2851211F02AFB3AE000BF0FFA89F0DE
:10588000092817DC40F2744100EB4000C2F200012D
:1058900051F8300060B147F2C52047F6F963C0F611
:1058A000010029A1C0F6010340F26D1211F00EFBB8
:1058B000C8460AE0DDF80C800FFA88F00A2804DBFD
:1058C0000FFA8BF00928D846B5DC0FFA88F440F2BD
:1058D000744204EB4401C2F2000252F8310002EBC0
:1058E000C10518B106F01CF80020286000202875BA
:1058F0000498029B48B140F27442006804EB4401F2
:10590000C2F2000202EBC101486040F2744104EBB4
:105910004400C2F2000101EBC0000021418283601B
:10592000424610B205B0BDE8F08F00BF1FFA8CF2FE
:105930009042039828BF0920039001994FF6FF7207
:1059400088073FF578AF70E76172705F7461626CD1
:10595000655B695D2E71203D3D204E554C4C00002D
:105960006172705F7461626C655B695D2E737461F6
:105970007465203D3D204554484152505F53544189
:1059800054455F454D505459000000002DE9F04F3B
:1059900085B039B3466804463088B0F5807F1BD1A6
:1059A0003079062818D17079042815D17088082814
:1059B00012D18A465AF8040FD6F80E700D46049795
:1059C00020B3B16906F10808814221D14FF00109E5
:1059D0004FF0000B20E000BF204605B0BDE8F04FBF
:1059E00005F09EBF47F2C52047F6565147F6F963CA
:1059F000C0F60100C0F60101C0F6010340F28A22A0
:105A000005B0BDE8F04F11F061BA00BF06F108081B
:105A10004FF002094FF0010B95F8300006280CD02A
:105A200047F2C52047F6F963C0F6010030A1C0F681
:105A3000010340F2A91211F049FAB7B338462946DA
:105A400000F0F6FF88BB07F0F000E0282DD004A896
:105A500049462A46FFF7B8FB002826D481B2490000
:105A600040F2744211FA80F1C2F2000202EBC1006E
:105A7000022303758560D8F8003052F83170C36096
:105A8000B8F8043000210382418277B1016005F14A
:105A90002A024FF4006C284639464346CDF800C030
:105AA00000F0AAFC384605F03BFFF088B0F5007F17
:105AB00014D0B0F5807F15D1BBF1000F12D105F1E4
:105AC0002A0104A802270290284642460B46CDE947
:105AD00000A8039700F0C6FA04E000BF04A9284616
:105AE000FDF7E8FB204605F01BFF05B0BDE8F08F91
:105AF0006E657469662D3E6877616464725F6C657B
:105B00006E203D3D204554485F4857414444525F14
:105B10004C454E0070B584B0164605460C4658B14B
:105B2000E4B156B33068294600F082FFB0B347F2C3
:105B30004C13C0F6010347E047F2C52047F6565123
:105B400047F6F963C0F60100C0F60101C0F6010393
:105B500040F21E3211F0BAF9002CE2D147F2C52012
:105B600047F6F963C0F6010081A1C0F6010340F2D7
:105B70001F3211F0ABF9002ED4D147F2C52047F601
:105B8000EA6147F6F963C0F60100C0F60101C0F60C
:105B900001034FF4487211F099F9C3E7306800F03F
:105BA000F001E0291CD10123ADF808305E23010E7D
:105BB000020C8DF80A30C0F3062002AB8DF80B0002
:105BC0008DF80C208DF80D1005F12A024FF40066B7
:105BD00028462146009600F00FFC40B204B070BD8C
:105BE000D5E901124140114208D081B24FF6A962B5
:105BF000914203D02E4656F80C0FA8B340F2685CD1
:105C0000C2F2000C9CF8002040F2744E02EB4203FA
:105C1000C2F2000E0EEBC303197D022908D3996866
:105C2000A94205D15968884202D12846214692E00E
:105C30009EF81410022909D3DEF80810A94205D1F4
:105C4000DEF80410884201D1002280E09EF82C107A
:105C500002290DD3DEF82010A94209D1DEF81C106C
:105C6000884205D1012272E0FC2040B204B070BD30
:105C70009EF84410022909D3DEF83810A94205D154
:105C8000DEF83410884201D1022260E09EF85C10F8
:105C9000022909D3DEF85010A94205D1DEF84C10D4
:105CA000884201D1032252E09EF87410022909D3E0
:105CB000DEF86810A94205D1DEF86410884201D1EF
:105CC000042244E09EF88C10022909D3DEF88010EB
:105CD000A94205D1DEF87C10884201D1052236E0C8
:105CE0009EF8A410022909D3DEF89810A94205D124
:105CF000DEF89410884201D1062228E09EF8BC10FC
:105D0000022909D3DEF8B010A94205D1DEF8AC10A3
:105D1000884201D107221AE09EF8D410022909D343
:105D2000DEF8C810A94205D1DEF8C410884201D1BE
:105D300008220CE09EF8EC10022911D3DEF8E010E6
:105D4000A9420DD1DEF8DC10884209D1092228468B
:105D500021468CF8002004B0BDE8704000F00EB879
:105D600028463146224604B0BDE8704000F080B8B5
:105D70007120213D204E554C4C000000F0B585B0FF
:105D800040F2744302EB4202C2F2000303EBC2068C
:105D9000374617F8142F0C46012A05460DD847F24E
:105DA000C52047F6F963C0F6010025A1C0F601033E
:105DB00040F2EF2211F08AF83A78022A32D1708A42
:105DC000B0F58E7F12D947F252132A1DC0F6010397
:105DD000301DCDE9002347F24C1205F12A014FF0A6
:105DE000010C0290C0F6010212E000BFB0F5877FFF
:105DF00018D347F2521E301D06F10C0205F12A019C
:105E00002B1D4FF0010CC0F6010ECDE9003E0290B3
:105E100028460B46CDF80CC000F024F9002804BF3A
:105E20000320387005F12A0206F10C034FF40067D5
:105E300028462146009700F0DFFA05B0F0BD00BF0C
:105E40006172705F7461626C655B6172705F6964DE
:105E5000785D2E7374617465203E3D204554484141
:105E600052505F53544154455F535441424C450096
:105E70002DE9F04F85B00F460968054608462946CA
:105E8000914600F0D5FD28B1F02040B205B0BDE844
:105E9000F08F00BF3968F0200029F6D001F0F00142
:105EA000E029F2D0384601212A46FFF78DF906464F
:105EB000B0F1FF3F3EDD7F2E05F12A080CD347F2FB
:105EC000C52047F6F963C0F601005BA1C0F60103E7
:105ED00040F2C13210F0FAFF5FFA86FA4FEA4A0048
:105EE00040F2744B50FA86F0C2F2000B0BEBC0008C
:105EF000044614F8141F19B3B9F1000F68D00490C8
:105F0000FF2002293FD340F26850C2F20000067021
:105F10000AEB4A000BEBC00000F10C034FF40067E2
:105F2000284649464246009700F066FA05B0BDE8AB
:105F3000F08F00BF304640B205B0BDE8F08F00BF23
:105F400004900AEB4A000BEBC00047F25211856047
:105F5000281DC0F6010147F24C124FF0010C8DE8EC
:105F60008300C0F6010228464146434684F800C03B
:105F7000CDF80CC000F076F8B9F1000F3FF485AF12
:105F800021780229BFD201297FF47FAF47F2C525CE
:105F900047F6F967C0F601052BA6C0F601074C4687
:105FA00060892189884208D1206830B1284631466D
:105FB00040F2F1323B4610F089FF207B40061DD4B1
:105FC0002468002CECD1484605F0B8FE1DE000BF67
:105FD00047F25211281DC0F6010147F24C1201266A
:105FE0008DE88300C0F601022846414643460396E9
:105FF00000F038F805B0BDE8F08F00BF0E204FF478
:1060000020714A4605F00EFB81460498B9F1000F55
:106010000CD004460068002818BF05F081FC002061
:10602000C4F8009040B205B0BDE8F08FFF2040B248
:1060300005B0BDE8F08F00BF74797065206F76659C
:1060400072666C6F770000006E6F207061636B6525
:10605000742071756575657320616C6C6F7765640C
:10606000210000002DE9F04F81B01F469046064602
:10607000894678B947F2C52047F6565147F6F96385
:10608000C0F60100C0F60101C0F6010340F257421C
:1060900010F01CFF0E201C214FF4207205F0BEF8FA
:1060A000002859D004464089DDF834A01B280CD8BC
:1060B00047F2C52047F6F963C0F6010029A1C0F6F2
:1060C000010340F2634210F001FFDDF82CB0656877
:1060D000504601F0E7FE96F83010E88006290FD010
:1060E00047F2C52047F6A96147F6F963C0F60100FB
:1060F000C0F60101C0F6010340F26A4210F0E6FE6C
:10610000B8882146A881386840F60607A860DBF801
:1061100000004A46C5F81200BBF804004346E88276
:106120000A980068C5F80E000C980068A86140F253
:106130000010C0F20800286040F20640A8803046F7
:10614000009700F059F9204605F0EAFB002040B224
:1061500001B0BDE8F08F00BFFF2040B201B0BDE844
:10616000F08F00BF636865636B207468617420669C
:106170006972737420706275662063616E20686F47
:106180006C642073747275637420657468617270D6
:106190005F6864720000000080B584B047F2521E50
:1061A000021DC0F6010E00F12A03CDE9002E47F2D0
:1061B0004C124FF0010C0291C0F601021946CDF8C5
:1061C0000CC0FFF74FFF04B080BD00002DE9F04F79
:1061D00085B040F2744647F2521947F24C1400253C
:1061E000C2F200064FF00108C0F60109C0F6010432
:1061F0004FF0020B002704E08AF814501837F02FF4
:106200003AD006EB070A9AF814000028F6D0BAF83C
:1062100012104A1C91B28B084A2BAAF8122003D8FC
:10622000012809D1052907D3F0590028E4D005F049
:1062300077FBF551E0E700BF012807D0042817D00D
:10624000032804BF04208AF81400D7E7DAF808000E
:106250000AF1040200F12A01031DCDE9003902927E
:1062600022460B46CDF80C80FFF7FCFEC6E700BFC8
:106270008AF814B0C2E700BF05B0BDE8F08F000097
:1062800070B5044640890F283DD3E07B0D4618B910
:1062900095F834000130E073606801788689CA0798
:1062A00014D0012906D1417881B980785E280DD1BA
:1062B000102008E047F24C11C0F601010622FAF75F
:1062C0001CF818B90820617B08436073B6F5C16FEC
:1062D00010D0082E17D195F83100000713D52046AD
:1062E0000E2105F04DFD70B92046294600F0E8FC6E
:1062F000002070BD95F83100000704D520460E211E
:1063000005F03EFD20B1204605F00AFB002070BDDF
:1063100020462946FFF73AFB002070BD7047000079
:106320009AB00DF1040A044650466421F9F7C5FFFE
:1063300040F25800C2F2000040F26C574FF00008E3
:1063400000F10C06C2F200070FF29C0900254FF085
:10635000000B0BE03846FAF7ABFF204604F0A2FB37
:10636000204604F0D1FB642004F080FC3046FCF7AA
:1063700091FB94F8311011F0040101D00128E9DDFE
:106380000029F0D10228EEDB0238042806D212A13F
:1063900051F820B059F8205003E000BFB8F1000FC9
:1063A00016D038465146FAF79DF938465146CDE9A0
:1063B000065BFAF7BBFD3846FAF770FE204604F09C
:1063C00021FC204604F0D0FB4FF00108CBE700BFD2
:1063D0004FF00008C7E700BF000800000000000001
:1063E0000008000000000000004000000040000025
:1063F00000000000000000002DE9F0410C46069965
:10640000804608461F46164601F04CFD05462046CC
:106410000E2104F0CDFE00281CBF6FF00100BDE886
:10642000F08160688581B988818039680160B188B0
:1064300041813168C0F8061098F83000062809D06C
:1064400047F2C520C0F6010006A113A340F23312A3
:1064500010F03CFDD8F8182040462146BDE8F04138
:10646000104700BF6E657469662D3E68776164648D
:10647000725F6C656E206D757374206265203620C6
:10648000666F722065746865726E65745F6F75748F
:1064900070757421000000002E2E2F4D6964646C0D
:1064A0006577617265732F54686972645F506172B9
:1064B00074792F4C7749502F7372632F6E6574690E
:1064C000662F65746865726E65742E630000000047
:1064D0002DE9F041A4B0044630B971A07AA17EA3A1
:1064E0004FF4F27210F0F2FC47F27340608645F60A
:1064F000153047F68141C0F60000C0F60001C4E93E
:10650000050102A86421F9F7D8FE48F2000140F223
:106510006C5648F20000CCF6E151C2F20006C4F21B
:106520000200CDF802104AF6066140F2D43340F280
:106530003437ADF806100DF102014FF40002C2F23B
:106540000003C2F200074FF4C06586E88F003046B2
:106550007561FAF78FF940F25807C2F20007054655
:1065600007F130003421F9F7A8FE2120F8624FF43A
:106570004000386447F2D010C0F6010002F05CFB26
:106580000620716884F830000878002284F82A0018
:106590004878002684F82B00887884F82C00C87886
:1065A00084F82D00087984F82E00487994F8311089
:1065B00084F82F0040F2DC50208541F00A0084F876
:1065C00031000120012104F00DFD7860012001213E
:1065D000002204F007FDB86046A01B904FF4AF7096
:1065E000CDE9226620903020219046F21570C0F649
:1065F00000001BAA2146CDE91C66CDE91E6604F009
:106600007FFD07F10C0640F23801C2F2000130466E
:10661000FCF70CFB3046FCF795FA2DB1FAF734F88D
:10662000002024B0BDE8F0813046FCF733FA0128A1
:106630000ADC204604F068FA204604F033FA002011
:1066400024B0BDE8F08100BF0338022806D82BA192
:1066500051F820602CA151F8207003E04FF48047DE
:106660004FF4006640F26C55C2F200050DF10808C7
:1066700028464146FAF736F828464146CDE90776DE
:10668000FAF754FC2846FAF709FD204604F0BAFA56
:10669000204604F069FA002024B0BDE8F08100BF74
:1066A000417373657274696F6E20222573222066B0
:1066B00061696C6564206174206C696E6520256475
:1066C00020696E2025730A006E6574696620213D7D
:1066D000204E554C4C0000002E2E2F4C5749502F69
:1066E0005461726765742F65746865726E6574694C
:1066F000662E6300457468496600000000000000D3
:106700000008000000000000004000000000000041
:106710000000000082B040F2580540F26C58044678
:10672000C2F200050026C2F200080DF1040900BF04
:1067300068684FF0FF3104F01FFC0028F8D107E033
:10674000226938462146904710B1384605F0E8F8EE
:10675000287801960028EBD140464946FAF758FAC6
:10676000019F002FECD1E3E744F60001C4F20001E1
:106770000A68520609D40A6852065CBF0A685FEAD2
:10678000426202D40A685206F2D5C2B24A60704729
:106790000A46032100F0EEB82DE9F04383B040F241
:1067A0005476C2F20006B568894629783C2202EA8E
:1067B0008107142F044602D36089042806D220469C
:1067C00003B0BDE8F04305F0ABB800BF60680078E7
:1067D00008283FD1706900F0F001E029EFD031685E
:1067E00000F026F90028EAD120890828E7D307F12C
:1067F0000E082046414604F0DBFC98B3208938445B
:1068000081B28142DBD10E204FF4207204F006FDEC
:106810000028D4D08046408907F10801814266D81B
:10682000D8F8040029463A46F9F720FD4046394693
:1068300005F0A6FA002855D047F2C52047F6307378
:10684000C0F6010030A1C0F60103B62210F03EFBF5
:106850004DE000BFA046404603B0BDE8F04305F060
:106860005FB800BF2046414605F08AFA90B147F272
:10687000C52047F63073C0F6010031A1C0F6010310
:10688000C72210F023FB204603B0BDE8F04305F01B
:1068900047B800BFA046D8F804404046394604F047
:1068A00087FC0028D7D156F8140FD8F8041056F8F2
:1068B000042CC8600A610020FF220A72488101216D
:1068C00020706080CDE90001404631460022FF2360
:1068D000CDF8089000F0E4FA404603B0BDE8F0437C
:1068E00005F01EB84046214604F0BCFE40B14046CB
:1068F00005F016F8204603B0BDE8F04305F010B8E7
:10690000204605F00DF8C6E769636D705F696E702B
:1069100075743A206D6F76696E6720722D3E7061D6
:10692000796C6F616420746F2069636D7020686595
:1069300061646572206661696C65640A000000002C
:1069400069636D705F696E7075743A2072657374F7
:106950006F72696E67206F726967696E616C207013
:106960002D3E7061796C6F6164206661696C65644D
:106970000A0000002DE9F04184B090460E4607461B
:10698000222024214FF4207204F048FC90B30446E6
:10699000408923280CD847F2C52047F63073C0F64B
:1069A000010016A1C0F6010340F2691210F08EFA40
:1069B00065687F682E70002605F1080039461C22A4
:1069C00085F801806E60F9F751FCF868039003A820
:1069D00000F020FE58B1074601206E80CDE900602E
:1069E00003AA20460021FF23029700F059FA20460F
:1069F00004F096FF04B0BDE8F08100BF63686563F2
:106A00006B2074686174206669727374207062759B
:106A1000662063616E20686F6C642069636D70200E
:106A20006D657373616765000A460B21FFF7A2BFAE
:106A3000421C022A3CBF0120704791F83120920786
:106A400002D54A68824201D10020704789684240DD
:106A5000114205D1CA438843904204BF01207047C8
:106A6000002070472DE9F04F8FB0D0F804B00446F5
:106A70009BF8000000F00F00052840F0D1806089ED
:106A8000132840F2D380BBF80600B1F828801746DF
:106A90000D4601F007FA2189A1F11402110400F05A
:106AA000D780A8F1140101EB5171C91000F4005313
:106AB0006FF35F300C90C800CDE9075785B24FF0F7
:106AC00014084FF0000A05930691CDE903B50B9227
:106AD00097B20E2014214FF42072BD420A9738BF9E
:106AE0002F4604F09BFB002800F0BF80064640893B
:106AF00013280CD847F2C52047F6A573C0F601004D
:106B000063A140F22532C0F6010310F0DFF970688E
:106B100059461422F9F7AAFB7068CDE90D76099061
:106B20001FB947E024684FF0000866891FFA88F50E
:106B3000AE420CD247F2C52047F6A573C0F601005D
:106B40005BA140F22D32C0F6010310F0BFF9A6EBB5
:106B50000800B9B21FFA80FA514538BF8A46BAF127
:106B6000000FDFD0052002F0AFF800287AD0814670
:106B70006068514628440090002041224B46CDF8E1
:106B800004A004F023FC002868D08346204605F0CA
:106B9000D5F847F63D40C0F60000C9E904040E9858
:106BA000594604F033FCA7EB0A073804BAD1DDF8E4
:106BB0000CB00D9FDDF81C900C9DB9F82800059BCA
:106BC000A0F1140128466FF35F3000F50052002B4E
:106BD00018BF10460A9BD0449942B8BF104601F036
:106BE00061F9099EF08007F1140080B201F05AF9B2
:106BF0000027708077810E9ED9F81430089A484695
:106C000031469847304604F08BFE0B9A0D98121AC5
:106C10001004069805440C95049D7FF458AF00E0DD
:106C2000FA2778B20FB0BDE8F08F00BF47F2C52059
:106C300047F6A573C0F601000EA1C0F601034FF49C
:106C40003F7210F043F9FA2778B20FB0BDE8F08F29
:106C5000002778B20FB0BDE8F08F00BF052049468D
:106C600001F08EFD0E9804F05BFEFF2778B20FB0A6
:106C7000BDE8F08F6970345F6672616728293A2039
:106C80007062756620746F6F2073686F7274000095
:106C900074686973206E6565647320612070627525
:106CA0006620696E206F6E652070696563652100DE
:106CB000702D3E6C656E203E3D20706F6666000054
:106CC0002DE9F04381B0456804462A7802F0F000CF
:106CD000402840F0AD8068880E463C2101EA8209D8
:106CE00001F0E0F821890746884203D22046394660
:106CF00004F098FF6089484506D2204604F010FE53
:106D0000002001B0BDE8F08320898742F5D8B9F1B1
:106D1000130FF2D9E968286940F25478C2F20008EA
:106D200096F83120C8E9041000F0F001E02902F0E3
:106D3000010103D191B3706848B92FE071B1716856
:106D400061B1884203D03146FFF772FE20B10020C6
:106D50003746B8B343E000BF98F81400C0B27F28AC
:106D60001CD040F25820C2F20000076801E000BFCA
:106D70003F689FB1B7421CBF97F831005FEAC0700F
:106D8000F6D079680029F3D0D8F81400884217D0DB
:106D90003946FFF74DFE0028EAD011E0687A002757
:106DA00011280DD105EB09004088B0F58840B0FAF4
:106DB00080F04FEA501008BF374618B10FE000BF0F
:106DC000002060B9D8F8100048B13146FFF730FE16
:106DD00070BBD8F8100000F0F000E02828D03FB3D6
:106DE000E8886FF0C001084207D0204600F012F991
:106DF00000283FF485AF4568044628783C2101EA25
:106E00008000A8F80C0020464946C8E90076C8F87A
:106E1000085004F0B5FF687A012811D0062815D073
:106E2000112819D1204631460DF09EFD2BE000BF00
:106E3000204604F075FD002001B0BDE8F08300BFDE
:106E400020463146FFF7A8FC1DE000BF2046314632
:106E500007F06EFE17E000BFD8F814003946FFF7C0
:106E6000E7FD68B9D8F8140000F0F000E02807D07A
:106E70002046494604F05AFE20460221FFF788FCCE
:106E8000204604F04DFD0020C8E90400C8E90000D8
:106E9000C8F80800A8F80C00002001B0BDE8F08395
:106EA000B0B584B0DDF828C0DDE9084E42B129B1A3
:106EB0000D68002D08BF0CF1040101E00CF1040184
:106EC000CDE9004ECDF808C000F002F804B0B0BD26
:106ED0002DE9F04782B00446807B1F461546012805
:106EE00088460FD047F2C52047F6657147F67173A3
:106EF000C0F60100C0F60101C0F601034FF455725F
:106F00000FF0E4FF55B12046142104F051F968B1A7
:106F1000FE2040B202B0BDE8F08700BF60891428AF
:106F200044D2FE2040B202B0BDE8F0876089DDE9BE
:106F30000A9A666813280CD847F2C52047F6717381
:106F4000C0F6010027A1C0F6010340F289320FF01C
:106F5000BDFF28683772306145203070208986F87F
:106F600009A086F8019000F09DFF40F26C77C2F214
:106F70000007708038884FF00009A6F8069000F0EE
:106F800091FF47F25811C0F60101B0803888B8F17E
:106F9000000F18BF4146096801303880F160A6F83B
:106FA0000A900C99088D40B912E000BF606801ADED
:106FB000006901900C99088D50B12289824207D94D
:106FC00020462A46FFF74EFD40B202B0BDE8F087EA
:106FD0004B69084621462A46984740B202B0BDE8B0
:106FE000F08700BF636865636B2074686174206616
:106FF0006972737420706275662063616E20686FB9
:107000006C64207374727563742069705F68647255
:10701000000000002DE9F04F85B0D0F8049005463F
:1070200099F8000000F00F00052840F07081B9F8D1
:10703000060000F037FFB9F802100446084600F0D9
:1070400031FF064699F800003C2101EA8007BE4264
:10705000C0F05D81284604F0CBFA40F2D022C2F2A3
:1070600000021188049008440A28039544D9D2F8F4
:1070700004B04FF000080296CDE90047BBF1000FC5
:107080003ED0D9F80C204FF0000A00210027002044
:107090005E460CE00AF1010AC0B1F57FC47FA5424B
:1070A0009CBF30463946336837461E4693B17569F2
:1070B0009542EFD1B569D9F81040A542EAD1B5891A
:1070C000B9F80440A542E5D1EDE700BF30463946A6
:1070D000E9E700BF40B100F0BDFC40F2D021C2F2B0
:1070E0000001D1F804B08044049880450ADABAF16E
:1070F000010FC3DC06E000BFD2F804B014E000BF0B
:107100004FF0000BDDE90265DDE90047B8F1000F43
:1071100000F0FD8040F2D020C2F200000088049907
:1071200008440A2800F2F380BBF1000F24D0D9F8FC
:107130000C0004E0DBF800B0BBF1000F1CD0DBF862
:1071400014108142F6D1DBF81810D9F810209142C2
:10715000F0D1BBF80C10B9F804209142EAD1B9F88B
:10716000060000F09FFEC00427D1BBF80E0000F01F
:1071700099FEC0041BD120E0042001F0A5FD834648
:10718000002873D0002040F2D022CBE90100C2F2E7
:1071900000025168CBF81C00CBE90500CBE90300E5
:1071A0000F208BF81F00CBF80010C2F804B00BF1D1
:1071B000080049461422F9F759F8B9F806004FEAD1
:1071C000C40910F02000A6EB070A02900AD11FFAAA
:1071D0008AF010FA89F188B2884221D14FF6EB711A
:1071E00088421DD803984568688800F05BFE2978BE
:1071F0003C2202EA8102904212D3E988841A0846AE
:1072000000F050FEC10003988BB24068002202607B
:1072100013FA84F295B295428180C28000F080809A
:10722000DBF80400039D002871D140F2D024C2F2A3
:1072300000046068834511D047F2C52047F6A57366
:10724000C0F601000FF2AC31C0F6010340F2AB22F0
:107250000FF03CFE6068584540F09481DBF8000078
:1072600059466060042001F08BFA50E040F2D02AC9
:10727000C2F2000ADAF804C0A3464FF00008CDE9D4
:10728000017600BFBCF1000F33D0D9F80CE0002527
:1072900000210023002064460DE000BF05F1010538
:1072A000C0B1E77FC67FB7429CBF2046194622681F
:1072B0002346144692B167697745EFD1A769D9F89B
:1072C0001060B742EAD1A789B9F80460B742E5D1A6
:1072D000EDE700BF20461946E9E700BF20B100F006
:1072E000B9FBDAF804C080440498804501DA012D26
:1072F000C8DC0498039DDDE90176804507DB0420A6
:107300005C4601F0E1FC834600287FF43BAF284651
:1073100004F006FB0025284605B0BDE8F08F00BF4D
:10732000DBF80460029F012282EA5717E6B1019759
:107330004FF0000E0121002703E000BF166817463A
:10734000B6B37268B2F804C0634515D33FF468AFB2
:10735000B2F806804345FFF463AF002FEED0FC88FF
:10736000644518BF7146E9E7039A0546CBF8042047
:1073700067BB012112E000BF002F066000F0D4803F
:10738000FA889342FFF44CAF65453FF649AF039E40
:107390009A423E6018BF0021019A8AB99BF81E20CC
:1073A000D2074FF0000218BF002913D009E000BF38
:1073B000039F9845176018BF0021019A002AEDD05D
:1073C00039B1DBF8041021B14D68A988090400F037
:1073D000A780002240F2D021C2F200010888049B5D
:1073E0001844029B08804BB99BF81E100AEB090059
:1073F000ABF81C0041F001008BF81E00002A4FF092
:1074000000053FF488AFDBF80400BBF81C104768A8
:1074100001F114043E680BF1080138461422F8F714
:1074200025FFA0B200F03EFDFD807D81DBF8045019
:1074300078805EB174683046142104F0A1FC2846BF
:10744000314603F0E3FF2668002EF3D140F2D0214D
:10745000C2F2000151F8040F83451AD0002800F051
:107460009180026801465A4513D0002A00F08A80B4
:107470001068114658450CD0002800F0838002683F
:1074800001465A4505D0002A7CD01068114658455F
:10749000E4D1DBF8000008600420594601F070F9DF
:1074A000284604F0A5F840F2D026C2F20006318842
:1074B000044681420DD247F2C52047F6A573C0F6B7
:1074C000010045A1C0F6010340F29B220FF0FEFC33
:1074D0003188081B3080284605B0BDE8F08F00BF1A
:1074E0004968C0888A8890427FF473AF086838B3CF
:1074F0004068C988828891427FF46BAF016801B30C
:107500004968C0888A8890427FF463AF0868B8B140
:107510004068C988828891424FF000027FF45AAFD8
:1075200001680029DCD10CE065453FF679AE039A8D
:10753000CBF80420019A002A7FF442AF2EE700BF67
:10754000084685421BD147F2C52047F6A573C0F611
:10755000010014A1C0F6010340F2E1120FF0B6FCE5
:10756000286860B147F2C52047F6A573C0F6010050
:1075700010A1C0F6010340F2E3120FF0A7FC0122B4
:1075800028E700BF47F2C52047F6DE7147F6A5732E
:10759000C0F60100C0F60101C0F6010340F2451239
:1075A0000FF094FC73616E69747920636865636B96
:1075B0000000000076616C69646174655F646174E9
:1075C000616772616D3A6E6578745F70627566218D
:1075D0003D4E554C4C00000069705F7265617373DD
:1075E0005F70627566636F756E74203E3D20636CDC
:1075F000656E00006E6F74206669727374616C74DE
:10760000686F756768206A75737420656E7175653B
:107610007565640080B540F25821C2F2000100BFD8
:107620000968C9B191F8312002F00503052BF7D1A3
:107630004B68002BF4D0D0F800C0D1F808E083EA02
:107640000C0313EA0E0F04D09207E9D4CA689445DC
:10765000E6D1084680BD00BF40F25C21C2F20001C5
:107660000A687AB192F8311001F00501052909D1B3
:10767000516839B10078B0F17F0118BF1146084652
:1076800080BD00BF002080BD40F24471C2F2000105
:10769000102200F001B800002DE9F04F81B0D0F8C1
:1076A00000C0CD245FFA8CF707FB04F6F50A05EB62
:1076B00085069DF80300ACEB46060A2F46F030061F
:1076C00004D29DF802500027012411E06C43E40A23
:1076D00044EA8404A5EB4405642F45F0300501D24B
:1076E000012704E029207843000B303002270024D2
:1076F0008DF8025022EAE2758DF80160BD423E46E7
:1077000038BF2E46012A8DF80300C0F287810DF1A3
:10771000010E1EF80730084600F8013B14B306F1CD
:107720000109914580F07A814FEA1C232E270770CA
:10773000DFB24FF0CD0E07FB0EF6F60A06EB86051C
:10774000DCB29DF803A0A3EB450309F1010B0A2C61
:1077500043F0300824D29DF802604FF0000E012360
:1077600036E000BF012D00F05981781EC0B21EF82E
:107770000000487022D0022D00F05081B81EC0B227
:107780001EF80000887000F07D80032D00F0468117
:1077900007F1FD001EF80030081DCB70BFE700BFE9
:1077A00006FB0EF3DB0A43EA8303A6EB4303642FD5
:1077B00043F0300604D24FF0010E08E0881CAEE71B
:1077C00029237B431B0B03F1300A4FF0020E0023E9
:1077D00093458DF801808DF802608DF803A0D8BF25
:1077E000934680F01B810DF1010515F80E4009F15B
:1077F0000207447013B300F10209974280F00E8132
:107800004FEA1C43DCB24FF0CD0A04FB0AF52E26EA
:10781000ED0A89F8006005EB8506D8B29DF803B043
:10782000A3EB460307F101080A2843F0300E2BD2E0
:107830009DF8025000204FF0010A3FE05F4500F044
:10784000ED80BEF10103DBB2EB5C09F1030783704D
:1078500028D05F4500F0E280BEF10203DBB2EB5CB2
:1078600009F10407C37000F081805F4500F0D68005
:107870000EF1FD03EB5C09F1050700F10509037149
:10788000BBE700BFC81C4AE705FB0AF0C00A40EA94
:107890008000A5EB4000642C40F0300506D20120AA
:1078A0000AE000BF00F10309A7E700BF29206043F9
:1078B000000B00F1300B02204FF0000A90458DF8CC
:1078C00001E08DF802508DF803B0D8BF904680F0EB
:1078D000A5800DF101031B5C07F1020EBAF1000F48
:1078E00089F8013020D009F1020A964580F096808F
:1078F0004FEA1C642E208AF80000E7B2CD204743EF
:10790000FF0A07EB87069DF80350A4EB46060EF12D
:1079100001030A2C46F030062CD29DF802704FF07D
:107920000008012440E000BFC64577D0431EDBB20B
:107930000DF10104E35C07F1030E89F8023027D052
:10794000C6456BD0831EDBB2E35C07F1040E89F8F9
:10795000033067D0C64561D0FD30205C07F1050ECD
:1079600009F1050A89F80400BFE700BF00F1040926
:1079700043E700BF7843C00A40EA8000A7EB40001D
:10798000642C40F0300707D24FF001080BE000BF35
:1079900009F1030AA9E700BF29206043000B00F1A9
:1079A00030054FF00208002493428DF801608DF8F5
:1079B00002708DF80350D8BF13462FD20DF101008D
:1079C00010F808000EF102058AF8010054B10AF11E
:1079D0000203002095423CBF1870084601B0BDE884
:1079E000F08F00BF9D4219D0B8F10100C0B20DF177
:1079F0000107385C0EF103058AF8020016D09D429B
:107A00000CD0B8F10200C0B20DF10107385C0EF1E4
:107A100004058AF803000DD09D420FD1002001B06B
:107A2000BDE8F08F09F1040A5FE700BF0AF1030324
:107A3000CFE700BF0AF10403CBE700BF08F1FD0068
:107A40000DF10103185C0EF105050AF105038AF832
:107A50000400BEE72DE9F04F81B08846814681429F
:107A60000BD147F2C52047F6A573C0F601004BA124
:107A7000C0F60103AB220FF029FAB8F1000F0FD0C6
:107A8000D8F8000048450BD047F2C52047F6A5734B
:107A9000C0F6010044A1C0F60103AD220FF016FAB2
:107AA000D9F804707868818811B1002616E000BF0B
:107AB00001681422C9F8041009F10801F8F7D6FB8F
:107AC00038460121FEF7B0FF384603F091FD064627
:107AD000384603F025FFD9F804700FB347F2C52AE2
:107AE00047F6A575C0F6010A0FF2D00BC0F60105E6
:107AF00005E000BF384603F013FF274684B17868DD
:107B00000468384603F074FD10FA86F6B6F5803F37
:107B1000F0D350465946CC222B460FF0D7F9E9E76F
:107B200040F2D025C2F200056868484502D0B8F19D
:107B3000000F23D04845D9F8000008BF05F104081C
:107B4000C8F800000420494600F01AFE2888B4B2A4
:107B5000A0420CD247F2C52047F6A573C0F601003B
:107B60001EA1C0F60103D2220FF0B0F92888811BB4
:107B70002046298001B0BDE8F08F00BF47F2C52044
:107B800047F6DE7147F6A573C0F60100C0F60101A5
:107B9000C0F6010340F245120FF098F97072657655
:107BA00020213D2069707200707265762D3E6E65F1
:107BB0007874203D3D206970720000007062756627
:107BC000735F6672656564202B20636C656E203C74
:107BD0003D203078666666660000000069705F725E
:107BE000656173735F70627566636F756E74203E56
:107BF0003D2070627566735F6672656564000000A3
:107C0000B0B540F2D020C2F200004068002808BFA2
:107C1000B0BD002406E000BF05682146FFF71AFF4B
:107C200028464DB1C17F0029F6D001390568C177DA
:107C30000446002D2846F5D1B0BD000010B504461D
:107C400060B947F2C52047F6A573C0F6010009A147
:107C5000C0F6010340F2CE220FF038F96069002827
:107C600018BF03F05DFE05202146BDE8104000F07E
:107C700087BD00BF70637220213D204E554C4C00E3
:107C8000F0B58DB001AD0C4628463021F8F715FB54
:107C900024B3D4E90010019060890290F1B1D1E9D8
:107CA00000020492498905F10C0205910392A8B1E2
:107CB000D0E900120792408905F118020890069257
:107CC00061B1D1E900200A90488905F124010B90A7
:107CD00009911AB1F42040B20DB0F0BD208940F2F4
:107CE0005807C2F20007C7E90C05204607F12C0629
:107CF0003C6604F023F840F26C50C2F200003146BA
:107D0000F9F734FBB8684FF0FF3103F035F900287C
:107D1000F8D140F26C50C2F20000F9F777F8002079
:107D200040B20DB0F0BD00002DE9F04104464068BE
:107D3000804704F0AFFE40F29428C2F20008D8F861
:107D40000810276805467E18301AB0F1FF3F31DD74
:107D50000A2000F0B9FF00285AD00021C0E900161F
:107D6000D8F8041047F62952C0F6000200298260B4
:107D7000C46060D04A68B21A5CD40B68002B5FD034
:107D80005A68B21A62D41968002965D04A68B21AD2
:107D90007AD40B68002B53D05A68B21A56D419689B
:107DA000002959D04A68B21AB2F1FF3F1A46E4DC02
:107DB00048E000BF0A2000F087FF48B37A1900218D
:107DC000C0E90012D8F8041047F62953C0F60003A2
:107DD0008360C46079B34B68D31A2BD40B68002B33
:107DE00040D05F68D71B43D41968002946D04F683C
:107DF000D71B4FD40B68ABB35F68D71B38D4196857
:107E0000E1B34F68D71BB7F1FF3F1F46E6DC2BE01D
:107E100047F2C52047F6774147F64343C0F60100D5
:107E2000C0F60101C0F60103BE22BDE8F0410FF02B
:107E30004DB800BF0160C8F80400BDE8F08100BF84
:107E40000A46002101601060BDE8F0810A4619462B
:107E500001601060BDE8F08100211A4601601060E9
:107E6000BDE8F0810F46002101603860BDE8F08177
:107E70000F46194601603860BDE8F08100211F46B9
:107E800001603860BDE8F0811A4601601060BDE80D
:107E9000F08100BF1F4601603860BDE8F08100003E
:107EA00000BA704740BA704780B504F0ABFD00F0EF
:107EB000EFF900F0E3FC02F06BFD0CF049FD06F079
:107EC0002BFEBDE8804004F087BE000082B0F9F7C9
:107ED0000DFFFBF76FF8FAF7C3FEFAF7E9FFFAF7C1
:107EE0001BFFFAF7ADFF40F20040C4F202004FF46E
:107EF00080410022F9F774FB4AF69070C2F200004C
:107F00000BF070F8012000210322012703260DF059
:107F100089FF40F20035C2F20005686001200021AF
:107F200003220DF07FFFA86003201E2100220DF028
:107F300079FFE8604CF65D5005F11004C0F60000D2
:107F400015A14FF480620023009601940EF00EFDFF
:107F5000022000904CF66D6005F11406C0F600009A
:107F60000FA14FF48072002301960EF0FFFC4CF637
:107F7000F54005F11806C0F600000BA14FF4807221
:107F80000023009701960EF0F1FC08A00FF0C0F856
:107F90000DF082FCFEE700BF4D515454000000007C
:107FA0004F4C4544000000004C454400425F537470
:107FB0006172745363686564756C6572200D0000AE
:107FC000B0B501FB00F50024B4EB154F07D1A8B202
:107FD00000F0A0F930B129460446F8F76EF92046C2
:107FE000B0BD00BF0020B0BDF0B581B070B1054696
:107FF00080070DD047F2C52047F2A133C0F601003B
:108000007FA1C0F6010340F27322A2E001B0F0BDEF
:1080100040F21027C2F200073868A5F10806864230
:10802000C0F08C80786805F10C01814200F28680F6
:1080300007F10C04204604F015FD15F8040C002887
:1080400000F0A08035F8082CB2F5205F00F28A809D
:1080500035F8061CB1F5205F00F284803868331AC9
:108060009BB2994202D0415A99427BD1796802442D
:108070008A4202D052889A4274D1BA68002396424A
:1080800005F8043C38BFBE60B04200F29580B142B2
:1080900040F2A38015F8040C60B147F2C52047F206
:1080A000A133C0F601006CA1C0F6010340F2E11259
:1080B0000EF00CFF3188B1F5205F10D947F2C520D2
:1080C00047F2773147F2A133C0F60100C0F6010153
:1080D000C0F601034FF4F2720EF0F8FE31883868F2
:1080E0004218B24211D013797BB97B689A420CD006
:1080F000B968914208BFBE60118831801288B2F51C
:10810000205F1EBF331A0244538035F8062C8318B3
:10811000B3420CD01D7955B9BD68B54208BFBB60EC
:1081200019803188B1F5205F1CBF08444280204689
:1081300001B0BDE8F04004F0A9BC00BF47F2C52083
:1081400047F2A133C0F601004AA1C0F6010340F294
:108150007F220EF0BBFE04F021FC01B0BDE8F04030
:1081600004F028BC47F2C52047F2D03147F2A133D2
:10817000C0F60100C0F60101C0F6010340F29522ED
:108180000EE000BF47F2C52047F2024147F2A1339B
:10819000C0F60100C0F60101C0F601034FF42372DE
:1081A0000EF094FE204604F071FC04F0F7FB01B0E1
:1081B000BDE8F04004F0FEBB47F2C52047F2A13312
:1081C000C0F6010017A1C0F6010340F2DF120EF065
:1081D0007DFE7968B1423FF65DAF47F2C52047F2B8
:1081E000A133C0F6010015A1C0F601034FF4F072EF
:1081F0000EF06CFE15F8040C00287FF44EAF59E722
:108200006D656D5F667265653A2073616E6974793C
:1082100020636865636B20616C69676E6D656E7461
:1082200000000000706C75675F686F6C65733A20C2
:108230006D656D203E3D2072616D0000706C75674C
:108240005F686F6C65733A206D656D203C207261CC
:108250006D5F656E64000000706C75675F686F6CC1
:1082600065733A206D656D2D3E75736564203D3DE7
:10827000203000006D656D5F667265653A20696C3F
:108280006C6567616C206D656D6F72790000000030
:1082900080B548F27C70C2F20000033020F0030089
:1082A00040F210210023C2F200014FF4205203716A
:1082B00000F52053086002604B6042F6040C012375
:1082C00000F80C304FF028238350886001F10C0037
:1082D00004F0CEFB002808BF80BD47F2C52047F25E
:1082E000A133C0F6010004A1C0F6010340F21F2231
:1082F000BDE880400EF0EABD6661696C656420747B
:108300006F20637265617465206D656D5F6D757456
:10831000657800002DE9F04F81B0002800F08880DA
:108320000146033082B220F003060C2A38BF0C2627
:108330001FFA86FBBBF5205F4FF0000018D88B4575
:1083400016D340F21028C2F2000808F10C0A504679
:1083500004F088FBD8F80000D8F80810CBF52052BC
:10836000091A8BB29A420AD8504604F08FFB0020BB
:1083700001B0BDE8F08F00BF8A420B46F4D9C718A0
:108380003C79C55A1CB90833EC1A5C4554D2AA4250
:10839000EAD947193B79415B23B905F10803CC1AA7
:1083A0005C4516D28A42DFD947183B79455A23B932
:1083B00001F10803EC1A5C453ED2AA42D4D9471910
:1083C0003B79415B002BD7D105F10803CC1A5C4502
:1083D000D2D3A9460D460BF114018C4231D3F418C7
:1083E000A6B2B6F5205F12D147F2C52047F2284168
:1083F00047F2A133C0F60100C0F60101C0F6010347
:1084000040F287320EF062FDD8F800003D8810FA85
:1084100084F1002285533C800A71A1F80290815BAF
:108420000122B1F5205F3A711CBF01444C800AE083
:10843000002001B0BDE8F08F89460BF114018C4299
:10844000CDD201213971D8F808108F4238D1D8F82F
:1084500004108F4220D03A46128802441379002B30
:1084600018BF8A4214D0128802441379002B18BF17
:108470008A420DD0128802441379002B18BF8A4219
:1084800006D0128802441379002B18BF8A42E3D128
:10849000B3FA83F0400901E000203A468A42C8F866
:1084A00008200DD060B947F2C52047F2A133C0F6CD
:1084B00001001FA1C0F6010340F2B5320EF006FD27
:1084C000504604F0E3FA0BEB0700D8F8041008302C
:1084D00088420CD947F2C52047F2A133C0F601000B
:1084E0001AA1C0F6010340F2BA320EF0EFFCB80751
:1084F00018D047F2C52447F2A135C0F6010447F26F
:108500004831C0F60105C0F6010120464FF46F72F4
:108510002B460EF0DBFC19A1204640F2BE322B4662
:108520000EF0D4FC07F1080001B0BDE8F08F00BFE9
:108530006D656D5F6D616C6C6F633A20216C667266
:1085400065652D3E75736564000000006D656D5FA7
:108550006D616C6C6F633A20616C6C6F6361746504
:1085600064206D656D6F7279206E6F742061626F2B
:1085700076652072616D5F656E642E006D656D5F5E
:108580006D616C6C6F633A2073616E6974792063FE
:108590006865636B20616C69676E6D656E74000061
:1085A0002DE9F04F81B00446C81C82B220F00307C9
:1085B0000C2A38BF0C27BEB2B6F5205F4FF0000082
:1085C00000F2BE808E42C0F0BB8040F2102AC2F2A0
:1085D000000ADAF80000A04203D8DAF80410A14239
:1085E0000ED847F2C52047F2A133C0F6010056A1CC
:1085F000C0F6010340F2D2220EF068FCDAE9000175
:10860000A0421FD8A1421DD9254635F8081DA5EB6B
:108610000009A1EB090008381FFA80F8464517D970
:1086200047F2C52047F2A133C0F601004CA1C0F6C5
:1086300001034FF439720EF049FC002001B0BDE88F
:10864000F08F00BF04F0AAF904F0B4F901E000BF14
:1086500004D1204601B0BDE8F08F00BF0AF10C0044
:10866000009004F0FFF92988DAF8000000EB010B14
:108670009BF8042082B306F1140242455CD807EB54
:108680000902B1F5205F02F1080611D147F2C520B9
:1086900047F2284147F2A133C0F60100C0F60101BC
:1086A000C0F6010340F216320EF010FCDAF80000BA
:1086B000DAF8081010FA86F28A4238BFCAF80820A1
:1086C0002988002311802E8011881371B1F5205F55
:1086D000A2F802902ED12FE0B1F5205F0FD147F222
:1086E000C52047F2284147F2A133C0F60100C0F689
:1086F0000101C0F6010340F2F5220EF0E7FB07EBA3
:108700000900DAF80820BBF8001000F10806DAF8D2
:1087100000005A45B2B204BF8318CAF8083081522B
:108720002E80815A83180027B1F5205F1F71A3F8AE
:10873000029001D008444680009804F0A7F9204632
:1087400001B0BDE8F08F00BF6D656D5F7472696D3B
:108750003A206C6567616C206D656D6F7279000001
:108760006D656D5F7472696D2063616E206F6E6CF4
:108770007920736872696E6B206D656D6F72790018
:10878000B0B50D2826D20C46002908BFB0BD47F26F
:108790003021C0F6010151F82050A0070FD047F258
:1087A000C52047F27B4147F23943C0F60100C0F6CD
:1087B0000101C0F6010340F26D120EF087FB04F0D8
:1087C000EDF8A9680A6822600C60BDE8B04004F0CA
:1087D000F1B800BF47F2C52047F23943C0F60100A7
:1087E00004A1C0F601034FF4D572BDE8B0400EF00D
:1087F0006DBB00BF6D656D705F667265653A207414
:10880000797065203C204D454D505F4D415800002A
:10881000B0B508B30C46002908BFB0BD0546A00797
:108820000FD047F2C52047F27B4147F23943C0F6EB
:108830000100C0F60101C0F6010340F26D120EF016
:1088400045FB04F0ABF8A9680A6822600C60BDE83B
:10885000B04004F0AFB800BF47F2C52047F269410D
:1088600047F23943C0F60100C0F60101C0F601032A
:1088700040F29512BDE8B0400EF028BB48F29F10C0
:10888000C2F20000033020F0030202F12000134680
:10889000002143F8400F40F2202C1160126242F890
:1088A000603FC2F2000CCCF8002047F68D52C2F2B5
:1088B0000002033222F0030202F19C03C2F83831B5
:1088C00002F59C73C2F8D43102F5EA731160C2F864
:1088D0009C20C2F8703202F51C72CCF8042047F6D6
:1088E000AA42C2F20002033222F0030202F11C0388
:1088F000104640F8383F134643F8540F104640F8EE
:10890000703F134643F88C0F104640F8A83F1160A3
:10891000D26142F8C40F48F29C00C2F2000003305A
:10892000CCF8082020F0030202F11000134643F8AF
:10893000200F104640F8303F134643F8400F1046D2
:1089400040F8503F134643F8600F104640F8703F20
:10895000134643F8800F104640F8903F134643F803
:10896000A00F104640F8B03F134643F8C00F104622
:1089700040F8D03F134643F8E00F43F2AB00C2F299
:10898000000003301160126142F8F03F20F0030054
:10899000CCF80C2000F12002034643F8402F024699
:1089A00042F8603F0160006240F8802FCCF8100070
:1089B00040F27470C2F20000033020F0030202F1B2
:1089C0001800134643F8300F104640F8483F13464E
:1089D00043F8600F104640F8783F134643F8900F75
:1089E000104640F8A83F134643F8C00F104640F821
:1089F000D83F134643F8F00F02F58470C2F8200107
:108A000002F59070C2F8380102F59C70C2F850016E
:108A100002F5A8701160CCF8140040F6DF00C2F235
:108A20000000033020F003009261C2F808310160B9
:108A300000611030CCF8180040F60210C2F20000BD
:108A4000033020F0030000F12802034643F8502FC2
:108A50000160806240F8783FCCF81C0047F6A430F3
:108A6000C2F20000033020F0030000F110020346C0
:108A700043F8202F024642F8303F034643F8402F88
:108A8000024642F8503F034643F8602F0160006100
:108A900040F8703FCCF8200047F62740C2F20000B3
:108AA000033020F0030000F11002034643F8202FAA
:108AB000024642F8303F034643F8402F024642F850
:108AC000503F034643F8602F0160006140F8703F5B
:108AD000CCF8240047F6D120C2F20000033020F089
:108AE000030000F11002034643F8202F024642F82B
:108AF000303F034643F8402F024642F8503F0346BA
:108B000043F8602F024642F8703F034643F8802F37
:108B1000024642F8903F034643F8A02F024642F82F
:108B2000B03F0160006140F8C02FCCF8280042F649
:108B3000A870C2F20000033020F0030202F110001E
:108B4000134643F8200F104640F8303F134643F8D1
:108B5000400F104640F8503F134643F8600F104650
:108B600040F8703F134643F8800F104640F8903F9E
:108B7000134643F8A00F104640F8B03F134643F8A1
:108B8000C00F104640F8D03F134643F8E00F40F6C0
:108B9000A510C2F200001160126142F8F03F0330EC
:108BA000CCF82C2020F0030202F51870C2F8C004A3
:108BB00002F59860C2F8200702F5E460C2F8800967
:108BC00002F51860C2F8E00B02F53E601160C2F8D1
:108BD000400E02F564604FF48551505002F5855007
:108BE0004FF49851505002F598504FF4AB515050FB
:108BF00002F5AB504FF4BE51505002F5BE504FF449
:108C0000D151505002F5D1504FF4E451505002F57B
:108C1000E4504FF4F751505002F5F7504FF405511E
:108C2000505002F5055042F2A03150505018C2F891
:108C30006022CCF83000704770B5B0F802E081686F
:108C40000023BEF1000F0B603DD041680688033160
:108C5000AEF1010221F00303032A0EF0030C1AD334
:108C60002EF0030281689D190C68043A1C600B60A9
:108C700081680C689C510D60816805EB06040B68E7
:108C8000AB510C60816804EB06050B68A35105EB42
:108C900006030D60E6D1BCF1000F14D08168BCF171
:108CA000010F0A681A600B600DD081689A190D686F
:108CB000BCF1020F9D510A6008BF70BD8068931916
:108CC00001689151036070BDB0B50D2824D247F200
:108CD0003021C0F6010151F8204003F05FFEA16889
:108CE00005460C689CB12068A20708600FD047F2C7
:108CF000C52047F29B4147F23943C0F60100C0F658
:108D00000101C0F6010340F219120EF0DFF8284607
:108D100003F050FE2046B0BD47F2C52047F239436C
:108D2000C0F6010004A1C0F6010340F257120EF094
:108D3000CDF80020B0BD00BF6D656D705F6D616CDA
:108D40006C6F633A2074797065203C204D454D501E
:108D50005F4D415800000000B0B5F8B1044603F083
:108D60001DFEA16805460C689CB12068A20708603A
:108D70000FD047F2C52047F29B4147F23943C0F676
:108D80000100C0F60101C0F6010340F219120EF015
:108D90009DF8284603F00EFE2046B0BD47F2C520E0
:108DA00047F2694147F23943C0F60100C0F60101BC
:108DB000C0F601034FF49E720EF088F80020B0BD9B
:108DC0002DE9F04F85B01D46914604460E4698B1F8
:108DD000DDF83C8016B3B8F1000F30D0D8F80000B1
:108DE00000283ED0A07A00284ED04FF0F60B4FFA64
:108DF0008BF005B0BDE8F08F47F2C52048F25F1355
:108E0000C0F601000FF20851C0F6010340F20F5204
:108E10000EF05CF8DDF83C80002EDCD147F2C52076
:108E200048F25F13C0F601000FF20851C0F60103CB
:108E30004FF4A2620EF04AF8B8F1000FCED147F21B
:108E4000C52048F25F13C0F601000FF21051C0F6C2
:108E5000010340F211520EF039F8D8F80000002852
:108E6000C0D147F2C52048F2F60148F25F13C0F6C0
:108E70000100C0F60101C0F6010340F212520EF0EB
:108E800025F8A07A0028B0D10E9F20464FF4F87143
:108E9000F7F713FAB8F80C0004F14C01608004F104
:108EA0001C00E06104F12C00E06204F13C00E0638E
:108EB000D8F810002761E164656128B3D8F8145030
:108EC00015B398F8191098F818B02427002908BF8E
:108ED0000427F7F7FDF9B0F5807F5FD282460028BE
:108EE00000F0EA802846F7F7F3F9B0F5807F80F0CC
:108EF00003810BF0030147EAC10104910AEB000171
:108F000001F10E05834606E0002004900A254FF08B
:108F1000000A4FF0000BD8F80400A8B1F7F7D8F911
:108F2000B0F5803F2AD20746002800F0A58017FA46
:108F300085F0851CB5F5803F80F0CE80049860F008
:108F40007F00049001E000BF0027D8F80800A8B314
:108F5000F7F7BEF9B0F5803F80F07E80002800F082
:108F6000EB8010FA85F18D1CB5F5803F80F0F48020
:108F70000390049840F04000049021E047F2C5209F
:108F800048F26E2148F25F13C0F60100C0F60101FD
:108F9000C0F6010340F23552ECE000BF47F2C520B5
:108FA00048F2941148F25F13C0F60100C0F60101C7
:108FB000C0F601034FF4A562DCE000BF002003907F
:108FC000D8F80000F7F784F9B0F5803F64D210FAC2
:108FD00085F18D1CB5F5803F80F09E80AAB20421FA
:108FE000B2F5804F38BF0321802A38BF02212944BF
:108FF00089B2B1F5807F00F2C780CDE90120002061
:1090000006F020FA0028E06000F0BE802146CDF88E
:1090100000B004F037FAE06847F25811C0F60101D9
:10902000002204F033FA834660B9E0684AF27D33E7
:10903000C0F6000331464A4604F0BCFE83460028D1
:1090400000F0AA80E06804F0C5F80020E0604FFA64
:109050008BF005B0BDE8F08F47F2C52048F2AC2197
:1090600048F25F13C0F60100C0F60101C0F601032B
:1090700040F23F527EE000BF47F2C52048F2370180
:1090800048F25F13C0F60100C0F60101C0F601030B
:1090900040F236526EE000BF47F2C52048F2D111CF
:1090A00048F25F13C0F60100C0F60101C0F60103EB
:1090B00040F24B525EE000BF47F2C52047F6F77121
:1090C00048F25F13C0F60100C0F60101C0F60103CB
:1090D00040F229524EE000BF47F2C52048F2EA2193
:1090E00048F25F13C0F60100C0F60101C0F60103AB
:1090F00040F239523EE000BF47F2C52048F20D2150
:1091000048F25F13C0F60100C0F60101C0F601038A
:1091100040F22C522EE000BF47F2C52048F2EA216F
:1091200048F25F13C0F60100C0F60101C0F601036A
:1091300040F24E521EE000BF47F2C52048F27801CF
:1091400048F25F13C0F60100C0F60101C0F601034A
:109150004FF4A8620EE000BF47F2C52048F2EA21B2
:1091600048F25F13C0F60100C0F60101C0F601032A
:1091700040F243520DF0AAFE4FF0FA0B4FFA8BF07B
:1091800005B0BDE8F08F00BF4FF0FF0B4FFA8BF03A
:1091900005B0BDE8F08F00BF0498019E40F00209C1
:1091A00004F1EC000490E0684AF2E9314FF0000B62
:1091B000C0F600017F2E88BF4FF0010B05F008FBC1
:1091C0000120A072B4F8EC00B44604F1F0061021BE
:1091D0003154411C88B2FF2805F07F0088BF002170
:1091E00040EACB12481C83B2FF2B89B288BF002013
:1091F000BCF1800F72541FD38022C5F3C611BCF599
:10920000804F38BF4FF48042114414FA80F201308D
:1092100083B2FF2B88BF0020BCF5804F82F8F0108E
:109220000AD34FEA9C3114FA80F2013082F8F01030
:1092300081B2FF2988BF0020049DA4F8EC0052A150
:10924000284604224FF0040B00F016FDB4F8EC00A1
:1092500006F800B0013081B2FF2988BF002081B23A
:1092600006F801900130FE29B8F80C1088BF0020E4
:109270000A0A83B20130F254FE2B88BF002082B26A
:109280000130B154FE2A88BF0020A4F8EC000298F7
:10929000D8F8001082B2284600F0EEFC009C5FEA8D
:1092A00049700DD4B9F1FF3F5FFA89F41ADD600609
:1092B00020D44FF0000B4FFA8BF005B0BDE8F08FD3
:1092C000D8F810105FFA8AF2284600F0D5FCD8F8DA
:1092D0001410E2B2284600F0CFFCB9F1FF3F5FFA6C
:1092E00089F4E4DCD8F80410BAB2284600F0C4FCD3
:1092F0006006DED50398D8F8081082B2284600F040
:10930000BBFC4FF0000B4FFA8BF005B0BDE8F08FBF
:109310006D7174745F636C69656E745F636F6E6E9C
:109320006563743A20636C69656E7420213D204E3C
:10933000554C4C006D7174745F636C69656E745F3D
:10934000636F6E6E6563743A2069705F6164647206
:1093500020213D204E554C4C000000006D7174746E
:109360005F636C69656E745F636F6E6E6563743A9C
:1093700020636C69656E745F696E666F20213D20A5
:109380004E554C4C000000004D515454000000005C
:1093900010B5044660B947F2C52048F25F13C0F625
:1093A000010006A1C0F6010340F2B3520DF08EFD9C
:1093B000A07A0338B0FA80F0400910BD6D71747462
:1093C0005F636C69656E745F69735F636F6E6E6512
:1093D000637465643A20636C69656E7420213D2076
:1093E0004E554C4C0000000001204FF4F871FEF780
:1093F000E7BD000070B505460C4628B1E86898B98D
:10940000A86938BB33E000BF47F2C52048F25F13BC
:10941000C0F6010022A1C0F6010340F21B220DF0AC
:1094200055FDE8680028EBD00021002607F052FD2A
:10943000E868002105F0CCF9E868002108F0F0F9AF
:10944000E86804F013FB10B1E86803F0C3FEEE60B7
:10945000A86960B10168006049B10868096030B16D
:109460000168006019B1086809600028F2D149F26A
:10947000B5500026C0F600002946AE6103F0E8FBB7
:10948000A87A002808BF70BD6B69AE7233B1296934
:1094900028462246BDE87040184700BF70BD00BF97
:1094A0006D7174745F636C6F73653A20636C69658A
:1094B0006E7420213D204E554C4C000070B582B09A
:1094C000044640F20040C4F20200AAB115468021D1
:1094D0000022F8F785F824A029460DF0F7FC40F2A9
:1094E0000030C2F20000406800210022002302B0D8
:1094F000BDE870400CF04ABD802101220125F8F73B
:109500006FF824A00DF004FE49F6190149F25172DA
:10951000C0F60001C0F6000220460023002600F03D
:10952000C3FC47F2B621C0F6010120460022002309
:109530000096019500F0EAFC47F29221C0F6010185
:109540002046002200230096019500F0DFFC47F240
:109550008921C0F6010120460022002300960195D2
:1095600000F0D4FC02B070BD4D51545420636F6EB6
:109570006E656374696F6E206661696C6564212035
:109580004572726F7220636F64653A2025640D0A1C
:10959000000000004D51545420636F6E6E6563747B
:1095A0006564207375636365737366756C6C79218C
:1095B0000D000000F0B581B00446A8B1A07A0328E0
:1095C00022D0022878D12088013081B2890011FA96
:1095D00080F16429208071D3204640F2011101B04E
:1095E000BDE8F040FFF706BF47F2C52048F25F1321
:1095F000C0F6010037A1C0F601034FF411720DF05F
:1096000065FCA07A0328DCD1A569CDB1052607E069
:10961000F01B2D60A569C6B2002E18BF002D0FD01B
:10962000EF89BE420AD32868A0616A68002AEFD099
:10963000A8686FF002019047EAE700BFB81BE88115
:109640006088D8B3A18800EB500601318AB292003D
:1096500012FA81F5B542A18005D9204640F20111E8
:10966000FFF7C8FE6088218801EB8102824201D2A7
:10967000481C1EE0B4F8EC10B4F8EE000A1A002002
:10968000B0EB124F18BF02F5807292B2FE2A11D8C9
:1096900004F1F002C023535401318BB2FF2B88BF79
:1096A00000218BB20131D054FE2B88BF0021A4F8D9
:1096B000EC102080B54201D901B0F0BD49F2B5519E
:1096C000C0F6000141F28830224601B0BDE8F0400A
:1096D00003F0F8B96D7174745F6379636C69635FEB
:1096E00074696D65723A20636C69656E7420213D02
:1096F000204E554C4C00000010B5044660B947F2AE
:10970000C52048F25F13C0F6010009A1C0F60103AD
:109710004FF4B4620DF0DAFBA07A002808BF10BD48
:10972000002220460021A272BDE81040FFF762BE71
:109730006D7174745F646973636F6E6E6563743AA0
:1097400020636C69656E7420213D204E554C4C00A1
:109750002DE9F04703AFD01D20F007001446ADEB14
:109760000005AD462846F6F781FD0020285523A0C8
:1097700029460DF0ABFB40F20806C2F20006307835
:1097800002280FD0012813D090BB0A2C26D806F14E
:109790000108404629462246F6F768FD002008F8F1
:1097A00004001BE00A2C19D806F1150804E000BFDC
:1097B0000A2C13D806F10B08404629462246F6F734
:1097C00055FD40F20030C2F200000021806808F828
:1097D00004100021002200230CF0D8FB40F20030DE
:1097E000C2F20000C068711C002200230CF0CEFB06
:1097F000A7F10C04A546BDE8F08700BF526563657C
:1098000069766564206D6573736167653A2022250A
:1098100073220D0A0000000010B51AA00C460DF0CE
:1098200055FB47F2B621C0F601012046F6F757FD79
:10983000C0B147F29221C0F601012046F6F74FFD74
:10984000C0B147F28921C0F601012046F6F747FD75
:109850000321002808BF022140F20800C2F20000E4
:10986000017010BD002140F20800C2F2000001703A
:1098700010BD00BF012140F20800C2F200000170DB
:1098800010BD00BF4D5154543A204D65737361674C
:1098900065207265636569766564206F6E20746FFC
:1098A0007069633A2025730D0A0000002DE9F04F1E
:1098B00083B0074617F86C5F044657F8040C9846C7
:1098C000934680280E4625D2B04233D247F2C520B7
:1098D00048F25F13C0F60100D8A1C0F601034FF4AF
:1098E0002B720DF0F3FA0BEB0600812826D347F21A
:1098F000C52048F25F13C0F60100D9A1C0F60103EC
:1099000040F2AE220DF0E2FA4FF48077384603B011
:10991000BDE8F08F47F2C52048F25F13C0F60100A2
:10992000BAA1C0F6010340F2AB220DF0CFFAA06E4F
:10993000B042CBD30BEB06008128D8D228090D28E2
:1099400071D0032807EB06090AD0022842D1A07A79
:10995000022868D1BBF1020F6AD24FF480771FE171
:10996000A06E94F86C108028C1F3410A52D80420EC
:10997000BAF1000F08BF0220584500F2EB80B9F899
:109980000020ABEB000311BAB3EB114F4FF480771B
:10999000C0F20681C6F1800156BA081A864200F26A
:1099A000FF800220B71CBAF1000F08BF012010FA97
:1099B00087F0884200F2CE80BAF1000F00F0AC8050
:1099C000B8B2871C5F4500F2C58039F8000000BAC4
:1099D000000CA2E099F8002099F8011041EA022356
:1099E000002B00F0B780062838D005286CD120461F
:1099F00030F8EC3F4788DE1B0027B7EB164F18BF47
:109A000006F58076B6B2FC2E00F2CA8004F1F007AB
:109A1000622635E000275D46B8F1000F00F0958022
:109A2000280440F092800027384603B0BDE8F08F4C
:109A300099F80170002F40F0B38063690020208006
:109A40000320002BA072EED0216920463A469847A9
:109A50000027384603B0BDE8F08F00BF204630F83D
:109A6000EC3F4788DE1B0027B7EB164F18BF06F503
:109A70008076B6B2FC2E00F2938004F1F0077026D7
:109A8000FE5401339EB2FF2E88BF00239EB20225F2
:109A90000133BD55FE2E88BF00239EB2BA555A1C15
:109AA000FE2E88BF002293B20132F954FE2B88BFEC
:109AB0000022E168A4F8EC2000F064F900273846A1
:109AC00003B0BDE8F08F00BF0B284FF4807767D854
:109AD0000121814011F4296F62D004F118010026A0
:109AE0000D462D68002D9ED0AA899A425CD02C6824
:109AF000002C98D0A2899A4258D02268002A92D08D
:109B000097899F4256D01568002D8CD0AF892E467C
:109B10009F421746E5D14FE0002009F10201636E34
:109B20008A5D20810020ABEB0705885543B1029187
:109B3000E06D0299019218FA85F29847DDE901215A
:109B40008A55B8F1000F7FF46BAFB9B211FA85F006
:109B5000584505D94FF48077384603B0BDE8F08FFB
:109B6000B8FA88F04309D4E917074944AAB2B847BC
:109B7000B8F1000F4FF0000712D1BAF1000F0FD06B
:109B80002289052120460023BAF1010F08BF0421D4
:109B9000002702F083FD384603B0BDE8F08F00BF18
:109BA000384603B0BDE8F08F374605E02F4625461E
:109BB00002E000BF274615462A68002F18BF394625
:109BC0000A60296819B1EA89CB891A44CA8100213F
:109BD000092829600ED1BBF1030FBBD36A6872B1AB
:109BE00099F80230A8686FF00C01032B38BF0021F0
:109BF00004E000BF6A6812B1A868002190470027FE
:109C00002D60384603B0BDE8F08F00BF636C696516
:109C10006E742D3E6D73675F696478203C204D51F2
:109C200054545F5641525F4845414445525F425546
:109C3000464645525F4C454E000000006669786517
:109C4000645F6864725F696478203C3D20636C697E
:109C5000656E742D3E6D73675F6964780000000067
:109C6000627566666572206C656E677468206D69E2
:109C7000736D6174636800002DE9F041B0F800E095
:109C800005460EF101039CB2FF2C88BF00239CB255
:109C90000133FE2C4FEA122C88BF002325F8043B29
:109CA00005F80EC02A5542B1551E032D02F0030CD3
:109CB00006D20022BCF1000F3BD1BDE8F08100BF0D
:109CC00022F00302C2F1000E01F101086FF003025D
:109CD000051D00BF08EB0206F7789CB201332F5533
:109CE0009CB2FF2C88BF0023038034799FB20133DC
:109CF000EC559CB2FF2C88BF0023038074799FB27F
:109D00000133EC559CB2FF2C88BF00230380B4794B
:109D10009EB20133AC559CB20432FF2C0EEB020410
:109D200088BF002304340380D4D10432BCF1000F77
:109D3000C3D08F5C10FA83F6013337719FB2FF2FC7
:109D400088BF0023BCF1010F0380B6D011444A78CC
:109D500010FA83F73A715A1C93B2FF2B88BF002286
:109D6000BCF1020F028008BFBDE8F081897810FACB
:109D700082F31971511C8AB2FF2A88BF0021018029
:109D8000BDE8F0812DE9F0410446028840880D4687
:109D9000111A0022B2EB114F18BF01F5807189B280
:109DA000C0F58077B5F864208F42A8BF0F46002A1F
:109DB0004CD0BEB2002E49D0964249D200228E42EB
:109DC00038BF01222044011D5FEAC2784FF0010331
:109DD0002846324618BF032308F0A4FA00283FD1D2
:109DE000B8F1000F3CD0B6F5807F0ED347F2C52006
:109DF00048F2B90148F25F13C0F60100C0F6010154
:109E0000C0F60103CB220DF061F8608800223844CF
:109E100081B2FF2988BFA0F580702188608080B260
:109E2000B5F86470091AB2EB114F18BF01F58071D3
:109E3000C0F5807289B2BA423B46B8BF1346B942F8
:109E400038BF0F468A42D8BF1F4602E0BDE8F08106
:109E500017462044011DBAB22846012308F062FAD1
:109E6000002818BFBDE8F081B8B2B0F5807F0ED3EE
:109E700047F2C52048F2B90148F25F13C0F601006D
:109E8000C0F60101C0F60103CB220DF01FF8608877
:109E9000C11988B2FF2888BFA1F58071284661806A
:109EA000BDE8F04105F042BBF0B581B01D46144657
:109EB00006460F4620B1C6E91754776601B0F0BDDB
:109EC00047F2C52048F25F13C0F6010005A1C0F6B5
:109ED000010340F2DA420CF0F9FFC6E91754776645
:109EE00001B0F0BD6D7174745F7365745F696E70FD
:109EF00075625F63616C6C6261636B3A20636C696D
:109F0000656E7420213D204E554C4C002DE9F04FDC
:109F100081B01D461746814600288A465AD0BAF1BC
:109F2000000F67D05046F6F7D3F906464FF6FE709D
:109F3000864243D20B990520002908BF042000EB7C
:109F4000060BBBF5803F63D2032F0DD347F2C5202C
:109F500048F25F13C0F601000FF20841C0F601039A
:109F600040F2AA420CF0B2FF99F80A00002865D02E
:109F70004B4653F81C0F4FF0000C33F8162C511CB5
:109F80001FFA81FE8E4518BF02F1020E984223F897
:109F900016EC59D04C4654F82C0FA04258D04C46E1
:109FA00054F83C0FA04255D04C4654F84C0FA042F8
:109FB00052D0FF2040B201B0BDE8F08F47F2C5207B
:109FC00048F25F13C0F60100DCA1C0F6010340F2C5
:109FD000A3422BE047F2C52048F25F13C0F6010010
:109FE000C6A1C0F6010340F29F420CF06FFFBAF128
:109FF000000F97D147F2C52048F25F13C0F6010069
:10A00000C6A1C0F601034FF494620CF05FFF89E72C
:10A0100047F2C52048F2482148F25F13C0F601001C
:10A02000C0F60101C0F6010340F2A7420CF04EFF5A
:10A03000F02040B201B0BDE8F08F00BFF52040B283
:10A0400001B0BDE8F08F00BF00201C4605E000BF56
:10A05000012002E0022000E0032003EB00101FFAC1
:10A060008BF845600BF104054A46B8F5804F38BFC0
:10A070000BF1030532F8EC3FB8F1800F38BF0BF15C
:10A080000205934652880A999A1AC4F800C0BCEB9C
:10A09000124F816018BF02F5807292B2A9B2C2F568
:10A0A00080728A42A0F80CE006DA2460FF2040B2F9
:10A0B00001B0BDE8F08F00BF0B986FF07D01002864
:10A0C00008BF6FF05D0109F1F000C154591C8AB25C
:10A0D000FF2A88BF00214B1C08F07F02B8F1800FD7
:10A0E0009DB228BF8032FF2D89B288BF0023B8F10E
:10A0F000800F42541FD38022C8F3C611B8F5804F99
:10A1000038BF4FF48042114419FA83F201339DB2F3
:10A11000FF2D88BF0023B8F5804F82F8F0100AD3D6
:10A120004FEA983119FA83F2013382F8F01099B2AC
:10A13000FF2988BF00234FEA1E219AB28154591C7F
:10A14000FE2A88BF00218AB2013100F802E0FE2A0F
:10A1500088BF0021320A8BB20131C254FE2B88BF66
:10A1600000218AB20131FE2A865488BF0021A9F855
:10A17000EC103EB1721E032A06F0030C04D200203C
:10A180003CE000BF0B9D70E026F00303B846C3F12E
:10A19000000E0AF101056FF0030600BFAA19D77877
:10A1A0008BB20131C7548BB2FF2B88BF0021A9F8B5
:10A1B000EC1013798FB20131C3558BB2FF2B88BFDE
:10A1C0000021A9F8EC1053798FB20131C3558BB23D
:10A1D000FF2B88BF0021A9F8EC1092798BB20131D6
:10A1E000C2548AB20436FF2A0EEB060288BF002151
:10A1F0000432A9F8EC10D1D1301D47460B9DBCF1BB
:10A20000000F32D04B1C3E469FB2FF2F27464C46D4
:10A210001AF8002088BF002324F8EC3F14FA81F1DB
:10A220003C4637460A71BCF1010F19461DD0591C36
:10A230008FB25044FF2F4F46427888BF002127F845
:10A24000EC1F17FA83F33746BCF1020F1A710CD0DA
:10A250004A1C93B2FF2B4B46807888BF002223F81C
:10A26000EC2F13FA81F1087111466DB1022F88B2FB
:10A2700028BF02274A1CFE28484688BF002220F833
:10A28000EC2F10FA81F007714E4656F8180F002592
:10A2900030B300BF0668C1890D446EB13068F189E2
:10A2A0000D4450B10668C1890D442EB13068F18962
:10A2B00000280D44EED100E0064628B21F280FDB2F
:10A2C00047F2C52048F22A1148F25F13C0F6010098
:10A2D000C0F60101C0F6010340F247120CF0F6FD92
:10A2E0003460C5F11E00D9F80C10E0815846FFF724
:10A2F00049FD002040B201B0BDE8F08F6D7174746B
:10A300005F7375625F756E7375623A20636C696521
:10A310006E7420213D204E554C4C00006D717474BC
:10A320005F7375625F756E7375623A20746F7069E2
:10A330006320213D204E554C4C0000006D7174741B
:10A340005F7375625F756E7375623A20746F7069C2
:10A3500063206C656E677468206F766572666C6FDB
:10A36000770000006D7174745F7375625F756E7352
:10A3700075623A20716F73203C203300F0B581B0D4
:10A3800014461AB1204601B0F0BD00BF0E460027AA
:10A390004AF2614105468766C0F60001304606F084
:10A3A00099FD4AF2F561C0F60001304607F038FA2F
:10A3B0004AF24D41C0F6000130460222022605F065
:10A3C0003DFD49F2B551C0F6000141F288302A4600
:10A3D000AE7202F077FBE96805F1EC002F80FFF721
:10A3E000D1FC204601B0F0BD80B538B100224FF459
:10A3F0008071C260BDE88040FEF7FCBF47F2C52017
:10A4000048F25F13C0F6010008A1C0F6010340F254
:10A41000F6320CF05BFD0C22002300204FF480711B
:10A420001360BDE88040FEF7E5BF00BF6D71747436
:10A430005F7463705F6572725F63623A20636C6918
:10A44000656E7420213D204E554C4C0080B5827ABB
:10A45000032A02D1EC30FFF795FC002080BD0000FC
:10A460002DE9F04F85B01C46924681460D4660B9F5
:10A4700047F2C52048F25F13C0F601008AA1C0F67A
:10A48000010340F2A7320CF021FDD9F80C00A842DC
:10A490000CD047F2C52048F25F13C0F601008BA133
:10A4A000C0F601034FF46A720CF010FDBAF1000F10
:10A4B00008D08CB1504601F033FA204605B0BDE813
:10A4C000F08F00BF48464FF48071FEF793FF0024E1
:10A4D000204605B0BDE8F08FBAF80810284606F00F
:10A4E00067FDBAF80840002C00F0C48009F16C0048
:10A4F0004FF000084FF0000C002700260190CDF827
:10A5000000A00CE0B946DDF800A0049F029EA04622
:10A51000BAF808401FFA88F18C4240F2AB80F5B2DD
:10A52000D9F86810022D4BD37AB2B2F1FF3F47DD64
:10A53000491BC5F18002B1FBF2F3049703FB121B28
:10A54000A4EB08020BEB050150464F461FFA82FAB6
:10A55000C1F180090296D44538BFE2461FFA89F25C
:10A560000392924588BFCA46019A1FFA8AF612FAE8
:10A5700081F11FFA88F332464446E04601F054F96F
:10A58000B86EC44610FA8AF0B8EB060C5444B866AC
:10A5900050D003988642B5D109EB0B0082B2384601
:10A5A00029466346B9466546FFF780F9DDF800A005
:10A5B000049F029EAC460028A046A9D06AE000BFD6
:10A5C000A94209D909EB050090F86C700136F1B287
:10A5D00002299DD319E000BF1FFA88F1504608F107
:10A5E0000105644601F07AFAD9F868100746481C5C
:10A5F000A446C9F8680009EB0100A84680F86C7011
:10A600000136F1B20229FFF483AFC1EBC10307F0B9
:10A610007F020E3B78B29A4000284CEA020C3FF5CC
:10A6200077AFBCF1000F19D0D9F868006144A1EBF5
:10A63000000C6DE70AEB0B0082B238462946002376
:10A64000FFF734F9B94618BBDDF800A0049F0026D7
:10A650004FF0000CA046C9F8686059E74846002250
:10A6600000230026FFF722F9C9F868604FF0000CBC
:10A670004EE700BF504601F053F9B9F8020000243C
:10A68000002818BFA9F80440204605B0BDE8F08FA7
:10A69000DDF800A00546504601F042F9484629463B
:10A6A000FEF7A8FEE9E700BF6D7174745F74637014
:10A6B0005F726563765F63623A20636C69656E748E
:10A6C00020213D204E554C4C000000006D717474EB
:10A6D0005F7463705F726563765F63623A20636C78
:10A6E00069656E742D3E636F6E6E203D3D20706314
:10A6F00062000000F0B581B00446807A03282AD1B8
:10A7000004F118060025374600212580A58002E0C7
:10A710003F60002137463F68C7B10846B989002924
:10A720003946F8D13968002808BF304601603868DA
:10A7300018B1F989C2891144C1817A683D60002A43
:10A74000E6D0B86800219047E2E700BFE16804F175
:10A75000EC00FFF717FB002001B0F0BD2DE9F04F32
:10A7600081B0A8B30B9E002E3ED047F258150029A9
:10A770000A9FC0F6010508BF2946002A40F2542965
:10A78000044608BF2A46002B08BF2B4600254AF680
:10A790009510C2F20009DDF830C0C0F60000C4E92F
:10A7A000075799F8007060612046258584F831507C
:10A7B000656284F83470C4E90155C4E9035C00F0B3
:10A7C000EDF82046B04708B3284601B0BDE8F08F49
:10A7D00047F2C52047F2BE43C0F601004FA1C0F6C4
:10A7E000010340F227120AE047F2C52047F2BE43B8
:10A7F000C0F6010040A1C0F601034FF494720CF0C2
:10A8000065FB0025284601B0BDE8F08F94F83400C0
:10A8100047F2C52B47F2BE47C0F6010B0FF2940872
:10A82000C0F601070FF2A00AC1B2FF2904BF002041
:10A8300084F83400D9F8046066B30025A64209D034
:10A84000FF2D10D296F8341094F83400814217D1BD
:10A850001CE000BF5846414640F28B123B460CF0CC
:10A8600035FBFF2DEED35846514640F28D123B4644
:10A870000CF02CFB96F8341094F83400814205D08B
:10A8800036680135002ED9D104E000BF481C84F899
:10A890003400C9E7C1B2FE3918BF411CD9F8040021
:10A8A000254689F800102060C9F80440284601B008
:10A8B000BDE8F08F6E6574696620616C72656164D5
:10A8C0007920616464656400746F6F206D616E79D6
:10A8D000206E65746966732C206D61782E20737507
:10A8E00070706F72746564206E756D626572206938
:10A8F00073203235350000006E657469665F6164EF
:10A90000643A204E6F20696E69742066756E6374B8
:10A91000696F6E20676976656E0000006E65746908
:10A92000665F6164643A20696E76616C6964206E6A
:10A93000657469660000000040B3014640F254208F
:10A94000C2F20000043000BF0068F8B190F8342073
:10A950000132D2B28A4218D00068B8B190F83420DF
:10A960000132D2B28A4210D0006878B190F8342017
:10A970000132D2B28A4208BF7047006830B190F805
:10A9800034200132D2B28A42DED1704700207047B3
:10A99000704700006FF00B00704700002DE9F04792
:10A9A00084B00D46174647F25811002DC0F601013C
:10A9B00008BF0D46002A08BF0F462A681E46002B16
:10A9C00008BF0E4604466AB33868A168814218BFC2
:10A9D000A0603068E1682646814218BFE0602868C0
:10A9E00056F8041F884219D001AF0DF10C080390EE
:10A9F00001913846414604F0D5FC384641460AF0FC
:10AA0000FDF894F83100296800F00502052A61601C
:10AA100004D1002918BF10F0080035D104B0BDE8FA
:10AA2000F08700BFA04658F8040FF8B100210DF1DF
:10AA300004090DF1080ACDE901014846514604F028
:10AA4000B1FC484651460AF0D9F894F8310029681B
:10AA500000F00502052A616008D1002918BF10F036
:10AA6000080003D020464146FBF796FB3868A168F2
:10AA7000814218BFA0603068E1688142CED0E060BA
:10AA800004B0BDE8F08700BF20463146FBF784FBE9
:10AA900004B0BDE8F087000040F25421C2F200018A
:10AAA0008860704770B190F83110CA0708BF7047CE
:10AAB00001F0FE02090780F8312048BFFAF7DABA40
:10AAC000704700BF47F2C52047F2BE43C0F6010001
:10AAD00003A1C0F6010340F29B320CF0F7B900BFAE
:10AAE0006E657469665F7365745F646F776E3A2034
:10AAF000696E76616C6964206E6574696600000039
:10AB0000002818BFC161704760B190F831104A0742
:10AB100058BF7047C26901F0FB0180F831107AB16B
:10AB2000104700BF47F2C52047F2BE43C0F6010000
:10AB300004A1C0F6010340F206420CF0C7B900BF01
:10AB4000704700BF6E657469665F7365745F6C699A
:10AB50006E6B5F646F776E3A20696E76616C6964C4
:10AB6000206E65746966000010B508B3044690F85D
:10AB70003100410748BF10BD40F0040084F83100A7
:10AB80002046F9F7ADF994F8310000F005010529E8
:10AB900007D1214651F8042F002A18BF10F00800F1
:10ABA00016D1E169D1B12046BDE81040084700BF89
:10ABB00047F2C52047F2BE43C0F6010008A1C0F627
:10ABC00001034FF47872BDE810400CF07FB900BF6C
:10ABD0002046FBF7E1FAE1690029E4D110BD00BF8E
:10ABE0006E657469665F7365745F6C696E6B5F75C3
:10ABF000703A20696E76616C6964206E657469666E
:10AC000000000000B0B190F83110CA0718BF7047BB
:10AC100041F0010202F00501052980F8312008D138
:10AC2000014651F8043F002B1CBF12F00802FBF74D
:10AC3000B3BA704747F2C52047F2BE43C0F60100E1
:10AC400003A1C0F601034FF454720CF03FB900BFEA
:10AC50006E657469665F7365745F75703A20696EBE
:10AC600076616C6964206E6574696600EFF3058136
:10AC700000291CBF6FF005007047002804BF0020AA
:10AC8000704780B50AF0ECFC002080BDEFF3058032
:10AC9000002808BF0BF0ECBE0BF0F0BE10B582B080
:10ACA0001C46B0FA80F3B1FA81F25B095209EFF366
:10ACB000058CBCF1000F42EA030219D0002C18BF2A
:10ACC0000124224315D10022019201AA0BF078FC45
:10ACD00001281BD10198B0B14EF60450CEF200000D
:10ACE0004FF080510160BFF34F8FBFF36F8F0AE0C9
:10ACF00022B16FF0030002B010BD00BF22460BF07E
:10AD00008DFB012806D1002002B010BD6FF00200BB
:10AD100002B010BD6FF00100002C08BF6FF0020000
:10AD200002B010BD70B582B0154600294FF0000486
:10AD3000EFF3058218BF002802D1204602B070BD93
:10AD4000002AFAD1B5B1D5E902321BB3502A26D375
:10AD50002A6922B36E6901FB00F4A6424FF0000499
:10AD6000EBD300940BF0A2F806460028E5D02C683F
:10AD700007E000BF002200240BF054F8064600282C
:10AD8000DBD0304621460AF095FB3446204602B01F
:10AD900070BD00BF1AB92A690AB96A6922B10024D4
:10ADA000204602B070BD00BF002200240BF03AF82C
:10ADB00006460028DBD1C0E7B0B582B01C46B0FA29
:10ADC00080F3B1FA81F5EFF305825B096D09002A82
:10ADD00043EA05020AD0002C18BF012422430BD0FD
:10ADE0006FF00305284602B0B0BD00BFF2B16FF0AE
:10ADF0000305284602B0B0BD0022019201AA00233B
:10AE00000BF0DAF9012821D1019828B34EF604504D
:10AE1000CEF200004FF080510160BFF34F8FBFF3BF
:10AE20006F8F0025284602B0B0BD00BF2246002328
:10AE300000250BF0ABF80128D4D06FF00105002CF1
:10AE400008BF6FF00205284602B0B0BD6FF00205E2
:10AE5000284602B0B0BD00BF0025284602B0B0BDF4
:10AE600010B50C46EFF3058100291CBF6FF00500FB
:10AE700010BD014620F0010050B111F001010BD1CD
:10AE800021460BF00FFC012804BF002010BD0AE092
:10AE90006FF0030010BD00BF21460BF0F1FC01284C
:10AEA00004BF002010BD6FF00100002C08BF6FF040
:10AEB000020010BD70B5EFF3058109B1002070BD2F
:10AEC000044690B160680107F8D4D4E9021200F09A
:10AED000010039B1502AF1D3E0B901200AF050FF46
:10AEE00006E000BF002AE9D1C0B901200AF010FF36
:10AEF00005460026002DE1D0002C14BF216800215A
:10AF000028460AF0D7FA002E18BF45F0010528465A
:10AF100070BD00BF04200AF033FF02E004200AF0F5
:10AF2000F7FE05460126002DE6D1C7E780B5EFF311
:10AF3000058100291CBF6FF0050080BD014620F08F
:10AF4000010068B111F001010ED10021002200239F
:10AF50000BF01CF8013818BF6FF0020080BD00BF75
:10AF60006FF0030080BD00BF0BF036FA013818BF48
:10AF70006FF0020080BD000010B582B020B10C4619
:10AF8000EFF3058121B18CB16FF0030002B010BD69
:10AF900021460BF087FB01281DD06FF00100002C2B
:10AFA00008BF6FF0020002B010BD00BF0021019188
:10AFB00001AA00210BF004FB01280FD1019850B128
:10AFC0004EF60450CEF200004FF080510160BFF306
:10AFD0004F8FBFF36F8F002002B010BD6FF00200E3
:10AFE00002B010BD70B582B00E4686424FF000052B
:10AFF000EFF3058116D8A8B1A1B91446B2B1D4E9CE
:10B0000002216AB14F2945D9A368012832D103250D
:10B0100001200021002200950AF048FF0DE000BF4A
:10B0200021B10025284602B070BD00BF01280BD118
:10B030000120002103220AF0F5FE0546002E18BF6C
:10B04000002D07D1E5B925E031460AF0DDFD0546C2
:10B05000B5B91FE028460021002200230AF096FF20
:10B0600001280DD028460AF07DFA0025284602B0B6
:10B0700070BD00BF31461A460AF0E8FD05464DB1E5
:10B08000002C14BF2168002128460AF013FA284634
:10B0900002B070BD0025284602B070BD80B582B0F8
:10B0A000D0B1EFF30581D9B10021019101A90BF0D5
:10B0B0002FF9012820D1019850B14EF60450CEF25C
:10B0C00000004FF080510160BFF34F8FBFF36F8FCF
:10B0D000002002B080BD00BF6FF0030002B080BD51
:10B0E0000021002200230AF051FF013818BF6FF041
:10B0F000020002B080BD00BF6FF0020002B080BD50
:10B100002DE9F04184B08E4600240394EFF30581CD
:10B1100050B149B94FF0000452B19369002B08BFF8
:10B120001823382B16D90024204604B0BDE8F0813E
:10B1300080251823002103AF0093AAB2734601971C
:10B140000BF014FC0399012808BF0C46204604B0FC
:10B15000BDE8F0811179C90724D15769D2E9028687
:10B160004FEA970C1168002F654608BF8025B8F19B
:10B17000000F13D05C2E15D312690024002A18BFCB
:10B18000002FD1D0CDE9003262467346CDF8088059
:10B190000BF01CFC04B0BDE8F08100BF16B91269C9
:10B1A000002AC8D00024204604B0BDE8F081000089
:10B1B00080B5B8B10022B2EB114F23D121B302897F
:10B1C0000A4493B28B420BD390F90C30B3F1FF3F9A
:10B1D00006DC4368A3EB010C00F110039C4515D27B
:10B1E000012080BD47F2C52047F27B5147F29553BD
:10B1F000C0F60100C0F60101C0F6010340F2DF1203
:10B200000BF064FE012080BD002080BD4389C0F8A2
:10B2100004C0194441810281002080BD2DE9F04322
:10B2200081B015460C46B2F5C17F2FDA012D02D050
:10B23000412D40F0898025F0400001280FD047F2D1
:10B24000C52047F2D65147F29553C0F60100C0F62B
:10B250000101C0F601034FF4A5720BF037FE0B207D
:10B26000FDF732FD014600284FF0000069D04FF491
:10B270008072C1E900000C814C810D73A1F80D2092
:10B28000C873084601B0BDE8F08300BF06462BD066
:10B29000B5F5207F58D1E01C20F00302B018033030
:10B2A0004FF6FC71014091424FF0000049D310313C
:10B2B00089B28A4245D80846FDF72CF80146002895
:10B2C0004FF000003DD08A19133222F00302C1E989
:10B2D00000028020C0F201000C814C81C860084649
:10B2E00001B0BDE8F08300BF40F282094FF00008D2
:10B2F000C0F20109002700250C20FDF7E5FCA8B3EA
:10B300000146F01C00F4FE70C0F51472A0B2904229
:10B3100038BF024611FA86F0133020F00300C1E96D
:10B3200000800C81002D0846A4EB02044A81C1F87C
:10B330000C901CBF39602846002622040F460546A3
:10B34000DAD101B0BDE8F08347F2C52047F295534A
:10B35000C0F6010016A1C0F6010340F227120BF05F
:10B36000B5FD002001B0BDE8F08300BF01F016FB81
:10B3700048F22824C2F2000426780121217001F04D
:10B3800019FB6EB94BF68920C0F60000002100269B
:10B3900007F0E8FD20B101F001FB267001F00AFB87
:10B3A00015B1284600F0BCFA002001B0BDE8F083DA
:10B3B000706275665F616C6C6F633A206572726F64
:10B3C0006E656F75732074797065000080B5033009
:10B3D000DDF80CE020F0030C0CEB010070454FF0A1
:10B3E000000088BF80BDDDF808E0BEF1000F18BF87
:10B3F000E644C3E9000E198159814FF48171D87375
:10B4000018461A73A3F80D1080BD0000B0B508B33C
:10B410000C46F9B10546006878B300BF2989228936
:10B420001144298105683DB30289238929681A449A
:10B43000028111B328892289104428810D68002DCA
:10B4400042D00A89238928681A4400280A81E5D154
:10B4500013E000BF47F2C52047F2195147F2955358
:10B46000C0F60100C0F60101C0F6010340F25A32F5
:10B47000BDE8B0400BF02ABD05462889698988429D
:10B4800027D047F2C52047F24E5147F29553C0F6F8
:10B490000100C0F60101C0F6010340F262320BF078
:10B4A00015FD2868A8B147F2C52047F2855147F23B
:10B4B0009553C0F60100C0F60101C0F6010340F249
:10B4C00063320BF003FD04E00D4628896989884248
:10B4D000D7D1288921892C6008442881B0BD00007B
:10B4E000B0B500280C4618BF002C2FD147F2C5205C
:10B4F00047F2195147F29553C0F60100C0F6010119
:10B50000C0F6010340F25A320BF0E0FC002C08BFF9
:10B51000B0BD01F043FAA17B0131A17301F04AFAF9
:10B52000A07B08B1B0BD00BF47F2C52047F206615D
:10B5300047F29553C0F60100C0F60101C0F60103C1
:10B5400040F24232BDE8B0400BF0C0BC0546006896
:10B55000D8B100BF298922891144298105689DB18C
:10B560000289238929681A44028171B128892289B4
:10B57000104428810D687DB30A89238928681A44FC
:10B5800000280A81E6D100E00546288969898842B9
:10B5900027D047F2C52047F24E5147F29553C0F6E7
:10B5A0000100C0F60101C0F6010340F262320BF067
:10B5B0008DFC2868A8B147F2C52047F2855147F2B3
:10B5C0009553C0F60100C0F60101C0F6010340F238
:10B5D00063320BF07BFC04E00D46288969898842C0
:10B5E000D7D1288921892C600844288191E700005F
:10B5F000002148B1006848B1006858B1006868B1DE
:10B60000006804310028F5D188B2704741F001018B
:10B6100088B2704741F0020188B2704741F00301DF
:10B6200088B27047B0B515460A462989FFF7F6FD7E
:10B630000446A0B12046294600F014F878B147F23C
:10B64000C52047F2C55147F29553C0F60100C0F638
:10B650000101C0F6010340F224520BF037FC2046F2
:10B66000B0BD00002DE9F04F81B030B10D4621B1E1
:10B67000044600892989884212D247F2C52047F240
:10B680009553C0F601005CA1C0F6010340F2CA3236
:10B690000BF01CFCF02040B201B0BDE8F08F00BF01
:10B6A00047F2C52A47F2955B0027C0F6010AC0F6AB
:10B6B000010B0FF218194FF0000801E0002D51D0D6
:10B6C00060896989C01BA1EB0806B04238BF0646F5
:10B6D00060686968384441443246F4F7C7FD6089C0
:10B6E0003744874206D9504632A140F2D9325B46F0
:10B6F0000BF0ECFB6889B044804507D950464946B9
:10B7000040F2DA325B460BF0E1FB6889804524BFEA
:10B710002D684FF000086089874203D12468002714
:10B7200004B92DBB2DB168892989884201D12868C7
:10B7300050BB002CC2D0608921898842BED12068CC
:10B740000028BBD047F2C52047F2EF4147F295539E
:10B75000C0F60100C0F60101C0F6010340F2EF326D
:10B7600020E000BF002040B201B0BDE8F08F00BF74
:10B7700047F2C52047F29553C0F601001AA1C0F662
:10B7800001034FF4797283E747F2C52047F2EF4196
:10B7900047F29553C0F60100C0F60101C0F601035F
:10B7A00040F2EA320BF092FBFA2040B201B0BDE861
:10B7B000F08F00BF6F66667365745F746F203C3DE9
:10B7C00020705F746F2D3E6C656E00006F6666734F
:10B7D00065745F66726F6D203C3D20705F66726FAE
:10B7E0006D2D3E6C656E0000705F746F20213D20F2
:10B7F0004E554C4C00000000706275665F636F70C0
:10B80000793A20746172676574206E6F7420626982
:10B810006720656E6F75676820746F20686F6C6451
:10B8200020736F75726365002DE9F04381B068B3D2
:10B830008846B9B31446002A48D005464FF000099F
:10B84000002615E0C01A80B2A7B2B84238BF07463A
:10B85000696818FA86F011FA83F13A46F4F706FDA2
:10B86000B9443E44E41B002320040AD02D6845B1AE
:10B8700068891904E6D099B28142E3D31B1A2004E7
:10B88000F4D11FFA89F001B0BDE8F08347F2C5207A
:10B8900047F29553C0F6010019A1C0F6010340F22A
:10B8A0000A420AE047F2C52047F29553C0F601006C
:10B8B0000AA1C0F6010340F20B420BF007FB4FF068
:10B8C00000091FFA89F001B0BDE8F0834FF00009CC
:10B8D0001FFA89F001B0BDE8F08300BF70627566A1
:10B8E0005F636F70795F7061727469616C3A20692F
:10B8F0006E76616C696420646174617074720000BA
:10B90000706275665F636F70795F70617274696190
:10B910006C3A20696E76616C69642062756600001D
:10B920002DE9F04F81B0002858D047F2C52B47F2DF
:10B93000955605460024C0F6010B0FF2CC0AC0F65E
:10B9400001060FF2DC0907E0396959B33846884728
:10B95000002D04F1010452D02F4601F01FF8A97BFD
:10B96000054639B95846514640F2F12233460BF0AC
:10B97000ADFAB97BA1F10108284687F80E8001F0E5
:10B9800019F85FEA08603AD1787B3D688007DBD41C
:10B99000387B10F00F000FD0012811D0022815D1EC
:10B9A0000C200EE05846494640F2FF2233460BF089
:10B9B0008DFA3969CAE700BF3846FCF715FBC7E7BF
:10B9C0000B203946FCF7DCFEC2E700BF58461DA13C
:10B9D00040F20F3233460BF079FAB9E747F2C5204F
:10B9E00047F27B5147F29553C0F60100C0F60101C2
:10B9F000C0F601034FF437720BF068FA0024E0B28E
:10BA000001B0BDE8F08F00BF706275665F66726559
:10BA1000653A20702D3E726566203E2030000000A1
:10BA200070632D3E637573746F6D5F667265655FDD
:10BA300066756E6374696F6E20213D204E554C4CC7
:10BA400000000000696E76616C6964207062756642
:10BA5000207479706500000080B5014647F2D0106F
:10BA6000C0F60100FCF7D4FE40F25801C2F200011A
:10BA70000878012818BF80BD486800220A70BDE818
:10BA80008040FFF70BBB000080B500F087FF48F255
:10BA90002821C2F2000100220A7000F08BFF40F260
:10BAA0002830C2F20000006890B1416F91B9C068BF
:10BAB00070B1416F71B9C06850B1416F51B9C06880
:10BAC000002808BF80BD416F21B9C0680028ECD1B3
:10BAD00080BD00BFBDE8804003F008B800B300BFE0
:10BAE00042898BB293421DD30068C8B1891A42893A
:10BAF0008BB2934216D3006890B1891A42898BB2F7
:10BB000093420FD3006858B1891A42898BB293428D
:10BB100008D30068891A002804BF00207047DFE7B7
:10BB200000207047406889B2405C7047012200F0F5
:10BB300001B8000080B5B1F1FF3F0BDD40B3C9B3E0
:10BB4000038903EB010C1FFA8CF38B4246D20120D0
:10BB500080BD00BF80B349420022B2EB114F1CBF31
:10BB6000012080BD42898A4242D247F2C52047F275
:10BB7000E85147F29553C0F60100C0F60101C0F646
:10BB8000010340F255220BF0A1F9012080BD00BF56
:10BB900047F2C52047F27B5147F29553C0F60100AA
:10BBA000C0F60101C0F6010340F2DF120BF08EF97E
:10BBB000012080BD002080BD47F2C52047F27B51A7
:10BBC00047F29553C0F60100C0F60101C0F601032B
:10BBD00040F24B220BF07AF9012080BD90F90C3035
:10BBE000B3F1FF3F0EDD002AB1D04268521A11E0D6
:10BBF0004368521A0B44436003894281591A0181F8
:10BC0000002080BD426800F11003521A9A423CBFE6
:10BC1000012080BD4389426019444181A0F808C0D9
:10BC2000002080BD2DE9F04705460C4660B947F27B
:10BC3000C52047F29553C0F601002DA1C0F60103BF
:10BC40004FF4CC720BF042F92889A04298BFBDE8AE
:10BC5000F0876F89A7421FD247F2C52847F2955A4D
:10BC6000261AC0F601080FF2A009C0F6010A04E086
:10BC7000E41B6F89A0B2B8420ED9288930442881CC
:10BC80002D68002DF4D14046494640F2AF1253468C
:10BC90000BF01CF9ECE700BF287B00071CD1A0B219
:10BCA000B84219D0687B800716D46868401B2044CE
:10BCB00081B22846FCF774FC054668B947F2C520F6
:10BCC00047F29553C0F6010015A1C0F6010340F2FA
:10BCD000BD120BF0FBF8002528686C8100282C8130
:10BCE00018BFFFF71DFE00202860BDE8F08700BFE9
:10BCF000706275665F7265616C6C6F633A2070206C
:10BD0000213D204E554C4C00706275665F72656136
:10BD10006C6C6F633A207120213D204E554C4C00D5
:10BD20006D656D5F7472696D2072657475726E6594
:10BD3000642071203D3D204E554C4C00002808BF2A
:10BD4000704710B5044600F029FEA17B0131A173B4
:10BD500000F030FEA07BBDE8104008B1704700BF86
:10BD600047F2C52047F2066147F29553C0F601003D
:10BD7000C0F60101C0F6010340F242320BF0A6B852
:10BD800080B5D8B10022B2EB114F1CBF012080BD9D
:10BD900031B342898A4225D247F2C52047F2E851A1
:10BDA00047F29553C0F60100C0F60101C0F6010349
:10BDB00040F255220BF08AF8012080BD47F2C520E1
:10BDC00047F27B5147F29553C0F60100C0F60101DE
:10BDD000C0F6010340F24B220BF078F8012080BD41
:10BDE000002080BD4368521A0B444360038942819E
:10BDF000591A0181002080BD2DE9F041044609F067
:10BE000069FA40F22416C2F20006F06848F21C35C6
:10BE10000130F0603068C2F2000558B13069002886
:10BE200040F007813068E16AC06A884298BF346098
:10BE3000FFE000BF3460F068012840F0FA80284637
:10BE400009F0EEF905F1140009F0EAF905F128000E
:10BE500009F0E6F905F13C0009F0E2F905F15000BE
:10BE600009F0DEF905F1640009F0DAF905F178006E
:10BE700009F0D6F905F18C0009F0D2F905F1A0001E
:10BE800009F0CEF905F1B40009F0CAF905F1C800CE
:10BE900009F0C6F905F1DC0009F0C2F905F1F0007E
:10BEA00009F0BEF905F5827009F0BAF905F58C7054
:10BEB00009F0B6F905F5967009F0B2F905F5A0702C
:10BEC00009F0AEF905F5AA7009F0AAF905F5B47004
:10BED00009F0A6F905F5BE7009F0A2F905F5C870DC
:10BEE00009F09EF905F5D27009F09AF905F5DC70B4
:10BEF00009F096F905F5E67009F092F905F5F0708C
:10BF000009F08EF905F5FA7009F08AF905F5027065
:10BF100009F086F905F5077009F082F905F50C704E
:10BF200009F07EF905F5117009F07AF905F516703A
:10BF300009F076F905F51B7009F072F905F5207026
:10BF400009F06EF905F5257009F06AF905F52A7012
:10BF500009F066F905F52F7009F062F905F53470FE
:10BF600009F05EF905F5397009F05AF905F53E70EA
:10BF700009F056F905F5437009F052F905F54870D6
:10BF800009F04EF905F54D7009F04AF905F55270C2
:10BF900009F046F905F5577009F042F905F55C70AE
:10BFA00009F03EF905F5617009F03AF905F566709A
:10BFB00009F036F905F56B7009F032F905F5707086
:10BFC00009F02EF905F5757009F02AF905F57A7072
:10BFD00009F026F905F57F7009F022F905F5826070
:10BFE00009F01EF905F2244009F01AF905F58760F9
:10BFF00009F016F905F24C4009F012F940F2D82880
:10C00000C2F20008404609F00BF908F1140738465F
:10C0100009F006F906F1640009F002F906F13C00A6
:10C0200009F0FEF806F1500009F0FAF8C6F81C8095
:10C0300037627068716A421CE06A726088426264AA
:10C0400088BF706200EB800005EB8000211D09F0C5
:10C0500029F909F063F9306988B13068E16AC06A8A
:10C06000884228BFBDE8F0814EF60450CEF20000B1
:10C070004FF080510160BFF34F8FBFF36F8FBDE86A
:10C08000F081000040F2241548F21C364EF60458A8
:10C09000C2F20005C2F20006CEF200084FF080574F
:10C0A00003E000BF204609F051F9A868D0B109F0BB
:10C0B00011F9A86CC468201D09F084F8E8680138FB
:10C0C000E860A8680138A86009F028F994F85900D8
:10C0D0000228EAD00128E5D070B9206B09F036F9C2
:10C0E000E0E700BF30680228DFD3C8F80070BFF374
:10C0F0004F8FBFF36F8FD8E74FF0500080F3118858
:10C10000BFF36F8FBFF34F8FFEE700002DE9F047BD
:10C110000A9C8246206B16460F46DDE908599100BD
:10C12000A5229846F4F7C2F8206B002F00EB86009A
:10C13000A0F1040020F0070656D0387884F83400C7
:10C14000387800284BD0787884F835007878002843
:10C1500045D0B87884F83600B87800283FD0F87811
:10C1600084F83700F878D0B3387984F83800387913
:10C17000A8B3787984F83900787980B3B87984F8ED
:10C180003A00B87958B3F87984F83B00F87930B3BD
:10C19000387A84F83C00387A08B3787A84F83D001D
:10C1A000787AE0B1B87A84F83E00B87AB8B1F87A13
:10C1B00084F83F00F87A90B1387B84F84000387BEF
:10C1C00068B1787B84F84100787B40B1B87B84F813
:10C1D0004200B87B00281CBFF87B84F84300002095
:10C1E00084F8430003E000BF002084F834000027F7
:10C1F000201D372D28BF3725E562C4E9135709F004
:10C200001BF804F1180009F017F8C5F13800A06117
:10C2100030465146424624616462676584F858702E
:10C2200000F086FBB9F1000F206018BFC9F800408C
:10C23000BDE8F08708480068006880F308884FF080
:10C24000000080F3148862B661B6BFF34F8FBFF36E
:10C250006F8F00DF00BF000008ED00E081B000201C
:10C26000009040F25400C2F2000000684FF050010C
:10C2700081F31188BFF36F8FBFF34F8F013007D069
:10C28000FEE700BF009830B9009820B9009810B9B7
:10C2900000980028F6D001B07047000088B040F246
:10C2A0009C1AC2F2000A0DF11009EB46DAF80800F8
:10C2B00005681DB1C068046801E000BF002409F0F2
:10C2C00063FB0AF0D5FBDAF810100646884220D34B
:10C2D000002DCAF8106051D0A6424FD30AF024FDB9
:10C2E000DAF80800C068C7683D1D284608F06AFFF4
:10C2F00097F82800410745D400F0FE0087F8280091
:10C3000084E000BF6860DAF8080039462D6108F063
:10C3100097FFDAF80800016831B3C068C56804689F
:10C320002F1D384608F04EFF296A2846884795F8A1
:10C3300028004007EDD5A8692044A042E2D8DAF8E9
:10C340000000002800F04881002004A931C10AF053
:10C350007FFBDAF8000049460022002309F016FEB0
:10C360000028D6D138E100BFDAF80C10CAF8106006
:10C37000CAE902100AF0D8FC1AE100BF65B1002238
:10C3800010E000BFB8693F610119B14279601FD95F
:10C390000AF1080021E000BFDAF80C000068B0FAEA
:10C3A00080F04209DAF80000A11B09F02FF90AF029
:10C3B000BBFC002840F0FC804EF60450CEF200009A
:10C3C0004FF080510160BFF34F8FBFF36F8FEFE0ED
:10C3D000311B814206D20AF10C000068294608F0A0
:10C3E0002FFF13E0DAF80000002800F0138100208E
:10C3F00004A991C10AF02CFBDAF80000494600229A
:10C40000002309F0C3FD002800F00481396A384692
:10C410008847CDE00098B0F1FF3F07DCDDE901205F
:10C42000039990470098002800F1C280029E70692D
:10C4300010B1301D08F0C6FE0AF01AFBDAF8101031
:10C44000074688420DD30098CAF8107009283FD9D2
:10C45000AEE000BF6860DAF8080021462D6108F000
:10C46000EFFEDAF80800016841B3C068C568D0F88B
:10C4700000802C1D204608F0A5FE296A2846884722
:10C4800095F828004007ECD5A86940444045E1D81C
:10C49000DAF80000002800F095800020CDE90408BB
:10C4A00006950AF0D5FADAF8000049460022002382
:10C4B00009F06CFD0028D4D184E000BFDAF80C103C
:10C4C000CAE902100098CAF81070092800F27080BA
:10C4D000DFE800F00606064448620606444800BF4E
:10C4E00096F82800019A40F00101B06986F82810FA
:10C4F0008318314641F8043FBB42366106D9974262
:10C500000AF1080007D293420AD204E0BA1A824222
:10C5100006D20AF10C00006808F092FE48E000BF65
:10C52000316A3046884796F82800400740D5DAF847
:10C53000000000285AD00198B169069608440021ED
:10C54000CDE904100AF084FADAF800004946002226
:10C55000002309F01BFD58BB48E000BF96F82800F7
:10C5600022E000BF96F8280040F00101019886F80B
:10C5700028100028B06143D0384431460AF10C023B
:10C5800041F8040F3661B84288BF0AF1080210680A
:10C5900008F056FE0CE000BF96F82800810703D48F
:10C5A000304608F0D3FE03E000F0FE0086F82800D5
:10C5B000DAF800005946002209F030FF00287FF425
:10C5C00029AF73E64FF0500080F31188BFF36F8FEF
:10C5D000BFF34F8FFEE700BF4FF0500080F311888C
:10C5E000BFF36F8FBFF34F8FFEE700BF4FF05000D8
:10C5F00080F31188BFF36F8FBFF34F8FFEE700BF4B
:10C600004FF0500080F31188BFF36F8FBFF34F8F4F
:10C61000FEE700BF4FF0500080F31188BFF36F8F2B
:10C62000BFF34F8FFEE70000F0B581B0044608F07D
:10C6300051FE94F94560012E0FDB04F1240500BF83
:10C64000286850B128460AF035FB002818BF09F0C9
:10C6500051F8F0B2013E0128F2D8FF2684F8456077
:10C6600008F05CFE08F036FE94F94470012F0EDBF2
:10C6700004F11005286850B128460AF01BFB002879
:10C6800018BF09F037F8F8B2013F0128F2D884F852
:10C69000446001B0BDE8F04008F040BEB0B584464B
:10C6A00030F8ECEF00254488AEEB0404B5EB144FF2
:10C6B00018BF04F58074A4B2FC2C88BFB0BD09017A
:10C6C00063F342010CF1F00303F80E100EF10101C7
:10C6D0008DB2FF2D88BF00218DB2022401315C553F
:10C6E000FE2D88BF0021150A8CB201311D55FE2C8C
:10C6F00088BF00218DB25A554A1CFE2D88BF0022EA
:10C70000DCF80C10ACF8EC20BDE8B040FDF73ABB0B
:10C7100070B5044609F038F940F2D81CC2F2000C9A
:10C72000DCF8040050B19CF80000002818BF4FF05E
:10C7300000404FF000056CBB8BE000BF4BF2A64001
:10C74000C2F20000C21D22F0070210F00701A0EBA8
:10C75000020318BF1046002246F21035CCE906024B
:10C76000002918BF1D44411921F00701A1F1080358
:10C77000CCF8043041E90222191AC0E90031012045
:10C780008CF800004FF00040CCE90211002C4FF073
:10C7900000055ED020405CD124F0070000F11002BB
:10C7A000600708BF04F10802002A4FF0000550D0CE
:10C7B000DCF8080082424CD8604650F818EFDEF8EA
:10C7C000045095422BD2DEF80010B9B174464D6882
:10C7D000954217D20B68ABB15D68954216D21868C6
:10C7E000A0B14568954215D204689CB16568954230
:10C7F00014D22168A6460029E9D110E00CF11800F6
:10C800000DE000BF8E46204609E000BF9E46084668
:10C8100005E000BF8646184601E000BFA646DCF8EA
:10C8200004108E4514D00168DEF80040AB1A112BBD
:10C8300004604DD30EEB0205680719D04FF050008D
:10C8400080F31188BFF36F8FBFF34F8FFEE700BFF8
:10C8500000250AF069FA68075BD04FF0500080F3BA
:10C860001188BFF36F8FBFF34F8F00BFFEE700BF8C
:10C870000CF118006B60CEF8042000BF0368AB42D7
:10C880000AD21868A8420BD20368AB4204D21868D7
:10C890001A46A842F2D304E00246184601E000BF5F
:10C8A0001A4653686C68D618AE4202D11C4415462D
:10C8B00054602B19834207D1DCF80430984203D02E
:10C8C000D0E9000323446B60AA42286018BF1560BA
:10C8D00001F10805DEF80400DCE90212091A9142B0
:10C8E000CCF8081038BFCCF80C109CF800100029C8
:10C8F00018BF40F00040CEF80400DCF81000002122
:10C900000130CEF80010CCF810000AF00DFA6807DC
:10C91000A3D1284670BD000040F22410C2F20000EE
:10C92000016819B101680A6D01320A650068704733
:10C9300003464CF25D20C0F600004FF0807C21F0F1
:10C94000010103E903106FF0020043F8240CA3F186
:10C95000440043F8202C704770B516460D46044637
:10C96000FEF794F921680446084629464FF0000274
:10C9700066B13346FEF792F900281CBF4FF0FF3036
:10C9800070BDFEF783F9001B70BD00BF4FF0FF3391
:10C99000FEF784F9FEF77AF9001B70BD80B540F20E
:10C9A0007070C2F2000000684FF0FF31FEF758FAD5
:10C9B000012080BD40F27070C2F200000068FEF7F6
:10C9C000B5BA0000F0B581B000F064F840F29426EA
:10C9D000C2F20006716899B1044601E0716879B14C
:10C9E0004868221A0CD40A68D1E90275C6E9012008
:10C9F0000A20FBF7C5FE002FF0D02846B847EDE728
:10CA000001B0F0BD80B50020FEF754FA40F270711D
:10CA1000C2F20001086080BDB0B50446084604219A
:10CA200000220025FEF77EF90146002808BF4FF0DE
:10CA3000FF3528462160B0BD80B582B00068019105
:10CA400001A900220023FEF7B7F9002818BF4FF014
:10CA5000FF3002B080BD00000068002818BF012030
:10CA60007047000000684FF0FF31FEF7F9B9000091
:10CA7000B0B5044600200025FEF71CFA0146002848
:10CA800008BF4FF0FF3528462160B0BD0068FEF7B3
:10CA90004DBA0000F4F7AABD80B58AB094460C9A4E
:10CAA00001900020CDE90200CDE90400CDE9063275
:10CAB000CDE9080001AA08466146FEF721FB0AB04D
:10CAC00080BD0000F0B581B014460646B0F1804F3D
:10CAD0000D460CD347F2C52047F64343C0F601008C
:10CAE0002FA1C0F6010340F229120AF0EFF9FFF777
:10CAF000D1FF07460A20FCF7E7F848B3002140F2CF
:10CB000094230160C2F200035968BA19856042603B
:10CB1000C46081B34F68D71B2CD40B6873B35F68B4
:10CB2000D71B31D41968A9B34F68D71B33D40B680E
:10CB300023B35F68D71B27D4196859B34F68D71B35
:10CB4000B7F1FF3F1F46E8DC0160386001B0F0BD7F
:10CB500047F2C52047F6774147F64343C0F6010048
:10CB6000C0F60101C0F60103BE2201B0BDE8F040ED
:10CB70000AF0ACB90160586001B0F0BD0F46002169
:10CB80000160386001B0F0BD0F46194601603860A1
:10CB900001B0F0BD00211F460160386001B0F0BD5A
:10CBA00054696D656F75742074696D6520746F6F5D
:10CBB000206C6F6E672C206D6178206973204C5754
:10CBC00049505F55494E5433325F4D41582F342000
:10CBD0006D73656373000000B0B547F2601547F6EA
:10CBE0002954C0F60105C0F6000405F108024FF40F
:10CBF0007A702146FFF766FF05F110024FF47A7054
:10CC00002146FFF75FFF05F118024EF6602021462E
:10CC1000FFF758FF05F120024FF4FA702146BDE8F6
:10CC2000B040FFF74FBF000010B540F29424C2F2AD
:10CC30000004606840B1FFF72DFF61684968081A79
:10CC400020EAE07010BD00BF4FF0FF3010BD0000C3
:10CC500080B540F2942CC2F2000CDCF804E0BEF186
:10CC6000000F31D000230FE0DEF80030002B08BFAA
:10CC700080BD9A68824202D1DA688A4226D0D3F80F
:10CC800000E0BEF1000F1FD0DEF80820824203D181
:10CC9000DEF80C208A421DD0DEF80030A3B19A687D
:10CCA000824202D1DA688A4216D0D3F800E0BEF19F
:10CCB000000F09D0DEF808208242D5D1DEF80C2022
:10CCC0008A42D1D1714609E080BD00BF1946734642
:10CCD00004E000BF714601E0194673460A68002B64
:10CCE00008BF0CF104030A201A60BDE88040FBF77E
:10CCF00047BD000040F2080940F2004840F200370A
:10CD0000C2F2000947F2AB2646F24F640020C4F29B
:10CD10000208C2F2000709F11505C0F60106C0F2CB
:10CD2000660400E00120C2B240464FF48041F4F7AF
:10CD300057FC00BFB8684FF0FF3109F0B3FC012881
:10CD4000F8D1284631460322F3F7D7FA0028E9D074
:10CD5000D9F81500A042EDD10020E4E78CB0F6F739
:10CD600013F8FCF741FB2DA10F1D8CCF0D69069226
:10CD7000D1E9052140F20036CDE9095240F25C22AA
:10CD8000C2F200021268C2F20006CDE907370B9129
:10CD9000306022485168CDE9041004A8FAF774FC09
:10CDA000014625A00AF092F847F68C5049F2BD449E
:10CDB000CBF621100DF114094FF0000AC0F6000463
:10CDC00003AD0FF28408039009E000BF70684FF0D4
:10CDD000FF3109F067FC4FF47A7008F041FC3068CD
:10CDE000FCF7D6FA0028F1D13068294640F25B7290
:10CDF0002346CDF800A0CDF80490FBF7E1FF002812
:10CE0000E9D00746404639460AF060F817F10A00B3
:10CE1000E1D13068FCF770FCDDE700BF7D720108EE
:10CE2000AE72010876720108140000009C720108BD
:10CE3000647201080000000053544D333220495001
:10CE40003A2025730A0000004D51545420636F6E40
:10CE50006E6563742072657475726E6564206572A8
:10CE6000726F723A2025640D0A00000090B04AF6F5
:10CE70009074C2F20004204606F0D0F8204606F076
:10CE8000D9F848F23C31C0F60101204606F0F4F929
:10CE900034A320460F211E2206F062F934A3204657
:10CEA0000F21322206F05CF9204606F0CDF934A0BD
:10CEB0000AF00CF840F20800C2F2000040F200480C
:10CEC000451C0DF12C0A00F10B0B06AF00F1150605
:10CED0000DF10409C4F2020840F20030C2F2000071
:10CEE000C06829464FF0FF3209F098FA50461421E5
:10CEF00027A22B4609F0FAFF3846142127A25B46E9
:10CF000009F0F4FF4846142127A2334609F0EEFF4A
:10CF100047F2AB213046C0F601010322F3F7EDF9E9
:10CF2000B0FA80F0420940464FF48041F4F758FBD4
:10CF3000204606F073F820460F211E22534606F0C5
:10CF40000FF920460F212D223B4606F009F9204615
:10CF50000F213C224B4606F003F9204606F074F9F7
:10CF6000BAE700BF57616974696E672E2E2E000004
:10CF70004D51545420436F6E6E6563740000000081
:10CF80004F4C454420536574206F6B61790000005D
:10CF900054656D703A2025730000000048756D6976
:10CFA0003A202573000000004C45443A20257300C8
:10CFB0002DE9F04F85B0A8B30446007D0D46012849
:10CFC0000DD147F2C52047F2A363C0F6010074A15A
:10CFD000C0F6010340F2412209F078FF207D0A28C3
:10CFE00034D140F21C30C2F200001030214602F071
:10CFF00057FE207D01280ED147F2C52047F2186167
:10D0000047F2A363C0F60100C0F60101C0F60103B8
:10D01000D42209F05BFF0120214605B0BDE8F04FA6
:10D02000FBF7AEBB47F2C52047F28A6147F2A36324
:10D03000C0F60100C0F60101C0F6010340F23D2236
:10D0400005B0BDE8F04F09F041BF00BF2169D4F839
:10D050002490D4F850A0D4F89080B4F816B004917D
:10D0600070B140F21C36C2F2000606F10C002146F7
:10D0700002F016FE01203070266F5EBB37E000BF65
:10D08000BBF1000F00F0848040F21C31C2F20001BD
:10D0900051F8080FA04214D0A8B1C2680146A242BC
:10D0A0000ED082B1D0681146A04209D058B1C268F2
:10D0B0000146A24204D032B1D0681146A042EBD161
:10D0C0000C31E06808600025E5604FF0000B266F2A
:10D0D0006EB100BFD6E90070002818BFFEF720FC33
:10D0E00003203146FBF74CFB002F3E46F2D1E66EA3
:10D0F0006EB100BFD6E90070002818BFFEF710FC23
:10D1000003203146FBF73CFB002F3E46F2D1666F11
:10D110006EB100BFD6E90070002818BFFEF700FC12
:10D1200003203146FBF72CFB002F3E46F2D155B1D0
:10D13000278B201DCDE9000B204651464A46234649
:10D14000029704F095F9207D01280ED147F2C52001
:10D1500047F2186147F2A363C0F60100C0F601016F
:10D16000C0F60103D42209F0B1FE01202146FBF7ED
:10D1700007FBB8F1000F07D0049842466FF00C018E
:10D1800005B0BDE8F04F104705B0BDE8F08F00BF17
:10D1900000254FF0000B266F002E9BD1A7E700BFA4
:10D1A000646F6E27742063616C6C207463705F61C0
:10D1B000626F72742F7463705F6162616E646F6E10
:10D1C00020666F72206C697374656E2D7063627374
:10D1D000000000000121FFF7EBBE0000F0B581B0B8
:10D1E00004460120FBF770FD40F21C36054600287E
:10D1F000C2F2000640F01181F76800BF37B3798BA7
:10D200003D46FF680807F9D5287D21F00801072869
:10D21000698309D0042801D00328EFD1284604F0FF
:10D22000B3FA28B905200CE0284604F0ADFA38B16D
:10D230000130E3D1688B40F008006883DEE700BF6F
:10D2400009202875284602F071F9D7E733697BB3C6
:10D2500071690022002000BF1D6ADF684D1B9542E6
:10D2600028BF184607B3954288BF2A463D6AFB6827
:10D270004D1B954228BF3846B3B1954288BF2A4618
:10D280001D6ADF684D1B954228BF184667B195425D
:10D2900088BF2A463D6AFB684D1B954228BF384629
:10D2A00088BF2A46002BD7D110B10121FFF780FE9D
:10D2B0000120FBF709FD0546002840F0AE80F36829
:10D2C000D3B371690022002002E000BFDB687BB3AA
:10D2D0001F7D092F06D11F6ACF1B974228BF184612
:10D2E00088BF3A46DB681BB31F7D092F06D11F6A32
:10D2F000CF1B974228BF184688BF3A46DB68BBB1B0
:10D300001F7D092F06D11F6ACF1B974228BF1846E1
:10D3100088BF3A46DB685BB11F7D092FD6D11F6AF3
:10D32000CF1B974228BF184688BF3A46CEE700BFBA
:10D3300010B10021FFF73CFE0120FBF7C5FC0546BC
:10D3400000286AD1F368CBB371690022002001E0A4
:10D35000DB687BB31F7D082F06D11F6ACF1B974266
:10D3600028BF184688BF3A46DB681BB31F7D082FCD
:10D3700006D11F6ACF1B974228BF184688BF3A467E
:10D38000DB68BBB11F7D082F06D11F6ACF1B9742F8
:10D3900028BF184688BF3A46DB685BB11F7D082F5F
:10D3A000D6D11F6ACF1B974228BF184688BF3A467E
:10D3B000CEE700BF10B10021FFF7FAFD0120FBF717
:10D3C00083FC054648BB7F2C204628BF7F20F8B150
:10D3D000F168E9B1D6F814C0451E0022002007E02C
:10D3E000086AACEB000708463A461D46C96859B1C1
:10D3F0004B7DEFB2BB42F3D3F8D10F6AACEB07071A
:10D400009742F0D2F2E700BF10B10121FFF7D0FD43
:10D410000120FBF759FC054680B328469C21F2F712
:10D420004CFF4FF48660A5F8640040F66000C0F63B
:10D430006000A862FF20E8724FF00610C5F83E00B9
:10D440004FF6FF70C0F2182028630120C0F2304070
:10D45000A86470697178286240F63570C0F60100E2
:10D46000C5F884004DF60050C0F26D006C75A977C8
:10D47000C5F89400284601B0F0BD00BF002528463D
:10D4800001B0F0BD002818BF016170472DE9F04FD1
:10D4900081B047F25813C0F60103002918BF0B46AC
:10D4A00090B1017D21B347F2C52047F2A363C0F6D6
:10D4B00001000FF27851C0F6010340F2AB2209F0EF
:10D4C00005FDFA262DE000BF47F2C52047F2A36311
:10D4D000C0F601000FF27C51C0F6010340F2A92210
:10D4E00009F0F4FCF02670B201B0BDE8F08F00BF87
:10D4F000E2B140F21C37C2F20007796801E000BFD8
:10D50000C968002900F01681CE8A9642F8D10D68CC
:10D51000002D00F00D821C68F826002C18BFA542D3
:10D52000EED170B201B0BDE8F08F00BF40F21C3107
:10D5300040F2300CC2F20001C2F2000CD1E901EA63
:10D54000BCF80020D1E90358BEF1000F7CD0002DBB
:10D5500000F0108100264FF6FF7B43F6FF7904E0D0
:10D560004E4506F1010680F05982013291B25945CB
:10D5700004BF4CF20002CFF6FF727146CF8A94B21C
:10D58000A742EDD0C96879B1CF8AA742E8D0C9686F
:10D5900051B1CF8AA742E3D0C96829B1CF8AA74247
:10D5A000DED0C9680029E9D1BAF1000F15D0514683
:10D5B000CF8AA742D4D0C96879B1CF8AA742CFD049
:10D5C000C96851B1CF8AA742CAD0C96829B1CF8AE8
:10D5D000A742C5D0C9680029EAD12946CF8AA74207
:10D5E000BED0C96879B1CF8AA742B9D0C96851B154
:10D5F000CF8AA742B4D0C96829B1CF8AA742AFD099
:10D60000C9680029EAD1B8F1000F7CD04146CF8A21
:10D61000A742A5D0C968002975D0CF8AA7423FF498
:10D620009FAFC96800296ED0CF8AA7423FF498AF58
:10D63000C968002967D0CF8AA7423FF491AFC96873
:10D640000029E4D15FE000BF00274FF6FF7943F6E1
:10D65000FE7E04E0774507F1010700F2DF81013229
:10D6600091B2494504BF4CF20002CFF6FF72BAF105
:10D67000000F16D05146CE8A94B2A642EAD0C968AD
:10D6800079B1CE8AA642E5D0C96851B1CE8AA64208
:10D69000E0D0C96829B1CE8AA642DBD0C96800298A
:10D6A000E9D1B5B12946CE8A94B2A642D2D0C96892
:10D6B00079B1CE8AA642CDD0C96851B1CE8AA642F0
:10D6C000C8D0C96829B1CE8AA642C3D0C96800298A
:10D6D000E9D1B8F1000F16D04146CE8A94B2A642E5
:10D6E000B8D0C96879B1CE8AA642B3D0C96851B161
:10D6F000CE8AA642AED0C96829B1CE8AA642A9D0A8
:10D70000C9680029E9D11104ACF800202CD01968AF
:10D71000002918BF016040F21C31C2F20001C28230
:10D72000C0F80CA0886004F0DDFC002670B201B0E7
:10D73000BDE8F08FD7F808A0BAF1000F00F08080A4
:10D74000514602E0C96800297AD0CE8A9642F9D1C2
:10D750000D68002D00F0EC801C68F826002C18BF26
:10D76000A5423FF4DEAEEDE7FE2670B201B0BDE8A3
:10D77000F08F00BFBAF1000F78D0B8F1000F4FF66C
:10D78000FF794FF0000400F0D98043F6FE7604E004
:10D79000B44204F1010400F24181013291B24945E1
:10D7A000714604BF4CF20002CFF6FF72CD8A97B2E9
:10D7B000BD42EDD0C96879B1CD8ABD42E8D0C96813
:10D7C00051B1CD8ABD42E3D0C96829B1CD8ABD42ED
:10D7D000DED0C9680029E9D15146CD8ABD42D7D0F3
:10D7E000C96879B1CD8ABD42D2D0C96851B1CD8A5C
:10D7F000BD42CDD0C96829B1CD8ABD42C8D0C96863
:10D800000029EAD14146CD8ABD42C1D0C96800296C
:10D810003FF479AFCD8ABD42BAD0C96800293FF440
:10D8200072AFCD8ABD42B3D0C96800293FF46BAF57
:10D83000CD8ABD42ACD0C9680029E4D163E700BFFE
:10D84000FD68002D5ED0F82603E000BFED68002DD6
:10D8500058D0E98A9142F9D12968002968D01C681A
:10D86000002C18BFA1423FF45CAEEFE700244FF656
:10D87000FF75B8F1000F00F0A58043F6FE7904E0D3
:10D880004C4504F1010400F2C980013291B2A94271
:10D89000714604BF4CF20002CFF6FF72CE8A97B2F7
:10D8A000BE42EDD0C96879B1CE8ABE42E8D0C9681F
:10D8B00051B1CE8ABE42E3D0C96829B1CE8ABE42F8
:10D8C000DED0C9680029E9D14146CE8ABE42D7D010
:10D8D000C96800293FF417AFCE8ABE42D0D0C968CC
:10D8E00000293FF410AFCE8ABE42C9D0C9680029D2
:10D8F0003FF409AFCE8ABE42C2D0C9680029E4D144
:10D9000001E700BF3F69002F3FF401AFF82603E0B5
:10D91000FF68002F3FF4FBAEF98A9142F8D13968D5
:10D9200031B11D68002D18BFA9423FF4FAADEFE7F1
:10D93000F82670B201B0BDE8F08F00BF43F6FE7864
:10D9400004E000BF444504F1010467D8013291B2FC
:10D950004945714604BF4CF20002CFF6FF72CE8AF1
:10D9600097B2BE42EED0C96879B1CE8ABE42E9D044
:10D97000C96851B1CE8ABE42E4D0C96829B1CE8A05
:10D98000BE42DFD0C9680029E9D15146CE8ABE42E5
:10D99000D8D0C96800293FF4B6AECE8ABE42D1D0F5
:10D9A000C96800293FF4AFAECE8ABE42CAD0C9686A
:10D9B00000293FF4A8AECE8ABE42C3D0C968002970
:10D9C000E4D1A0E643F6FE78013291B2A942714655
:10D9D00004BF4CF20002CFF6FF72CE8A97B2BE426D
:10D9E00018D0C96800293FF48EAECE8ABE4211D04D
:10D9F000C96800293FF487AECE8ABE420AD0C96802
:10DA000000293FF480AECE8ABE4203D0C968002907
:10DA1000E3D178E6444504F10104D5D9ACF80020FF
:10DA2000FE2670B201B0BDE8F08F00BF7463705F76
:10DA300062696E643A2063616E206F6E6C79206259
:10DA4000696E6420696E20737461746520434C4F65
:10DA5000534544007463705F62696E643A20696E76
:10DA600076616C69642070636200000080B558B113
:10DA7000017D012903D0418B41F010014183012137
:10DA8000BDE8804000F01CB847F2C52047F2A36310
:10DA9000C0F6010004A1C0F601034FF4F47209F0CE
:10DAA00015FA6FF00F0080BD7463705F636C6F7365
:10DAB000653A20696E76616C69642070636200006B
:10DAC000B0B584B0027D044651B1072A01D0042AC2
:10DAD00006D1A06F00283BD1208DB0F5066F37D15D
:10DAE000072A4FF0000000F229810FF20601DFE85B
:10DAF00012F009008700F500130119012501250125
:10DB00001F0100BFE08A002800F0308140F21C3184
:10DB1000C2F200018868A04200F02281A0B1C26870
:10DB20000146A2420ED07AB1D0681146A04209D077
:10DB300050B1C2680146A24204D02AB1D068114651
:10DB4000A042EBD1E068C86004F10C000CE100BF1A
:10DB5000608BC0060CD447F2C52047F2A363C0F621
:10DB6000010086A1C0F601034FF4B27209F0AEF9CC
:10DB7000E08A626A216DB4F818C0231DCDE9003037
:10DB800020462346CDF808C003F072FC204602F080
:10DB90001BF840F21C30C2F20000024652F80C1F83
:10DBA000A14214D0A9B1CB680A46A3420ED083B1DA
:10DBB000D9681A46A14209D059B1CB680A46A34296
:10DBC00004D033B1D9681A46A142EBD10C32E168D6
:10DBD00011600021E16040F28021C2F20001096879
:10DBE0000122A142027005D0207D012800F084802E
:10DBF000BCE000BF04F03CFB002004B0B0BD00BF9F
:10DC000040F21C30C2F200008268D2B1002100BF95
:10DC1000D36FA34208BFD167D26892B1D36FA3423A
:10DC200008BFD167D26862B1D36FA34208BFD16782
:10DC3000D26832B1D36FA34208BFD167D268002A3D
:10DC4000E6D1C268CAB10021D36FA34208BFD16731
:10DC5000D26892B1D36FA34208BFD167D26862B1D4
:10DC6000D36FA34208BFD167D26832B1D36FA3424A
:10DC700008BFD167D268002AE6D10269CAB1002183
:10DC8000D36FA34208BFD167D26892B1D36FA342CA
:10DC900008BFD167D26862B1D36FA34208BFD16712
:10DCA000D26832B1D36FA34208BFD167D268002ACD
:10DCB000E6D10430214601F0F3FF207D01280BD18D
:10DCC00047F2C52047F2A363C0F6010032A1C0F6B7
:10DCD0000103DF2209F0FAF8022048E040F21C3587
:10DCE000C2F2000505F10C00214601F0D9FF207DAC
:10DCF00001210128297039D147F2C52047F2186166
:10DD000047F2A363C0F60100C0F60101C0F60103AB
:10DD1000D42209F0DBF829E0204603F035FD58B99C
:10DD2000052016E0204603F02FFD28B9052010E05D
:10DD3000204603F029FD58B1411C01D004B0B0BD0C
:10DD4000608B40F008006083002004B0B0BD00BFCD
:10DD500009202075204601F0E9FB002004B0B0BD89
:10DD6000204650F80C2F8A600021016001202146D6
:10DD7000FAF706FD002004B0B0BD00BF7063622D4D
:10DD80003E666C61677320262054465F5258434CB0
:10DD90004F534544000000007463705F6672656510
:10DDA0005F6C697374656E3A20214C495354454E3B
:10DDB000000000002DE9F04F83B0B8B121B3044654
:10DDC000007DA8B347F2C52047F2A363C0F6010067
:10DDD0000FF2B451C0F601034FF4876209F076F8F0
:10DDE000F62040B203B0BDE8F08F00BF47F2C52077
:10DDF00047F2A363C0F601000FF2D851C0F6010349
:10DE000040F235420CE000BF47F2C52047F2A36361
:10DE1000C0F601000FF2A051C0F6010340F23642F5
:10DE200009F054F8F02040B203B0BDE8F08F00BF15
:10DE30000968204640F8041F01791D4600298282A6
:10DE400000F0A0800846FCF777FD002800F09F80D6
:10DE5000216809B941682160B4F816B040F2300376
:10DE600040F21C36BBF1000FC2F20003C2F2000602
:10DE700040F0EA81D6E9018E1A88D6E90391B8F11B
:10DE8000000F029100F08880B9F1000F00F0E880E7
:10DE9000CDF804B000274FF6FF7A43F6FF7B04E08D
:10DEA0005F4507F1010780F06382013291B251456D
:10DEB00004BF4CF20002CFF6FF724346D98A1FFA24
:10DEC00082FC6145ECD0DB687BB1D98A6145E7D043
:10DED000DB6853B1D98A6145E2D0DB682BB1D98ABE
:10DEE0006145DDD0DB68002BE8D1BEF1000F15D015
:10DEF0007346D98A6145D3D0DB687BB1D98A614545
:10DF0000CED0DB6853B1D98A6145C9D0DB682BB16B
:10DF1000D98A6145C4D0DB68002BEAD14B46D98A47
:10DF20006145BDD0DB687BB1D98A6145B8D0DB687B
:10DF300053B1D98A6145B3D0DB682BB1D98A614529
:10DF4000AED0DB68002BEAD1029BBBB1D98A614518
:10DF5000A6D0DB6893B1D98A61453FF4A1AFDB68F5
:10DF600063B1D98A61453FF49BAFDB6833B1D98A8D
:10DF700061453FF495AFDB68002BE7D1DDF804B0D5
:10DF80005AE100BFF9F746FB00287FF461AFFC209F
:10DF900040B203B0BDE8F08FB04600234FF6FF7AE1
:10DFA00043F6FE7C05E000BF634503F1010300F288
:10DFB000DF81013296B2564504BF4CF20002CFF623
:10DFC000FF72BEF1000F16D07646F18A97B2B942C1
:10DFD000EAD0F6687EB1F18AB942E5D0F66856B16A
:10DFE000F18AB942E0D0F6682EB1F18AB942DBD0AD
:10DFF000F668002EE9D1B9F1000F16D04E46F18A2D
:10E0000097B2B942D0D0F6687EB1F18AB942CBD08E
:10E01000F66856B1F18AB942C6D0F6682EB1F18AD7
:10E02000B942C1D0F668002EE9D1029EAEB1F18AA4
:10E0300097B2B942B8D0F6687EB1F18AB942B3D08E
:10E04000F66856B1F18AB942AED0F6682EB1F18ABF
:10E05000B942A9D0F668002EE9D14646ECE000BFEF
:10E06000BEF1000F60D000294FF6FF7C00F0A280C7
:10E07000002743F6FE7A04E0574507F1010700F256
:10E080007781013291B24346614504BF4CF20002F0
:10E09000CFF6FF72DE8A91B28E42EDD0DB687BB1A3
:10E0A000DE8A8E42E8D0DB6853B1DE8A8E42E3D04E
:10E0B000DB682BB1DE8A8E42DED0DB68002BE9D133
:10E0C0007346DE8A8E42D7D0DB687BB1DE8A8E4211
:10E0D000D2D0DB6853B1DE8A8E42CDD0DB682BB163
:10E0E000DE8A8E42C8D0DB68002BEAD1029BDE8A32
:10E0F0008E42C1D0DB68002B00F09A80DE8A8E420F
:10E10000BAD0DB68002B00F09380DE8A8E42B3D059
:10E11000DB68002B00F08C80DE8A8E42ACD0DB689E
:10E12000002BE4D184E000BFB146002900F0F0806C
:10E1300000214FF6FF7E43F6FE7C04E0614501F1CD
:10E14000010100F21581013293B27345434604BFC9
:10E150004CF20002CFF6FF72DF8A96B2B742EDD0E2
:10E16000DB687BB1DF8AB742E8D0DB6853B1DF8A76
:10E17000B742E3D0DB682BB1DF8AB742DED0DB6881
:10E18000002BE9D1029BDF8AB742D7D0DB687BB195
:10E19000DF8AB742D2D0DB6853B1DF8AB742CDD035
:10E1A000DB682BB1DF8AB742C8D0DB68002BEAD12D
:10E1B0004E4641E0002143F6FE7904E0494501F175
:10E1C000010100F2D580013296B26645464604BF91
:10E1D0004CF20002CFF6FF72F38A97B2BB42EDD049
:10E1E000F6687EB1F38ABB42E8D0F66856B1F38A8E
:10E1F000BB42E3D0F6682EB1F38ABB42DED0F668AC
:10E20000002EE9D17646F38ABB42D7D0F6687EB1BC
:10E21000F38ABB42D2D0F66856B1F38ABB42CDD066
:10E22000F6682EB1F38ABB42C8D0F668002EEAD158
:10E2300040F21C36C2F2000640F23003C2F2000384
:10E2400011041A80E2825DD071695A6811445960E4
:10E25000216501396164C4E9161140F660010022AC
:10E26000C0F66001C4E90921018DE2624FF4066243
:10E270004FF40670A4F8602039B12822D1FA52F187
:10E2800089B2B1F5067F38BF084660860120A4F840
:10E29000480020460221C4F88850022500F08EF97B
:10E2A00000287FF49EADBBF1000F25751BD03146D1
:10E2B00051F8080FA04214D0A8B1C2680146A2428A
:10E2C0000ED082B1D0681146A04209D058B1C268C0
:10E2D0000146A24204D032B1D0681146A042EBD12F
:10E2E0000C31E0680860F068E060F46003F0FAFE6A
:10E2F00001203070204601F019F9002040B203B02F
:10E30000BDE8F08FFE2040B203B0BDE8F08F00BF43
:10E3100000214FF6FF7E43F6FE7C013293B2734537
:10E32000434604BF4CF20002CFF6FF72DF8A96B27A
:10E33000B74219D0DB68002B3FF43AAFDF8AB7420F
:10E3400012D0DB68002B3FF433AFDF8AB7420BD02B
:10E35000DB68002B3FF42CAFDF8AB74204D0DB68C8
:10E36000002BE3D124E700BF614501F10101D4D9BD
:10E3700040F23000C2F2000002800020E082FE2065
:10E3800040B203B0BDE8F08F7463705F636F6E6E70
:10E390006563743A2063616E206F6E6C7920636FE1
:10E3A0006E6E6563742066726F6D20737461746540
:10E3B00020434C4F534544007463705F636F6E6E2F
:10E3C0006563743A20696E76616C69642069706176
:10E3D000646472007463705F636F6E6E6563743A39
:10E3E00020696E76616C69642070636200000000D1
:10E3F0002DE9F04381B09946904607460C4668B334
:10E40000D4B30320FAF760FC002846D006460898EB
:10E41000042101EA8005B07220890021A842316000
:10E4200074600CD247F2C52047F6B823C0F601004D
:10E4300040A1C0F60103B02208F048FD2089401B2E
:10E44000308120461421FCF7B3FE78B3304603F048
:10E45000D1F80026304601B0BDE8F08347F2C52070
:10E4600047F6B823C0F6010021A1C0F60103A3229C
:10E4700008F02CFD002CC4D147F2C52047F6B82384
:10E48000C0F6010022A1C0F60103A42208F01EFD7F
:10E490000320FAF719FC0028B8D12046FDF740FA0E
:10E4A0000026304601B0BDE8F08300BF70684168C7
:10E4B000F88AF160F9F7F6FCF268398B10800846AB
:10E4C000F9F7F0FCF16848804846F9F7E9FCF16893
:10E4D0004860052000EB950048EA0030F9F7E2FCBF
:10E4E000F168888100204882304601B0BDE8F083A1
:10E4F0007463705F6372656174655F7365676D6592
:10E500006E743A20696E76616C6964207063620093
:10E510007463705F6372656174655F7365676D6571
:10E520006E743A20696E76616C69642070627566FB
:10E5300000000000702D3E746F745F6C656E203EAD
:10E540003D206F70746C656E00000000B0B50D4624
:10E5500004461AB18DB92046B0BD00BF47F2C520B0
:10E5600047F2A363C0F601000AA1C0F6010340F61A
:10E57000C50208F0ABFC002DEDD0288D0028EAD0B4
:10E580002821D0FA51F080B2844228BF04462046A8
:10E59000B0BD00BF7463705F6566665F73656E646F
:10E5A0005F6D73735F6E657469663A20696E76613C
:10E5B0006C6964206473745F697000002DE9F04138
:10E5C00082B00D4611F00308044600F08F80002C45
:10E5D00000F09F8005F002004700362039464FF4D6
:10E5E0002072FCF71BFE002876D006464089B84210
:10E5F000C5F340070CD247F2C52047F6B823C0F652
:10E6000001005EA1C0F6010340F23A4208F05EFC50
:10E61000E36D204631462A460097FFF7E9FE0028C1
:10E620005AD00646007B80070CD047F2C52047F63B
:10E63000B823C0F6010060A1C0F6010340F24242D7
:10E6400008F044FC308978B147F2C52047F6C33161
:10E6500047F6B823C0F60100C0F60101C0F6010379
:10E6600040F2434208F032FC274657F86C0F394617
:10E6700068B100BF026801464AB11068114630B166
:10E68000026801461AB1106811460028F2D1002034
:10E69000B8F1000F0E60A4F8680009D0E06DE9073A
:10E6A00000F10100E06503D0608B40F02000608342
:10E6B0007068FCF79DFFB4F8661008440104A4F8E4
:10E6C000660003D0206F08B9386888B3002040B2D4
:10E6D00002B0BDE8F08100BF608B40F08000608335
:10E6E000FF2040B202B0BDE8F08100BF47F2C52074
:10E6F00047F6B61147F6B823C0F60100C0F601018F
:10E70000C0F6010340F2124208F0E0FB002C7FF457
:10E7100061AF47F2C52047F6B823C0F601000FA14C
:10E72000C0F6010340F2134208F0D0FB52E700BFED
:10E7300047F2C52047F69B3147F6B823C0F60100E3
:10E74000C0F60101C0F6010340F2664208F0BEFBCC
:10E75000002040B202B0BDE8F08100BF7463705F7A
:10E76000656E71756575655F666C6167733A206982
:10E770006E76616C69642070636200007463705F20
:10E78000656E71756575655F666C6167733A206368
:10E790006865636B207468617420666972737420A5
:10E7A000706275662063616E20686F6C64206F70A4
:10E7B000746C656E000000007365672D3E746370B5
:10E7C000686472206E6F7420616C69676E656400A6
:10E7D000002808BF7047B0B50446007D0D460128EB
:10E7E0000CD147F2C52047F2A363C0F6010006A191
:10E7F000C0F6010340F60D0208F068FBC4F8905023
:10E80000BDE8B040704700BF696E76616C696420F6
:10E81000736F636B657420737461746520666F72C7
:10E82000206572722063616C6C6261636B00000032
:10E830002DE9F04740F21C39C2F2000999F80100B5
:10E84000D9F80C400130002C89F8010000F07E80DE
:10E850004FF0000806E000BFD9F80C40002C08BFBC
:10E86000BDE8F087A07F99F80110884202D1E768DF
:10E8700068E000BF608BA177C20709D040F00200BA
:10E880006083204600F052FE608B20F0030060831E
:10E89000010721D5217D20F008000729608309D0D8
:10E8A000042901D0032917D1204602F06DFF28B9B1
:10E8B00005200CE0204602F067FF38B101300BD193
:10E8C000608B40F00800608306E000BF09202075DF
:10E8D000204600F02BFE00BFA56FE76895B3D4F883
:10E8E000846095F80DA089F80080C4F878805EB146
:10E8F000206921462A460023B04710F10D011BD0A4
:10E90000C0B240B1A56717E02989204602F050FB4C
:10E910002846FDF705F85FEA8A600DD5208DB0F531
:10E92000066F1CBF01302085D4F8846026B12069B1
:10E93000214600220023B04799F8000000287FF408
:10E940008BAF00BF002F3C467FF48CAFBDE8F08753
:10E9500010B50446007D01280ED147F2C52047F2CC
:10E96000186147F2A363C0F60100C0F60101C0F6CA
:10E970000103D42208F0AAFA01202146BDE8104084
:10E98000F9F7FEBE2DE9F04F81B0002900F0988024
:10E9900040F2602B47F2C52847F6930947F6531A11
:10E9A0000C460546C2F2000BC0F60108C0F601098C
:10E9B000C0F6010A7AB938E0C81BBBF808102289F2
:10E9C000A5F866005018ABF80800204602F012FEC9
:10E9D000002E344674D0E0684068F9F761FAE168C7
:10E9E0002689898907460846F9F75CFADBF818108A
:10E9F000BA19511A800718BF013100295BDCD4E92C
:10EA00000060FCF7F5FDB5F8661007468142D3D2E9
:10EA10004046494640F25742534608F057FAB5F887
:10EA20006610C9E7002E34464AD0E0684068F9F71E
:10EA300037FAE1682689898907460846F9F732FAE4
:10EA4000DBF81810BA19511A800718BF01310029D4
:10EA500031DCD4E90060FCF7CBFDB5F86610074661
:10EA6000814208D24046494640F25742534608F098
:10EA70002DFAB5F86610C81BBBF808102289A5F856
:10EA800066005018ABF80800204602F0B3FDB5F858
:10EA900066000028C6D0002EC4D147F2C52047F634
:10EAA0005313C0F6010009A1C0F6010340F262420F
:10EAB00008F00CFA0024204601B0BDE8F08F00BF3A
:10EAC0000024204601B0BDE8F08F00BF7463705F82
:10EAD000726563656976653A2076616C6964207158
:10EAE00075657565206C656E6774680070B5456FF7
:10EAF000002D08BF70BD0446D5E90060002818BF8E
:10EB0000FCF70EFF03202946F9F73AFE002E3546A2
:10EB1000F2D10020606770BD80B5F1F795FB40F23F
:10EB2000300140F44040C2F20001088080BD000086
:10EB30002DE9F04F83B0044660B947F2C52047F68F
:10EB40005313C0F601000FF23C51C0F601038322BB
:10EB500008F0BCF96189606840F26026C2F20006E4
:10EB60001429F0600AD340F2547AC2F2000ADAF8AB
:10EB70000010DAF81400F7F75BFF28B1204603B065
:10EB8000BDE8F04FFCF7CCBEDAF8140000F0F0005E
:10EB9000E028F3D0F0688089F9F784F93C2101EA94
:10EBA00090211429EAD320898142E7D86289A1F112
:10EBB000140000238A427080336149D2206860B912
:10EBC00047F2C52047F65313C0F601000FF2CC41BF
:10EBD000C0F60103C22208F079F920461421FDF79E
:10EBE000CFF861897088B180471A2046BDB2FDF721
:10EBF000C7F8206841898D42C0D8416831612946F3
:10EC0000FDF7BEF820896189C01B208169B147F2F8
:10EC1000C52047F65313C0F601000FF29041C0F62D
:10EC20000103DF2208F052F92089216880B20989A6
:10EC3000884211D047F2C52047F65313C0F60100B1
:10EC40000FF27441C0F60103E02208F03FF903E03F
:10EC5000B0802046FDF794F8F0680088F9F722F9B3
:10EC6000F268518810800846F9F71CF9F26851687B
:10EC700050800846F9F714F9F168486070618868B7
:10EC8000F9F70EF9F1688860C989B0610846F9F7AB
:10EC900009F9F2689189D0810846F9F703F900F083
:10ECA0003F01317021898007F18005D0481C81B275
:10ECB0008142F0807FF462AF40F22830C2F200005F
:10ECC0000068002800F0B48047F2C52B47F65317C0
:10ECD00047F6D5080025C0F6010BC0F60107C0F6BF
:10ECE000010803E0E868002800F0A280A946054674
:10ECF000007D38B10A280FD0012819D0287AF8B938
:10ED000026E000BF58460FF2D031FB223B4608F008
:10ED1000DDF8287D0A28EFD147F6FC015846C0F6F9
:10ED20000101FC223B4608F0D1F8287D0128E5D1FD
:10ED300058464146FD223B4608F0C8F8287A38B1CB
:10ED4000DAF8041091F834100131C9B28842C9D1FF
:10ED5000F068298B02889142C4D1E98A40888142B7
:10ED6000C0D16868DAF810108842BBD12868DAF898
:10ED700014108842B6D1E868A8420FD147F2C520E6
:10ED800047F63E0147F65313C0F60100C0F60101F5
:10ED9000C0F6010340F20D1208F098F8E868B9F1E6
:10EDA000000F08D040F22831C2F20001C9F80C006F
:10EDB00008680D60E860A8420FD147F2C52047F609
:10EDC000690147F65313C0F60100C0F60101C0F611
:10EDD000010340F2151208F079F821890020B1856D
:10EDE000F168706231633178B4620907F061707064
:10EDF000308103D5607B40F001006073A86F00286C
:10EE000000F0B080284601F04BFB0D3007D0A86F12
:10EE1000002800F0A780F088002800F0A380688D0B
:10EE2000002840F0EA80284602F008FCE5E000BF38
:10EE300040F22C30C2F200000568002D3ED047F2AF
:10EE4000C52847F6261947F65317C0F60108C0F63D
:10EE50000109C0F6010701E0ED687DB3287D0A28AD
:10EE600006D04046494640F21F123B4608F02EF8B5
:10EE7000287A38B1DAF8041091F834100131C9B2A7
:10EE80008842E9D1F068298B02889142E4D1E98A6D
:10EE900040888142E0D16868DAF810108842DBD1FE
:10EEA0002868DAF814108842D6D1284603F08AF987
:10EEB000204603B0BDE8F04FFCF732BD40F2203CE5
:10EEC000C2F2000CDCF800E0BEF1000F2CD0DAF842
:10EED0000470DAF81480F3680020724602E000BF84
:10EEE000C26812B301461046127A2AB197F834501C
:10EEF0000135EDB2AA42F3D1C28A5D88AA42EFD1B0
:10EF00000268002A18BF4245EAD129B1C268CCF88C
:10EF10000000CA60C0F80CE000F0AEF9204603B073
:10EF2000BDE8F04FFCF7FCBCF3689889F8F7BAFF2E
:10EF300040073FF523AEF068D6E90521F3884788FE
:10EF400006880AF110001A44CDE900070AF11403FB
:10EF50000020029602F08CFA204603B0BDE8F04F84
:10EF6000FCF7DEBC2846356200F0ACFF0D3044D023
:10EF70007078000730D432894AB1D5F8803023B197
:10EF80002869294698470D3037D00020308128461F
:10EF900000F0B6F888BBF06900284DD0A86F78B1B2
:10EFA00047F2C52047F6BB0147F65313C0F60100F0
:10EFB000C0F60101C0F601034FF4F37207F086FFBB
:10EFC000688BC00624D4D5F884704FB32869F269E1
:10EFD00029460023B84729E0D5F890201AB12869BE
:10EFE0006FF00D01904740F22830C2F20000294630
:10EFF00000F056FE2846FFF7ABFCB06A0024F4612F
:10F00000346210B1FCF78CFCB46203B0BDE8F08F41
:10F01000F069FCF785FC2846FEF7DCF8EDE700BF59
:10F02000F26900202946002301F084FF20B1C0B21C
:10F03000F328E2D0F069A8677078800605D5A86F3C
:10F0400070B1417B41F020014173002030622846BD
:10F0500000F056F80028D0D1284600F067FACCE737
:10F06000288DB0F5066F1CBF01302885D5F8847057
:10F07000002FEAD02869294600220023B8470D3026
:10F08000BBD0E2E77463705F696E7075743A206993
:10F090006E76616C6964207062756600702D3E6EDC
:10F0A00065787420213D204E554C4C00702D3E6CEF
:10F0B000656E203D3D203000702D3E746F745F6C96
:10F0C000656E203D3D20702D3E6E6578742D3E743A
:10F0D0006F745F6C656E00007463705F696E70754D
:10F0E000743A20616374697665207063622D3E73A3
:10F0F0007461746520213D20434C4F53454400000A
:10F1000010B540F26021C2F200014978C9065CBF27
:10F11000002010BD0446408BC00606D4D4F89020D1
:10F120001AB120696FF00E01904740F22830C2F208
:10F130000000214600F0B4FD2046FFF709FC012045
:10F1400010BD00002DE9F04184B0044610B3206DDD
:10F150000138F8F7A5FE616A278BE38A668D0246BF
:10F160001020CDE9007008460021029600F0EEFB69
:10F17000002851D00546606A618D271D0144207A20
:10F18000E16200284ED0FBF7D7FB064600284ED19F
:10F19000FC2458E047F2C52547F6B826C0F601051D
:10F1A000C0F601062DA1284640F62402334607F09A
:10F1B0008DFE502000680138F8F772FE47F6702186
:10F1C0000746C0F60101284640F24272334607F076
:10F1D0007DFE16210B8818214FF0240809882A2665
:10F1E000D8F8000035881022CDE9001200213A46F7
:10F1F000029500F0ABFB78B10546D8F800003188E5
:10F20000042708442C2108600420F8F703FA08B307
:10F2100006460020FF230CE0FF2460B204B0BDE8E6
:10F22000F08100BF3846F8F7F5F90646A0B1A07A9C
:10F23000E37A0621CDE90001284621463A460296A6
:10F24000F7F72EFE04462846FCF76AFB60B204B0CE
:10F25000BDE8F081FC24F6E7FC24F4E77463705FFA
:10F260006B656570616C6976653A20696E76616C74
:10F270006964207063620000F0B583B040F26027DB
:10F28000C2F2000739784A0704D40546C80603D4F9
:10F29000880719D403B0F0BDF868D7E90521FB88C9
:10F2A0004788068840F25470C2F200001A4400F108
:10F2B0001003CDE9003700F114032846029602F04E
:10F2C000D7F803B0F0BD00BF687DFDF787FF0028C9
:10F2D00056D0044640F25470C2F20000D0E9040156
:10F2E000264646F8040FF8682160E98A0088E18222
:10F2F0007969208303202075481C6062E062204603
:10F3000000F0A4F8796960640139C4E91401A065CA
:10F31000E065687A296900F00C00607240F22830DC
:10F32000C2F200002161297A0268E5672172E26079
:10F33000046002F0D7FE40F21C30C2F2000001214E
:10F340000170204600F05CFBF868658EC089A4F867
:10F350006000A4F862003046F8F75CF901462846E0
:10F360003246FFF7F3F8608620461221FFF726F9B0
:10F3700090B12046002103B0BDE8F040FDF718BE73
:10F38000AB69002B86D0286900214FF0FF3203B013
:10F39000BDE8F040184700BF204603B0BDE8F0408C
:10F3A00000F0C4B8F0B581B088B30446006870B30B
:10F3B00040F21C36C2F20006F0680D4668BBB06829
:10F3C000B8BB25B3286810B3706800B30168226821
:10F3D000914204BF29680160C068C0B10168226819
:10F3E000914204BF29680160C06880B10168226849
:10F3F000914204BF29680160C06840B10168226879
:10F40000914204BF29680160C0680028DED101B0C4
:10F41000F0BD00BF002F3846D1D021680268C76810
:10F420008A42F7D10121FDF7C3FDF3E7002F3846EB
:10F43000C7D021680268C7688A42F7D10121FDF769
:10F44000B7FDF3E74020FDF7C9BE000080B560B905
:10F4500047F2C52047F2A363C0F6010009A1C0F638
:10F46000010340F6AF0207F031FD40F21C3040F2DC
:10F470003001C2F20000C2F2000140694A68104443
:10F48000486080BD7463705F6E6578745F69737384
:10F490003A20696E76616C696420706362000000D6
:10F4A000F0B581B00446C0680D468089F8F7FAFCD3
:10F4B000C00723D155B340F26027C2F2000705E030
:10F4C0002E68284602F096F83546FEB1EA6878695B
:10F4D000238951682E8903440E449E1B1AD49089B7
:10F4E000F8F7E0FCC007EBD0E06886890120F8F768
:10F4F000D9FCE16830438881E2E700BF284602F08A
:10F5000089F80025256001B0F0BD00BF0025256009
:10F5100001B0F0BD5A1A012AF4DB091A6068218192
:10F5200089B2FCF77FFB256001B0F0BD2DE9F04FFB
:10F5300085B00446002851D0207D01280DD147F226
:10F54000C52047F6B823C0F601000FF2AC31C0F673
:10F55000010340F2E44207F0B9FC40F28020C2F21D
:10F5600000000068A0424BD0B4F86000B4F84880B6
:10F57000E66E404538BF804636B3207A271D002806
:10F5800044D0FBF7D9F90546002845D0206808B9D2
:10F5900068682060F0684068F8F782FC616C328926
:10F5A000401A104440453DD9B4F8600080450BD165
:10F5B000206F48B994F8990030B94FF48070A4F8DE
:10F5C0009800002084F89A00608B800740F17781D2
:10F5D000204605B0BDE8F04F02F030B847F2C52034
:10F5E00047F6B823C0F60100BDA1C0F6010340F202
:10F5F000E14207F06BFC207D0128A0D0ADE700BF01
:10F60000002040B205B0BDE8F08F00BF3846F8F7E3
:10F6100001F805460028B9D1FC2040B205B0BDE88C
:10F62000F08F00BFA2465AF8700F002104958AF8A7
:10F63000291068B101688346A9B108688B4690B16A
:10F640000168834679B108688B460028F2D10AE048
:10F650004FF0000B07E000BF304601F0CBFFE66E35
:10F66000002E00F02981F0684068F8F719FC616C01
:10F670003289401A1044404500F21C81F0688089AC
:10F68000F8F710FC40070CD547F2C52047F6B82321
:10F69000C0F60100A2A140F23752C0F6010307F004
:10F6A00015FCDAF8000020B1608B10F0440F00F078
:10F6B000BD80207D022807D0F06885891020F8F7EA
:10F6C000F1FBF168284388817068807B012867D14D
:10F6D000606AF8F7E5FBF268618D90600846F8F71C
:10F6E000E1FBF568618DE881606AB27A0844D10770
:10F6F000E06201D114350BE004994FF406703A46EC
:10F70000FEF724FF00F10170F8F7CAFB68611835B5
:10F71000B4F93000B946B0F1FF3FDCBF00202086CD
:10F72000606B50B9F06840F23031C2F200010968F4
:10F7300040686163F8F7B4FBA0637068F1684268E1
:10F74000438907898A1A9B1ABA1A0281B27A4381BD
:10F7500002F0010201EB8202143295424FF00002E6
:10F7600041600A820DD047F2C52047F6B823C0F6A3
:10F77000010071A140F21C62C0F6010307F0A6FB74
:10F780007068A17AE37A009106210191049D2146D7
:10F790004A464F460295F7F783FB002840F09880D1
:10F7A000207D31680228E16603D0608B20F00300E1
:10F7B0006083F0684068F8F773FBF16835898989E0
:10F7C00081460846F8F76EFB8007206D09EB0501BE
:10F7D00018BF0131401AB0F1FF3FD8BF2165F06872
:10F7E00035898089F8F75EFB10F0030018BF4FF0F1
:10F7F000FF3085423FF430AFDAF8000000284FF0C8
:10F80000000030602CD0F0684068F8F749FBDBF866
:10F810000C10054649680846F8F742FB281AB0F173
:10F82000FF3F21DDCBF80060B34618E7E16E41B140
:10F830000A68002A7FF43DAF0989628E9142BFF4C5
:10F8400038AFB4F8641000293FF433AFB4F8661051
:10F8500008293FF62EAF10F0A0007FF42AAF29E070
:10F86000CAF80060B346FAE6DAF80010C1B1B9464A
:10F87000574600BFC8684068F8F712FBF1680546B4
:10F8800049680846F8F70CFB291A3868B1F1FF3FC0
:10F890000ADC016807460029ECD1002106E000BF20
:10F8A0000021504603E000BF014638464F46316014
:10F8B0000660D4E6E06E10B90020A4F86800608B02
:10F8C00020F080006083002040B205B0BDE8F08FDA
:10F8D000618B41F08001618340B205B0BDE8F08FDB
:10F8E0007463705F6F75747075743A20696E7661B9
:10F8F0006C69642070636200646F6E2774206361BA
:10F900006C6C207463705F6F757470757420666FB3
:10F9100072206C697374656E2D70636273000000F1
:10F92000525354206E6F74206578706563746564FB
:10F9300020686572652100006F7074696F6E7320B6
:10F940006E6F742066696C6C656400002DE9F04F81
:10F9500081B0834601F11400164681B222204FF493
:10F9600020721F46FBF75AFC044660B36089DDE94C
:10F970000BA8DDF8289013280CD847F2C52047F6CD
:10F98000B823C0F6010012A1C0F6010340F22472B0
:10F9900007F09CFA65683846F8F784FA28804846EC
:10F9A000F8F780FA688058466E60F8F779FAA86030
:10F9B0000AF5A040F8F776FAA8814046F8F772FAFF
:10F9C000E88100202861204601B0BDE8F08F00BF2B
:10F9D000636865636B207468617420666972737410
:10F9E00020706275662063616E20686F6C6420739E
:10F9F0007472756374207463705F686472000000D1
:10FA0000F0B540F26021C2F20001B1F802C0BCF1D1
:10FA1000000F71D0D1E903628B8806F1140E00212A
:10FA2000022403E029468DB2654565D28DB21EFAE7
:10FA300081F69D423546A1EB030728BF52FA87F5B0
:10FA4000002A08BF35462E784D1C012EEAD0022E22
:10FA500014D0002E50D0AEB21EFA85F79E423E461C
:10FA6000A5EB030528BF52FA85F6002A08BF3E46DB
:10FA70003578022D40D32944D5E700BFAEB21EFA37
:10FA800085F79E423E46A5EB030528BF52FA85F650
:10FA9000002A08BF3E463578042D2DD18D1C14FA5E
:10FAA00085F6664588BFF0BDAEB201F103058AB1A7
:10FAB000F71A52FA87F738BF0EEB06073E78043183
:10FAC000AFB236029F4226BFED1A52FA85F51EFAF2
:10FAD00085F505E01EF80660043136021EFA85F54C
:10FAE0002D783543A5F2192616F5067F38BF4FF459
:10FAF0000675458697E700BFF0BD0000F0B581B000
:10FB00001C4617460D46064623B1BD42294610D372
:10FB100026E000BF47F2C52047F6B823C0F6010033
:10FB200020A1C0F60103E82207F0D0F9BD42294622
:10FB300016D2079880070BD40698418B49062946B0
:10FB40000ED4089921B1C16E11B9006F294638B1A0
:10FB500005F21B2020F00300B84238BF07463946A3
:10FB600089B230464FF42072FBF758FB0646B0B11D
:10FB7000306878B147F2C52047F6693147F6B823B7
:10FB8000C0F60100C0F60101C0F6010340F20B12FD
:10FB900007F09CF97089401B2080358175813046C3
:10FBA00001B0F0BD7463705F706275665F707265FE
:10FBB000616C6C6F633A20696E76616C6964206F6A
:10FBC00076657273697A650000284DD070B5044679
:10FBD000007D0A2807D8012101FA00F040F2034114
:10FBE000084218BF70BDA06F18B1FBF799FE002046
:10FBF000A067656F7DB100BFD5E90060002818BF20
:10FC0000FBF78EFE03202946F8F7BAFD002E354695
:10FC1000F2D100206067E56E4FF6FF70208665B177
:10FC2000D5E90060002818BFFBF77AFE03202946BB
:10FC3000F8F7A6FD002E3546F2D1256F6DB100BF55
:10FC4000D5E90060002818BFFBF76AFE03202946AB
:10FC5000F8F796FD002E3546F2D10020C4E91B00CE
:10FC6000A4F8680070BD00BF47F2C52047F2A36347
:10FC7000C0F6010003A1C0F6010340F6510207F0EF
:10FC800025B900BF7463705F7063625F70757267DF
:10FC9000653A20696E76616C696420706362000069
:10FCA000B0B50C46054629B19DB12868A04221D1C6
:10FCB00036E000BF47F2C52047F2A363C0F601005B
:10FCC0003CA1C0F6010340F6830207F0FFF8002DC7
:10FCD000EBD147F2C52047F2A363C0F601003CA177
:10FCE000C0F6010340F6840207F0F0F82868A0424D
:10FCF00016D000BFB0B1C2680146A2420ED08AB190
:10FD0000D0681146A04209D060B1C2680146A24243
:10FD100004D03AB1D0681146A042EBD101F10C05F4
:10FD2000E06828600020E0602046FFF74DFF207D5E
:10FD300001280BD00A2809D0608BC10708D040F0F9
:10FD4000020060832046FFF7F1FB207D01282CD0C4
:10FD5000E06E60B147F2C52047F2A363C0F6010030
:10FD600023A1C0F6010340F6930207F0AFF8206F1D
:10FD700060B147F2C52047F2A363C0F6010022A19B
:10FD8000C0F6010340F6940207F0A0F8606F60B17E
:10FD900047F2C52047F2A363C0F6010021A1C0F6D7
:10FDA000010340F6960207F091F800202075E082EA
:10FDB000B0BD00BF7463705F7063625F72656D6F2A
:10FDC00076653A20696E76616C69642070636200C2
:10FDD0007463705F7063625F72656D6F76653A2001
:10FDE000696E76616C6964207063626C697374001B
:10FDF000756E73656E74207365676D656E747320C0
:10FE00006C65616B696E6700756E61636B6564201C
:10FE10007365676D656E7473206C65616B696E6781
:10FE2000000000006F6F736571207365676D656E0C
:10FE30007473206C65616B696E670000C0B170B54A
:10FE40000546007D14460E4601280CD147F2C52018
:10FE500047F2A363C0F601000CA1C0F6010340F60F
:10FE60003E0207F033F8C5F88C606C7770BD00BFB8
:10FE700047F2C52047F2A363C0F601000BA1C0F60C
:10FE8000010340F63D0207F021B800BF696E7661BC
:10FE90006C696420736F636B65742073746174653F
:10FEA00020666F7220706F6C6C0000007463705F6E
:10FEB000706F6C6C3A20696E76616C696420706357
:10FEC000620000002DE9F04184B040F26028C2F2E7
:10FED000000898F800700446790733D417F002053B
:10FEE00004D0207D00F0FE00022866D1608BC006A1
:10FEF00005D440F23030C2F20000006820620026D3
:10FF00002046A4F89A60FFF77BFD207D0238072881
:10FF100013D8DFE810F07B00EB0009005B001D0147
:10FF200009005F01FF0000BF204600F01FFB98F8AA
:10FF30000100800600F12882002670B204B0BDE8FE
:10FF4000F08100BF217D02290AD1D8F81800216D67
:10FF5000884219D0002670B204B0BDE8F08100BF1D
:10FF6000D8F81400626A90421ED169B947F2C520E0
:10FF700047F65313C0F601000FF2B841C0F6010373
:10FF80004FF44E7206F0A2FF98F80100618B40F02A
:10FF9000080088F8010021F001006083F22670B2A9
:10FFA00004B0BDE8F08100BF811A00F14981218DC4
:10FFB0001144401A002800F34381608B002640F072
:10FFC0000200608370B204B0BDE8F081204600F00A
:10FFD000CDFA98F8010098F80010800601F01000A2
:10FFE00000F13481002800F02B81D8F81800216D31
:10FFF000884240F02581E06E0026002804BF0620DC
:020000040801F1
:10000000207570B204B0BDE8F08100BF07F01200A7
:10001000122840F01381616CD8F818000131884231
:1000200040F00C81D8F81410D8F80C206064481EF9
:10003000D28960650420261D4B1C2075658E3046D4
:100040006362E362A4F86020A4F86220F7F7E2FAA2
:10005000014628463246FEF779FA40F68E0141F213
:100060001C126086884288BF4200B4F86610B2EB6A
:10007000800F88BF8200A4F8482079B947F2C520D4
:1000800047F65313C0F601000FF2E831C0F6010342
:100090004FF45B7206F01AFFB4F86610254655F867
:1000A000700F013925F80A1C294628B9214651F854
:1000B0006C0F002800F0B08102680A6001F09AFA23
:1000C000286800281ABF002084F842004FF6FF700D
:1000D000D4F888302086002B3FF46FAF206921468A
:1000E000002298470D307FF468AF59E1F80600F11F
:1000F000C380002D00F0A480606AD8F81410013885
:10010000814204BF204600F0DFFF002670B204B039
:10011000BDE8F081204600F029FA98F80000C006FA
:1001200040F18E80D8F81800216D884240F0888018
:10013000E06E002840F0848098F80100002640F02E
:10014000100088F8010070B204B0BDE8F08100BF73
:10015000204600F00BFA98F80100800670D5608BFD
:1001600040F0020060832046FFF72EFD40F2283168
:10017000C2F200010868A04214D0A8B1C2680146CA
:10018000A2420ED082B1D0681146A04209D058B127
:10019000C2680146A24204D032B1D0681146A042E2
:1001A000EBD10C31E068086040F21C30C2F2000074
:1001B0000121017040F22C31C2F200010A680A20CC
:1001C0002075E2600C6001F08DFF002670B204B073
:1001D000BDE8F081204600F0C9F998F80000C0069B
:1001E0002ED5D8F81800216D884229D1E06E38BB91
:1001F0002046FFF7E9FC40F22831C2F2000108680E
:10020000A04218D00028CFD0C2680146A24211D027
:10021000002AC9D0D0681146A0420BD00028C3D014
:10022000C2680146A24205D0002ABDD0D06811465E
:10023000A042E7D10C31E0680860B5E7F80641D488
:10024000002670B204B0BDE8F08100BF40B1D8F81C
:100250001800216D884203D1E06E002800F0AE80C6
:10026000608B002640F0020060830820207570B289
:1002700004B0BDE8F08100BF606CD8F81810C0432E
:10028000401803D4206D081A002841DDD8F80C006E
:10029000D8F81420B8F806304788068840F2547021
:1002A000C2F200001A4400F11003CDE9003700F15A
:1002B00014032046029601F0DBF8002670B204B069
:1002C000BDE8F081D8F80C00D8E90521B8F806306F
:1002D0004788068840F25470C2F200001A4400F1C8
:1002E0001003CDE9003700F114032046029601F017
:1002F000BFF894F84200002605283FF61EAE2046BF
:10030000268600F08FFF70B204B0BDE8F08100BF18
:10031000E06F04210028217548D083697BB947F23A
:10032000C52047F65313C0F601004AA1C0F60103E9
:100330004FF46A7206F0CAFDE06F8369B3B32069B7
:1003400021460022984710F10D0129D070BB2046AC
:1003500000F00CF9B8F8080040F68E0100281CBF28
:100360000138A8F80800608E41F21C12884288BF4C
:10037000420098F80110B2EB800F88BF8200880617
:10038000A4F848207FF55CAF608B002640F00200A7
:1003900060830720207570B204B0BDE8F08100BF13
:1003A000F32670B204B0BDE8F08100BF2046FCF730
:1003B00011FFF32670B204B0BDE8F081608B40F00D
:1003C000020060832046FFF7FFFB40F22831C2F2B3
:1003D00000010868A0421CD000283FF4E5AEC268C6
:1003E0000146A24214D0002A3FF4DEAED068114686
:1003F000A0420DD000283FF4D7AEC2680146A24209
:1004000006D0002A3FF4D0AED0681146A042E3D116
:100410000C31E0680860C7E647F2C52047F6531381
:10042000C0F6010019A1C0F601034FF45D7206F099
:100430004DFD00BF7463705F696E7075743A207013
:1004400063622D3E737461746520213D20434C4FDF
:10045000534544007063622D3E6C697374656E652C
:10046000722D3E61636365707420213D204E554CB2
:100470004C0000007063622D3E736E645F717565A1
:1004800075656C656E203E20300000006E6F207335
:1004900065676D656E7420746F2066726565000017
:1004A000F0B581B0B0B1856FD0F884606F7B044641
:1004B0000020A06706B3206921462A460023B047E2
:1004C00010F10D013AD0C0B2E8B1A567FB2460B2CB
:1004D00001B0F0BD47F2C52047F2A363C0F60100AA
:1004E00018A1C0F6010340F2096206F0EFFCF02407
:1004F00060B201B0F0BD00BF2989204600F058FD70
:100500002846FBF70DFAB80614D5208DB0F5066F16
:100510001CBF01302085D4F884705FB1206921466A
:10052000002200230024B8470D3008BFF32460B236
:1005300001B0F0BD002460B201B0F0BDF32460B2A0
:1005400001B0F0BD7463705F70726F636573735F49
:10055000726566757365645F646174613A20696E83
:1005600076616C6964207063620000002DE9F04FD1
:1005700081B00446007D03280DD847F2C52047F618
:100580005313C0F601000FF6C401C0F6010340F298
:100590007C4206F09BFC40F2602AC2F2000A9AF804
:1005A0000000C0066ED5606DDAF81430B4F86070E3
:1005B000A66DC11A0FD4DAF81820984201D1B01AEA
:1005C00009D4964228D1DAF80C003946C08932465F
:1005D000B84230460FD9DAF80C00C189B4F862008D
:1005E000A4F86010884238BFA4F86210DAF8180046
:1005F0000246C4E91530656C531B002B12DDE8433D
:10060000801804D4206D101A002840F38B802046F7
:1006100001F014F82DE000BF39463046656C531BDD
:10062000002BECDCBAF8063003BBF31908449842FF
:100630001CD1B4F93000002818D4AA4216D194F87D
:100640004300FF2805D0411C032884F84310C0F064
:100650008F83B4F93200B4F9481091FA50F0A4F83D
:100660004800204600F090FD03E000BF002084F821
:100670004300606B30B1A16BDAF81820891AB1F130
:10068000FF3F1BDDBAF80610D1B3207D062837D80E
:10069000DAF81400626AC3439B1804D40144511A67
:1006A000013100296EDD811AB1F1FF3F00F3DB80DB
:1006B000608B40F002006083DBE000BF40F230312D
:1006C000C2F200010968B4F93C200027A7EBD2066A
:1006D000081A10FA86F0B4F93E3011180AB2A18750
:1006E000010448BF4042A0EB93001844E08700EBB0
:1006F000D200A4F840006763BAF806100029C4D1FC
:10070000DAF81400616A421A05D4228D1144401AA5
:100710000130012803DB608B40F00200608301B0F0
:10072000BDE8F08F618B480709D5B4F84A0021F085
:100730000401A4F8480000206183A4F86A00B4F919
:100740003C00E78F002507EBD000277DA4F842503E
:10075000042FA4F840006264C0F0A982B4F84800F5
:10076000B4F84A20904280F0918209059AB24FF085
:100770000101638E58BF0221594389B28A4238BFB2
:10078000114690E2DAF82850171A6DB947F2C520E1
:1007900047F65313C0F601000FF2CC61C0F6010317
:1007A00040F2945206F092FB4FF6FF7087420DD351
:1007B00047F2C52047F65313C0F601000FF2B861A7
:1007C000C0F6010340F2955206F080FBDAF82800EB
:1007D000BEB20089864210D947F2C52047F65313AE
:1007E000C0F601000FF2A061C0F6010340F297527B
:1007F00006F06CFBDAF828000089BAF82C106A8938
:10080000C91B9642AAF82C1022D9C01B002100BF98
:10081000288169812D68B21A6B8996B29E4217D9D8
:10082000288169812D68D21A6B8996B29E420FD9B0
:10083000288169812D68D21A6B8996B29E4207D9A8
:10084000288169812D68D31A6A899EB29642DFD8C1
:1008500028463146FBF794FA626ADAF83000CAF8A3
:10086000142042601046238D411C1344CB1A002BE8
:1008700006DD204601B0BDE8F04F00F0DFBE00BF4E
:10088000904240F05581DAF83000BAF82C50808957
:10089000F7F708FB800718BF0135208DA9B2814208
:1008A000AAF806504DD9DAF830008089F7F7FAFA3D
:1008B000DAF8302001469089C9070BD020F47C5526
:1008C000F7F7F0FA00F03E00F7F7ECFADAF830103C
:1008D00028438881218DAAF82C10F7F7E3FABAF89B
:1008E0002C10800744BF0139AAF82C10DAF8280030
:1008F00089B2FBF797F9DAF83000BAF82C50808902
:10090000F7F7D0FA616A228D800701EB0200DAF86E
:10091000141018BF013511FA85F18142AAF806506A
:100920000FD047F2C52047F6070147F65313C0F62C
:100930000100C0F60101C0F6010340F2CC5206F0FE
:10094000C5FA606F68B1DAF830008089F7F7AAFA63
:10095000656FC00740F0AC80002D40F0BB800025E3
:100960006567DAF81420BAF80600218D0244814246
:10097000626212D247F2C52047F2C37147F65313A1
:10098000C0F60100C0F60101C0F6010340F20762A3
:1009900006F09CFABAF80600218D081A2085204638
:1009A00001F070FCDAF82800018900291EBFCAF89E
:1009B0001C000020CAF82800DAF830008089F7F718
:1009C00071FAC00705D09AF8010040F020008AF8BB
:1009D0000100656F002D00F04B8147F2E27947F688
:1009E000531BC0F60109C0F6010B002609E000BF49
:1009F00028686067284600F0FDFD656F002D00F057
:100A00003781E868626A4168914240F031818089AB
:100A10002F89CAF81410F7F745FA616A800739443C
:100A200018BF0131E868278D8089B5F808806162B8
:100A3000F7F738FA800718BF08F10108B84509D957
:100A400047F2C520C0F60100494640F22C625B46E1
:100A500006F03CFAE8682F898089F7F723FA218DA0
:100A60008007A1EB0701204618BF0139218501F05D
:100A700009FC6968088940B1DAF81C0000280CBF3D
:100A8000CAF81C10FAF7C2FC6E60E8688089F7F7B4
:100A900009FAC007ACD09AF80100217D40F020008F
:100AA00004298AF8010004BF07202075A0E700BFD1
:100AB000002D3FF456AF28686067284600F09AFD85
:100AC000656FF5E72E68284600F094FD002E354648
:100AD0003FF445AFEA68DAF81400BAF80630516816
:100AE0002F8903440F44DF1B00F146819089F7F7FB
:100AF000D9F9C007E6D0DAF830008089F7F7D2F9E3
:100B00008007DFD4DAF8300086890120F7F7CAF9C8
:100B1000DAF8301030438881BAF82C6080B2F7F7E9
:100B2000C1F9800718BF0136AAF80660CAE700BFFE
:100B3000A04658F8746F002E00F0EC80002500BF2E
:100B4000002E3FF496AEF26837465368984200F0A4
:100B5000FD804DB1EE687668F643361809D4CE1A9A
:100B6000002E06DC44E100BFC61AB6F1FF3F40F399
:100B70005B813E683D46002EE2D1C31A012B3D4603
:100B8000DEDB9089F7F78EF9C0077FF472AE0AF1C9
:100B9000240000F0FFFC002838603FF46AAEF868DB
:100BA0003A894168DAF814000A44121A012A07DB6C
:100BB000411A7868398189B2FBF734F8DAF8140001
:100BC000BAF80610626A238D0844D118401A012829
:100BD000FFF64FAE3868C0688089F7F763F9396867
:100BE000C0070DD0C868808920F47C55F7F75AF902
:100BF00000F03E00F7F756F939682843CA6890813B
:100C0000606A228DDAF814301044C21A48680A81EA
:100C100091B2FBF707F83868C16805898889F7F74A
:100C200041F9616A228D800701EB0200DAF81410A5
:100C300018BF013511FA85F18142AAF806503FF438
:100C400018AE47F2C52047F6070147F65313C0F622
:100C50000100C0F60101C0F6010340F2F96206F09E
:100C600035F9204601B0BDE8F04F00F0E7BC00BF09
:100C7000608BC1070EBF40F0010040F0020020F081
:100C80000100608301B0BDE8F08F00BFB4F96A10C5
:100C900091FA53F18AB28242A4F86A1007D30A1A71
:100CA000618EA4F86A2090FA51F0A4F84800D4E9C3
:100CB0001B212046FDF766FEE16E024620672046B6
:100CC000FDF760FE216F0022E066002908BF4FF0AB
:100CD000FF3222860028257704BF0022A4F868206E
:100CE000B4F86430BAF80870628B3B441705A4F876
:100CF00064307FF5BEACC9B1C868E56C4068F7F7F1
:100D0000CFF8281A00283FF7B4AC608B20F40060BD
:100D10006083AEE40AF1240000F03CFCC8F8000057
:100D2000204601B0BDE8F04F00F088BC48B1C06873
:100D3000E56C4068F7F7B4F8281A00283FF799AC3B
:100D4000628B22F40060608393E400BFBAF82C0049
:100D5000398988427FF68DAD0AF1240000F01AFC33
:100D600000283FF486AD002D18BFA84663E000BF01
:100D700002283FF476AC7CE45A1A012AFFF6F0AD63
:100D8000DAF83020091A9089AAF82C10F7F78AF8B7
:100D9000BAF82C10800744BF0139AAF82C10DAF8F1
:100DA000280089B2FAF73EFFDAF83000BAF82C6072
:100DB0008089F7F777F8800718BF0136E868DAF816
:100DC0001410406811FA86F18142AAF806603FF4D7
:100DD000C7AD47F2C52047F65313C0F601002EA158
:100DE000C0F6010340F2FD5206F070F8B8E500BF0E
:100DF0000AF1240000F0CEFB00283FF43AAD804613
:100E0000E8682A894068DAF814100244521A012A64
:100E100005DB091A6868298189B2FAF703FFC5F86A
:100E20000080404609E000BF0AF1240000F0B2FB58
:100E300000283FF41EADC8F800003946FEF730FB2D
:100E4000204601B0BDE8F04F00F0F8BB7463705F5E
:100E5000726563656976653A2077726F6E67207395
:100E60007461746500000000696E7365672E702000
:100E7000213D204E554C4C00696E73616E65206FAC
:100E800066667365742100007062756620746F6F0A
:100E90002073686F727421007463705F726563659C
:100EA0006976653A207365676D656E74206E6F7440
:100EB000207472696D6D656420636F72726563740E
:100EC0006C7920746F206F6F736571207175657513
:100ED000650A0000002808BF7047B0B50446007DD1
:100EE0000D4601280CD147F2C52047F2A363C0F696
:100EF000010006A1C0F6010340F2DF7205F0E6FF33
:100F0000C4F88450BDE8B040704700BF696E766198
:100F10006C696420736F636B6574207374617465AE
:100F200020666F7220726563762063616C6C62610B
:100F3000636B000010B559B11446CAB12289084646
:100F4000114600F035F82046FAF7EAFC11E000BF40
:100F500047F2C52047F2A363C0F601000DA1C0F619
:100F600001034FF4D36205F0B1FFF02040B210BD91
:100F700013B1002040B210BD087D012803D0488B7A
:100F800040F01000488308460121BDE81040FCF7FE
:100F900097BD00BF7463705F726563765F6E756C3A
:100FA0006C3A20696E76616C69642070636200003F
:100FB000B0B5E8B30446007D0D4601280CD147F2D8
:100FC000C52047F2A363C0F601002FA1C0F60103BC
:100FD00040F2D33205F07AFF208D284481B281425D
:100FE000084618BF4FF40660B1F5066F88BF4FF48E
:100FF0000660658E626AE16AB5F5866F28BF4FF4B8
:10100000866513180D445D1BB5F1FF3F20851FDD7C
:10101000591AB1F5067F608538BFB0BD608B40F0CE
:10102000020120466183BDE8B040FEF77FBA00BFF1
:1010300047F2C52047F2A363C0F601001CA1C0F629
:10104000010340F2CF32BDE8B04005F03FBF00BF22
:10105000501A012802DB00206085B0BD8D1AB5F55D
:10106000803F0FD347F2C52047F2D26147F2A36316
:10107000C0F60100C0F60101C0F6010340F2B6322D
:1010800005F024FF6585B0BD646F6E277420636131
:101090006C6C207463705F72656376656420666F44
:1010A00072206C697374656E2D706362730000004A
:1010B0007463705F7265637665643A20696E766109
:1010C0006C69642070636200F0B581B0044618B1A9
:1010D000266F86B930E000BF47F2C52047F6B82337
:1010E000C0F6010022A1C0F6010340F2C16205F082
:1010F000EDFE266F06B37068807B01281CD1274661
:1011000057F86C0F31687960D0B100BFC068406893
:10111000F6F7C6FEF168054649680846F6F7C0FED0
:10112000281A3968B0F1FF3F0CDC08680F46002828
:10113000ECD100200F4606E0FA2040B201B0F0BD2D
:10114000002000E0084630603E603068002804BFA0
:101150000020A4F8680094F84200FF281CBF01306A
:1011600084F842000020606340B201B0F0BD00BFCF
:101170007463705F7265786D69743A20696E766128
:101180006C6964207063620010B5044610B1206F72
:1011900080B910BD47F2C52047F6B823C0F601005C
:1011A00018A1C0F6010340F2F96205F08FFE206F2E
:1011B0000028EED0608B400748BF10BD2046FFF7E7
:1011C00083FF0028E5D1B4F84800B4F860309842B5
:1011D00038BF0346608E59084200B2EB530FA4F8A3
:1011E0004A1084BFA4F84A20114600EB400008448E
:1011F000618BA4F8480041F0040060830020208641
:1012000010BD00BF7463705F7265786D69745F664E
:101210006173743A20696E76616C696420706362F0
:1012200000000000F0B581B0044618B3206F00281C
:1012300075D001680546002941D005466A68927B51
:10124000012A6CD10D68CDB34968897B012966D12B
:101250002968A1B36A68927B012A60D10D68002DCC
:1012600058D04968897B012959D129680029E5D1DD
:1012700025E000BF47F2C52047F6B823C0F60100BD
:1012800028A1C0F6010340F2AD6205F01FFE002068
:1012900000F076F8002842D147F2C52047F69521A4
:1012A00047F6B823C0F60100C0F60101C0F60103FD
:1012B0004FF4D36205F00AFE1FE000BF0D466968D7
:1012C000897B01292BD1E16EE0662960618B0026C4
:1012D00041F400606083E86826674068F6F7E0FD47
:1012E000E9682F89898905460846F6F7DBFDE91983
:1012F000800718BF0131E164666394F84200FF285B
:101300001CBF013084F84200204601B0BDE8F04027
:10131000FEF70CB90D466968897B0129D3D001B06D
:10132000F0BD00BF7463705F7265786D69745F7241
:10133000746F3A20696E76616C6964207063620034
:1013400010B5044678B947F2C52047F6952147F60F
:10135000B823C0F60100C0F60101C0F601034FF446
:10136000D36205F0B3FD94F84200FF281CBF0130A2
:1013700084F842002046BDE81040FEF7D7B80000D0
:10138000F0B581B0044618B1206F88B959E000BFAC
:1013900047F2C52047F6B823C0F601002BA1C0F6DE
:1013A000010340F2636205F091FD206F002848D0F0
:1013B00001680546C9B105466A68927B012A40D199
:1013C0000D689DB34968897B01293AD1296861B1CB
:1013D0006A68927B012A34D10D686DB34968897BB4
:1013E00001292ED129680029E6D16968897B012964
:1013F00027D1E16EE0662960618B002641F4006030
:101400006083E86826674068F6F74AFDE9682F8937
:10141000898905460846F6F745FDE919800718BF92
:101420000131E164666370B201B0F0BD0D466968D8
:10143000897B012905D1DCE70D466968897B012993
:10144000D7D0FA2670B201B0F0BD00BF7463705FF0
:101450007265786D69745F72746F5F7072657061C8
:1014600072653A20696E76616C696420706362000F
:101470002DE9F04784B00E9EDDE90C94984617469E
:101480000D46824683B3B9F1000F0CD147F2C52057
:1014900047F6B823C0F6010037A1C0F6010340F2B9
:1014A000C57205F013FD2846F6F7FAFC024646F22F
:1014B00008001421CDE9011038460021234600968A
:1014C000FEF744FA10B30746BAF1000F22D09AF89B
:1014D000080048B3F9F730FA044658BB384604B060
:1014E000BDE8F047FAF71CBA47F2C52047F6B82323
:1014F000C0F6010019A1C0F6010340F2C47205F064
:10150000E5FCB9F1000FCED1C0E700BF04B0BDE8E3
:10151000F08700BF4846F6F77DF80028DED0044685
:101520000020FF230AE000BF4846F6F773F80446A0
:101530000028D3D09AF80A009AF80B300621CDE99A
:101540000001384641464A460294F5F7A9FC384660
:1015500004B0BDE8F047FAF7E3B900BF7463705F09
:101560007273743A20696E76616C6964206C6F6383
:10157000616C5F69700000007463705F7273743A2D
:1015800020696E76616C69642072656D6F74655F49
:1015900069700000B0B5044660B947F2C52047F253
:1015A000A363C0F601000CA1C0F6010340F2826201
:1015B00005F08CFC0320F7F787FB054648B121684E
:1015C0006068E268A368EA60AB6029606860FAF767
:1015D000B5FB2846B0BD00BF7463705F7365675F7D
:1015E000636F70793A20696E76616C696420736507
:1015F00067000000002808BF704710B50446406827
:10160000002818BFFAF78CF903202146BDE81040E6
:10161000F7F7B6B8B0B5002808BFB0BD044600BFA4
:10162000D4E90050002818BFFAF77AF903202146C0
:10163000F7F7A6F8002D2C46F2D1B0BD2DE9F04108
:1016400084B0044600B3206DF6F72AFC616A278B4C
:10165000E38A668D02461020CDE90070084600211D
:101660000296FEF773F9002850D00546606A618D36
:10167000271D0144207AE16200284BD0F9F75CF97C
:10168000064600284BD163E047F2C52547F6B82649
:10169000C0F60105C0F6010633A1284640F2EA7201
:1016A000334605F013FC50200068F6F7F9FB47F6C7
:1016B00070210746C0F60101284640F242723346C7
:1016C00005F004FC16210B8818214FF02408098826
:1016D0002A26D8F8000035881022CDE90012002112
:1016E0003A460295FEF732F980B10546D8F8000077
:1016F0003188042708442C2108600420F5F78AFF6C
:1017000030B306460020FF230BE000BF608BFE26AF
:1017100023E000BF3846F5F77DFF0646C0B1A07A4A
:10172000E37A0621CDE90001284621463A46029691
:10173000F5F7B6FB06462846FAF7F2F866B9608B6D
:10174000002620F00300608370B204B0BDE8F08191
:101750002846FAF7E5F8FC26608B40F0030060832A
:1017600070B204B0BDE8F0817463705F73656E643D
:101770005F656D7074795F61636B3A20696E766145
:101780006C6964207063620070B5044610B1E06E4D
:1017900080B922E047F2C52047F6B823C0F6010021
:1017A00018A1C0F6010340F2EB3205F08FFBE06EAA
:1017B00098B100BF0168054649B108680D4630B1CF
:1017C0000168054619B108680D460028F2D1E8689D
:1017D0008089F6F767FB400706D020460121BDE867
:1017E0007040FCF7EBBE00BFE86886890120F6F781
:1017F00059FBE968628B3043888142F02001002068
:10180000618370BD7463705F73656E645F66696EDB
:101810003A20696E76616C69642070636200000032
:10182000002808BF7047B0B50446007D0D4601286A
:101830000CD147F2C52047F2A363C0F6010006A110
:10184000C0F6010340F2F37205F040FBC4F880508B
:10185000BDE8B040704700BF696E76616C69642076
:10186000736F636B657420737461746520666F7247
:101870002073656E742063616C6C6261636B000041
:101880002DE9F04F85B040F21C38C2F20008D8F8BC
:101890001400D8F80CB00130C8F8140098F8010012
:1018A000BBF1000F00F1010088F8010000F0408258
:1018B00047F2C52547F2A36944F6D3560020C0F687
:1018C0000105C0F60109C1F26206049008E000BFFC
:1018D000DBF80C40CDF810B0002CA34600F02882B5
:1018E0009BF81400A0B101281ED128460FF25051D8
:1018F00040F2BF424B4605F0E9FA9BF814000A2873
:1019000014D09BF81E1098F801008142E0D01BE033
:1019100028460FF2005140F2BE424B4605F0D6FA7F
:101920009BF814000128E0D00A28EAD128460FF2DB
:101930003C514FF498624B4605F0C8FA9BF81E10D4
:1019400098F801008142C3D09BF814209BF8421004
:10195000022A8BF81E0003D1052903D91AE000BF23
:101960000B2917D89BF89900E0B1DBF8700048B15B
:1019700047F258612846C0F6010140F2D4424B4676
:1019800005F0A4FADBF86C0000285FD09BF89A0001
:101990000B2869D901279BF81400062800F0A080C5
:1019A000AAE000BFBBF8300047F6FE7188429CBF3A
:1019B0000130ABF83000BBF9401000B2884265DB63
:1019C0005846FFF7DDFC38B1DBF8700000285DD128
:1019D000DBF86C00002859D09BF81400022818D0BE
:1019E0009BF8420048F219330C2828BF0C20BBF9A1
:1019F0003C10BBF93E20C0F60103185C02EBE1018C
:101A000001FA00F047F6FF718842A8BF0846ABF81C
:101A10004000BBF84800BBF86010BBF8322000273C
:101A2000ABF83070884238BF0146500080B2B0EB4E
:101A3000510F38BF4808ABF84A005846ABF8482069
:101A4000ABF86A70FFF77CFC46E000BF47F2EC6140
:101A50002846C0F6010140F2D5424B4605F036FA61
:101A60009BF89A000B2895D89BF8991048F22632DB
:101A7000C0F6010211449BF8980011F8011C88423D
:101A80003CBF01308BF89800884205D200279BF8B4
:101A90001400062824D02FE0BBF86010584639B156
:101AA00000F0FCF940B95846FDF740FD20B9EDE7DC
:101AB00000F0FEFF0028E9D19BF8990000270628D6
:101AC0008BF8987008D801308BF8990000279BF8A4
:101AD0001400062810D103E09BF8140006280BD14F
:101AE000BBF81A10C90607D5D8F81410DBF8202067
:101AF000891A282988BF01379BF80910090733D5AF
:101B0000072801D004282FD1DBF8940044F6B8430D
:101B1000D8F81410DBF82020C0F20A030344A3FB1A
:101B20000635891AB1EB551F08D901374FF0000A65
:101B3000DBF87490B9F1000F1DD139E09BF89B20C0
:101B400042F29F435A4300EBC200A0FB0602B1EBF6
:101B5000521F09D95846FDF7F5FA28B99BF89B00A2
:101B600001308BF89B0000BF4FF0010ADBF8749046
:101B7000B9F1000F1CD0D8F81400DBF82010BBF925
:101B80004020401A02EB4201B0EB410F10D300BFDE
:101B9000D9E90040002818BFF9F7C2FE03204946E2
:101BA000F6F7EEFD002CA146F2D10020CBF8740030
:101BB0009BF81400032803D0092869D1F02000E025
:101BC0002820D8F81410DBF8202047F2C52547F26A
:101BD000A369C0F60105C0F60109891A814288BFD0
:101BE0000137002F5ED04446B046DBF8906058467F
:101BF0005746FDF7E9FF0499E068A246002977D02F
:101C0000834509D147F221712846C0F6010140F20F
:101C10006D524B4605F05AF9DBF80C000499C86088
:101C200087B9BBF81600DBF82420DBF85010BBF8AE
:101C300018700BF10403CDE9003058465B4602975B
:101C4000FFF716FC9BF81400DBF80C40DBF8107073
:101C5000012808D147F218612846C0F60101D422B4
:101C60004B4605F033F901205946F6F789FD002E61
:101C70004FF000008AF800004ED038466FF00C019B
:101C8000B0479AF800004646D04638BB24E600BF6D
:101C900047F2C52547F2A369C0F60105C0F6010960
:101CA000002FA0D19BF81C009BF81D100130DBF821
:101CB0000C40C2B28A428BF81C00FFF40BAEDBF87A
:101CC0008C2000208BF81C0088F800005AB3DBF849
:101CD00010005946904798F8001009B3D8F80CB096
:101CE0000020BBF1000F04907FF4FAAD20E000BFAC
:101CF000584509D047F24C712846C0F6010140F220
:101D000071524B4605F0E2F8DBF80C00CAF80C0003
:101D1000002F3FF486AF95E74646D046DCE500BF8E
:101D200000287FF4D7AD5846FDF700FCD2E500BF90
:101D3000D8F81050002D69D047F2C52447F2A366A9
:101D400047F2186A47F229674FF0000BC0F601040A
:101D5000C0F60106C0F6010AC0F6010707E000BFA1
:101D6000D5F80C90AB46B9F1000F4D464ED0287D0A
:101D70000A2806D02046394640F2A152334605F0E3
:101D8000A5F8D8F81400296A401AF128E8D32846A3
:101D9000FDF71AFFD8F81000BBF1000F22D08542E2
:101DA00009D147F276712046C0F6010140F2AF52E8
:101DB000334605F08BF8E868CBF80C00D5F80C90AA
:101DC000287D012805D120465146D422334605F00E
:101DD0007DF801202946F6F7D3FCB9F1000F4D46F6
:101DE000C5D113E0A84209D047F29D712046C0F644
:101DF000010140F2B352334605F068F8D5F80C9073
:101E0000C8F81090287D0128DDD0E2E705B0BDE8D4
:101E1000F08F00BF7463705F736C6F77746D723A8C
:101E200020616374697665207063622D3E7374610E
:101E3000746520213D20434C4F5345440A00000067
:101E40007463705F736C6F77746D723A2061637442
:101E5000697665207063622D3E737461746520211C
:101E60003D204C495354454E0A0000007463705F96
:101E7000736C6F77746D723A206163746976652054
:101E80007063622D3E737461746520213D20544956
:101E90004D452D574149540A000000002DE9F04FEF
:101EA00083B0044600280D4600F0B280E66E002E96
:101EB00000F0BF80002D00F0C1803089A84240F2C0
:101EC000CF80618EA9421CD247F2C52047F6B823C5
:101ED000C0F6010072A1C0F6010340F25B3204F0CB
:101EE000F5FF308968B947F2C52047F6B823C0F638
:101EF00001006FA1C0F601034FF4577204F0E6FF32
:101F0000308996F80AB0042101EA8B07A0EB050A94
:101F10000AEB070081B236204FF42072F9F77EF900
:101F2000002800F0A6808146706832890189D9F8BE
:101F3000043029448A1AD9191FFA8AF793B23A460B
:101F4000F9F772FCB84240F09180F0688089F5F7AB
:101F5000A9FF074600F00802F06807F00101406899
:101F6000CDE9012101EB0208F5F79AFF431920465C
:101F700049464246CDF800B0FCF73AFA002875D041
:101F8000019905463720002908BF3F2007400298E5
:101F90000028706818BF07F03E07F9F729FBB4F86E
:101FA00066107268081A1189A4F86600A1EB0A008D
:101FB00081B21046F9F736FE3089F168A0EB0A00CD
:101FC000B1F80C8030813846F5F76CFF40EA080123
:101FD000F26870689181F9F70BFBB4F86610014460
:101FE0006868A4F86610F9F703FB3268B4F8661065
:101FF0002A60356008442968A4F8660000294FF07B
:10200000000008BFA4F8680040B203B0BDE8F08F3C
:1020100047F2C52047F6B823C0F6010017A1C0F665
:10202000010340F24B3204F051FFE66E002E7FF4C4
:1020300041AFFF2040B203B0BDE8F08F47F2C520AA
:1020400047F6B823C0F601001DA1C0F6010340F217
:10205000533204F03BFFFA2040B203B0BDE8F08FEA
:10206000002040B203B0BDE8F08F00BF4846F9F74A
:1020700057FCFF2040B203B0BDE8F08F7463705F7F
:1020800073706C69745F756E73656E745F7365678A
:102090003A20696E76616C696420706362000000AA
:1020A00073706C6974203C3D206D737300000000F8
:1020B000757365672D3E6C656E203E203000000014
:1020C00043616E27742073706C6974207365676D4B
:1020D000656E7420696E746F206C656E677468201D
:1020E00030000000B0B540F29425C2F20005287817
:1020F00000B1B0BD40F2283040F22C31C2F20000F5
:10210000C2F2000100680968084308BFB0BD0120A1
:102110002870FAF7BFFC04460A20F6F7D5FD38B35D
:10212000002342F6A951C0F601010360816069688D
:1021300004F1FA024260C36061B34B68D31A2BD436
:102140000B686BB35D68551B30D41968A1B34D683B
:10215000551B32D40B681BB35D68551B26D4196818
:1021600051B34D68551BB5F1FF3F1D46E8DC19E042
:1021700047F2C52047F6774147F64343C0F60100D2
:10218000C0F60101C0F60103BE22BDE8B04004F074
:102190009DBE00BF6860B0BD01606860B0BD00BF9B
:1021A0000D46002101602860B0BD00BF0D461946F4
:1021B00001602860B0BD00BF00211D46016028609D
:1021C000B0BD000010B584B040F26022C2F200023F
:1021D00011784B0722D48B0708D4C90712D040F2DC
:1021E0003031C2F20001096801620BE0D2F814C07C
:1021F000416ABCEB010305D4038D1944ACEB01012A
:1022000000290DDDD18849B1418B41F002014183A4
:1022100004B0BDE81040FDF789B900BF04B010BD9F
:10222000D3689169D288B3F802E0624440F2547CEA
:10223000C2F2000C1C880CF11003CDE9003E0CF139
:1022400014030294FFF714F904B010BD80B5FCF735
:10225000EFFA4AF68F70C2F2000001780131CA0726
:10226000017008BF80BDBDE88040FFF709BB0000DA
:1022700040F26020C2F20000417841F0100141704C
:1022800070470000B0B5044660B947F2C52047F278
:10229000A363C0F601001AA1C0F6010340F2A63202
:1022A00004F014FE658E616AE06A228DB5F5866FD2
:1022B00028BF4FF486658B1805445D1B02D4181A9D
:1022C0006285B0BD0A1A012A02DB00206085B0BD1C
:1022D000451AB5F5803F0FD347F2C52047F2D261CA
:1022E00047F2A363C0F60100C0F60101C0F6010386
:1022F00040F2B63204F0EAFD00206585B0BD00BFB3
:102300007463705F7570646174655F7263765F613A
:102310006E6E5F776E643A20696E76616C696420D8
:10232000706362002DE9F04F91B004460020ADF8D3
:1023300042004CB30D46608EB4F862100646B0EB16
:10234000510F28BF4E08002E08BF064665B3217DF9
:10235000F520072913D89246012202FA01F111F063
:102360009C0F0CD09946BAF1000F60D0B4F864000D
:1023700050452FD2608B40F080006083FF2040B238
:1023800011B0BDE8F08F00BF47F2C52047F65921D4
:1023900047F6B823C0F60100C0F60101C0F60103FC
:1023A0004FF4CF720EE000BF47F2C52047F685110B
:1023B00047F6B823C0F60100C0F60101C0F60103DC
:1023C0004FF4D77204F082FDF02040B211B0BDE8A6
:1023D000F08F00BFB4F86610092905D3608B40F078
:1023E00080006083B4E200BF206F79B1F8B9E06E7D
:1023F000E8B947F2C52047F6B823C0F601000FF24E
:102400002861C0F601034FF4AB720EE008B9E06E2C
:1024100068B147F2C52047F6B823C0F601000FF2B5
:102420004461C0F6010340F2591204F04FFD214609
:1024300051F86C0FCDE90C65069131F8061C0028A7
:102440000F9169D00168834649B108688B4630B165
:102450000168834619B108688B460028F2D19BF8C1
:102460000A100422BBF8080002EA81052918B142CB
:102470000FD947F2C52047F6B823C0F601000FF286
:102480001861C0F601034FF4F37204F01FFDBBF8AE
:1024900008002844B4F86850A6EB0008002DADF8F9
:1024A000425055D01FFA88F6B5420FD947F2C520E1
:1024B00047F6143147F6B823C0F60100C0F6010113
:1024C000C0F601034FF4FC7204F000FD554551467F
:1024D00038BF29468E4238BF3146681AA8EB01083A
:1024E000ADF842003AD00D4651450FD047F2C52015
:1024F00047F6ED3147F6B823C0F60100C0F60101FA
:10250000C0F601034FF4007204F0E0FC5F46294678
:102510005145099126D361E0B4F8680078B147F2DB
:10252000C52047F60B2147F6B823C0F60100C0F6D8
:102530000101C0F6010340F24B2204F0C7FC002069
:1025400009900020002600274FF0000B48E000BF54
:10255000002700215145099104D33FE05F465145D2
:1025600009913BD25FEA084038D0BBF80800A8B315
:1025700009981FFA88F2AAEB00069642A8BF1646F1
:102580005FEAC97040F0B281DBF804100A680846BF
:102590004AB11168104631B10A6808461AB111688B
:1025A00010460029F2D1017B3F2906D841684089B5
:1025B00008440D99884200F01F82B1B20020012228
:1025C000F8F72CFE002800F0BB8101460D98DDF8DD
:1025D000248008914044486008469FE10020099EFD
:1025E000049000200890B0B250450E94CDF81C9095
:1025F00080F0C88009F001000B9009F0020000246F
:1026000000250590CDF828A009E000BFA846276066
:102610004E44B0B250453C46454680F0B5800C99DA
:10262000AAEB060080B28946884238BF81460B9AE1
:102630001FFA86FA72BBBDF8420078B147F2C52096
:1026400047F63A2147F6B823C0F60100C0F601016B
:1026500040F27122C0F6010304F038FC36204946EE
:102660000122F8F7DBFD002800F0128180460D986A
:1026700000215044C8F8040036204FF42072F8F7C7
:10268000CDFD002800F0018141460746F8F7BEFE67
:1026900045E000BF8142484616D9059868B90E98B2
:1026A000408B400648460FD43DB90698006820B9D3
:1026B0000E98006F0028484606D009F21B2020F033
:1026C0000300884228BF084681B236204FF42072AA
:1026D000F8F7A4FD002800F0DB800746006878B119
:1026E00047F2C52047F6693147F6B823C0F6010026
:1026F000C0F6010140F20B12C0F6010304F0E6FB44
:1027000078890D99A0EB0900ADF842007868514432
:102710004A46A7F80890A7F80A90EDF7A7FD3846B3
:10272000F8F766FF0F99014488B209280F9100F26B
:10273000AB800E980022C16D01EB0A0339460027D9
:102740000097FBF755FE002800F0A280DDF828A0D6
:102750000746002D80463FF45BAF002C7FF456AF58
:1027600047F2C52047F6482147F6B823C0F60100D6
:10277000C0F6010140F2AB22C0F6010304F0A6FB53
:1027800044E700BF4FF00008099DDDF8389045B1DF
:10279000DBF804400D9E44BBBBF808002844ABF8AE
:1027A0000800089CBDF84200A9F8680084B3BBF19A
:1027B000000F0FD147F2C52047F60B4147F6B8236B
:1027C000C0F60100C0F60101C0F6010340F2E122AB
:1027D00004F07CFBDBF804002146F8F717FE25899E
:1027E000079CC4E000280446D6D0218920682944EB
:1027F00000282181F6D1606861892A460844314663
:10280000EDF734FD6089411920686181EAE700BF76
:10281000049D280400F08C80079CBBF1000F02D0BF
:10282000DBF8040088B947F2C52047F6343147F693
:10283000B823C0F60100C0F60101C0F6010340F262
:10284000E72204F043FBDBF804000168002900F0F4
:10285000888002892A4402810868002800F07E806E
:102860000B8902682B44002A0B817AD00189294404
:1028700001811068002873D0138901682B44002956
:102880001381E6D16DE000BFB8464046F9F748F83D
:102890000E9C608B40F0800108986183002818BF6F
:1028A000F9F73EF815B12846FEF7B4FEB4F8660015
:1028B00000284DD0206F00284AD1069800680028D3
:1028C00046D147F2C52047F67D3147F6B823C0F61A
:1028D0000100C0F60101C0F601034FF44A7204F092
:1028E000F5FAFF2040B211B0BDE8F08F0120B5B27B
:1028F00002900DF14203002029460094CDF8049087
:10290000FDF7FCF8E0B10D99DDF82480074640683A
:1029100041442A46EDF7AAFC38460897F8F768FEC6
:102920000F99014400200F91049046445F465AE6F7
:10293000DDE90604BBF1000F18BF58461DE000BFDB
:10294000608B40F080006083B4F866000028B1D14D
:10295000FF2040B211B0BDE8F08F00BF084600E094
:102960001046018942892944018151194181BBF8EE
:1029700008002844ABF808005846D9F85C10C0F8A5
:10298000008001EB0A00B9F86410C9F85C00A1EB03
:102990000A000F99A9F864000804A9F8661015D078
:1029A000D9F8700090B90698006878B947F2C52048
:1029B00047F67D3147F6B823C0F60100C0F60101A5
:1029C000C0F6010340F2133204F080FA7FB1A00791
:1029D0004FF000003FF5D3ACF96800293FF4CFACCD
:1029E0008C890820F5F75EFAF96820438881002079
:1029F00040B211B0BDE8F08F099878B147F2C52018
:102A000047F6EB2147F6B823C0F60100C0F60101F6
:102A1000C0F6010340F2312204F058FA0020DDF83C
:102A200024800890049680E77463705F77726974FD
:102A3000653A207062756673206F6E2071756575DA
:102A400065203D3E206174206C65617374206F6E5B
:102A500065207175657565206E6F6E2D656D70747E
:102A6000790000007463705F77726974653A206E54
:102A70006F207062756673206F6E20717565756565
:102A8000203D3E20626F7468207175657565732006
:102A9000656D7074790000006D73735F6C6F6361B6
:102AA0006C20697320746F6F20736D616C6C000013
:102AB0002DE9F04383B0044690B1E66E06B394F876
:102AC0009A00FF281CBF013084F89A00F0688089C2
:102AD000F5F7E8F9C00719D14FF000091BE000BF76
:102AE00047F2C52047F6B823C0F601003AA1C0F668
:102AF000010340F64F0204F0E9F9E66E002EDED144
:102B0000002460B203B0BDE8F08300BF3089B0FAA2
:102B100080F04FEA5019F068E38A4268606A258BBA
:102B2000678D89F001014FF0100CCDE9005C029730
:102B3000FCF70CFF90B18046606A618DD8F80450B4
:102B40000844B9F1000FE0620ED0A88920F47C5748
:102B50001120F5F7A7F93843A8810FE0FF2460B2F0
:102B600003B0BDE8F08300BF70683389028905F1C6
:102B70001401D21A93B20122F8F756FEF0684068A9
:102B8000F5F78EF9216D0130091AB1F1FF3FD8BF79
:102B90002065207A271D28B1F7F7CEFE064630B90A
:102BA000FC2410E03846F4F735FD064690B1A07AD3
:102BB000E37A0621CDE90001404621463A460296D5
:102BC000F4F76EF904464046F8F7AAFE60B203B087
:102BD000BDE8F083FC24F6E77463705F7A65726F7A
:102BE0005F77696E646F775F70726F62653A2069B4
:102BF0006E76616C696420706362000070B582B0AB
:102C00000D460646F5F750F940F20024C2F20004E2
:102C100020460621C4E90265F9F7FEFE60B147F2DD
:102C2000C52047F2ED23C0F6010013A1C0F6010351
:102C300040F2612204F04AF9201DF9F719FF60B152
:102C400047F2C52047F2ED23C0F6010013A1C0F6FC
:102C5000010340F2652204F039F942F69161182629
:102C600017A0C0F6010100224FF480630096F9F727
:102C700013FF02B070BD00BF6661696C65642074AB
:102C80006F206372656174652074637069705F742E
:102C90006872656164206D626F7800006661696CBE
:102CA000656420746F20637265617465206C6F6366
:102CB0006B5F74637069705F636F72650000000022
:102CC00074637069705F746872656164000000000D
:102CD000F0B581B0054640F2002091F83160C2F2B3
:102CE00000000C46F9F7B8FE16F0180F0CD058B3D8
:102CF0000920F5F7E9FFD8B300270646077046F22A
:102D00008120C0F600000CE0B0B30920F5F7DCFF2D
:102D1000002845D000270646077046F6C140C0F699
:102D200000007560B460F06040F20020C2F2000064
:102D30003146F9F781FE20B109203146F5F720FD33
:102D4000FF2778B201B0F0BD47F2C52047F23B3112
:102D500047F2ED23C0F60100C0F60101C0F6010301
:102D6000FC2204F0B3F80920F5F7AEFF0028C3D128
:102D7000FF2778B201B0F0BD47F2C52047F23B31E2
:102D800047F2ED23C0F60100C0F60101C0F60103D1
:102D9000FC2204F09BF80920F5F796FF0028B9D132
:102DA000FF2778B201B0F0BD10B5FFF74FFA40F23F
:102DB000283040F22C31C2F20000C2F2000100685B
:102DC0000968084332D0F9F765FE04460A20F5F792
:102DD0007BFF98B3002142F6A95240F29423C0F63B
:102DE00001020160C2F20003C0E90221596804F146
:102DF000FA024260A1B34C68141B33D40B68ABB326
:102E00005C68141B38D41968E1B34C68141B3AD4BD
:102E10000B685BB35C68141B2ED4196891B34C68C3
:102E2000141BB4F1FF3F1C46E8DC21E040F2942083
:102E3000C2F200000021017010BD00BF47F2C520A2
:102E400047F6774147F64343C0F60100C0F601015B
:102E5000C0F60103BE22BDE8104004F037B800BF41
:102E6000586010BD0160586010BD00BF0C460021C5
:102E70000160206010BD00BF0C4619460160206053
:102E800010BD00BF00211C460160206010BD000085
:102E900082B040F20024C2F20004251D2846F9F752
:102EA000E1FDA16809B1E068884747F2C52847F20B
:102EB0001D3947F2ED2A01AEC0F60108C0F601093E
:102EC000C0F6010A02E000BFF9F77CFDF9F7ACFE9D
:102ED0000028F9D0074601300CD12846F9F7D6FD75
:102EE000204631460022F9F737FD2846F9F7BAFDAA
:102EF0000EE000BF2846F9F7C9FD204631463A46A4
:102F0000F9F72AFD07462846F9F7ACFD781CDBD017
:102F1000019F7FB13878022810D0012812D0C8B99B
:102F20003A1D07CA904710B17868F8F7F9FC0920F4
:102F30000CE000BF4046494691220EE0D7E901105F
:102F40008847C3E7D7E90110884708203946F5F7D5
:102F500017FCBBE740464946CF22534603F0B6FF75
:102F6000B4E7000070B5054640F20020C2F2000050
:102F70000C46F9F771FD38B10820F5F7A5FEC0B988
:102F8000FF2040B270BD00BF47F2C52047F23B3181
:102F900047F2ED23C0F60100C0F60101C0F60103BF
:102FA00040F25D1203F092FF0820F5F78DFE002835
:102FB000E6D006460120307040F20020C2F2000048
:102FC0003146C6E90154F9F737FD38B108203146DA
:102FD000F5F7D6FBFF2040B270BD00BF002040B225
:102FE00070BD000010B548F2303143F6497244F22A
:102FF000A143C0F60101C0F60102C0F60103044678
:1030000000F0DEF9204600F047FF2046002100F0E6
:103010004FFF2046BDE81040AFF3008080B5016847
:1030200090F83820097C406B5143C900EDF745F911
:1030300080BD000010B5044600F09AF8204600F06C
:10304000DFF80028FAD120460021BDE8104000F04A
:1030500005B9000070B582B0002B00F07F8090F8B9
:103060008CC0BCF1000F79D0DDF818C0022B09D359
:10307000BCF1030F3AD0BCF1020F03D1C91A0131E0
:1030800003E000BF5FEACC7C32D1B0F84CC094457D
:1030900064D8B0F84EC0944560D9B0F848C0B0F8D4
:1030A0004AE013FA81F48BB2A5B27345664638BF85
:1030B0000E46A54208BF0E4673452346B1B238BF3F
:1030C000AEF10103A54208BF2B46714546D29BB223
:1030D000634543D9614588BF8C46734538BF9E46DA
:1030E000AEEB0C034FF0000E614631E0D21A013214
:1030F000B0F848608E4231D8B0F84A608E422DD97F
:10310000B0F84CC0B0F84EE013FA82F493B2A5B216
:103110007345664638BF1646A54208BF1646734536
:103120002346B2B238BFAEF10103A54208BF2B4619
:10313000724513D29BB2634510D9624588BF94464D
:10314000734538BF9E46AEEB0C034FF0010E62464E
:10315000066B9BB2B668CDF800E0B04702B070BD18
:1031600043F6F96CC0F6010CC0F804C000F08AB94F
:1031700010B5044690F8930040B1206894F83820C8
:10318000017C606B5143C900EDF797F820460021A0
:10319000BDE8104000F062B810B5B0F84E40DDF860
:1031A00008C0B0F84CE0944206D962450AD8E6451A
:1031B00024BF002010BD05E062454FF000021DD97C
:1031C000E6451BD2B0F84A20B0F848008A420BD935
:1031D000002299424FF0000188BF0121984238BF78
:1031E000012241EA020010BD002299424FF0000185
:1031F00088BF0121984238BF01220A40104610BD05
:10320000B0B5044600F0A6FD94F8392094F83800D3
:10321000216802444B7CD5B29D420FD294F8932092
:103220002AB1097C4143606BC900EDF746F820469E
:10323000294600F013F80120B0BD00BF204600F081
:1032400031FE0020B0BD000010B5044600F082FD44
:103250002046BDE8104000F025BE000010B5044631
:10326000006B84F83910026820469047206B416853
:103270002046BDE8104008472DE9F04F81B00446D4
:10328000806D88425DD0A16508780D4684F8740091
:10329000487884F87500887884F87600C87884F8CF
:1032A0007700087984F87800487984F8790088797B
:1032B00084F87A00C87984F87B00087A84F87C0066
:1032C000487A84F87D0091F90A9084F87E90C87A53
:1032D00084F87F0091F90C80084684F8808091F989
:1032E0000D7084F8817091F90E6084F8826091F914
:1032F0000FB084F883B091F910A0112184F884A054
:1033000000F0E0FBA4F886002846132100F0DAFB69
:10331000A4F888002846152100F0D4FBA4F88A0000
:1033200094F88D0084F88E7084F88F6048B101287D
:103330000AD15F45B8BF84F88EB0564501DD84F8E8
:103340008FA001B0BDE8F08F08EB0900B842C8BFFC
:1033500084F88E004645C246C8BF84F88FA001B0ED
:10336000BDE8F08F43F27551C0F60101C1657047A9
:10337000B0B50446049884F8382040F20112A4F84D
:10338000922002680025C4E90B302046A56584F828
:10339000395084F86D5084F8915084F88D506163F1
:1033A00090470020CFF6FF70216B2065606549686B
:1033B000204688472046FFF7D5FF84F87050B0BDFF
:1033C000B0B582B09C4613460C4644F2553144F2E7
:1033D0001D12C0F60101C0F601020546CDF800C07D
:1033E00000F06CFD0DF1070000F0ACFC9DF807202B
:1033F00043F6CD230146C0F6010328460094FFF7AB
:10340000B7FF02B0B0BD0000022B07D0012B09D0DE
:10341000002B14BF1044084480B27047401A80B299
:10342000704700BF801A80B270470000022B07D09F
:10343000012B09D0002B14BF401A104480B27047F2
:10344000801A80B2704700BF084480B27047000005
:1034500010B582B0B0F83EE0DDF810C0C46AA2EB4F
:103460000E0292B2CDF800C0A04702B010BD00001D
:1034700080B582B0DDF810C0CDF800C0FFF7E8FFDE
:1034800002B080BD2DE9F04F81B01F4692460D4637
:1034900006464FF6FF7801F097F8726839783046A3
:1034A000904740455ED0A8F101017C1C4FF0000917
:1034B0001FFA81FB08E000BF8144726814F8011B09
:1034C0003046904740454FD087B25F45F5D096F8DB
:1034D00070205046032A29461DD8DFE802F0030970
:1034E0000F1700BFF16D304688475044294612E05F
:1034F000F16D30468847291A0CE000BFF16D304667
:103500008847AAEB0000294605E000BFF16D304670
:10351000884741195046A6F86410A6F86600304660
:10352000394600F069FA48B10146304600F024F807
:1035300096F87010032906D9BEE700BF002096F860
:1035400070100329B8D8DFE801F007090B0300BFAA
:10355000AAEB000AB0E700BF0544ADE78244ABE741
:103560002D1AA9E74FF000091FFA89F001B0BDE854
:10357000F08F0000002070472DE9F04F8BB083469C
:10358000016600208BF86C009BF878000B784FF0F8
:10359000FF32082831BF05460131CBF86010A0F199
:1035A000080502FA00F023EA00009BF879308BF856
:1035B0006C508BF86A005F190E78FCB2082CECB2E4
:1035C00026FA04F60AD34C1CCBF86040C5F1080576
:1035D0004978EDB2A9400E43083F21469A409BF836
:1035E000923026EA020203928BF86B209BF87A2035
:1035F0008BF86E30B3FA83F35B098BF86C708BF841
:103600006F30BC180B78E6B2082EFEB223FA06FC27
:103610000BD34E1CCBF86060C7F108074978FFB2A6
:10362000B9404CEA010C083C31469BF87B708BF8A2
:103630006C403D190E78EBB2082BE3B226FA03F684
:103640000AD3C4F108034C1CCBF860404978DBB2C4
:1036500099400E43083D21469BF87CA04FFA80F923
:103660008BF86C500AEB05000B78C4B2082CECB256
:1036700023FA04F312D31C46C5F108034D1CCBF802
:1036800060504978DBB299400C4308380294B9F194
:10369000010F8BF86C0008DA9EE100BF0293B9F1CC
:1036A000010F8BF86C00C0F29781511E4FF0FF3074
:1036B000C9B27B1E00FA02F200FA01F1B840DBB297
:1036C00001272CEA020207FA03F3039F114426EABA
:1036D00000023A449A1A9BF87060BBF8640057B233
:1036E0004DB229463A463346FFF78EFE8046BBF878
:1036F000660029463A463346ABF86480FFF796FEEB
:10370000032EABF8660009D8DFE806F0020C16209D
:10371000039958FA89F340FA81F11EE043460146C5
:103720001BE000BF039908F1010349B2A3EB0108B4
:1037300050FA89F111E000BF5FFA89F108F1010345
:10374000A3EB010803994AB205E000BF03995FFAB1
:1037500089F248FA81F3411C881A8FB21FFA88F166
:1037600082B29BB258460097FFF716FD002800F082
:1037700033819BF86C30DBF86060CDF804A04FF02B
:10378000000E4FF0000AABF868E004E0039840B286
:10379000854280F21B819BF876C0327803EB0C07E0
:1037A000D8B2FDB2082D22FA00F20AD3751CCBF86C
:1037B0006050C3F108037078DBB298400243083FC1
:1037C0002E469BF877308BF86C70D9193578CCB2CF
:1037D000082CFCB225FA04F509D3741CCBF8604020
:1037E000C7F108077078FFB2B840054308394FF0B9
:1037F000FF3404FA0CF022EA0000059004FA03F00A
:1038000025EA000004908BF86C1003E0C8078BF8E1
:103810006C30BBD09BF86D0010B39BF86A00059C20
:10382000A0EB0A01E2B2CBB2934269D8641AE1B2CA
:1038300081420EF1010E61D3241AE1B2814253D3C9
:10384000241AE1B2814253D3241AE1B2814253D304
:10385000241AE1B281420EF1040EEDD24EE000BF17
:10386000059C00209BF86A10A1EB0A0550BB00BF25
:103870009BF87090BBF866004FFA8AF64FFA8EF705
:1038800031463A464B46CDF828E0FFF7CFFDBBF86E
:1038900064108046084631463A464B46FFF7B4FD71
:1038A0009BF86F200146E0B2EBB2984238BF034666
:1038B0008BF8922058464246CDF80090FFF7CAFB9D
:1038C000DDF828E0E8B2E1B2814219D39BF86D003F
:1038D000641B0EF1010E4FF0000A9BF86A100028DD
:1038E000A1EB0A05EED1C3E70EF1010E06E000BF21
:1038F0000EF1020E02E000BF0EF1030E4FF0000ABF
:10390000049A04EB0A018BF868108BF869E000BF99
:103910009BF86A009BF87060A0EB010A0A925FFABC
:1039200082F8BBF866205FFA8AF7BBF864004CB2F5
:103930004FFA8EF50997B845079238BF474606916A
:1039400021462A463346F146FFF75EFD0890079868
:1039500021462A463346FFF769FD9BF86E10024662
:103960008BF89210089958463B465C460096FFF744
:1039700071FB0998804507D30A9A09F1010EA2EB61
:103980000A020021A346C3E706980A99266E01EBB6
:10399000000A94F86C2084F868A084F86990317863
:1039A000531CDFB2A346082F21FA02F1CE46FFF4E2
:1039B0002DAF701CCBF86000C2F108037778DBB242
:1039C00007FA03F31943D31F06461FE79BF86E005F
:1039D000DDF804A08BF892004FF0FF30029A00FA55
:1039E0000AF122EA0101AAF10102D2B29040084490
:1039F00040B20BB0BDE8F08F70B50C46816DFF2C66
:103A000001F1170104D8612C36D3B0F8880037E0F3
:103A1000B0F88A000E1835462846002100F052F80A
:103A200006442846022100F04DF8A04205F10405A5
:103A3000F2D3308840BA00283ED0A0423ED0B078C1
:103A4000315A49BAC1B3A142064437D0B078315A8D
:103A500049BA89B3A142064430D0B078315A49BA44
:103A600051B3A142064429D0B178705A0E4440BAED
:103A70000028E2D120E000BF412C02D3B0F886003C
:103A800001444878C0B10A78A24219D0014448786C
:103A900090B10A78A24213D00144487860B10A7804
:103AA000A2420DD00144487830B10A78A24207D032
:103AB000014448780028E6D1002070BDF01C70BD9C
:103AC000881C70BD405A00BA000C70472DE9F041C7
:103AD00002F00704012690F89250A640022DB44649
:103AE00028BF4FF0000CB5F1010E18BFB6460568AF
:103AF00022F007062D7C476BDDF81880754317FA16
:103B000085F5B8F1000F294418D013F00306A3F18E
:103B1000010500F0A9800C7844EA0C0484EA0E0741
:103B2000541C14F007040F701CD04FEA4C0C4FEAE1
:103B30004E0E012E23D12B4696E000BF13F0030258
:103B4000A3F1010038D00C78012A44EA0C0484EA7D
:103B50000E0401F8014B25D1034680B20328C0F0C2
:103B6000EF802DE0478F4FF00108394490F89270B4
:103B7000012F98BFC44618BFC646012EDBD00C7873
:103B800044EA0C0484EA0E07941C14F007040F7036
:103B900036D04FEA4C0C4FEA4E0E022E3DD1023B7E
:103BA00062E000BF0C78022A44EA0C0484EA0E04A6
:103BB00001F8014B42D1023B80B20328C0F0C08023
:103BC000081F00BF10F8041F043B41EA0C0181EA02
:103BD0000E0101704178827841EA0C0181EA0E0100
:103BE000C478417042EA0C0181EA0E01817044EA16
:103BF0000C0181EA0E011A04C170E3D1A0E000BFFC
:103C0000478F4FF00108394490F89270012F98BF08
:103C1000C44618BFC646022EC1D00C78033244EA0F
:103C20000C0484EA0E040C7012F00704A3F10303E1
:103C300010D04FEA4C0C4FEA4E0E15E00A78033BC9
:103C400042EA0C0282EA0E0201F8012B80B203283C
:103C500076D3B5E7428F0126114490F89220012ACD
:103C600098BFB44618BFB646AAB2032A38BFBDE80B
:103C7000F08101220CE000BF458F90F8926029444A
:103C8000012E98BF944618BF9646043B1D0457D09A
:103C90000D78661C45EA0C0585EA0E0576070D7061
:103CA00004D04FEA4C0C4FEA4E0E08E0458F90F8D6
:103CB00092602944012E98BF944618BF96460D780D
:103CC000A61C45EA0C0585EA0E0576070D7005D0A1
:103CD0004FEA4C0C4FEA4E0E09E000BF458F90F8BA
:103CE00092602944012E98BF944618BF96460D78DD
:103CF000E61C45EA0C0585EA0E0576070D7005D031
:103D00004FEA4C0C4FEA4E0E09E000BF458F90F889
:103D100092602944012E98BF944618BF96460D78AC
:103D2000043445EA0C0585EA0E0514F007040D700D
:103D3000A2D04FEA4C0C4FEA4E0E043B1D04A7D113
:103D4000BDE8F08101464BF224000822C2F20000D7
:103D50000A7070472DE9F04F81B0834690F83880A3
:103D600000689BF8396090F81190002501274FF604
:103D7000F87A00BFDBF80000F2B2037CDBF8340015
:103D800005FB03F101EA0A0144185846002100949A
:103D900000F06EF8474506D20136F0B208354845C6
:103DA00007F10107E6D301B0BDE8F08FB0B590F898
:103DB00038100568CB00838795F810C090F839302B
:103DC00095F811E04FEACC0CDA005C18A0F83AC084
:103DD000C287744588BFAEEB03011944C900A0F83F
:103DE0004020A0F8421069694164B0BD70B582B04E
:103DF0000446216CB0F84400E164B4F85010B4F803
:103E00005420B4F85230B4F856500026A4F84A00B2
:103E10002046A4F848600095FFF7BEF920B3B4F837
:103E20004810B4F850000122814284F88C2038BF39
:103E3000A4F84800B4F84A10B4F85200814288BF90
:103E4000A4F84A00B4F84C10B4F85400814238BFCA
:103E5000A4F84C00B4F84E10B4F85600814288BF64
:103E6000A4F84E0002B070BD84F88C6002B070BD42
:103E700080B582B0DDF810C0D0F808E08DF80510EC
:103E80008DF806208DF804306B460F210122CDF805
:103E900000C0F04702B080BDD0F808C00A2100225F
:103EA00000236047D0F808C010210022002360479B
:103EB000D0F808C00A460B210023604710B54FF424
:103EC0007F44DDF808C0A0F82340FF244FF0000E27
:103ED00080F8284000F10804C0F800E080F826E0EF
:103EE00084E80E50BDE81040AFF30080D0F808C061
:103EF000092100220023604700294FF6FF7008BF08
:103F000070470A2918BF084670470000D0F810C053
:103F1000192100220023604780B582B08DF8071078
:103F20000DF10702012100F003F802B080BD00008E
:103F3000D0F810C013460A4617216047D0F810C0C9
:103F40001821002200236047F0B581B014390C29F4
:103F50004FF000004AD8DFE801F00749490D293346
:103F60004949494949490900EEF7D6FE012001B007
:103F7000F0BD00BF002AF9D04BF2244CC2F2000C75
:103F80009CF8004012F00305A2F1010E30D0184653
:103F900010F8017B4BF22546611CC2F20006012D90
:103FA000375527D10346724636E000BF4BF2244016
:103FB000C2F2000000210170012001B0F0BD00BF7D
:103FC0004BF22440C2F20000037840F21C604BF236
:103FD00025424FF47A77C2F20000C2F20002782143
:103FE0000097EDF703FC0028C0D0002001B0F0BD21
:103FF00013E000BF5F78A01CC9B2022D775405D131
:104000000233023A0146044607E000BF9D78E11CF6
:10401000C0B20333033A35540C465FFA8EF00328DE
:104020001AD34BF22540043BC2F20000214600BFE8
:1040300013F8047FCDB247554E1C5F78F6B2875512
:104040008D1C9F78EDB24755CE1CDF78043A0431C1
:10405000F6B215068755EBD18CF80010012001B09F
:10406000F0BD0000D0F80CC01921002200236047E9
:10407000D0F80CC00A46162100236047D0F80CC0C7
:104080000A46152100236047D0F80CC013460A46A3
:1040900017216047F0B581B00E4604460DF10305C7
:1040A0000AE000BFA1F11800022817D2E6682046F6
:1040B00000220023B0473E46374617F8011B172958
:1040C000F0DCA1F11500022814D27278E7682046CE
:1040D00000238DF80320B8470236EDE7FE2915D1FD
:1040E0007278204629218DF8032000F051FA02361B
:1040F000E2E700BF172909D1707801218DF803008C
:1041000020462A46FFF7C0FF0236D5E701B0F0BDD2
:10411000D0F80CC01821002200236047F0B581B010
:10412000143905292CD804461E461546DFE801F04F
:10413000042C16461EBE00BF94F824001421FF284C
:1041400004BF782084F82400D4F810C020462A4602
:10415000334601B0BDE8F040604700BF2046294625
:10416000FFF7DAFE012001B0F0BD00BF4BF2A54021
:10417000C2F2000000210170012001B0F0BD00BFBB
:10418000002001B0F0BD00BF4BF2A546C2F2000610
:104190003078012802D12046FFF7B8FE2046FFF70D
:1041A000CDFE20460021FFF7B7FE20462946FFF747
:1041B000B3FE0120307001B0F0BD00BF4BF2A54747
:1041C000C2F200073878012802D12046FFF79EFE90
:1041D000192D7DD320461821324600F0DDF9A5F1D6
:1041E0001800C1B2192906F118026FD32046182110
:1041F00000F0D2F9A5F13000C1B2192906F1300260
:1042000064D32046182100F0C7F9A5F14800C1B2D7
:10421000192906F1480259D32046182100F0BCF9AB
:10422000A5F16000C1B2192906F160024ED3204603
:10423000182100F0B1F9A5F17800C1B2192906F1F1
:10424000780243D32046182100F0A6F905F170004A
:10425000C1B2192906F1900238D32046182100F086
:104260009BF905F15800C1B2192906F1A8022DD316
:104270002046182100F090F905F14000C1B219293B
:1042800006F1C00222D32046182100F085F905F17D
:104290002800C1B2192906F1D80217D320461821E7
:1042A00000F07AF91035F03612E000BF4BF2A54568
:1042B000C2F200052878012802D12046FFF726FE29
:1042C00000202870012001B0F0BD00BF0546164651
:1042D000E9B22046324600F05FF900203870012034
:1042E00001B0F0BD10B5D0F814C028210022002381
:1042F0000446E047D4F80CC02046142100220023D5
:10430000E04720464B21012200F042F92068292194
:104310000279204600F03CF920464B21002200F0B3
:1043200037F9206829210279204600F031F920462A
:104330004B21012200F02CF92068292142792046E6
:10434000BDE8104000F024B98A7C016080F822208A
:1043500070470000B0B50D46044600F01FF808B1E4
:104360000120B0BD092D0DD00A2D15D12046FFF733
:10437000B9FF49F6AA41C0F601012046FFF78AFEBF
:104380000120B0BD49F6EC41C0F601012046FFF71F
:10439000DBFF0120B0BD00BF0020B0BD2DE9F04122
:1043A0000B39044604294FF0000088BFBDE8F081B6
:1043B0001546DFE801F00365132335002046002D84
:1043C00007BF49F6DF41C0F6010149F6E441C0F6F6
:1043D0000101FFF75FFE0120BDE8F081002D51D003
:1043E00049F6A341C0F601012046FFF753FE2068BD
:1043F000C07C84F822000120BDE8F0812046FFF750
:1044000087FE20468121FFF739FE20462946FFF727
:104410002FFE2046FFF726FE0120BDE8F08100BFF9
:1044200020461E46FFF774FE707994F8221001EBC7
:10443000C007204640215FFA87F8FFF71FFE4FEACA
:10444000181000F110012046FFF718FE07F00F01C9
:104450002046FFF70DFEB07940F0B0012046FFF78F
:1044600007FE00BF30793268C000C1B22046FFF7B6
:104470000BFE013D2806F5D12046FFF7F3FD012094
:10448000BDE8F08149F69C41C0F601012046FFF7E6
:1044900001FE2068807C84F822000120BDE8F081C4
:1044A00029392A2900F26E80DFE801F0651C686C6A
:1044B000656C6C6C6C6C6C6C6C6C6C6C6C6C6C6C43
:1044C0006C6C6C6C6C6C6C6C6C6C6C6C6C6C6C6533
:1044D000656C6C1616161600002180F82710012056
:1044E000704700BF002000BF00BF00BF00BF00BF7B
:1044F00000BF00BF00BF00BF00BF00BF00BF00BFC4
:1045000000BF00BF00BF00BF00BF00BF00BF00BFB3
:1045100000BF00BF00BF00BF00BF00BF00BF00BFA3
:1045200000BF00BF00BF00BF00BF00BF00BF00BF93
:1045300000BF00BF00BF00BF00BF00BF00BF00BF83
:1045400000BF00BF00BF00BF00BF00BF00BF00BF73
:1045500000BF00BF00BF00BF00BF00BF00BF00BF63
:1045600000BF00BF40F03F0100BFB1F59F7F00F1E9
:10457000400000BFB8D90120704700BF012000BF34
:10458000704700BF012180F827100120704700000C
:10459000D0F814C000236047F0B581B017460D462F
:1045A0000646FFF7CBFC30464021FFF7B5FC3469E7
:1045B000304617212A463B46A047304601B0BDE8A9
:1045C000F040FFF7A3BC0000002180F826107047E0
:1045D0002DE9F04747F25813C0F60103002918BF30
:1045E0000B46002844D041F2B87CC2F2010C674669
:1045F0003F68B7FA87F1002F4FEA511118BF874281
:104600001BD0FF68B7FA87F1002F4FEA511118BF8E
:10461000874212D0FF68B7FA87F1002F4FEA511195
:1046200018BF874209D0FF68B7FA87F14FEA5111E6
:104630001FB1874207F10C07DAD1DCF800E04AB37A
:10464000BEF1000F70D0754603E000BFED68002D8D
:104650006CD08542FAD06C8A9442F7D12E68F82447
:10466000002E6CD01F68BE4269D0002FEED166E0EC
:1046700047F2C52047F6D343C0F6010033A1C0F688
:10468000010340F2B73202F021FCF02460B2BDE831
:10469000F08700BF40F2500AC2F2000ABAF80020C8
:1046A000BEF1000F34D000254FF6FF7943F6FF78B6
:1046B00096B201324E4504BF4CF20002CFF6FF72B3
:1046C0007646748A97B2BC4212D0F668C6B1748A34
:1046D000BC420DD0F6689EB1748ABC4208D0F66820
:1046E00076B1748ABC4203D0F668002EE9D107E0A7
:1046F000454505F10105DBD3AAF8002004E000BF21
:104700001404AAF8002011D1F82460B2BDE8F087A3
:104710004FF6FF77BA4202F1010204BF4CF20002E9
:10472000CFF6FF72AAF800204FF0000E1B6803605E
:10473000428239B10024C0F80CE0CCF8000060B22D
:10474000BDE8F087002460B2BDE8F0877564705F53
:1047500062696E643A20696E76616C696420706388
:10476000620000002DE9F04F81B048B1A1B1438A49
:1047700041F2B87EC2F2010E03B3DEF800C0A6E03B
:1047800047F2C52047F6D343C0F6010069A1C0F641
:10479000010340F235420AE047F2C52047F6D34311
:1047A000C0F601005CA1C0F6010340F2364202F0FF
:1047B0008DFBF02040B201B0BDE8F08F41F2B87639
:1047C000C2F2010633461B68B3FA83F4002B4FEAAA
:1047D000541418BF83421BD0DB68B3FA83F4002B58
:1047E0004FEA541418BF834212D0DB68B3FA83F443
:1047F000002B4FEA541418BF834209D0DB68B3FA88
:1048000083F44FEA54141BB1834203F10C03DAD151
:1048100040F2500AD6F800C0C2F2000ABAF80050BE
:10482000BCF1000F40D04FF0000B4FF6FF78ABB259
:104830000135434504BF4CF20005CFF6FF756346D2
:104840005F8AAEB2B74213D0DB68FBB1B3F8129007
:10485000B1450DD0DB68CBB15F8AB74208D0DB68C9
:10486000A3B15F8AB74203D0DB68002BE8D10DE02B
:1048700043F6FF739B450BF1010BD8D3AAF8005008
:10488000F82040B201B0BDE8F08F00BF41F2B87629
:104890002B04C2F20106AAF8005011D1F82040B250
:1048A00001B0BDE8F08F00BF4FF6FF739D4205F1E8
:1048B000010504BF4CF20005CFF6FF75AAF80050C1
:1048C000002C45821EBFC0F80CC0306084460968C9
:1048D000BCF1000F4160017C828241F0040101744F
:1048E00011D06146814212D0C96861B181420ED0B7
:1048F000C96841B181420AD0C96821B1814206D05C
:10490000C9680029EED1C0F80CC0CEF80000002024
:1049100040B201B0BDE8F08F7564705F636F6E6E7A
:104920006563743A20696E76616C696420697061B0
:10493000646472007564705F636F6E6E6563743A71
:1049400020696E76616C696420706362000000000B
:1049500080B5EBF779FC40F2500140F44040C2F2E0
:104960000001088080BD00002DE9F04F83B0814632
:104970000D4658B1C5B1B9F80A00072824D84846F1
:1049800003B0BDE8F04FF6F7CBBF00BF47F2C5203C
:1049900047F6D343C0F601007AA1C0F60103CF2247
:1049A00002F094FA002DE6D147F2C52047F6D34332
:1049B000C0F6010079A1C0F60103D02202F086FA08
:1049C000B9F80A000728DAD940F2547BC2F2000B8A
:1049D000DBF80010DBF81400D9F80440F2F728F8EF
:1049E000218807460846F3F75DFA61880290084679
:1049F000F3F758FA41F2B871C2F2010109680029CF
:104A000000F08680064600244FF0000A05E000BF53
:104A1000924600BFE168002960D0488AA0460C4653
:104A2000B042F7D115B1207A70B915E047F2C52030
:104A300047F6D343C0F601005FA18822C0F6010308
:104A400002F044FA207A38B1DBF8041091F83410FF
:104A50000131C9B28842DDD12068DBF814105FB1A2
:104A6000002818BF11F101020AD0AA6881EA0003E8
:104A70001A42CFD104E000BF002818BF8842C9D134
:104A8000227C52070ED4BAF1000F22460BD04FB150
:104A9000013107D1DAF8002069688A4202D08842E1
:104AA00008BFA2465246A08A02998842B0D16068E7
:104AB00020B1DBF8101092468842ABD1B8F1000F5C
:104AC00009D041F2B872C2F20102E0681168C8F878
:104AD0000C00E1601460A24603E000BFBAF1000FD1
:104AE00016D048460821F7F74BF9E0B9DAF8187004
:104AF000002F3FF444AFDAF81C00029E0BF11003C4
:104B000051464A460096B84703B0BDE8F08F00BF53
:104B10006868DBF8141088427FF431AF48460821FA
:104B2000F7F72EF990B147F2C52047F6D343C0F608
:104B300001002BA1C0F601034FF4B87202F0C6F9D0
:104B4000484603B0BDE8F04FF6F7EABE002F7FF409
:104B500016AFDBF8140000F0F000E0283FF40FAFD0
:104B6000BBF80C00083001B24846F6F7DFFF4846B4
:104B70000321F1F70DFE484603B0BDE8F04FF6F70C
:104B8000CFBE00BF7564705F696E7075743A20693E
:104B90006E76616C69642070627566007564705F22
:104BA000696E7075743A20696E76616C6964206E06
:104BB00065746966000000007564705F696E7075E9
:104BC000745F6C6F63616C5F6D617463683A2069D8
:104BD0006E76616C6964206E657469660000000021
:104BE000706275665F72656D6F76655F686561643A
:104BF0006572206661696C65640A0000002818BF50
:104C0000002901D1704700BFD0F800C0BCF1000FEF
:104C1000F8D00B68002BF5D041F2B873C2F2010353
:104C20001B6800E0DB68002BECD01A68624503D1FA
:104C30000A681A60D0F800C0DB68002BE2D01A685E
:104C4000624503D10A681A60D0F800C0DB68002B07
:104C5000D8D01A68624503D10A681A60D0F800C03B
:104C6000DB68002B08BF70471A686245DAD10A6812
:104C70001A60D0F800C0D5E710B500200024F4F782
:104C800023F8002808BF10BDFF21C0E90044C0E997
:104C90000244C0E90444C0E90644C17210BD0000EA
:104CA00000281CBFC0E90612704747F2C52047F62E
:104CB000D343C0F6010003A1C0F6010340F28A42CB
:104CC00002F004B97564705F726563763A20696EAC
:104CD00076616C69642070636200000040B341F249
:104CE000B872C2F201020146106888421AD0D8B1E7
:104CF000C26812B18A42034612D0AAB1D06810B17C
:104D0000884213460CD078B1C26812B18A42034679
:104D100006D04AB1D0680028E9D088421346E6D1CF
:104D200003F10C02C86810600020F3F729BD00BF32
:104D300047F2C52047F6D343C0F6010003A1C0F6F1
:104D4000010340F2A14202F0C1B800BF7564705F78
:104D500072656D6F76653A20696E76616C69642064
:104D600070636200B0B582B0D0B129B382B3DDF810
:104D700018C0BCF1000F37D004680CF1040E44B128
:104D800004F0F005E02D04D0DEF800508646AC4279
:104D90003CD1CDE900CE00F079F802B0B0BD00BF43
:104DA00047F2C52047F6D343C0F6010030A1C0F654
:104DB00001034FF4207222E047F2C52047F6D343A7
:104DC000C0F6010023A1C0F6010340F2812216E0E3
:104DD00047F2C52047F6D343C0F6010015A1C0F63F
:104DE000010340F282220AE047F2C52047F6D3438E
:104DF000C0F6010007A1C0F6010340F2832202F0D1
:104E000065F8F02040B202B0B0BD00BFFC2040B257
:104E100002B0B0BD7564705F73656E64746F5F6976
:104E2000663A20696E76616C6964206E65746966A5
:104E3000000000007564705F73656E64746F5F6975
:104E4000663A20696E76616C6964206473745F6988
:104E5000700000007564705F73656E64746F5F69E5
:104E6000663A20696E76616C6964207062756600CE
:104E70007564705F73656E64746F5F69663A20690C
:104E80006E76616C69642070636200002DE9F04FFA
:104E900083B0002800F088800C46002900F09A803A
:104EA0001546002A00F0A680DDF83480B8F1000F26
:104EB00000F0B080DDF830B0BBF1000F00F0B6803C
:104EC0000646408A1F4600284FF6FF7940F0E180F1
:104ED00041F2B873C2F2010318460068B0FA80F1DB
:104EE00000284FEA511218BFB0421BD0C068B0FA78
:104EF00080F100284FEA511218BFB04212D0C068AA
:104F0000B0FA80F100284FEA511218BFB04209D020
:104F1000C068B0FA80F14FEA511218B1B04200F106
:104F20000C00DAD140F25000D3F800C0C2F2000009
:104F30000188BCF1000F00F09D804FF0000A8BB299
:104F400001314B4504BF4CF20001CFF6FF716346BF
:104F5000588A1FFA81FB584516D0DB68002B77D0A2
:104F6000B3F812E0DE450FD0DB68002B70D0588A12
:104F7000584509D0DB68002B6AD0588A584503D0C1
:104F8000DB68002BE4D163E043F6FF7082450AF151
:104F9000010AD4D340F25000C2F200000180F8248C
:104FA00060B203B0BDE8F08F47F2C52047F6B441C8
:104FB00047F6D343C0F60100C0F60101C0F6010375
:104FC00040F2D12201F082FFF02460B203B0BDE8CC
:104FD000F08F00BF47F2C52047F6025147F6D34392
:104FE000C0F60100C0F60101C0F6010340F2D22272
:104FF00027E000BF47F2C52047F6225147F6D343CA
:10500000C0F60100C0F60101C0F6010340F2D32250
:1050100017E000BF47F2C52047F6D343C0F60100B2
:105020005FA1C0F601034FF435720AE047F2C520D4
:1050300047F6D343C0F6010050A1C0F6010340F289
:10504000D52201F043FFF02460B203B0BDE8F08F39
:10505000080440F25000DDF830B041F2B873C2F2FB
:105060000000C2F2010301800DD1F82460B203B048
:10507000BDE8F08F494501F1010104BF4CF2000188
:10508000CFF6FF710180002A71821CBFC6F80CC0E8
:105090001E602089A9F1080189B2884204D9FF2441
:1050A00060B203B0BDE8F08F20460821F6F780F823
:1050B000A14670B1222008214FF42072F6F7AEF815
:1050C0000028ECD08146208918B148462146F6F7E1
:1050D00007FAB9F80A0007280CD847F2C52047F6A6
:1050E000D343C0F6010019A1C0F6010340F20E320D
:1050F00001F0ECFE708AD9F804A0F2F7D3FEAAF80A
:1051000000003846F2F7CEFEAAF80200B9F808000F
:105110000021AAF80610F2F7C5FEB17AF37AAAF8D0
:1051200004001120CDE90010484641462A46CDF83A
:1051300008B0F1F7CDFEA14504463FF446AF48461E
:10514000F6F7EEFB60B203B0BDE8F08F636865630D
:105150006B20746861742066697273742070627564
:10516000662063616E20686F6C642073747275636F
:1051700074207564705F6864720000007564705F0D
:1051800073656E64746F5F69665F7372633A2069FA
:105190006E76616C6964206E65746966000000005B
:1051A0007564705F73656E64746F5F69665F737258
:1051B000633A20696E76616C6964207372635F691B
:1051C00070000000D0E9013201699A60D1F804C092
:1051D00082688445536008BF4A6000220261086803
:1051E000013808600868704741F6C013C2F2010335
:1051F000036041F2C070C2F20100086080201060BC
:105200007047000041F61C63C2F20103036041F6DF
:105210001C20C2F2010008604FF4807010607047DB
:105220004FF0FF31024642F8081F00214260C0E9FA
:1052300003220160704700000021016170470000F7
:1052400010B5D1F800E01EF1010213D000F10804FE
:1052500062681368734511D853681C68744511D887
:105260005A68146874450FD854682368A446734577
:10527000EED90BE00269D2F804C007E0944622465A
:1052800004E000BF9C4601E094461A46C1F804C001
:10529000CCF808108A605160086101680131016032
:1052A00010BD0000D0F800C0436808619A684B60E8
:1052B0008A609A68996051600CF101010160704741
:1052C000DFF80C00016841F47001016070470000D4
:1052D00088ED00E04FF0500080F31188BFF36F8F2E
:1052E000BFF34F8F40F25400C2F2000001684A1C25
:1052F000026009B1704700BF4EF60450CEF20000C4
:105300000068000608BF70474FF0500080F3118816
:10531000BFF36F8FBFF34F8FFEE7000040F25400E2
:10532000C2F20000016839B10139016018BF70474D
:10533000002080F3118870474FF0500080F31188EF
:10534000BFF36F8FBFF34F8FFEE7000070B50028EB
:1053500008BF70BD40F2D815C2F200050446287897
:1053600054F8041C002818BF4FF0004008420DD02C
:10537000A4F1080632689AB14FF0500080F311880A
:10538000BFF36F8FBFF34F8FFEE700BF4FF05000AA
:1053900080F31188BFF36F8FBFF34F8FFEE700BF1D
:1053A00021EA000044F8040C00F0EEFA54F8041C62
:1053B000A8680844A86005F1180000BF0368B3425C
:1053C0000AD21868B04225D20368B34204D21868E2
:1053D0001A46B042F2D301E0024618465368D41888
:1053E000B44202D11944164651607318834206D163
:1053F0006B68984203D0D0E9000319447160B2424F
:10540000306018BF1660686901306861BDE870409F
:1054100001F08ABC1A465368D418B442E5D1E1E7DA
:105420004EF21000CEF2000000210160816040F2D7
:105430004C01C2F20001096844F6D352C1F2620283
:10544000A1FB02124FF0FF3101EB921141600721E5
:105450000160704740F2F810EFF305811029C2F2A5
:10546000000011D34EF2F032CEF20002895C0278D5
:10547000914209D24FF0500080F31188BFF36F8F33
:10548000BFF34F8FFEE700BF4EF60C51CEF2000186
:105490000968406801F4E061814298BF70474FF0AD
:1054A000500080F31188BFF36F8FBFF34F8F00BFA1
:1054B000FEE7000041F6786CC2F2010CDCF8002037
:1054C00022B3634653F8082F42B3634653F8102FB4
:1054D00052B3634653F8182F62B3634653F8202F34
:1054E00072B3634653F8282F82B3634653F8302FC4
:1054F00092B3634653F8382F002A18BF704707222B
:1055000019600CEBC2014860704700BF002263467F
:1055100019600CEBC2014860704700BF012219609E
:105520000CEBC20148607047022219600CEBC2010B
:1055300048607047032219600CEBC2014860704755
:10554000042219600CEBC201486070470522196003
:105550000CEBC20148607047062219600CEBC201D7
:105560004860704780B341F67861C2F201010B4692
:1055700053F8042F4FF0000C82422FD00B4653F803
:105580000C2F82422CD00B4653F8142F824229D084
:105590000B4653F81C2F824226D00B4653F8242F7B
:1055A000824223D00B4653F82C2F824220D00B4648
:1055B00053F8342F82421DD00B4653F83C2F8242C1
:1055C0001DD1072217E000BF4FF0500080F3118873
:1055D000BFF36F8FBFF34F8FFEE700BF00220AE0DB
:1055E000012208E0022206E0032204E0042202E095
:1055F000052200E0062241F832C0C3F800C090F84E
:105600004610002918BF7047FFF7A0BE70B51546B9
:105610000E460446FFF75EFE94F84400FF2804BFE0
:10562000002084F8440094F84500FF2804BF0020BF
:1056300084F84500FFF772FEA06B28B12046BDE854
:105640007040F6F7F1BF00BF04F1240031462A464E
:1056500000F092F82046BDE87040F6F7E5BF000084
:1056600070B588B340F22415C2F20005044668699B
:1056700050B14FF0500080F31188BFF36F8FBFF32C
:105680004F8F00BFFEE700BF686901306861AE69F7
:1056900028680430FFF796FD2868A419446005D3F4
:1056A000286A29680431FFF7CBFD08E0E86929681A
:1056B0000431FFF7C5FDE86A844238BFEC6201F0AF
:1056C00033FB002818BF70BD4EF60450CEF2000028
:1056D0004FF080510160BFF34F8FBFF36F8F70BDEC
:1056E00040F22411C2F200018A6B026089694160B4
:1056F0007047000040F22410C2F200000121016353
:105700007047000070B5D8B140F22414C2F2000412
:105710000D4621681831FFF793FDA6692068043013
:10572000FFF750FD681C15D02068AD19456019D3EE
:10573000206A21680431BDE87040FFF781BD00BFD9
:105740004FF0500080F31188BFF36F8FBFF34F8F7E
:10575000FEE700BF54F8500B011D2046BDE8704025
:10576000FFF7A0BDE06921680431FFF769FDE06A39
:10577000854238BFE56270BDF0B581B0C0B140F27E
:105780002414C2F200040D46216816461831FFF7B2
:1057900089FDA76920680430FFF714FD96B154F81D
:1057A000500B011D204601B0BDE8F040FFF77ABD67
:1057B0004FF0500080F31188BFF36F8FBFF34F8F0E
:1057C000FEE700BF2068ED19456007D3206A216815
:1057D000043101B0BDE8F040FFF732BDE069216857
:1057E0000431FFF72DFDE06A854238BFE56201B064
:1057F000F0BD0000F0B581B020B3026D04461AB3CD
:10580000E36CE06A8B4288BF194688421AD0012AAD
:1058100018D140F22416C2F200063268A2421DD00E
:10582000A269E162002A5CBFC1F13801A16148F2BE
:105830001C37616900EB8000C2F2000707EB8000B3
:10584000814215D001B0F0BD4FF0500080F31188B7
:10585000BFF36F8FBFF34F8FFEE700BF4FF05000D5
:1058600080F31188BFF36F8FBFF34F8FFEE700BF48
:10587000251D2846FFF7A6FCE06A716A884288BFAA
:10588000706200EB800007EB8000294601B0BDE8A4
:10589000F040FFF707BD000010B588B00020CDE94B
:1058A000050006A805A904AAFFF79EFC0598002894
:1058B0003ED0069C002C45D05C21049A07910799A4
:1058C0005C2949D107992063022084F8590007A870
:1058D0000021CDE900104CF28500C0F6000028A19F
:1058E00000230294F6F712FC2046F6F785FA079893
:1058F00040F22414C2F20004A062B0B101F08CFAAC
:10590000411C33D0012810D14FF0500080F3118892
:10591000BFF36F8FBFF34F8F4FF0FF30E062012076
:1059200020610020A06100F095F808B010BD00BF14
:105930004FF0500080F31188BFF36F8FBFF34F8F8C
:10594000FEE700BF4FF0500080F31188BFF36F8F68
:10595000BFF34F8FFEE700BF4FF0500080F3118878
:10596000BFF36F8FBFF34F8FFEE700BF4FF05000C4
:1059700080F31188BFF36F8FBFF34F8FFEE700BF37
:1059800049444C450000000040F22410C2F20000DF
:10599000416901314161704780B540F2241EC2F275
:1059A000000EDEF8141019B10121CEF8301080BDC0
:1059B0000021CEF83010DEF8241048F21C3C01EB38
:1059C0008103C2F2000C5CF823208AB101EB810252
:1059D0000CEB820353F8042F5268181D82421A60A0
:1059E00020D0D068CEF80000CEF8241080BD00BFD3
:1059F0000CEB8302A2F12803E1B15A6922BB012911
:105A000018D01A6812BB022914D053F8142CFAB912
:105A100003290FD053F8282C0439002AA3F150038E
:105A2000EAD0D3E752681A60D068CEF80000CEF80A
:105A3000241080BD4FF0500080F31188BFF36F8FAA
:105A4000BFF34F8FFEE700BF0139BFE70239BDE763
:105A50000339BBE7B0B584B04EF2004CCEF2000C77
:105A60004CF27021C4F20F11DCF800294B1C9A4251
:105A70000AD14FF0500080F31188BFF36F8FBFF34E
:105A80004F8F00BFFEE700BFDCF800298A4209D132
:105A90004FF0500080F31188BFF36F8FBFF34F8F2B
:105AA000FEE700BF9CF800100291FF218CF8001067
:105AB0009CF800108DF807109DF8071001F05002B7
:105AC00040F2F811C2F200010A7007224A609DF903
:105AD0000720B2F1FF3F69DC032200BFD31C4B60FB
:105AE0009DF8070040008DF807009DF90700B0F110
:105AF000FF3F23DC931C4B609DF8070040008DF8AE
:105B000007009DF90700B0F1FF3F17DC531C4B6005
:105B10009DF8070040008DF807009DF90700B0F1DF
:105B2000FF3F0BDC4A609DF80700043A40008DF807
:105B300007009DF907000028D0D4131D032B35D191
:105B40004FF44070486002988CF80000DCF820099F
:105B500040F47000CCF82009DCF8200940F07040D7
:105B6000CCF82009FFF75CFC40F25404C2F20004B8
:105B700000252560FFF7A4FB4EF63470CEF200003E
:105B8000016841F040410160F6F754FBFFF704FF64
:105B9000039520684FF0500181F31188BFF36F8F98
:105BA000BFF34F8F013011D0FEE700BF4FF0500020
:105BB00080F31188BFF36F8FBFF34F8FFEE700BFF5
:105BC000039830B9039820B9039810B903980028B6
:105BD000F6D0002004B0B0BD80B54FF0500080F387
:105BE0001188BFF36F8FBFF34F8F00F051FF30B1BB
:105BF0004EF60450CEF200004FF0805101600020BC
:105C000080F3118880BD000010B568B10C46814258
:105C100014D94FF0500080F31188BFF36F8FBFF39A
:105C20004F8F00BFFEE700BF4FF0500080F3118898
:105C3000BFF36F8FBFF34F8FFEE700BF002102223B
:105C400000F0F0F8002818BF846310BD70B582B072
:105C500060B10D46814213D94FF0500080F3118896
:105C6000BFF36F8FBFF34F8FFEE700BF4FF05000C1
:105C700080F31188BFF36F8FBFF34F8FFEE700BF34
:105C800014468AB3502101910199502936D10199C6
:105C90000121002684F846102460C4E90F06FFF7AE
:105CA00019FB2068D4E90F12A66302FB0103013936
:105CB00001FB0201C4E90103FF20E16084F8440014
:105CC00084F8450004F11000FFF7AAFA04F124005B
:105CD000FFF7A6FAFFF722FB022084F84C002046CB
:105CE000A56302B070BD00BF4FF0500080F3118873
:105CF000BFF36F8FBFF34F8FFEE700BF4FF0500031
:105D000080F31188BFF36F8FBFF34F8FFEE7000062
:105D100070B505465020F6F7FBFC044670B300262C
:105D2000012084F846602460C4E90F06FFF7D2FA28
:105D30002068D4E90F12A66302FB0103013901FBBD
:105D40000201C4E90103FF20E16084F8440084F803
:105D5000450004F11000FFF763FA04F12400FFF797
:105D60005FFAFFF7DBFA204600210022002384F8C7
:105D70004C502660C4E9026600F008F9204670BD68
:105D800070B582B0D1B305465020019001985028DB
:105D90003ED10198012000260C4681F8460009609A
:105DA000C1E90F06FFF796FA2068D4E90F12A6633F
:105DB00002FB0103013901FB0201C4E90103FF20D9
:105DC000E16084F8440084F8450004F11000FFF716
:105DD00027FA04F12400FFF723FAFFF79FFA204681
:105DE00000210022002384F84C502660C4E902669A
:105DF00000F0CCF8204602B070BD00BF4FF050005C
:105E000080F31188BFF36F8FBFF34F8FFEE700BFA2
:105E10004FF0500080F31188BFF36F8FBFF34F8FA7
:105E2000FEE700002DE9F041B0B30646484350308C
:105E300014460F46F6F76CFC054650B34FF00008C9
:105E4000284685F84680002F18BF50302860C5E9E5
:105E50000F67FFF73FFA2868D5E90F12C5F83880B9
:105E600002FB0103013901FB0201C5E90103FF2027
:105E7000E96085F8440085F8450005F11000FFF75A
:105E8000CFF905F12400FFF7CBF9FFF747FA85F8C2
:105E90004C402846BDE8F0814FF0500080F3118857
:105EA000BFF36F8FBFF34F8FFEE7000070B582B076
:105EB00070B11C46B3B1F9B9F2B14FF0500080F3A4
:105EC0001188BFF36F8FBFF34F8F00BFFEE700BF96
:105ED0004FF0500080F31188BFF36F8FBFF34F8FE7
:105EE000FEE700BF4FF0500080F31188BFF36F8FC3
:105EF000BFF34F8FFEE700BF51B14AB94FF05000DA
:105F000080F31188BFF36F8FBFF34F8FFEE700BFA1
:105F100050230193019B502B2ED1019B069E012300
:105F200084F84630002908BF22462260C4E90F01E8
:105F3000FFF7D0F92068D4E90F12002502FB010316
:105F4000013901FB0201A563C4E90103FF20E160FF
:105F500084F8440084F8450004F11000FFF760F96C
:105F600004F12400FFF75CF9FFF7D8F9204684F824
:105F70004C6002B070BD00BF4FF0500080F311883C
:105F8000BFF36F8FBFF34F8FFEE700002DE9F04F97
:105F900083B00292C0B11D4617460E460446E9B1D1
:105FA000022D03D1E06B012840F0888000F050FD05
:105FB00010BB0FB34FF0500080F31188BFF36F8F09
:105FC000BFF34F8FFEE700BF4FF0500080F3118802
:105FD000BFF36F8FBFF34F8FFEE700BF206C002829
:105FE000DED04FF0500080F31188BFF36F8FBFF306
:105FF0004F8F00BFFEE700BFFFF76CF9A06B022DCB
:1060000066D0E16B884263D304F1100801206F462B
:106010000DF108090DE000BF2046F6F705FB00F082
:1060200083FEFFF757F9A06BE16B88424FF0000049
:106030004ED30299002973D0C00702D03846FFF72B
:106040004FFBFFF76BF9FFF79FFCFFF743F994F85D
:106050004400FF2804BF002084F8440094F8450061
:10606000FF2804BF002084F84500FFF757F93846A1
:10607000494600F029FC002858D1FFF72BF9D4F845
:1060800038A0D4F83CB0FFF749F9DA45C4D10299F9
:106090004046FFF737FB2046F6F7C6FA00F044FE0D
:1060A0000028BED14EF60450CEF200004FF08051D1
:1060B0000160BFF34F8FBFF36F8FB2E74FF0500017
:1060C00080F31188BFF36F8FBFF34F8FFEE700BFE0
:1060D000A76B226CD2B19DB3E0683146EAF7C6F8EF
:1060E000E168206C2268091A9142E16003D2A1683C
:1060F00040420844E060A81EB0FA80F040093946EA
:10610000002F18BF012108403F1A26E02068002513
:1061100020BBA06800F03EFDA56005461EE000BF64
:10612000FFF7FCF8002003B0BDE8F08F2046F6F73B
:106130007BFA00F0F9FD002003B0BDE8F08F00BF4E
:1061400060683146EAF792F8216CD4E9010208440C
:106150009042606001D3206860600025781CA063D5
:1061600054F8240FA0B1204600F0A4FD50B14EF623
:106170000450CEF200004FF080510160BFF34F8F0A
:10618000BFF36F8FFFF7CAF8012003B0BDE8F08FAF
:10619000002DF7D04EF60450CEF200004FF08051A3
:1061A0000160BFF34F8FBFF36F8FFFF7B7F8012088
:1061B00003B0BDE8F08F00002DE9F04700B31E46A4
:1061C000144605460F4629B3022E02D1E86B01287A
:1061D00052D1FFF73FF9EFF311884FF0500080F3F1
:1061E0001188BFF36F8FBFF34F8FA86B022E1FD0A4
:1061F000E96B88421CD3002088F31188BDE8F08742
:106200004FF0500080F31188BFF36F8FBFF34F8FB3
:10621000FEE700BF286C0028D6D04FF0500080F376
:106220001188BFF36F8FBFF34F8F00BFFEE700BF32
:1062300095F84590A86BD5F838A02A6C32B36EB3A8
:10624000E8683946EAF712F8E968286C2A68091AFA
:106250009142E96003D2A96840420844E860B01E58
:10626000B0FA80F040095146BAF1000F18BF012181
:106270000840AAEB000A1EE04FF0500080F311889E
:10628000BFF36F8FBFF34F8FFEE700BF286890B951
:10629000A86800F07FFC0020A8600CE06868394620
:1062A000E9F7E4FF296CD5E90102084490426860EF
:1062B00001D3286868600AF10100B9F1FF0FA863F3
:1062C00010D155F8240FB8B1284600F0F3FC014670
:1062D000002C4FF0010018BF002913D188F311885A
:1062E000BDE8F08709F1010085F84500012088F339
:1062F0001188BDE8F08700BF012088F31188BDE850
:10630000F08700BF0120206088F31188BDE8F08786
:1063100070B568B10546006CA0B14FF0500080F335
:106320001188BFF36F8FBFF34F8F00BFFEE700BF31
:106330004FF0500080F31188BFF36F8FBFF34F8F82
:10634000FEE700BF28680C4660B3FFF783F8EFF361
:1063500011864FF0500080F31188BFF36F8FBFF3A9
:106360004F8FA96BE86B814218D295F84500013137
:10637000FF28A96324D155F8240F48B3284600F01C
:1063800099FC0146002C4FF0010018BF00291BD0DA
:106390000120206086F3118870BD00BF002086F3C5
:1063A000118870BDA8680028CFD04FF0500080F34E
:1063B0001188BFF36F8FBFF34F8F00BFFEE700BFA1
:1063C000013085F84500012086F3118870BD00BFBB
:1063D000012086F3118870BDB0B5A8B18568044668
:1063E00000F030FB85421CBF0020B0BDE0680138E2
:1063F000E0601CBF0120B0BD204600210022002328
:10640000FFF7C4FD0120B0BD4FF0500080F31188AC
:10641000BFF36F8FBFF34F8FFEE700002DE9F04F02
:1064200083B0029290B116460D460446002947D02B
:1064300000F00EFBA0B99EB14FF0500080F3118820
:10644000BFF36F8FBFF34F8FFEE700BF4FF05000D9
:1064500080F31188BFF36F8FBFF34F8FFEE700BF4C
:10646000FEF738FFD4F838A0BAF1000F36D0226C0E
:1064700052B1D4E902308118E160994224BF216809
:10648000E1602846E9F7F2FEAAF10100A06354F8A2
:10649000100F70B1204600F00DFC50B14EF60450C4
:1064A000CEF200004FF080510160BFF34F8FBFF379
:1064B0006F8F0124FEF732FF204603B0BDE8F08F56
:1064C000206C0028B4D04FF0500080F31188BFF347
:1064D0006F8FBFF34F8F00BFFEE700BF04F12408AA
:1064E00001206F464FF000090DF1080B2EE000BFB0
:1064F000FEF714FFFFF748FAFEF7ECFE94F84400AD
:10650000FF2808BF84F8449094F84500FF2808BF8E
:1065100084F84590FEF702FF3846594600F0D4F95A
:10652000E0B12046F6F780F800F0FEFBFEF7D2FE61
:10653000A66BFEF7F3FE002E3CD0FEF7CBFED4F8A0
:1065400038A00020BAF1000F7FF491AF029949B34F
:10655000C007CDD03846FFF7C3F8C9E7FEF7BAFE4B
:10656000A66BFEF7DBFE2EB12046F6F75DF800F0D5
:10657000DBFBE2E702994046FFF7C4F82046F6F756
:1065800053F800F0D1FB0028D7D14EF60450CEF2DC
:1065900000004FF080510160BFF34F8FBFF36F8F4A
:1065A000CBE700BF0024FEF7B9FE204603B0BDE8EC
:1065B000F08F00BF0024204603B0BDE8F08F00003C
:1065C0002DE9F04381B000283ED0914605460E46A5
:1065D000002943D0FEF73EFFEFF311884FF0500043
:1065E00080F31188BFF36F8FBFF34F8FAC6B002C1C
:1065F00042D095F844702A6C52B1D5E90230811826
:10660000E960994224BF2968E9603046E9F72EFE27
:10661000601EFF2FA86335D155F8100F00283BD01E
:10662000284600F047FB0146B9F1000F4FF001008A
:1066300004D000291CBF0120C9F8000088F311888C
:1066400001B0BDE8F08300BF4FF0500080F3118827
:10665000BFF36F8FBFF34F8FFEE700BF286C00289A
:10666000B8D04FF0500080F31188BFF36F8FBFF3A5
:106670004F8F00BFFEE700BF002088F3118801B0F4
:10668000BDE8F083781C85F84400012088F3118868
:1066900001B0BDE8F08300BF012088F3118801B08C
:1066A000BDE8F0832DE9F04F83B0029160B104465C
:1066B000006C98B14FF0500080F31188BFF36F8FDA
:1066C000BFF34F8FFEE700BF4FF0500080F31188FB
:1066D000BFF36F8FBFF34F8FFEE700BF0D4600F093
:1066E000B7F958B955B14FF0500080F31188BFF396
:1066F0006F8FBFF34F8F00BFFEE700BFFEF7EAFDCD
:10670000A16BF9B1481EA063206810B9F6F704F92F
:10671000A06054F8100F70B1204600F0CBFA50B1D1
:106720004EF60450CEF200004FF080510160BFF3EE
:106730004F8FBFF36F8F0124FEF7F0FD204603B0AB
:10674000BDE8F08F04F124094FF0000B01206E46E4
:1067500002AF4FF000082AE0FEF7E0FDFFF714F962
:10676000FEF7B8FD94F84400FF2808BF84F844B051
:1067700094F84500FF2808BF84F845B0FEF7CEFD29
:106780003046394600F0A0F8D0B12046F5F74CFF6E
:1067900000F0CAFAFEF79EFDA56BFEF7BFFD002DC7
:1067A0004ED0FEF797FDA16B00200029AAD10299D7
:1067B000C1B3C007D0D03046FEF792FFCCE700BF90
:1067C000FEF788FDD4F838A0FEF7A8FDBAF1000F57
:1067D00006D02046F5F728FF00F0A6FAE1E700BF53
:1067E000206838B9FEF776FDA06800F019FA8046F7
:1067F000FEF794FD02994846FEF784FF2046F5F720
:1068000013FF00F091FA0028CBD14EF60450CEF2DF
:1068100000004FF080510160BFF34F8FBFF36F8FC7
:10682000BFE700BFB8F1000F22D04FF0500080F357
:106830001188BFF36F8FBFF34F8F00BFFEE700BF1C
:10684000B8F1000F0AD0FEF745FDD9F8000058B1A5
:10685000206B0068C0F1380107E000BF002420462B
:1068600003B0BDE8F08F00BF0021A068FEF7C2FFB3
:106870000024FEF753FD204603B0BDE8F08F000072
:1068800070B578B1866804460D4600F0DBF88642A4
:1068900012D020462946FFF705FF98B1E168013183
:1068A000E16070BD4FF0500080F31188BFF36F8F2F
:1068B000BFF34F8FFEE700BF0120E1680131E160C7
:1068C00070BD00BF002070BDB0B5D8B10D4619B382
:1068D0000446FEF7FFFC40F2241CC2F2000CDCF878
:1068E000182029684B1C21D0D4E9000EDCF8383080
:1068F000834221D072451FD30124FEF70FFD2046AD
:10690000B0BD00BF4FF0500080F31188BFF36F8F10
:10691000BFF34F8FFEE700BF4FF0500080F31188A8
:10692000BFF36F8FBFF34F8FFEE700BF0024FEF76A
:10693000F5FC2046B0BD00BFA2EB0E0291420DD97E
:10694000881A2860DCF838002060DCF818006060E5
:106950000024FEF7E3FC2046B0BD00BF0020012468
:106960002860FEF7DBFC2046B0BD00002DE9F043B7
:1069700083B007469000984615468946F5F7C8FE4D
:10698000F8B106465C20F5F7C3FEB8B10446DDE970
:106990000A100022266384F85920CDE900103846F9
:1069A00049462A4643460294F5F7B0FB2046F5F7E0
:1069B00023FA012003B0BDE8F08300BF3046FEF7A4
:1069C000C5FC4FF0FF3003B0BDE8F08370B586B072
:1069D0000B9CCCB10C9E0EB35C250495049D5C2DE4
:1069E00026D1049DDDF828C0022586F8595005AD52
:1069F0003463CDE900C50296F5F788FB3046F5F71C
:106A0000FBF9059806B070BD4FF0500080F3118877
:106A1000BFF36F8FBFF34F8FFEE700BF4FF0500003
:106A200080F31188BFF36F8FBFF34F8FFEE700BF76
:106A30004FF0500080F31188BFF36F8FBFF34F8F7B
:106A4000FEE7000040F22410C2F200000068704728
:106A500040F22410C2F20000016900290FBF01209A
:106A60004069B0FA80F0400918BF4000704700004C
:106A700040F22410C2F200008069704780B5FEF732
:106A8000E9FC40F22410C2F20000806980BD0000E1
:106A90002DE9F04381B040F22416C2F2000670697D
:106AA00040B1706B002401307063204601B0BDE836
:106AB000F08300BFB06910F10109C6F8189020D327
:106AC000F069006850B14FF0500080F31188BFF3B7
:106AD0006F8FBFF34F8F00BFFEE700BFF069316AD1
:106AE000F1613062B06B0130B063F069006828B1C9
:106AF000F069C068C068406802E000BF4FF0FF3036
:106B0000F062F06A48F21C388145C2F2000801D2F6
:106B100000242EE0F0690024006813E0F86A716A2E
:106B2000884288BF706200EB800008EB8000294635
:106B3000FEF7B8FBF86A3168C96AF269884228BF73
:106B40000124106890B1F069C068C7683D4655F8E7
:106B5000040F81450CD32846FEF734FBB86A0028A1
:106B6000DCD007F11800FEF72DFBD7E74FF0FF3020
:106B7000F0623068C06A00EB800058F820000128FD
:106B800088BF0124306B002818BF0124204601B0C3
:106B9000BDE8F08370B588B140F22416C2F2000659
:106BA00004463068A0420BD04FF0500080F31188AB
:106BB000BFF36F8FBFF34F8FFEE700BF002070BDA4
:106BC000206D18B3411EE06AE26C216590424FF0DF
:106BD000000008BF70BDC1B9251D2846FEF7F2FAB6
:106BE000E06CC0F13801E062A161716A884248F24C
:106BF0001C3188BF706200EB8000C2F2000101EB23
:106C000080002946FEF74EFB012070BD4FF050007A
:106C100080F31188BFF36F8FBFF34F8FFEE7000043
:106C2000F0B581B010B340F22416C2F2000604465B
:106C3000C06A3168C96A88421CD2A169002904D49B
:106C40003168C96AC1F13801A16148F21C37616934
:106C500000EB8000C2F2000707EB8000814213D0F6
:106C60003068C06AE062012001B0F0BD002001B0D0
:106C7000F0BD00BFE16C3068C26A0020914238BFAD
:106C8000012001B0F0BD00BF251D2846FEF79AFA8D
:106C90003068C06AE062716A884288BF706200EB47
:106CA000800007EB80002946FEF7FCFA012001B0C6
:106CB000F0BD000070B5C068C5686DB105F118047D
:106CC0002046FEF77FFA40F22416C2F200067069F1
:106CD00060B106F164001AE04FF0500080F31188B3
:106CE000BFF36F8FBFF34F8FFEE700BF2C1D204611
:106CF000FEF768FAE86A716A884248F21C3188BF78
:106D0000706200EB8000C2F2000101EB80002146BE
:106D1000FEF7C8FAE86A3168C96A884292BF002063
:106D20000120306370BD00002DE9F04140F22415D0
:106D3000C2F20005686968B1FEF7CCFA68690138EB
:106D40006861686980B10024FEF7E8FA2046BDE872
:106D5000F08100BF4FF0500080F31188BFF36F8FB8
:106D6000BFF34F8FFEE700BFE8680028EBD0686EE6
:106D700088B348F21C36C2F200064FF0010800BF8B
:106D8000286FC76807F11800FEF71CFA3C1D204663
:106D9000FEF718FAF86A696A884288BF686200EBF1
:106DA000800006EB80002146FEF77CFAF86A29682D
:106DB000C96A884228BFC5F83080686E0028DFD1D4
:106DC000E869006820B1E869C068C068406801E00F
:106DD0004FF0FF30E8626C6B4CB10126FFF758FEB4
:106DE000002818BF2E63013CF8D100206863286B8F
:106DF0000028A8D04EF60450CEF200004FF080518B
:106E00000160BFF34F8F0124BFF36F8FFEF786FA47
:106E10002046BDE8F081000070B586B0FEF75AFA52
:106E200040F29C16C2F20006306808BB06F114045A
:106E30002046FEF7F5F906F128052846FEF7F0F999
:106E400048F2292248F2CC23C6E902450025C2F2C5
:106E50000002C2F200030A2010210095FFF726F875
:106E6000306028B147F2C021C0F60101FEF722FBD5
:106E7000FEF754FA3068D8B10020CDE9040005A827
:106E800004A903AAFEF7BEF9DDE903200221059D4E
:106E9000CDE900104CF29D20C0F6000009A10023AE
:106EA0000295FFF793FD706010B1012006B070BD30
:106EB0004FF0500080F31188BFF36F8FBFF34F8FF7
:106EC000FEE700BF546D7220537663000FB4054B8C
:106ED00010B503A9044A029800F032F810BC5DF81E
:106EE00014FB000069670008000000200FB47CB5A7
:106EF0000C0009AD01D0611E00E00021CDE90001C8
:106F0000064B6A462946089800F01AF8002C02D071
:106F1000009A002111707CBC5DF814FBF970010827
:106F200002E008C8121F08C1002AFAD17047704752
:106F3000002001E001C1121F002AFBD170470000B0
:106F40002DE9FF4F8BB09A460F460546002606E016
:106F500025280BD052460D9990476D1C761C287839
:106F60000028F5D10FB03046BDE8F08F0024A046D0
:106F70000122604900E0044315F8013F203B02FA7A
:106F800003F00842F7D128782E2817D115F8010F01
:106F900044F004042A280ED06FF02F022878A0F1C4
:106FA000300109290AD808EB880102EB410100EB06
:106FB00001086D1CF2E757F8048B6D1C28786928CE
:106FC0003ED006DC0028CDD063280BD0642804D145
:106FD00036E0732810D075284BD052460D99904753
:106FE000761C85E017F8040B8DF8000000208DF862
:106FF0000100E946012003E057F8049B4FF0FF3001
:1070000061074FF0000401D40AE0641C44450DDA26
:107010008442FADB19F804100029F6D106E0641C5A
:107020008442FCDB19F804100029F8D1264404E05E
:1070300019F8010B52460D999047641EF8D257E09B
:1070400001CF4FF00A0B002802DA40422D2102E066
:10705000210504D52B218DF82410012103E0E1073F
:1070600005D02021F7E70DF1200908910CE000215F
:10707000F9E701CF4FF00A0BF9E75946E9F74AF96A
:1070800001F1300209F8012D0028F6D1ADEB09001D
:1070900000F1200B600701D44FF00108D84502DD54
:1070A000A8EB0B0000E000208046002406E009A8C1
:1070B0005246005D0D999047641C761C08988442E6
:1070C000F5DB04E0302052460D999047761CB8F16C
:1070D0000001A8F10108F5DC05E019F8010B5246A2
:1070E0000D999047761CBBF10001ABF1010BF4DC6C
:1070F0006D1C34E7092801004A68002A06D00A6896
:10710000531C0B6010704868401E486070470000B8
:1071100010B5044601E0EFF727FB14F8010B044912
:107120000028F8D1BDE810400A20EFF71DBB000091
:107130000000002000000000000000000102030425
:10714000060708090000000001020304FFFFFFFF1B
:10715000FFFF00000000000000000000FFFFFFFF35
:10716000FA0000004D220108E8030000017C00083D
:10717000E8030000CD61000860EA0000C5350008A2
:10718000F4010000B53C000818000F00740700204F
:107190003402002010000200DF0800203802002026
:1071A00028000400020900203C020020100010000A
:1071B000A82F00204C02002060021000A50900202A
:1071C0005002002020000500AB30002030020020DB
:1071D00020060C004E3100202482002010000D00FB
:1071E000D17A00204802002010000800A47B002073
:1071F0004002002010000800277C002044020020EC
:107200009C0005008D7D0020240200201C00080049
:10721000AA7C002028020020100010009C80002082
:107220002C020020200004009F810020200200206A
:1072300024720108007201080C720108187201081A
:10724000C47101088871010894710108A0710108D6
:10725000E8710108F4710108DC710108AC710108E2
:10726000B8710108476F6F6462796520636C696566
:107270006E745F422100353438373837004D313174
:107280003331373034355F42004C6162372F4C4523
:1072900044004C6162372F48756D69004C6162375C
:1072A0002F4C6173745F77696C6C004F6E00726174
:1072B000796D69616F004C6162372F54656D7000A4
:1072C000546D725100417373657274696F6E202240
:1072D000257322206661696C6564206174206C6985
:1072E0006E6520256420696E2025730A002E2E2FDE
:1072F0004D6964646C6577617265732F5468697257
:10730000645F50617274792F4C7749502F737263A8
:107310002F6170692F74637069702E6300746370DD
:1073200069705F7468726561643A20696E76616C39
:107330006964206D65737361676500496E76616C81
:107340006964206D626F78006D656D5F6D616C6C56
:107350006F633A20616C6C6F6361746564206D6566
:107360006D6F72792070726F7065726C7920616CCC
:1073700069676E65642E00706C75675F686F6C6519
:10738000733A206D656D2D3E6E657874203C3D200E
:107390004D454D5F53495A455F414C49474E454421
:1073A000002E2E2F4D6964646C6577617265732FB2
:1073B00054686972645F50617274792F4C774950D8
:1073C0002F7372632F636F72652F6D656D2E63006F
:1073D0006D656D5F667265653A20696C6C656761A5
:1073E0006C206D656D6F72793A206E6F6E2D6C69D1
:1073F0006E6B65643A20646F75626C6520667265B9
:1074000065006D656D5F667265653A20696C6C65D7
:1074100067616C206D656D6F72793A20646F75627B
:107420006C65206672656500696E76616C696420C2
:107430006E65787420707472002E2E2F4D6964640E
:107440006C6577617265732F54686972645F50610F
:107450007274792F4C7749502F7372632F636F7258
:10746000652F6D656D702E6300696E76616C696461
:1074700020706F6F6C2064657363006D656D705F65
:10748000667265653A206D656D2070726F70657209
:107490006C7920616C69676E6564006D656D705F05
:1074A0006D616C6C6F633A206D656D702070726FEA
:1074B0007065726C7920616C69676E6564002E2E50
:1074C0002F4D6964646C6577617265732F546869C8
:1074D00072645F50617274792F4C7749502F7372C8
:1074E000632F636F72652F6E657469662E6300701B
:1074F0006275665F636F7079282920646F657320F9
:107500006E6F7420616C6C6F77207061636B657453
:10751000207175657565732100286820213D204E16
:10752000554C4C2920262620287420213D204E55DC
:107530004C4C29202870726F6772616D6D657220E6
:1075400076696F6C61746573204150492900702D14
:107550003E746F745F6C656E203D3D20702D3E6CF7
:10756000656E20286F66206C61737420706275668A
:1075700020696E20636861696E29007020213D20BA
:107580004E554C4C00702D3E6E657874203D3D206C
:107590004E554C4C002E2E2F4D6964646C657761FE
:1075A0007265732F54686972645F50617274792FC9
:1075B0004C7749502F7372632F636F72652F70621F
:1075C00075662E6300706275665F636F7079206602
:1075D00061696C656400696E76616C6964207062D3
:1075E00075665F7479706500696E6372656D656E4E
:1075F000745F6D61676E6974756465203C3D2070D1
:107600002D3E6C656E007062756620726566206F37
:10761000766572666C6F77007463705F667265651D
:107620003A204C495354454E007463705F736C6F3D
:1076300077746D723A2054494D452D574149542075
:107640007063622D3E7374617465203D3D20544922
:107650004D452D57414954007463705F736C6F77CB
:1076600074696D723A2070657273697374207469FD
:10767000636B696E67207769746820696E2D666C2C
:10768000696768742064617461007463705F61622B
:10769000616E646F6E3A20696E76616C6964207009
:1076A0006362002E2E2F4D6964646C65776172658C
:1076B000732F54686972645F50617274792F4C77CC
:1076C00049502F7372632F636F72652F7463702E2E
:1076D00063006E65775F7263765F616E6E5F776E73
:1076E00064203C3D20307866666666007463705F97
:1076F000736C6F7774696D723A2070657273697319
:1077000074207469636B696E67207769746820659B
:107710006D7074792073656E64206275666665723B
:10772000007463705F736C6F77746D723A206D696B
:1077300064646C652074637020213D207463705F05
:107740006163746976655F70636273007463705F10
:10775000736C6F77746D723A2066697273742070FF
:107760006362203D3D207463705F61637469766578
:107770005F70636273007463705F736C6F77746DB6
:10778000723A206D6964646C652074637020213DD9
:10779000207463705F74775F7063627300746370EA
:1077A0005F736C6F77746D723A20666972737420C0
:1077B000706362203D3D207463705F74775F706317
:1077C0006273007463705F726563656976653A2001
:1077D0007463706C656E203E207263765F776E64B2
:1077E0000A007463705F726563656976653A206F3D
:1077F0006F736571207463706C656E203E207263D8
:10780000765F776E640A007463705F7265636569A2
:1078100076653A207365676D656E74206E6F7420AF
:107820007472696D6D656420636F72726563746CE8
:107830007920746F207263765F776E640A007463D8
:10784000705F696E7075743A207063622D3E6E656C
:10785000787420213D2070636220286265666F7213
:107860006520636163686529007463705F696E7089
:1078700075743A207063622D3E6E65787420213DE8
:10788000207063622028616674657220636163689A
:107890006529007063622D3E736E645F7175657556
:1078A000656C656E203E3D20706275665F636C6539
:1078B0006E286E6578742D3E7029007063622D3ECF
:1078C000726566757365645F64617461203D3D2017
:1078D0004E554C4C007463705F696E7075743A203D
:1078E000616374697665207063622D3E73746174A0
:1078F0006520213D204C495354454E007463705F10
:10790000696E7075743A206163746976652070637E
:10791000622D3E737461746520213D2054494D45AC
:107920002D57414954007463705F696E7075743AE5
:107930002054494D452D57414954207063622D3ED6
:107940007374617465203D3D2054494D452D574168
:107950004954002E2E2F4D6964646C657761726501
:10796000732F54686972645F50617274792F4C7719
:1079700049502F7372632F636F72652F7463705F4A
:10798000696E2E63007463705F77726974653A2064
:10799000617267203D3D204E554C4C202870726F1F
:1079A0006772616D6D65722076696F6C6174657365
:1079B0002041504929007463705F656E717565756B
:1079C000655F666C6167733A206E65656420656902
:1079D00074686572205443505F53594E206F722073
:1079E0005443505F46494E20696E20666C61677350
:1079F000202870726F6772616D6D65722076696F95
:107A00006C61746573204150492900756E73656E11
:107A1000745F6F76657273697A65206D69736D61E5
:107A200074636820287063622D3E756E73656E7492
:107A3000206973204E554C4C29006F76657273692E
:107A40007A65203D3D203000707265765F73656712
:107A500020213D204E554C4C007463705F77726955
:107A600074653A20696E76616C69642070636200A7
:107A70007463705F6F75747075745F616C6C6F6345
:107A80005F6865616465723A20696E76616C6964ED
:107A900020706362007463705F7265786D69745FF3
:107AA00072746F5F636F6D6D69743A20696E766191
:107AB0006C696420706362002E2E2F4D6964646CC3
:107AC0006577617265732F54686972645F50617283
:107AD00074792F4C7749502F7372632F636F7265DF
:107AE0002F7463705F6F75742E63007463705F77BB
:107AF000726974653A20524F4D207062756673202A
:107B000063616E6E6F74206265206F766572736953
:107B10007A656400696E636F6E73697374656E7401
:107B2000206F76657273697A652076732E20737084
:107B3000616365007463705F77726974653A20658C
:107B40007874656E73696F6E206F66207265666506
:107B500072656E63652072657175697265732072F6
:107B600065666572656E6365006E65656420756E39
:107B7000636861696E656420706275660074637025
:107B80005F77726974653A2076616C6964207175FB
:107B9000657565206C656E677468007463705F65F9
:107BA0006E71756575655F666C6167733A20696EA5
:107BB00076616C6964207175657565206C656E67AA
:107BC0007468007463705F656E71756575655F6676
:107BD0006C6167733A20696E76616C6964207365C5
:107BE000676D656E74206C656E67746800696E639E
:107BF0006F6E73697374656E74206F7665727369E6
:107C00007A652076732E206C656E007463705F77E2
:107C1000726974653A2063616E6E6F7420636F6E73
:107C2000636174656E617465207768656E2070634A
:107C3000622D3E756E73656E7420697320656D707C
:107C40007479002E2E2F4D6964646C6577617265BE
:107C5000732F54686972645F50617274792F4C7726
:107C600049502F7372632F636F72652F74696D654E
:107C70006F7574732E63007379735F74696D656FCC
:107C800075743A2074696D656F757420213D204EBE
:107C9000554C4C2C20706F6F6C204D454D505F53F0
:107CA00059535F54494D454F555420697320656DB4
:107CB000707479007564705F73656E64746F5F696A
:107CC000665F7372633A20696E76616C69642070D6
:107CD0006362002E2E2F4D6964646C657761726556
:107CE000732F54686972645F50617274792F4C7796
:107CF00049502F7372632F636F72652F7564702EF6
:107D000063007564705F73656E64746F5F69665F4E
:107D10007372633A20696E76616C69642070627573
:107D200066007564705F73656E64746F5F69665F2B
:107D30007372633A20696E76616C6964206473744F
:107D40005F6970006C656E203D3D2031006C656E92
:107D5000203D3D2034006E6574696620213D204E33
:107D6000554C4C00646863705F6F7074696F6E5F30
:107D7000627974653A206F7074696F6E735F6F75A6
:107D8000745F6C656E203C20444843505F4F5054F4
:107D9000494F4E535F4C454E00646863705F6F708F
:107DA00074696F6E5F73686F72743A206F70746974
:107DB0006F6E735F6F75745F6C656E202B20322061
:107DC0003C3D20444843505F4F5054494F4E535F11
:107DD0004C454E00646863705F6F7074696F6E5FCE
:107DE0006C6F6E673A206F7074696F6E735F6F753A
:107DF000745F6C656E202B2034203C3D204448434A
:107E0000505F4F5054494F4E535F4C454E0064688D
:107E100063705F6F7074696F6E3A206F7074696F12
:107E20006E735F6F75745F6C656E202B2032202B34
:107E3000206F7074696F6E5F6C656E203C3D2044EE
:107E40004843505F4F5054494F4E535F4C454E008E
:107E50002E2E2F4D6964646C6577617265732F54A3
:107E6000686972645F50617274792F4C7749502F42
:107E70007372632F636F72652F697076342F646835
:107E800063702E6300646863705F7063625F726525
:107E900066636F756E7428293A20726566636F7524
:107EA0006E74206572726F72006E657469662D3E25
:107EB0006877616464725F6C656E206D75737420A1
:107EC0006265207468652073616D6520617320456B
:107ED00054485F4857414444525F4C454E20666FBA
:107EE00072206574686172702100697061646472E7
:107EF00020213D204E554C4C002E2E2F4D696464A0
:107F00006C6577617265732F54686972645F506144
:107F10007274792F4C7749502F7372632F636F728D
:107F2000652F697076342F6574686172702E6300F6
:107F30002E2E2F4D6964646C6577617265732F54C2
:107F4000686972645F50617274792F4C7749502F61
:107F50007372632F636F72652F697076342F696354
:107F60006D702E6300702D3E726566203D3D2031A0
:107F7000002E2E2F4D6964646C6577617265732FD6
:107F800054686972645F50617274792F4C774950FC
:107F90002F7372632F636F72652F697076342F6948
:107FA00070342E63002E2E2F4D6964646C657761EA
:107FB0007265732F54686972645F50617274792FAF
:107FC0004C7749502F7372632F636F72652F6970FE
:107FD00076342F6970345F667261672E6300736157
:107FE0006E69747920636865636B206C696E6B657C
:107FF00064206C697374006D7174745F636C69657F
:108000006E745F636F6E6E6563743A20636C69654E
:108010006E745F696E666F2D3E77696C6C5F746F0E
:10802000706963206C656E677468206D7573742069
:108030006265203E2030006D7174745F636C696509
:108040006E745F636F6E6E6563743A20636C69650E
:108050006E745F696E666F2D3E636C69656E745FEA
:1080600075736572206C656E677468206D757374C6
:10807000206265203E2030006D7174745F636C690E
:10808000656E745F636F6E6E6563743A20636C69CE
:10809000656E745F696E666F2D3E636C69656E74A4
:1080A0005F70617373206C656E677468206D7573A3
:1080B00074206265203E2030006D7174745F7269B7
:1080C0006E676275665F616476616E63655F676542
:1080D000745F6964783A206C656E203C204D515481
:1080E000545F4F55545055545F52494E4742554680
:1080F0005F53495A45006D7174745F636C69656EB6
:10810000745F636F6E6E6563743A20636C69656E4D
:10811000745F696E666F2D3E636C69656E745F692E
:108120006420213D204E554C4C006D7174745F618C
:108130007070656E645F726571756573743A2074F2
:10814000696D655F6265666F7265203C3D204D51CB
:1081500054545F5245515F54494D454F5554002E7C
:108160002E2F4D6964646C6577617265732F546856
:108170006972645F50617274792F4C7749502F7324
:1081800072632F617070732F6D7174742F6D7174C1
:10819000742E63006D7174745F636C69656E745FD7
:1081A000636F6E6E6563743A20636C69656E745FAD
:1081B000696E666F2D3E77696C6C5F746F70696372
:1081C000206C656E677468206F766572666C6F7779
:1081D000006D7174745F636C69656E745F636F6E5C
:1081E0006E6563743A20636C69656E745F696E6670
:1081F0006F2D3E636C69656E745F6964206C656E9B
:10820000677468206F766572666C6F77006D717445
:10821000745F636C69656E745F636F6E6E656374C3
:108220003A20636C69656E745F696E666F2D3E7788
:10823000696C6C5F6D7367206C656E677468206F26
:10824000766572666C6F77006D7174745F737562BA
:108250005F756E7375623A20746F74616C206C6523
:108260006E677468206F766572666C6F77006D71EB
:1082700074745F636C69656E745F636F6E6E656363
:10828000743A20636C69656E745F696E666F2D3E2B
:10829000636C69656E745F75736572206C656E677B
:1082A0007468206F766572666C6F77006D71747498
:1082B0005F636C69656E745F636F6E6E6563743A5D
:1082C00020636C69656E745F696E666F2D3E636CCA
:1082D00069656E745F70617373206C656E67746836
:1082E000206F766572666C6F77006D7174745F6372
:1082F0006C69656E745F636F6E6E6563743A20724D
:10830000656D61696E696E675F6C656E6774682024
:108310006F766572666C6F770001020304050607CD
:1083200007070707070703060C18306078000000EE
:10833000AD3D0108ED3D010871340108E60003027E
:1083400005040405061613FAFA09FD09FE018F0358
:108350002A0604200600108E00210721138EB8087B
:10836000220863D296482C0123142711A24BB2286D
:108370001AA65A120D43946451164500241165F350
:108380009DCA9652128D5A1225831646002516292B
:1083900013AED1A24A162559A4488A942551964471
:1083A000BD290026132813A659A3304AD5244AB262
:1083B000A4B664D39008270661D28E18280A62D327
:1083C0009149943E2501290C62D38D484A49CB90AE
:1083D00024002A0CC5929E0AA341D19230012B0B96
:1083E000C6309E4BA3614B4B002C0862D08D4914C4
:1083F000002D06237092182E0641128E102F0B248A
:1084000011922B65A5AC9401300E26139E191229EA
:10841000093D4ED19000310823139E59A27E320BA4
:1084200026119E19E2B4D87118330E25139E18D266
:10843000305354311C1400340F26139E13B524EA14
:108440009225C3982600350F26119E19A2341D527D
:10845000B5380C0900360F26139E9AC23459A45120
:108460009C942101370D26119EB886699886629AE0
:1084700001381126139E99B2244B946CCA92504C29
:108480008604390F26139E19922C096DCA9286D143
:10849000043A07C1128E90043B0922D18DA9438969
:1084A000023C0AC6529ECD242DB6003D0985729E1F
:1084B00018746C103E09C6529E886393113F0C24B9
:1084C000119218B32892F22C02401949F3AD1B32D5
:1084D000314A8644C912254B942C9106258772682F
:1084E000900041112711A28BC5248CB2281AA43008
:1084F00009D500420F2613A21894D0382CD9280E83
:108500000B00430C2613A21A9230ED1C0F01440EEF
:108510002713A618A430493D8EC92001450C251308
:108520009A381687242C0E02460B25139A38168784
:10853000246C04470F2713A61A9434AE0DA99A840D
:10854000D120480B2713A6485D87AB6B0049062155
:10855000138E784A0983AF8DEA3F2D004B10261306
:108560009EC82625AA645B22B52561004C09251307
:108570009A08FB71104D132813AA108770C8122592
:108580004A9428514A3E65014E102713A6484725B4
:10859000533229B26889380A4F0F2813AA1AB23009
:1085A000893D2761364400500D25139E1892CC3624
:1085B00028612300511168D3A91AB230893D27617F
:1085C00036E4399200520F25139E1892CC3628516A
:1085D00012259916530D25139A19C4501CC57050B5
:1085E00000540A27119E386471BF01550B2713A64A
:1085F00048FDBA454304561227119E489330C9A23C
:10860000AC9425611226690657172B11AE082B91E1
:10861000984449D412B544999664464D14230058A1
:108620001027119EC9A2AC12AE9530C92AA10059DB
:108630000D27119E08952C2A26A1DC0D5A0C261315
:10864000A2388A45B1280E035B0963D39118A2FEB4
:10865000345C0B24119208B36256CC025D0963D1DD
:108660009198FAD3105E0BC6709E0BC5246A130353
:108670005F0725D0951804600641169F10610BE531
:10868000129E59C364D0B461620E4613A248AB83F4
:10869000928D6EC390006309E4129A19B28E03643E
:1086A0000C4613A26D59B4D14D5902650CE5129ECA
:1086B00059326D18C27408660C44119252B268485F
:1086C000B29E00671246B39D19B6244BB2684B8721
:1086D0002414932101680B45139E088B4392F916CD
:1086E000690821138E4886216A0A83AF8D4AA37ECA
:1086F0005A006B0F45139A089B9244294D4954C95F
:10870000026C0741138E78086D11E912AE1892259C
:10871000CBB44CCBB44CCBB4026E0AE5129E18928B
:10872000CCB7006F0DE612A219922C09DDA221012F
:10873000700E46B3A118946C741B8624AD02710CA4
:1087400046B3A159B4D14D59D206720AE4129648E3
:108750008628EB06730BE5129A19C4740D0705748D
:108760000B241192C9A221C9BA0D750AE5129EC83F
:108770007C4B8600760DE6109A08934889DA4413FC
:10878000007712E910A6C82A919434259D92264DAF
:10879000CB1400780CE5129AC8A448CCA44A1679E8
:1087A0000F46B19908934889DA44639A89007A0C94
:1087B000E5129A18B462966983007B0B64D1958B9D
:1087C000B216316B0C7C07A1B79DF8107D0C63D3FA
:1087D00095C8A2B6246A89007E074692A29807A08F
:1087E0000600108E00A10841B38D508621A20C24F2
:1087F000139E8A06296B9C1200A30C26139E9AD204
:10880000E290A5C561A409A5529EB8D98601A5111B
:1088100026119E08932C89B2249B0665D0D208A607
:1088200008A1B79D18B441A70F45139E386A43921B
:1088300069C9280E0A00A80723149F4802A91549F0
:1088400013AA1B3529595A9554499534499648D34A
:10885000860CAA0984B09218B2E100AB09C4129A3E
:108860008894FE14AC076652A2B816AD0623709227
:1088700018AE164913AA1B352991922889A424B24F
:10888000495AD249D3860CAF0626509B38B00A8489
:10889000B29A5122295100B10C06119E4B4BC3963E
:1088A000E6C830B209C37292982AA501B30BC4700E
:1088B0009211B3441C1200B40742149F5100B50B2F
:1088C00045B39DC87C1B86B008B61867F1A1199600
:1088D0002119966149862419923009933009933001
:1088E00009B70641928E10B80762B28D8806B907A3
:1088F000C27292507ABA0A84B0925122295100BBB6
:108900000BC4129A48A2A42F4A02BC142813A6D062
:108910003A85495449B4A49694A221091300BD157F
:108920002813AAD04A611426899464519884511658
:10893000654300BE172A11AAD9D22CD3E2240A9388
:1089400044591AA3248C86284D00BF0B44B395CA02
:10895000F22CAA15070000000C06F304E7FB9205B1
:108960002CFFFF02BC0962D08A51120002C60743E5
:10897000149F6902C70943149F482A0002C90723AC
:10898000149F1802D80944149F88860402D907212D
:10899000128F0802DA0963149F18922102DB096220
:1089A000B28D48120102DC0944149F50A20402DD7A
:1089B0000844129F490C02F309639295189221030F
:1089C0000909620883501400030F0944048348A274
:1089D0002403230721C8810803840962F69E5812E4
:1089E00000060C0762128E31061509641283C986CF
:1089F00005061B08A1328E9002061F0C241396193F
:108A0000B2622D560006210BA4129651B270C80016
:108A100006220A43118E18A37E0106230A62118ED4
:108A20005894FE0006240F44D399C9642592062D5C
:108A30004A240006250A63D18D89FA5112062612AE
:108A400048B3A552F31D8BA3ACB6C46334480006EB
:108A5000270801338E3808062810EAD2ADC8931CC7
:108A600099B36127E5500A06290E04139A48724CFF
:108A70005222295100062A0FCA32AE4B72BC9223F1
:108A800073364C00062B110A13AECCA11CA9E3953A
:108A90001C99B36102062C0F2693A199A243A22927
:108AA00051AB3A08062D0F2693A199A243A28969DA
:108AB000AA0E02062E118693A14A736C8A0E89268D
:108AC000A6A93A08062F0BC5109A0A8DE1A0000648
:108AD000300D05319ACAA1D0180E0A0006310AC419
:108AE000B295EB94480006320C24B395D1D1AC2951
:108AF0009100063314EDD2BD8722518AD428521733
:108B0000258D357DD0010634196DB3BD477234070C
:108B100077C6489422358AD44549634D1F740006B0
:108B200035180EB3BDC7762C4A42255BB7241DA667
:108B300034D77464D011000636194EB3BD8774E67D
:108B40001D8B9250C9D62D498729CD351D19740426
:108B50000637102813AAC9BB498994D4126DB800EE
:108B60000638122813AAC94B619E498994D4126D04
:108B7000B80006390F4793A1DAD4789036358EE5E0
:108B800061063A12A793A18A737853E341DAD43885
:108B900096870106400722108A100641122A11AE5C
:108BA0004772763D522375D8A361480006421247AA
:108BB000B3A54B72AA18499134A89B3228000643EA
:108BC000142A11AE87D22CAC66A1A6233A324BC32D
:108BD000900006440D67B1A1EE59B56ECAA000061B
:108BE000450D26739DD2A2DAB0A45D0106460E079C
:108BF000B3A5CB2955EBA60C0A0006470CA4129A84
:108C00009194484A140006480DE4B299512269D063
:108C1000A24402064910E8B2A58EB228AB2DF11885
:108C20000D1200064A122873A58EB228AB2DF1183A
:108C30000D3A386400064B0963F482991400064C1F
:108C400009831483312D00064D0963B481A92C00DA
:108C5000064E084314879900064F09631483A92C14
:108C60000006500843D4815A000651096314835109
:108C7000060106520842168718020653072312837C
:108C800018065408621483580406550842D4811803
:108C90000206570A8314834A4A0A00065A094314F3
:108CA0009F482A0006600963529650922106610A85
:108CB0000213924812A50706620C05139AC8B44124
:108CC0000ABB0106630F2613A208A5444A86244A5C
:108CD0003B0206640C05339AD1C2AD311D02066514
:108CE0000F0613A24AB528C946714B860406660BC7
:108CF00006119E18D49ED30006671005139EC8B4B3
:108D000024514A49A685110006680F05139E0A439F
:108D100029899228D9B40006690C0513A259326D2D
:108D2000D8C406066A0E05339E89B2300BB3308B69
:108D300004066B0982F291499404066C0962D2918F
:108D4000501400066E0D8A32AEC8931C99B36102AE
:108D5000066F0FE7B2A51423299206755306050680
:108D60007007611683180674086232935804067EF1
:108D7000120AB3ADC8931C99B361A7D4911C4A01E0
:108D80000686102693A199A243A22D25258AD441B7
:108D900006980D44D395AAD4A1AC29910006A10F41
:108DA000CA10AED7233552873D1A860406A9152B63
:108DB00013B2C77244D7A11CCCF2288FE4701822DA
:108DC0000006AF154A33B2476425B7233924C54A94
:108DD0009EE4D130440006BA0DC7B2A54D52EBA6B1
:108DE0000C0A0006C00E24139A91B25C522229513B
:108DF0000006CA0F44B399489A95481AB4289100BE
:108E000006CC10E8B2A58EB228AB2DF1180D1200D9
:108E100006D50CA4129A9194484A140006F00963EE
:108E2000529650922106F10A0213924812A50706A3
:108E3000F20C05139AC8B4410ABB0106F30F2613BE
:108E4000A208A5444A86244A3B0206F40D05139E57
:108E500048064D1C92B00D06F50E0613A24AB5A8A1
:108E6000253425C31006F60D05139A59C27090B229
:108E7000620806F71005139EC8B424514A49A68516
:108E8000110006F80F05139E0A4329899228D9B4C8
:108E90000006F90C0513A259326DD8C4062000074C
:108EA00000109A002001070010B2002002070010F5
:108EB0009A002003070010B200200407001092005F
:108EC00020050700108E0020060700108A002007EA
:108ED0000700109E0020080700108E0020090700E0
:108EE000108A00200A0700108600200B070010825D
:108EF00000200C0700108200200D070010820020C7
:108F0000130726709A382014082C70B2F800201528
:108F1000082C70B2F80020170965B09518D44120CC
:108F2000180962D08A49140020190962D08A5112A6
:108F300000201A0962D08D491400201B0962D08AD2
:108F4000889200201C0864D0926931201D0A64D0E8
:108F50009249242501201E0A64D095492425012028
:108F6000200C45139E0A4B8314F60420210F451351
:108F70009E0AA3410A9B06298C0020220763729651
:108F80007820260A4712A68822A900202F07001061
:108F9000860020301D2D13BAD1E228C9A3248F14D6
:108FA000498926295922294B22A949AA490A002080
:108FB000320761D28E1820330963D296482C0120E3
:108FC000390AA330924A6A5102203A0AA33092C861
:108FD0002A5102203C0B24139A887C0A232920441E
:108FE0000D260D8A0DAB611A56530020700BC4700C
:108FF000925122A7440120740CC472968A942E4385
:10900000940020750CC4709219B2501C1200207686
:109010000CC4709251B22592120520770CC4709244
:1090200018B2282B450020780DC4709251A24449F3
:10903000A6440120790CC47092512229D91205202E
:109040007F0A84B2961824530020A31026139E1979
:1090500094B43A44E190A5210020A40F26139E9ACF
:10906000D270C8C2214BC36120A7132713A618B220
:1090700052A644C3A014933009935020AB1687D353
:10908000A1CD06355A6A4A9884499864D29223C37E
:109090000220AC1027119E1BA2341DB474D0F27CA8
:1090A000012105142813AAD19230CA1A933CD192F7
:1090B000A81225990221131025139ACA9228899281
:1090C000C8584A160021161A2B13B208532DD5D2B0
:1090D000248A94521249494953924D2A2643002129
:1090E0002010A890AA51222D4AA2214A86A9002127
:1090F000220D8890A658A224B154960E212610283D
:1091000013A61AB230899DC7284CA601212E0FE65E
:10911000129ECAA4241C06354C8604215B15281314
:10912000AAD04A61142689944895A9A24491B60010
:10913000215C162911A618A234CAA45811A7418986
:10914000B2488B9A1600215D142911A699AAD11450
:109150002B4A7450A22CD2A2A605215E172913AA6D
:10916000D8C2284DD228919252698B12258B926CCD
:109170000122021026139E5AD548298D5A92451372
:109180000022060E26119E0B8D49D49B380C01221D
:109190000F0B87B3A538A8FED70022111187B1A104
:1091A0003824799C57D5AA9A0E430022120726909C
:1091B0009E38221A1047119EAEC615298BC22494E0
:1091C0003300221E0D8752A2B14491222591022222
:1091D0002B0B85B19593C2FE490322480CA6509EE5
:1091E000099321D7A20122600CA6509E4C862D1A0D
:1091F000A60C22640AE6109E94ACF26122650CE68D
:10920000109E906D92960E03240007001082002598
:10921000CA0F25139E0AB3A4664B4A491601FB00E8
:109220000F4811A2B2644DC3A064FD4F00FB0113AF
:1092300046119ED22AE190D4922CC9922CC9922C2C
:10924000FB021446119E526A493628B5244BB224BB
:109250004BB2240BFB03164A11AEB2B564E13028C1
:10926000B54A56C92A5925AB6405FB04164A11AE06
:10927000B2D42A59365C6A95AC9255B24A56C90A9C
:10928000FB56120AB3ADC8931C99B361A7D4911CC5
:109290004A01FB57150DB3B5C8D11C91E4719876FE
:1092A000529283399A2300FB580B0391912A8D4BDC
:1092B0009400FB590CE5B0950A2345DDC20CFB7AFE
:1092C000102693A199A243A22D25258AD441FB7B88
:1092D000112793A111A36D881A872DD1E44101FBB9
:1092E0007C0F2891A152A35D94861C9FF310FB7DF7
:1092F000132991A592A31D1187688876708873241D
:1093000005FB8A0E64B395CA922107B3A64402FBFB
:109310008B0F46D1990B932C47CB5A1A6D00FB8EBD
:10932000152B13B2C77244D7A11CCCF2288FE4705E
:10933000182200FB8F152C13B6C7724847742C47B0
:10934000C33CCB25791B8644FB900D26119ACD2476
:109350004DB5963600FB910C07319EB3C6AED29048
:1093600008FB92154A33B2476425B7233924C54A0E
:109370009EE4D1304400FB93184C33B6477444C983
:10938000211DD2B11C14632D97726D182201FB941C
:109390000E45319A5394C8161A2B1300FB950E47AD
:1093A000319EB384D6D81C4B9300FB9E0DC7D2A52B
:1093B0004D52EBA60C0A00FB9F0FC8B2A58DD2241C
:1093C0005D134D1A2400FBA50F27339E5AC51C9E22
:1093D000A45A36C403FBAC0DA730A2DA22A9924CE2
:1093E000C320FBAD1206B1990B932CC9926448A21D
:1093F00024532300FBE8098310922A2D00FBE9097E
:109400006530960A2345FBFC10E8B2A58EB228AB66
:109410002DF1180D1200FBFD0FC892A5C8C32154F1
:10942000E2311A2400FBFE0AE3B0912A8D4914FBB5
:10943000FF0CC5D0950A23454DC208FDF225AF1398
:10944000C6CFF11CCF49393884B198E4619287497D
:109450003485C9544CB4284C92210A937418A20044
:10946000FDFC2590B1C94E7238C9E12487931C4E8A
:10947000C21C29466912266A34446A8E6C529225AF
:10948000838EE4F002FE700963F292991400FE717B
:109490000B4411924B249D7108FE7209831297317F
:1094A0002D00FE7308431292C804FE740963B29142
:1094B000A92C00FE76084312979900FE770B441101
:1094C0009252724E4300FE7809631293509205FE49
:1094D000790C841192913425E73404FE7A0843D242
:1094E000955A00FE7B0A64D09118B24401FE7C09B3
:1094F000631293510601FE7D0B6411928B949CD3F1
:1095000010FE7E084212931802FE7F0B64119251E6
:109510004A3A9721FE800BA4129651B270C800FE01
:10952000810A43118E18A37E01FE820A44118E988F
:10953000B33E0AFE830A62118E5894FE00FE840C2C
:1095400083138E882231EA9B00FE850F44D399C98C
:10955000642592062D4A2400FE861065B399CA42FE
:109560001D912A513268250DFE870A63D18D89FA33
:109570005112FE880B63D38D88FA664A00FE891269
:1095800048B3A552F31D8BA3ACB6C463344800FEA8
:109590008A112893A58B73510E875089C768900054
:1095A000FE8B0B03119299E4285A00FE8C0CE510F7
:1095B00096D1743C8C1401FE8D0801338E3808FE60
:1095C0008E0903338E88FA26FE8F10EAD2ADC89337
:1095D0001C99B36127E5500AFE9013EDD2B5C8D1AE
:1095E0001C91E47198765A8EE60800FE910AE3B069
:1095F000912AAD5102FE920CC5D0950A23450E3337
:1096000000FE930E04139A48724C5222295100FE18
:10961000940F07339E197234D5A45A36C403FE95AD
:109620000FCA32AE4B72BC922373364C00FE9610BA
:10963000CD12B6DBC9399A23923C0ED300FE970BAC
:10964000E31092D891285A00FE980BC53096D8F1B5
:10965000305204FE99110A13AECCA11CA9E3951C4B
:1096600099B36102FE9A13ED12B6CCC124C7923CA5
:1096700047734492C7611AFE9B0C23119289921D75
:1096800089A205FE9C0C051196C9911D0F2345FE6C
:109690009D0F2693A199A243A22951AB3A08FE9EA1
:1096A000102793A111A36D881A172D960705FE9F09
:1096B0000EE8B0A152A35D94869C1202FEA012098E
:1096C000B1A592A31D118768887634475200FEA188
:1096D0000F2693A199A243A28969AA0E02FEA210A5
:1096E0002793A111A36D881AE7581E1400FEA30C3E
:1096F000A810A252A35D948610FEA40EA910A692F3
:10970000A31D1187688806FEA5118693A14A736C74
:109710008A0E8926A6A93A08FEA6128793A18A7303
:10972000548CB6216A9C63795000FEA70EE810A203
:10973000CB7135DA45690801FEA810E910A6CB49BE
:1097400072B423E2100DD100FEA90BC5109A0A8D48
:10975000E1A000FEAA0CA732A28BF3381A8600FE05
:10976000AB0D05319ACAA1D0180E0A00FEAC0D0748
:1097700033A2D1E9711E47C310FEAD0AC4B295EB06
:10978000944800FEAE0CC6B0994B632D8D3600FE9A
:10979000AF0C24B395D1D1AC299100FEB00D26B108
:1097A00099D26969ACA5D106FEB114EDD2BD87226C
:1097B000518AD4285217258D357DD001FEB215EF80
:1097C000B2BD871AA5D6A87551D61CD17468D02110
:1097D00000FEB30CA910AA47A2FEB45800FEB40EB6
:1097E0008B10AE6A8C8A51A428C320FEB5196DB3C4
:1097F000BD4772340777C6489422358AD4454963F9
:109800004D1F7400FEB61A6FB3BD47723C87772EAA
:1098100051516A8D5A1765CD114D87061D02FEB74D
:109820000F0911AACD917CC7A2FEB45800FEB8144E
:109830000B11AECDB11CDA6951312A4691A20C83CD
:1098400000FEB9180EB3BDC7762C4A42255BB7247B
:109850001DA634D77464D01100FEBA190FB3C1C766
:1098600076302A2A99926E513A1CD21CD17468D053
:109870002100FEBB10AA10AED722A92D4AB2211991
:109880001600FEBC10AC10AE5723298CB230C92490
:109890006538FEBD194EB3BD8774E61D8B9250C965
:1098A000D62D498729CD351D197404FEBE1B4FB333
:1098B000C187742E3B1815954C49B7281D0E698E2B
:1098C000683A34E81000FEBF11EA10AECFA95A245E
:1098D000B545493624C302FEC012EC10AECF99D470
:1098E000480AA32C4C3249190EFEC1102813AAC9EC
:1098F000BB498994D4126DB800FEC2162A13AAC9B6
:10990000A11CCAA11CCAC444CA922C330D8700FEF4
:10991000C3102811A6C9BB498994D4126DB800FEA2
:10992000C4152A11AAC9A11CCAA11CCAB6A896644A
:1099300099693804FEC5122813AAC94B619E49894A
:1099400094D4126DB800FEC6152A13AAC9A11C2A08
:10995000E750262652966499693804FEC7122811EA
:10996000A6C94B5A9E498994D4126DB800FEC815F9
:109970002A11AAC9A11C8AD41CCAB6A896649969DE
:109980003804FEC90F4793A5DAD4789036358EE5B2
:1099900061FECA102793A119B296508C863896079B
:1099A00005FECB0AA4109A52B2D210FECC0DA7101D
:1099B0009E1AA22C92426919FECD12A793A18A7316
:1099C0007853E341DAD438968701FECE128793A10B
:1099D000CAA943D6128AD110C7F2A000FECF0C0448
:1099E000119ACA41252B0D01FED00F07119E8B73D2
:1099F0007488B2480AA565FED1122A11AE47727664
:109A00003D522375D8A3614800FED2100C13B2CF8B
:109A1000B96B69548DCAE27010FED31025119A0AF1
:109A20007348AA44C9100E0A00FED40F07119E8B7A
:109A300073748BB2289C8621FED51247B3A54B7256
:109A4000AA18499134A89B322800FED61548B3A520
:109A50004BD224C7D528892AD1B0269A344800FE93
:109A6000D71025119A2925392255A264080705FE29
:109A7000D80F07119E5273788BB2289C8621FED98D
:109A8000142A11AE87D22CAC66A1A6233A324BC35E
:109A90009000FEDA162C11AE87F22C0EF32CD6A213
:109AA0001C89722492C5E110FEDB0D26119ACD248B
:109AB0004DB5963600FEDC0C07319EB3C6AED29093
:109AC00008FEDD0D67B1A1EE59B56ECAA000FEDE3D
:109AD0001769D1A5CE911CC9911CC991288DD2219D
:109AE0008D346DD000FEDF09033192EAD302FEE02F
:109AF0000A0531960AFBA408FEE10D26739DD2A249
:109B0000DAB0A45D01FEE20DE6929D32254B655070
:109B1000AB00FEE30B85309A5AA2241A06FEE40C31
:109B200087309EDAA22C528621FEE50E07B3A5CB24
:109B30002955EBA60C0A00FEE610E8B2A5D2A16AF0
:109B400092AE89260D1200FEE70AE31092C9A1D257
:109B500002FEE80BC53096D1F1305204FEE90CA4A8
:109B6000129A9194484A1400FEEA0DC7129E4B3592
:109B7000A9960DF100FEEB0DA730A2DA22A9924CB6
:109B8000C320FEEC1206B1990B932CC9926448A233
:109B900024532300FEED0DE4B299512269D0A24472
:109BA00002FEEE0DE5B299912A513268250DFEEFC5
:109BB00010E8B2A58EB228AB2DF1180D1200FEF000
:109BC0000FC892A5C8C32154E2311A2400FEF11235
:109BD0002873A58EB228AB2DF1180D3A386400FE1B
:109BE000F2110853A5C8C32154E2311A4439C900FF
:109BF000FEF30AE3B0912A8D4914FEF40CC5D0950A
:109C00000A23454DC208FEF51146119ED8915A927D
:109C10002559D4B7654800FEF6114811A2D8F1AC19
:109C2000C7288CC228DD8644FEF71266119E1053A9
:109C30004D4CB2248BFAB60C0900FEF8126813A63C
:109C400090733DEB310AA3304AB72111FEF9128619
:109C5000B19D4DB2244BB2A86FCB90AB1A00FEFA67
:109C60001368D1A1C97A8CC2288CD26D4874448FF4
:109C700001FEFB1025139ED46C49944449140D43F6
:109C800002FEFC120733A2C8A22CCA4A599445E12D
:109C9000342402FEFF070010820000001815A115F1
:109CA000C819FF1815A015C019FF1815AE15D5163F
:109CB0008015A8163F15D316001540158D161415DE
:109CC00020160015A115C815DA1612158116CF1524
:109CD000D916F115DB1640152E15A415A619FF1877
:109CE00015AF19FF1815AE19FF0000000001140A86
:109CF0006464323200093D00000428961008020214
:109D000080004000289D010800000020580000004D
:109D1000206F0108809D010858000020602201008A
:109D2000306F01080000000000000000000000008B
:109D300003300000000000000000003000000000C0
:109D400000000000004F66660000000000000000F8
:109D5000010000001000000000C000006E190000AB
:109D6000C1030008B9030008F5030008D503000883
:109D7000BD0300080024F40000C00000AAAAAAAA9B
:04000005080001AD41
:00000001FF
